State,Facility ID,Unit ID,Latitude,Longitude,Primary Fuel Type,Operating Status,Associated Generators & Nameplate Capacity (MWe)
AL,3,1,31.0069,-88.0103,Pipeline Natural Gas,Operating,1 (153.1)
AL,3,2,31.0069,-88.0103,Pipeline Natural Gas,Operating,2 (153.1)
AL,3,4,31.0069,-88.0103,Pipeline Natural Gas,Operating,4 (403.8)
AL,3,5,31.0069,-88.0103,Coal,Operating,5 (788.8)
AL,3,6A,31.0069,-88.0103,Pipeline Natural Gas,Operating,"A1ST (191.8), A1CT (170.1)"
AL,3,6B,31.0069,-88.0103,Pipeline Natural Gas,Operating,"A1CT2 (170.1), A1ST (191.8)"
AL,3,7A,31.0069,-88.0103,Pipeline Natural Gas,Operating,"A2ST (191.8), A2C1 (170.1)"
AL,3,7B,31.0069,-88.0103,Pipeline Natural Gas,Operating,"A2ST (191.8), A2C2 (170.1)"
AL,3,8,31.0069,-88.0103,Pipeline Natural Gas,Operating,"A3C1 (457), A3ST (305.1)"
TX,9,CTG-1,31.7569,-106.375,Pipeline Natural Gas,Operating,1 (70)
AL,10,1,32.6017,-87.7811,Pipeline Natural Gas,Operating,1 (299.2)
AL,10,2,32.6017,-87.7811,Pipeline Natural Gas,Operating,2 (269.3)
AL,10,CT10,32.6017,-87.7811,Pipeline Natural Gas,Operating,GT10 (80)
AL,10,CT2,32.6017,-87.7811,Pipeline Natural Gas,Operating,GT2 (80)
AL,10,CT3,32.6017,-87.7811,Pipeline Natural Gas,Operating,GT3 (80)
AL,10,CT4,32.6017,-87.7811,Pipeline Natural Gas,Operating,GT4 (80)
AL,10,CT5,32.6017,-87.7811,Pipeline Natural Gas,Operating,GT5 (80)
AL,10,CT6,32.6017,-87.7811,Pipeline Natural Gas,Operating,GT6 (80)
AL,10,CT7,32.6017,-87.7811,Pipeline Natural Gas,Operating,GT7 (80)
AL,10,CT8,32.6017,-87.7811,Pipeline Natural Gas,Operating,GT8 (80)
AL,10,CT9,32.6017,-87.7811,Pipeline Natural Gas,Operating,GT9 (80)
AL,26,1,33.2442,-86.4567,Pipeline Natural Gas,Operating,1 (272)
AL,26,2,33.2442,-86.4567,Pipeline Natural Gas,Operating,2 (272)
AL,26,3,33.2442,-86.4567,Pipeline Natural Gas,Operating,3 (272)
AL,26,4,33.2442,-86.4567,Pipeline Natural Gas,Operating,ST4 (244.8)
AL,26,5,33.2442,-86.4567,Coal,Operating,5 (952)
AL,47,CCT1,34.7439,-87.8486,Pipeline Natural Gas,Operating,GT1 (59.5)
AL,47,CCT10,34.7439,-87.8486,Pipeline Natural Gas,Operating,CCT10 (210)
AL,47,CCT11,34.7439,-87.8486,Pipeline Natural Gas,Operating,CCT11 (210)
AL,47,CCT2,34.7439,-87.8486,Pipeline Natural Gas,Operating,GT2 (59.5)
AL,47,CCT3,34.7439,-87.8486,Pipeline Natural Gas,Operating,GT3 (59.5)
AL,47,CCT4,34.7439,-87.8486,Pipeline Natural Gas,Operating,GT4 (59.5)
AL,47,CCT5,34.7439,-87.8486,Pipeline Natural Gas,Operating,GT5 (59.5)
AL,47,CCT6,34.7439,-87.8486,Pipeline Natural Gas,Operating,GT6 (59.5)
AL,47,CCT7,34.7439,-87.8486,Pipeline Natural Gas,Operating,GT7 (59.5)
AL,47,CCT8,34.7439,-87.8486,Pipeline Natural Gas,Operating,GT8 (59.5)
AL,47,CCT9,34.7439,-87.8486,Pipeline Natural Gas,Operating,CCT9 (210)
KY,54,SCT1,37.8824,-84.1025,Pipeline Natural Gas,Operating,GT1 (150)
KY,54,SCT10,37.8824,-84.1025,Pipeline Natural Gas,Operating,GT10 (98)
KY,54,SCT2,37.8824,-84.1025,Pipeline Natural Gas,Operating,GT2 (150)
KY,54,SCT3,37.8824,-84.1025,Pipeline Natural Gas,Operating,GT3 (150)
KY,54,SCT4,37.8824,-84.1025,Pipeline Natural Gas,Operating,GT4 (108)
KY,54,SCT5,37.8824,-84.1025,Pipeline Natural Gas,Operating,GT5 (108)
KY,54,SCT6,37.8824,-84.1025,Pipeline Natural Gas,Operating,GT6 (98)
KY,54,SCT7,37.8824,-84.1025,Pipeline Natural Gas,Operating,GT7 (98)
KY,54,SCT9,37.8824,-84.1025,Pipeline Natural Gas,Operating,GT9 (98)
AL,56,CC1,31.4858,-87.9106,Pipeline Natural Gas,Operating,"LEC1 (454.5), LEC2 (272.2)"
NE,59,1,40.8538,-98.3481,Coal,Operating,1 (109.8)
NE,60,1,40.5806,-98.3106,Coal,Operating,1 (77)
NE,60,2,40.5806,-98.3106,Coal,Operating,2 (220)
KS,108,SGU1,37.9306,-100.9725,Coal,Operating,1 (387)
AZ,113,1,34.9394,-110.3033,Coal,Operating,1 (113.6)
AZ,113,3,34.9394,-110.3033,Coal,Operating,3 (288.9)
AZ,116,GT3,33.4225,-111.9122,Pipeline Natural Gas,Operating,GT3 (102)
AZ,116,GT4,33.4225,-111.9122,Pipeline Natural Gas,Operating,GT4 (102)
AZ,116,GT5,33.4225,-111.9122,Pipeline Natural Gas,Operating,GT5 (102)
AZ,116,GT6,33.4225,-111.9122,Pipeline Natural Gas,Operating,GT6 (102)
AZ,116,GT7,33.4225,-111.9122,Pipeline Natural Gas,Operating,GT7 (102)
AZ,117,CC4,33.4417,-112.1583,Pipeline Natural Gas,Operating,"C4-1 (91), C4-2 (44.6)"
AZ,117,CC5A,33.4417,-112.1583,Pipeline Natural Gas,Operating,"C5-3 (201), C5-1 (184)"
AZ,117,CC5B,33.4417,-112.1583,Pipeline Natural Gas,Operating,"C5-3 (201), C5-2 (184)"
AZ,118,CT3,32.5517,-111.3,Pipeline Natural Gas,Operating,GE1 (91)
AZ,120,1,32.7214,-114.7097,Pipeline Natural Gas,Operating,ST1 (86.7)
AZ,120,CT5,32.7214,-114.7097,Pipeline Natural Gas,Operating,GT5 (60.5)
AZ,120,CT6,32.7214,-114.7097,Pipeline Natural Gas,Operating,GT6 (60.5)
AZ,124,GT1,32.2511,-110.9889,Natural Gas,Operating,GT2 (85)
AZ,126,3,32.16,-110.9047,Natural Gas,Operating,ST3 (113.6)
AZ,126,4,32.16,-110.9047,Natural Gas,Operating,4 (173.3)
TX,127,1,34.0825,-99.1753,Coal,Long-term Cold Storage,1 (663.9)
SC,130,1,33.3692,-80.1119,Coal,Operating,1 (590.9)
SC,130,2,33.3692,-80.1119,Coal,Operating,2 (556.2)
SC,130,3,33.3692,-80.1119,Coal,Operating,3 (580)
SC,130,4,33.3692,-80.1119,Coal,Operating,4 (580)
FL,136,1,29.7333,-81.6339,,Retired,1 (714.6)
FL,136,2,29.7333,-81.6339,Coal,Operating,2 (714.6)
FL,136,CT1,29.7333,-81.6339,Natural Gas,Operating,"CT1 (384.2), ST (414.8)"
FL,136,CT2,29.7333,-81.6339,Natural Gas,Operating,"ST (414.8), CT2 (384.2)"
AZ,141,1,33.5542,-112.2161,Pipeline Natural Gas,Operating,AF1 (113.6)
AZ,141,2,33.5542,-112.2161,Pipeline Natural Gas,Operating,AF2 (113.6)
AZ,141,3,33.5542,-112.2161,Pipeline Natural Gas,Operating,AF3 (163.2)
AZ,141,7,33.5542,-112.2161,Pipeline Natural Gas,Operating,AF7 (49.5)
AZ,141,8,33.5542,-112.2161,Pipeline Natural Gas,Operating,AF8 (49.5)
AZ,147,K-7,33.3544,-111.9364,Pipeline Natural Gas,Operating,"KY7A (122), KY7 (170)"
AZ,160,1,32.0619,-109.8931,Pipeline Natural Gas,Operating,ST1 (85.05)
AZ,160,2,32.0619,-109.8931,Pipeline Natural Gas,Operating,ST2 (194.7)
AZ,160,3,32.0619,-109.8931,Coal,Operating,ST3 (194.7)
AZ,160,4,32.0619,-109.8931,Pipeline Natural Gas,Operating,GT4 (60.5)
OK,165,1,36.1906,-95.2889,Coal,Retired,1 (490)
OK,165,2,36.1906,-95.2889,Coal,Operating,2 (520)
OK,165,3,36.1906,-95.2889,Pipeline Natural Gas,Operating,"3CT (365.5), 3ST (204)"
AR,170,4,34.4341,-92.9046,Pipeline Natural Gas,Operating,4 (552.5)
AR,201,2,35.4617,-93.8053,Pipeline Natural Gas,Operating,"2 (106), 1 (59)"
AR,202,01,35.2597,-91.3631,Pipeline Natural Gas,Operating,1 (120)
AR,203,01,33.5648,-92.7917,Pipeline Natural Gas,Operating,1 (136)
CA,260,1A,36.8042,-121.7775,Pipeline Natural Gas,Operating,"CT1A (275), ST1 (233)"
CA,260,2A,36.8042,-121.7775,Pipeline Natural Gas,Operating,"CT1B (275), ST1 (233)"
CA,260,3A,36.8042,-121.7775,Pipeline Natural Gas,Operating,"CT2A (275), ST2 (233)"
CA,260,4A,36.8042,-121.7775,Pipeline Natural Gas,Operating,"ST2 (233), CT2B (275)"
TX,298,LIM1,31.4219,-96.2525,Coal,Operating,1 (813.4)
TX,298,LIM2,31.4219,-96.2525,Coal,Operating,2 (813.4)
CA,302,10,33.1408,-117.3342,Pipeline Natural Gas,Operating,CEC10 (105.3)
CA,302,6,33.1408,-117.3342,Pipeline Natural Gas,Operating,CEC6 (105.3)
CA,302,7,33.1408,-117.3342,Pipeline Natural Gas,Operating,CEC7 (105.3)
CA,302,8,33.1408,-117.3342,Pipeline Natural Gas,Operating,CEC8 (105.3)
CA,302,9,33.1408,-117.3342,Pipeline Natural Gas,Operating,CEC9 (105.3)
CA,315,3,33.7688,-118.1009,Pipeline Natural Gas,Operating,3 (333)
CA,315,4,33.7688,-118.1009,Pipeline Natural Gas,Operating,4 (333)
CA,315,5,33.7688,-118.1009,Pipeline Natural Gas,Operating,5 (495)
CA,315,CT1,33.7688,-118.1009,Pipeline Natural Gas,Operating,"1S (241.1), 1A (231.4)"
CA,315,CT2,33.7688,-118.1009,Pipeline Natural Gas,Operating,"1B (231.4), 1S (241.1)"
CA,330,5,33.9106,-118.425,Pipeline Natural Gas,Operating,"6 (70), 5 (198)"
CA,330,7,33.9106,-118.425,Pipeline Natural Gas,Operating,"8 (70), 7 (198)"
CA,335,2,33.6436,-117.9788,Pipeline Natural Gas,Operating,2 (217.6)
CA,335,CT1,33.6436,-117.9788,Pipeline Natural Gas,Operating,"1A (231.4), 1S (241.1)"
CA,335,CT2,33.6436,-117.9788,Pipeline Natural Gas,Operating,"1B (231.4), 1S (241.1)"
CA,341,1,33.7641,-118.2248,Pipeline Natural Gas,Operating,CT1 (63)
CA,341,2,33.7641,-118.2248,Pipeline Natural Gas,Operating,CT2 (63)
CA,341,3,33.7641,-118.2248,Pipeline Natural Gas,Operating,CT3 (63)
CA,341,4,33.7641,-118.2248,Pipeline Natural Gas,Operating,CT4 (63)
CA,350,1,34.1292,-119.1689,Pipeline Natural Gas,Operating,1 (806.4)
CA,350,2,34.1292,-119.1689,Pipeline Natural Gas,Operating,2 (806.4)
CA,358,3-1,34.0836,-117.2408,Pipeline Natural Gas,Operating,"MV3C (209.2), MV3A (175.7)"
CA,358,3-2,34.0836,-117.2408,Pipeline Natural Gas,Operating,"MV3C (209.2), MV3B (175.7)"
CA,358,4-1,34.0836,-117.2408,Pipeline Natural Gas,Operating,"MV4A (175.7), MV4C (209.2)"
CA,358,4-2,34.0836,-117.2408,Pipeline Natural Gas,Operating,"MV4C (209.2), MV4B (175.7)"
CA,377,9,34.1556,-118.2782,Pipeline Natural Gas,Operating,9 (50)
CA,389,2-2,32.8022,-115.54,Pipeline Natural Gas,Operating,"2 (34.5), 2A (89.9)"
CA,389,3-1,32.8022,-115.54,Pipeline Natural Gas,Operating,"30 (65.9), 31 (43.2)"
CA,389,3-2,32.8022,-115.54,Pipeline Natural Gas,Operating,"30 (65.9), 32 (43.2)"
CA,389,4,32.8022,-115.54,Pipeline Natural Gas,Operating,4 (81.6)
CA,399,10,33.7691,-118.2662,Pipeline Natural Gas,Operating,GT10 (60.5)
CA,399,**10A,33.7691,-118.2662,Pipeline Natural Gas,Operating,"5 (86.3), 10A (80)"
CA,399,**10B,33.7691,-118.2662,Pipeline Natural Gas,Operating,"10B (80), 5 (86.3)"
CA,399,11,33.7691,-118.2662,Pipeline Natural Gas,Operating,GT11 (60.5)
CA,399,12,33.7691,-118.2662,Pipeline Natural Gas,Operating,GT12 (60.5)
CA,399,13,33.7691,-118.2662,Pipeline Natural Gas,Operating,GT13 (60.5)
CA,399,14,33.7691,-118.2662,Pipeline Natural Gas,Operating,GT14 (60.5)
CA,400,1,33.7639,-118.0942,Pipeline Natural Gas,Operating,1 (230)
CA,400,10,33.7639,-118.0942,Pipeline Natural Gas,Operating,"10 (182.8), 8 (264.3)"
CA,400,11,33.7639,-118.0942,Pipeline Natural Gas,Operating,11 (108.2)
CA,400,12,33.7639,-118.0942,Pipeline Natural Gas,Operating,12 (108.2)
CA,400,13,33.7639,-118.0942,Pipeline Natural Gas,Operating,13 (108.2)
CA,400,14,33.7639,-118.0942,Pipeline Natural Gas,Operating,14 (108.2)
CA,400,15,33.7639,-118.0942,Pipeline Natural Gas,Operating,15 (108.2)
CA,400,16,33.7639,-118.0942,Pipeline Natural Gas,Operating,16 (108.2)
CA,400,2,33.7639,-118.0942,Pipeline Natural Gas,Operating,2 (230)
CA,400,9,33.7639,-118.0942,Pipeline Natural Gas,Operating,"8 (264.3), 9 (182.8)"
CA,404,1,33.9175,-118.4258,Pipeline Natural Gas,Operating,1 (163.2)
CA,404,2,33.9175,-118.4258,Pipeline Natural Gas,Operating,2 (163.2)
CA,404,4,33.9175,-118.4258,Pipeline Natural Gas,Operating,"4 (209.5), 5 (108.8)"
CA,404,6,33.9175,-118.4258,Pipeline Natural Gas,Operating,6 (103)
CA,404,7,33.9175,-118.4258,Pipeline Natural Gas,Operating,7 (103)
CA,408,5,34.2481,-118.3903,Pipeline Natural Gas,Operating,5 (47)
CA,408,6,34.2481,-118.3903,Pipeline Natural Gas,Operating,"8 (311), 6 (215)"
CA,408,7,34.2481,-118.3903,Pipeline Natural Gas,Operating,"8 (311), 7 (215)"
CA,422,GT3,34.1256,-118.1474,Pipeline Natural Gas,Operating,GT3 (47.2)
CA,422,GT4,34.1256,-118.1474,Pipeline Natural Gas,Operating,GT4 (47.2)
CA,422,GT5,34.1256,-118.1474,Pipeline Natural Gas,Operating,"CTG5 (59.1), STG5 (16.78)"
CO,469,4,39.8078,-104.9648,Pipeline Natural Gas,Operating,4 (388)
CO,469,5,39.8078,-104.9648,Pipeline Natural Gas,Operating,"7 (250), 5 (175)"
CO,469,6,39.8078,-104.9648,Pipeline Natural Gas,Operating,"6 (175), 7 (250)"
CO,470,2,38.2081,-104.5747,Coal,Operating,2 (370)
CO,470,3,38.2081,-104.5747,Coal,Operating,3 (750)
CO,492,A1,38.8244,-104.8331,Pipeline Natural Gas,Operating,A1 (40.63)
CO,492,A2,38.8244,-104.8331,Pipeline Natural Gas,Operating,A2 (40.63)
CO,492,A3,38.8244,-104.8331,Pipeline Natural Gas,Operating,A3 (40.63)
CO,492,A4,38.8244,-104.8331,Pipeline Natural Gas,Operating,A4 (40.63)
CO,492,A5,38.8244,-104.8331,Pipeline Natural Gas,Operating,A5 (40.63)
CO,492,A6,38.8244,-104.8331,Pipeline Natural Gas,Operating,A6 (40.63)
CO,525,H1,40.4856,-107.185,Coal,Operating,1 (190)
CO,525,H2,40.4856,-107.185,Coal,Operating,2 (275.4)
AL,533,**4,31.4001,-86.4767,Pipeline Natural Gas,Operating,"2 (7.5), 1 (7.5), 3 (25), 4 (106)"
AL,533,**V1,31.4001,-86.4767,Pipeline Natural Gas,Operating,"VAN3 (177), VAN1 (166)"
AL,533,**V2,31.4001,-86.4767,Pipeline Natural Gas,Operating,"VAN3 (177), VAN2 (166)"
CT,540,10,41.2925,-72.7942,Other Oil,Operating,UN10 (21.8)
CT,542,10,41.0289,-73.5989,Other Oil,Operating,UN10 (21.3)
CT,542,11,41.0289,-73.5989,Other Oil,Operating,UN11 (21.3)
CT,542,12,41.0289,-73.5989,Other Oil,Operating,UN12 (21.3)
CT,542,13,41.0289,-73.5989,Other Oil,Operating,UN13 (20)
CT,542,14,41.0289,-73.5989,Other Oil,Operating,UN14 (20)
CT,544,10,41.2083,-73.1092,Other Oil,Operating,10 (16.3)
CT,544,11,41.2083,-73.1092,Pipeline Natural Gas,Operating,11 (43)
CT,544,12,41.2083,-73.1092,Pipeline Natural Gas,Operating,12 (43)
CT,544,13,41.2083,-73.1092,Pipeline Natural Gas,Operating,13 (43)
CT,544,14,41.2083,-73.1092,Pipeline Natural Gas,Operating,14 (43)
CT,544,15,41.2083,-73.1092,Diesel Oil,Operating,15 (50)
CT,544,16,41.2083,-73.1092,Diesel Oil,Operating,16 (50)
CT,544,17,41.2083,-73.1092,Diesel Oil,Operating,17 (50)
CT,544,18,41.2083,-73.1092,Diesel Oil,Operating,18 (50)
CT,546,5,41.4281,-72.1019,Residual Oil,Operating,5 (75)
CT,546,6,41.4281,-72.1019,Residual Oil,Operating,6 (414.9)
CT,561,10,41.7994,-73.1156,Other Oil,Operating,UN19 (21.8)
CT,562,10,41.5544,-72.5793,Other Oil,Operating,10 (18.6)
CT,562,12,41.5544,-72.5793,Diesel Oil,Operating,12 (50)
CT,562,13,41.5544,-72.5793,Diesel Oil,Operating,13 (50)
CT,562,14,41.5544,-72.5793,Diesel Oil,Operating,14 (50)
CT,562,15,41.5544,-72.5793,Diesel Oil,Operating,15 (50)
CT,562,2,41.5544,-72.5793,Pipeline Natural Gas,Operating,2 (113.6)
CT,562,3,41.5544,-72.5793,Pipeline Natural Gas,Operating,3 (239.4)
CT,562,4,41.5544,-72.5793,Residual Oil,Operating,4 (414.9)
FL,564,1,28.4836,-81.1686,Coal,Operating,1 (464.6)
FL,564,2,28.4836,-81.1686,Coal,Operating,2 (464.6)
FL,564,CCB,28.4836,-81.1686,Pipeline Natural Gas,Operating,"B (129.8), B1 (203.2)"
CT,565,10,41.7761,-73.1219,Other Oil,Operating,UN10 (18.6)
CT,568,BHB5,41.1706,-73.1843,Pipeline Natural Gas,Operating,"501 (375), 502 (200.6)"
VT,589,1,44.4917,-73.2081,Wood,Operating,1 (50)
DE,591,11,39.7302,-75.5371,Diesel Oil,Operating,CH11 (26.6)
DE,591,14,39.7302,-75.5371,Diesel Oil,Operating,CH14 (26.6)
DE,592,10,39.5959,-75.6324,Diesel Oil,Operating,DC10 (18.6)
DE,593,10,39.7372,-75.5033,Diesel Oil,Operating,10 (12.5)
DE,593,3,39.7372,-75.5033,Pipeline Natural Gas,Operating,3 (75)
DE,593,4,39.7372,-75.5033,Pipeline Natural Gas,Operating,4 (176.8)
DE,593,5,39.7372,-75.5033,Residual Oil,Operating,5 (446)
DE,594,10,38.5857,-75.2341,Diesel Oil,Operating,10 (18.6)
DE,594,4,38.5857,-75.2341,Coal,Operating,4 (442.4)
DE,597,10,39.7283,-75.6289,Diesel Oil,Operating,WEST (20)
MD,602,1,39.1792,-76.5383,Coal,Operating,1 (785)
MD,602,2,39.1792,-76.5383,Coal,Operating,2 (785)
WA,607,CT3,48.4553,-122.435,Natural Gas,Operating,3 (58.9)
WA,607,CT4,48.4553,-122.435,Natural Gas,Operating,4 (58.9)
FL,609,CCCT3A,28.4694,-80.7642,Pipeline Natural Gas,Operating,"3A (265), 3ST (500)"
FL,609,CCCT3B,28.4694,-80.7642,Pipeline Natural Gas,Operating,"3B (265), 3ST (500)"
FL,609,CCCT3C,28.4694,-80.7642,Pipeline Natural Gas,Operating,"3ST (500), 3C (265)"
FL,612,FMCT2A,26.6967,-81.7831,Pipeline Natural Gas,Operating,"2A (188.2), ST1 (156.3), ST2 (402.1)"
FL,612,FMCT2B,26.6967,-81.7831,Pipeline Natural Gas,Operating,"2B (188.2), ST2 (402.1), ST1 (156.3)"
FL,612,FMCT2C,26.6967,-81.7831,Pipeline Natural Gas,Operating,"ST2 (402.1), 2C (188.2), ST1 (156.3)"
FL,612,FMCT2D,26.6967,-81.7831,Pipeline Natural Gas,Operating,"ST1 (156.3), 2D (188.2), ST2 (402.1)"
FL,612,FMCT2E,26.6967,-81.7831,Pipeline Natural Gas,Operating,"ST2 (402.1), 2E (188.2), ST1 (156.3)"
FL,612,FMCT2F,26.6967,-81.7831,Pipeline Natural Gas,Operating,"ST2 (402.1), 2F (188.2), ST1 (156.3)"
FL,612,PFM3A,26.6967,-81.7831,Pipeline Natural Gas,Operating,CT1 (188.2)
FL,612,PFM3B,26.6967,-81.7831,Pipeline Natural Gas,Operating,CT2 (188.2)
FL,612,PFM3C,26.6967,-81.7831,Pipeline Natural Gas,Operating,PFM3C (229.5)
FL,612,PFM3D,26.6967,-81.7831,Pipeline Natural Gas,Operating,PFM3D (229.5)
FL,613,PFL6A,26.0681,-80.1983,Pipeline Natural Gas,Operating,PFL6A (200)
FL,613,PFL6B,26.0681,-80.1983,Pipeline Natural Gas,Operating,PFL6B (200)
FL,613,PFL6C,26.0681,-80.1983,Pipeline Natural Gas,Operating,PFL6C (200)
FL,613,PFL6D,26.0681,-80.1983,Pipeline Natural Gas,Operating,PFL6D (200)
FL,613,PFL6E,26.0681,-80.1983,Pipeline Natural Gas,Operating,PFL6E (200)
FL,613,PFL7A,26.0681,-80.1983,Pipeline Natural Gas,Operating,"7GT1 (385.6), ST7 (391.8)"
FL,613,PFL7B,26.0681,-80.1983,Pipeline Natural Gas,Operating,"7GT2 (385.6), ST7 (391.8)"
FL,617,PECT5A,26.0856,-80.1253,Pipeline Natural Gas,Operating,"5ST (454), 5A (280)"
FL,617,PECT5B,26.0856,-80.1253,Pipeline Natural Gas,Operating,"5ST (454), 5B (280)"
FL,617,PECT5C,26.0856,-80.1253,Pipeline Natural Gas,Operating,"5C (280), 5ST (454)"
FL,619,RBCT5A,26.7653,-80.0528,Pipeline Natural Gas,Operating,"5ST (500), 5A (265)"
FL,619,RBCT5B,26.7653,-80.0528,Pipeline Natural Gas,Operating,"5ST (500), 5B (265)"
FL,619,RBCT5C,26.7653,-80.0528,Pipeline Natural Gas,Operating,"5ST (500), 5C (265)"
FL,620,SNCT4A,28.8419,-81.3256,Pipeline Natural Gas,Operating,"4A (188.2), 4 (436.1)"
FL,620,SNCT4B,28.8419,-81.3256,Pipeline Natural Gas,Operating,"4B (188.2), 4 (436.1)"
FL,620,SNCT4C,28.8419,-81.3256,Pipeline Natural Gas,Operating,"4C (188.2), 4 (436.1)"
FL,620,SNCT4D,28.8419,-81.3256,Pipeline Natural Gas,Operating,"4D (188.2), 4 (436.1)"
FL,620,SNCT5A,28.8419,-81.3256,Pipeline Natural Gas,Operating,"5 (436.1), 5A (188.2)"
FL,620,SNCT5B,28.8419,-81.3256,Pipeline Natural Gas,Operating,"5 (436.1), 5B (188.2)"
FL,620,SNCT5C,28.8419,-81.3256,Pipeline Natural Gas,Operating,"5C (188.2), 5 (436.1)"
FL,620,SNCT5D,28.8419,-81.3256,Pipeline Natural Gas,Operating,"5D (188.2), 5 (436.1)"
FL,621,TPCT5A,25.4356,-80.3308,Pipeline Natural Gas,Operating,"5CA (472), 5CTA (188.2)"
FL,621,TPCT5B,25.4356,-80.3308,Pipeline Natural Gas,Operating,"5CA (472), 5CTB (188.2)"
FL,621,TPCT5C,25.4356,-80.3308,Pipeline Natural Gas,Operating,"5CTC (188.2), 5CA (472)"
FL,621,TPCT5D,25.4356,-80.3308,Pipeline Natural Gas,Operating,"5CA (472), 5CTD (188.2)"
FL,628,1GTA,28.9594,-82.7003,Pipeline Natural Gas,Operating,"CC1ST (364.7), 1GTA (310.3)"
FL,628,1GTB,28.9594,-82.7003,Pipeline Natural Gas,Operating,"1GTB (310.3), CC1ST (364.7)"
FL,628,2GTA,28.9594,-82.7003,Pipeline Natural Gas,Operating,"CC2ST (364.7), 2GTA (310.3)"
FL,628,2GTB,28.9594,-82.7003,Pipeline Natural Gas,Operating,"2GTB (310.3), CC2ST (364.7)"
FL,628,4,28.9594,-82.7003,Coal,Operating,ST4 (739.3)
FL,628,5,28.9594,-82.7003,Coal,Operating,5 (739.3)
FL,634,4A,27.8613,-82.6012,Pipeline Natural Gas,Operating,"4ST (420), 4AGT (215)"
FL,634,4B,27.8613,-82.6012,Pipeline Natural Gas,Operating,"4BGT (215), 4ST (420)"
FL,634,4C,27.8613,-82.6012,Pipeline Natural Gas,Operating,"4CGT (215), 4ST (420)"
FL,634,4D,27.8613,-82.6012,Pipeline Natural Gas,Operating,"4ST (420), 4DGT (215)"
FL,641,4,30.5661,-87.2289,Pipeline Natural Gas,Operating,4 (93.8)
FL,641,5,30.5661,-87.2289,Pipeline Natural Gas,Operating,5 (93.8)
FL,641,6,30.5661,-87.2289,Pipeline Natural Gas,Operating,6 (369.8)
FL,641,7,30.5661,-87.2289,Pipeline Natural Gas,Operating,7 (578)
FL,641,8A,30.5661,-87.2289,Pipeline Natural Gas,Operating,8A (225)
FL,641,8B,30.5661,-87.2289,Pipeline Natural Gas,Operating,8B (225)
FL,641,8C,30.5661,-87.2289,Pipeline Natural Gas,Operating,8C (225)
FL,641,8D,30.5661,-87.2289,Pipeline Natural Gas,Operating,8D (225)
FL,643,4,30.2689,-85.7003,Pipeline Natural Gas,Operating,"3A (203.2), 3S (213.3)"
FL,643,5,30.2689,-85.7003,Pipeline Natural Gas,Operating,"3S (213.3), 3B (203.2)"
FL,645,BB04,27.7944,-82.4036,"Coal, Pipeline Natural Gas",Operating,ST4 (486)
FL,645,BB05,27.7944,-82.4036,Pipeline Natural Gas,Operating,"GT5 (392), BBST1 (445.5)"
FL,645,BB06,27.7944,-82.4036,Pipeline Natural Gas,Operating,"GT6 (392), BBST1 (445.5)"
FL,645,CT4A,27.7944,-82.4036,Pipeline Natural Gas,Operating,GT4 (62)
FL,645,CT4B,27.7944,-82.4036,Pipeline Natural Gas,Operating,GT4 (62)
FL,663,B1,29.7586,-82.3883,Pipeline Natural Gas,Operating,1 (75)
FL,663,B2,29.7586,-82.3883,Pipeline Natural Gas,Operating,2 (250.8)
FL,663,CT3,29.7586,-82.3883,Pipeline Natural Gas,Operating,GT3 (96.1)
FL,664,CC1,29.6467,-82.3219,Pipeline Natural Gas,Operating,"8-2 (45.5), 8 (50), CT04 (96.1)"
FL,666,7,30.3644,-81.6236,Pipeline Natural Gas,Operating,GT37 (185)
FL,666,CT8,30.3644,-81.6236,Pipeline Natural Gas,Operating,GT38 (185)
FL,667,1A,30.4172,-81.5525,Coal,Operating,1 (297.5)
FL,667,2A,30.4172,-81.5525,Coal,Operating,2 (297.5)
FL,667,3,30.4172,-81.5525,Pipeline Natural Gas,Operating,ST3 (563.7)
FL,673,S-3,26.6125,-80.0678,Pipeline Natural Gas,Operating,S3 (26.5)
FL,675,**8,28.0491,-81.9238,Pipeline Natural Gas,Operating,"5 (25), 8 (101.5)"
FL,676,5,28.0809,-81.9256,Pipeline Natural Gas,Operating,"5CT (249), 5ST (120)"
FL,676,MGT2,28.0809,-81.9256,Pipeline Natural Gas,Operating,GT2 (135)
FL,683,**C,28.4933,-80.7825,Pipeline Natural Gas,Operating,C (130)
FL,683,**D,28.4933,-80.7825,Pipeline Natural Gas,Operating,D (130)
FL,688,2A,30.4522,-84.4,Pipeline Natural Gas,Operating,"2 (259.3), CT2A (187.5)"
FL,688,HC3,30.4522,-84.4,Pipeline Natural Gas,Operating,GT3 (60.5)
FL,688,HC4,30.4522,-84.4,Pipeline Natural Gas,Operating,GT4 (60.5)
FL,689,8,30.1619,-84.2014,Pipeline Natural Gas,Operating,"8 (160), 9 (87)"
GA,703,1BLR,34.1256,-84.9192,Coal,Operating,1 (805.8)
GA,703,2BLR,34.1256,-84.9192,Coal,Operating,2 (788.8)
GA,703,3BLR,34.1256,-84.9192,Coal,Operating,3 (952)
GA,703,4BLR,34.1256,-84.9192,Coal,Operating,4 (952)
GA,710,3AA,33.8244,-84.475,Diesel Oil,Operating,3A (41.8)
GA,710,3AB,33.8244,-84.475,Diesel Oil,Operating,3A (41.8)
GA,710,3BA,33.8244,-84.475,Diesel Oil,Operating,3B (41.8)
GA,710,3BB,33.8244,-84.475,Diesel Oil,Operating,3B (41.8)
GA,710,4A,33.8244,-84.475,Pipeline Natural Gas,Operating,"CT4A (232.5), 4 (375)"
GA,710,4B,33.8244,-84.475,Pipeline Natural Gas,Operating,"CT4B (232.5), 4 (375)"
GA,710,5A,33.8244,-84.475,Pipeline Natural Gas,Operating,"5ACT (232.5), 5 (375)"
GA,710,5B,33.8244,-84.475,Pipeline Natural Gas,Operating,"5BCT (232.5), 5 (375)"
GA,710,6A,33.8244,-84.475,Pipeline Natural Gas,Operating,"6ACT (232.5), 6 (375)"
GA,710,6B,33.8244,-84.475,Pipeline Natural Gas,Operating,"6BCT (232.5), 6 (375)"
GA,715,3A,31.2125,-81.5458,Diesel Oil,Operating,3A (55.4)
GA,715,3B,31.2125,-81.5458,Diesel Oil,Operating,3B (55.4)
GA,715,3C,31.2125,-81.5458,Diesel Oil,Operating,3C (55.4)
GA,715,4A,31.2125,-81.5458,Diesel Oil,Operating,4A (55.4)
GA,715,4B,31.2125,-81.5458,Diesel Oil,Operating,4B (55.4)
GA,715,4C,31.2125,-81.5458,Diesel Oil,Operating,4C (55.4)
GA,715,4D,31.2125,-81.5458,Diesel Oil,Operating,4D (55.4)
GA,715,4E,31.2125,-81.5458,Diesel Oil,Operating,4E (55.4)
GA,715,4F,31.2125,-81.5458,Diesel Oil,Operating,4F (55.4)
GA,728,Y6BR,33.4622,-84.8986,Pipeline Natural Gas,Operating,6 (403.8)
GA,728,Y7BR,33.4622,-84.8986,Pipeline Natural Gas,Operating,7 (403.8)
OK,762,2,36.7205,-97.0868,Pipeline Natural Gas,Operating,2 (48)
OK,762,3,36.7205,-97.0868,Pipeline Natural Gas,Operating,"1 (20.2), 3 (54)"
OK,762,4,36.7205,-97.0868,Pipeline Natural Gas,Operating,4 (60.5)
HI,765,1,21.3567,-158.1283,,Operating,K1 (92)
HI,765,2,21.3567,-158.1283,,Operating,K2 (90)
HI,765,3,21.3567,-158.1283,,Operating,K3 (92)
HI,765,4,21.3567,-158.1283,,Operating,K4 (93)
HI,765,5,21.3567,-158.1283,,Operating,K5 (142)
HI,765,6,21.3567,-158.1283,,Operating,K6 (142)
HI,766,3,21.3887,-157.9612,,Operating,W3 (49)
HI,766,4,21.3887,-157.9612,,Operating,W4 (49)
HI,766,5,21.3887,-157.9612,,Operating,W5 (57)
HI,766,6,21.3887,-157.9612,,Operating,W6 (58)
HI,766,7,21.3887,-157.9612,,Operating,W7 (92)
HI,766,8,21.3887,-157.9612,,Operating,W8 (92)
IL,862,CT01,37.6578,-89.5119,Pipeline Natural Gas,Operating (Retired 04/26/2024),"1 (223.2), 3 (85.7)"
IL,862,CT02,37.6578,-89.5119,Pipeline Natural Gas,Operating (Retired 04/26/2024),"4 (113.6), 2 (223.2)"
IL,876,1,39.5906,-89.4964,Coal,Operating,1 (659.5)
IL,876,2,39.5906,-89.4964,Coal,Operating,2 (659.5)
IL,879,51,40.5408,-89.6786,Coal,Operating,5 (892.8)
IL,879,52,40.5408,-89.6786,Coal,Operating,5 (892.8)
IL,879,61,40.5408,-89.6786,Coal,Operating,6 (892.8)
IL,879,62,40.5408,-89.6786,Coal,Operating,6 (892.8)
IL,883,311,42.3833,-87.8133,Diesel Oil,Operating,311 (38)
IL,883,312,42.3833,-87.8133,Diesel Oil,Operating,312 (38)
IL,883,321,42.3833,-87.8133,Diesel Oil,Operating,321 (38)
IL,883,322,42.3833,-87.8133,Diesel Oil,Operating,322 (38)
IL,886,311,41.8508,-87.6533,Diesel Oil,Operating,311 (38)
IL,886,312,41.8508,-87.6533,Diesel Oil,Operating,312 (38)
IL,886,321,41.8508,-87.6533,Diesel Oil,Operating,321 (38)
IL,886,322,41.8508,-87.6533,Diesel Oil,Operating,322 (38)
IL,886,331,41.8508,-87.6533,Diesel Oil,Operating,331 (38)
IL,886,332,41.8508,-87.6533,Diesel Oil,Operating,332 (38)
IL,886,341,41.8508,-87.6533,Diesel Oil,Operating,341 (38)
IL,886,342,41.8508,-87.6533,Diesel Oil,Operating,342 (22.8)
IL,889,1,38.205,-89.855,Coal,Operating,1 (623.05)
IL,889,2,38.205,-89.855,Coal,Operating,2 (634.5)
IL,913,CT03,38.6642,-90.1764,Pipeline Natural Gas,Operating,GT3 (200)
IL,913,CT04,38.6642,-90.1764,Pipeline Natural Gas,Operating,GT4 (200)
IL,913,CT05,38.6642,-90.1764,Pipeline Natural Gas,Operating,GT5 (125)
IL,913,CT2A,38.6642,-90.1764,Pipeline Natural Gas,Operating,GT2 (61)
IL,913,CT2B,38.6642,-90.1764,Pipeline Natural Gas,Operating,GT2 (61)
IL,963,33,39.7539,-89.6011,Coal,Operating (Retired 03/01/2024),3 (207.4)
IL,963,4,39.7539,-89.6011,Coal,Operating,4 (230.1)
IL,976,123,37.6206,-88.955,Coal,Operating,"1 (33), 3 (33), 2 (33)"
IL,976,5,37.6206,-88.955,Pipeline Natural Gas,Operating,5 (83)
IL,976,6,37.6206,-88.955,Pipeline Natural Gas,Operating,6 (83)
IN,983,1,38.7383,-85.4192,Coal,Operating,1 (217.3)
IN,983,2,38.7383,-85.4192,Coal,Operating,2 (217.3)
IN,983,3,38.7383,-85.4192,Coal,Operating,3 (217.3)
IN,983,4,38.7383,-85.4192,Coal,Operating,4 (217.3)
IN,983,5,38.7383,-85.4192,Coal,Operating,5 (217.3)
IN,983,6,38.7383,-85.4192,Coal,Operating,6 (217.3)
IN,990,50,39.7119,-86.1975,Pipeline Natural Gas,Operating,5 (113.6)
IN,990,60,39.7119,-86.1975,Pipeline Natural Gas,Operating,6 (113.6)
IN,990,70,39.7119,-86.1975,Pipeline Natural Gas,Operating,7 (470.9)
IN,990,GT4,39.7119,-86.1975,Pipeline Natural Gas,Operating,GT4 (80)
IN,990,GT5,39.7119,-86.1975,Pipeline Natural Gas,Operating,GT5 (80)
IN,990,GT6,39.7119,-86.1975,Pipeline Natural Gas,Operating,GT6 (201)
IN,991,GT1,39.4851,-86.4176,Pipeline Natural Gas,Operating,"STG1 (230), GT1 (207)"
IN,991,GT2,39.4851,-86.4176,Pipeline Natural Gas,Operating,"GT2 (207), STG1 (230)"
IN,992,11,39.7622,-86.1667,Pipeline Natural Gas,Operating,6 (5)
IN,992,12,39.7622,-86.1667,Pipeline Natural Gas,Operating,6 (5)
IN,992,13,39.7622,-86.1667,Pipeline Natural Gas,Operating,4 (15)
IN,992,14,39.7622,-86.1667,Pipeline Natural Gas,Operating,4 (15)
IN,992,16,39.7622,-86.1667,Pipeline Natural Gas,Operating,4 (15)
IN,994,3,38.5267,-87.2525,Coal,Operating,ST3 (574.4)
IN,994,4,38.5267,-87.2525,Coal,Operating,4 (574.2)
IN,997,12,41.7203,-86.9097,Coal,Operating,12 (540)
IN,1001,1,39.9239,-87.4272,Coal,Operating,1 (531)
IN,1001,2,39.9239,-87.4272,Coal,Operating,2 (531)
IN,1001,4,39.9239,-87.4272,Pipeline Natural Gas,Operating,CT4 (121)
IN,1004,CTG1,38.8067,-87.2472,Coal,Operating,"CT1 (234), ST (321.9)"
IN,1004,CTG2,38.8067,-87.2472,Coal,Operating,"ST (321.9), CT2 (234)"
IN,1007,CT3,40.0969,-85.9714,Pipeline Natural Gas,Operating,"2 (50), 1 (50), 3 (76)"
IN,1007,CT4,40.0969,-85.9714,Pipeline Natural Gas,Operating,"1 (50), 2 (50), 4 (76)"
IN,1007,CT5,40.0969,-85.9714,Pipeline Natural Gas,Operating,"5 (76), 1 (50), 2 (50)"
IN,1012,2,37.91,-87.3267,Coal,Operating,2 (100)
IN,1012,3,37.91,-87.3267,Coal,Operating,3 (289)
NC,1016,GT-1,35.0986,-78.8294,Pipeline Natural Gas,Operating,"1 (28.8), 9 (73)"
NC,1016,GT-2,35.0986,-78.8294,Pipeline Natural Gas,Operating,"9 (73), 2 (28.8)"
NC,1016,GT-3,35.0986,-78.8294,Pipeline Natural Gas,Operating,"3 (28.8), 9 (73)"
NC,1016,GT-4,35.0986,-78.8294,Pipeline Natural Gas,Operating,4 (28.8)
NC,1016,GT-5,35.0986,-78.8294,Pipeline Natural Gas,Operating,5 (28.8)
NC,1016,GT-6,35.0986,-78.8294,Pipeline Natural Gas,Operating,"6 (28.8), 9 (73)"
NC,1016,GT-7,35.0986,-78.8294,Pipeline Natural Gas,Operating,"9 (73), 7 (28.8)"
NC,1016,GT-8,35.0986,-78.8294,Pipeline Natural Gas,Operating,"9 (73), 8 (28.8)"
IN,1040,1,39.8028,-84.8953,Coal,Operating,1 (33)
IN,1040,2,39.8028,-84.8953,Coal,Operating,2 (60.9)
IA,1068,1A,42.0474,-92.8594,Pipeline Natural Gas,Operating,1 (63)
IA,1068,1B,42.0474,-92.8594,Pipeline Natural Gas,Operating,1 (63)
IA,1068,2A,42.0474,-92.8594,Pipeline Natural Gas,Operating,2 (63)
IA,1068,2B,42.0474,-92.8594,Pipeline Natural Gas,Operating,2 (63)
IA,1068,3A,42.0474,-92.8594,Pipeline Natural Gas,Operating,3 (63)
IA,1068,3B,42.0474,-92.8594,Pipeline Natural Gas,Operating,3 (63)
IA,1073,3,41.9439,-91.6386,Coal,Operating,3 (50)
IA,1073,4,41.9439,-91.6386,Natural Gas,Operating,4 (148.8)
IA,1082,3,41.18,-95.8408,Coal,Operating,3 (725.9)
IA,1082,4,41.18,-95.8408,Coal,Operating,4 (923)
IA,1091,3,42.3251,-96.3797,Coal,Operating,3 (549.8)
IA,1104,1,40.7412,-91.1168,Pipeline Natural Gas,Operating,1 (212)
IA,1122,7,42.0247,-93.6069,Natural Gas,Operating,7 (33)
IA,1122,8,42.0247,-93.6069,Natural Gas,Operating,8 (65)
IA,1131,7,42.5267,-92.4394,Pipeline Natural Gas,Operating,7 (35)
IA,1167,8,41.3917,-91.0569,Coal,Operating,"8A (18.1), 8 (75)"
IA,1167,9,41.3917,-91.0569,Coal,Operating,9 (175.5)
IA,1206,1G,41.1141,-94.3499,Pipeline Natural Gas,Operating,GT1 (27)
IA,1206,2G,41.1141,-94.3499,Pipeline Natural Gas,Operating,GT2 (35.3)
IA,1217,1,43.1606,-95.2569,Pipeline Natural Gas,Operating,1 (33)
IA,1217,2,43.1606,-95.2569,Pipeline Natural Gas,Operating,2 (96)
KS,1230,1,37.1611,-100.7619,Pipeline Natural Gas,Operating,1 (62)
KS,1233,4,37.7328,-99.9497,Pipeline Natural Gas,Operating,4 (160)
KS,1235,3,38.41,-98.8689,Pipeline Natural Gas,Operating,3 (105)
KS,1239,12,37.0719,-94.6986,Pipeline Natural Gas,Operating,"12 (150), 12-2 (118.8)"
KS,1240,E1CT,37.7903,-97.5217,Pipeline Natural Gas,Operating,GT1 (88)
KS,1240,E2CT,37.7903,-97.5217,Pipeline Natural Gas,Operating,GT2 (88)
KS,1240,E3CT,37.7903,-97.5217,Pipeline Natural Gas,Operating,GT3 (180)
KS,1241,1,38.3472,-94.6389,Coal,Operating,1 (893)
KS,1241,2,38.3472,-94.6389,Coal,Operating,2 (685)
KS,1248,CT-1,38.0906,-97.8747,Pipeline Natural Gas,Operating,GT1 (79.1)
KS,1248,CT-2,38.0906,-97.8747,Pipeline Natural Gas,Operating,GT2 (79.1)
KS,1248,CT-3,38.0906,-97.8747,Pipeline Natural Gas,Operating,GT3 (79.1)
KS,1248,CT-4,38.0906,-97.8747,Diesel Oil,Operating,GT4 (84.3)
KS,1250,4,39.0072,-95.2692,Coal,Operating,4 (135)
KS,1250,5,39.0072,-95.2692,Coal,Operating,5 (415)
KS,1268,14,37.6953,-95.4586,Pipeline Natural Gas,Operating,14 (60)
KS,1271,4,37.0456,-95.6076,Pipeline Natural Gas,Operating,7 (40)
KS,1295,2,39.1486,-94.6405,Natural Gas,Retired,ST2 (157.5)
KS,1295,CT2,39.1486,-94.6405,Diesel Oil,Operating,GT2 (64.7)
KS,1295,CT3,39.1486,-94.6405,Diesel Oil,Operating,GT3 (64.7)
KS,1305,GT1,38.3634,-97.6834,Pipeline Natural Gas,Operating,GT1 (65.5)
KS,1305,GT2,38.3634,-97.6834,Diesel Oil,Operating,GT2 (65.5)
KS,1305,GT3,38.3634,-97.6834,Pipeline Natural Gas,Operating,GT3 (65.5)
KS,1336,S-2,37.9703,-100.8956,Pipeline Natural Gas,Operating,S2 (105)
KS,1336,S-4,37.9703,-100.8956,Pipeline Natural Gas,Operating,S4 (71.2)
KS,1336,S-5,37.9703,-100.8956,Pipeline Natural Gas,Operating,S5 (71.2)
KY,1353,BSU1,38.1707,-82.6176,Natural Gas,Operating,1 (280.5)
KY,1355,10,37.7889,-84.7139,Pipeline Natural Gas,Operating,10 (126)
KY,1355,11,37.7889,-84.7139,Pipeline Natural Gas,Operating,11 (126)
KY,1355,3,37.7889,-84.7139,Coal,Operating,3 (446.4)
KY,1355,5,37.7889,-84.7139,Pipeline Natural Gas,Operating,5 (123)
KY,1355,6,37.7889,-84.7139,Pipeline Natural Gas,Operating,6 (181)
KY,1355,7,37.7889,-84.7139,Pipeline Natural Gas,Operating,7 (181)
KY,1355,8,37.7889,-84.7139,Pipeline Natural Gas,Operating,8 (126)
KY,1355,9,37.7889,-84.7139,Pipeline Natural Gas,Operating,9 (126)
KY,1356,1,38.7497,-85.035,Coal,Operating,1 (556.9)
KY,1356,2,38.7497,-85.035,Coal,Operating,2 (556.4)
KY,1356,3,38.7497,-85.035,Coal,Operating,3 (556.6)
KY,1356,4,38.7497,-85.035,Coal,Operating,4 (556.2)
KY,1363,7A,38.1828,-85.8894,Pipeline Natural Gas,Operating,"7A (260), 7-STG (287)"
KY,1363,7B,38.1828,-85.8894,Pipeline Natural Gas,Operating,"7-STG (287), 7B (260)"
KY,1364,1,38.0531,-85.91,Coal,Operating,1 (355.5)
KY,1364,2,38.0531,-85.91,Coal,Operating,2 (355.5)
KY,1364,3,38.0531,-85.91,Coal,Operating,3 (462.6)
KY,1364,4,38.0531,-85.91,Coal,Operating,4 (543.6)
KY,1366,12,38.2147,-85.8453,Pipeline Natural Gas,Operating,12 (32.6)
KY,1366,13,38.2147,-85.8453,Pipeline Natural Gas,Operating,13 (178)
KY,1378,PCC1,37.2608,-86.9783,Pipeline Natural Gas,Operating,"CTG1 (226), STG1 (470)"
KY,1378,PCC2,37.2608,-86.9783,Pipeline Natural Gas,Operating,"STG1 (470), CTG2 (226)"
KY,1378,PCC3,37.2608,-86.9783,Pipeline Natural Gas,Operating,"CTG3 (226), STG1 (470)"
KY,1378,PCC5,37.2608,-86.9783,Pipeline Natural Gas,Operating,PCC5 (210)
KY,1378,PCC6,37.2608,-86.9783,Pipeline Natural Gas,Operating,PCC6 (210)
KY,1378,PCC7,37.2608,-86.9783,Pipeline Natural Gas,Operating,PCC7 (210)
KY,1379,1,37.1517,-88.775,Coal,Operating,1 (175)
KY,1379,2,37.1517,-88.775,Coal,Operating,2 (175)
KY,1379,3,37.1517,-88.775,Coal,Operating,3 (175)
KY,1379,4,37.1517,-88.775,Coal,Operating,4 (175)
KY,1379,5,37.1517,-88.775,Coal,Operating,5 (175)
KY,1379,6,37.1517,-88.775,Coal,Operating,6 (175)
KY,1379,7,37.1517,-88.775,Coal,Operating,7 (175)
KY,1379,8,37.1517,-88.775,Coal,Operating,8 (175)
KY,1379,9,37.1517,-88.775,Coal,Operating,9 (175)
KY,1383,RT,37.6467,-87.5033,Other Gas,Operating,GEN2 (98.9)
KY,1384,1,37,-84.5917,Coal,Operating,1 (100)
KY,1384,2,37,-84.5917,Coal,Operating,2 (221)
LA,1391,1A,30.4903,-91.1875,Process Gas,Operating,1A (23)
LA,1391,2A,30.4903,-91.1875,Process Gas,Operating,2A (62.5)
LA,1391,3A,30.4903,-91.1875,Process Gas,Operating,3A (63)
LA,1391,4A,30.4903,-91.1875,Process Gas,Operating,4A (129)
LA,1391,5A,30.4903,-91.1875,Process Gas,Operating,5A (173.3)
LA,1393,6,30.2861,-93.2917,Coal,Operating,6 (614.6)
LA,1396,6-1,30.8442,-92.2606,Pipeline Natural Gas,Operating,"U6CT (188.7), 7 (243), 6 (125)"
LA,1396,7-1,30.8442,-92.2606,Pipeline Natural Gas,Operating,"7 (243), U7CT (188.5), 6 (125)"
LA,1396,7-2,30.8442,-92.2606,Pipeline Natural Gas,Operating,"U72 (188.5), 6 (125), 7 (243)"
LA,1400,3,29.8223,-91.5427,Pipeline Natural Gas,Operating (Retired 05/31/2024),3 (348.5)
LA,1400,4,29.8223,-91.5427,Pipeline Natural Gas,Operating,4 (35)
LA,1402,2,30.0033,-90.4611,Pipeline Natural Gas,Operating,2 (420.8)
LA,1402,3,30.0033,-90.4611,Pipeline Natural Gas,Operating,3 (582.3)
LA,1403,4,29.9472,-90.1458,Pipeline Natural Gas,Operating,4 (895.1)
LA,1403,5,29.9472,-90.1458,Pipeline Natural Gas,Operating,5 (895.1)
LA,1403,6A,29.9472,-90.1458,Pipeline Natural Gas,Operating,"6C (260.1), 6A (194.7)"
LA,1403,6B,29.9472,-90.1458,Pipeline Natural Gas,Operating,"6C (260.1), 6B (194.7)"
LA,1404,7AB,32.7047,-92.0792,Pipeline Natural Gas,Operating,"7C (101), 7A (59.3)"
LA,1416,5A,32.5181,-93.7611,Pipeline Natural Gas,Operating,5 (100)
LA,1416,CTG-6A,32.5181,-93.7611,Pipeline Natural Gas,Operating,"6STG (256), 6A (184)"
LA,1416,CTG-6B,32.5181,-93.7611,Pipeline Natural Gas,Operating,"6STG (256), 6B (184)"
LA,1417,3,32.7047,-93.9597,Pipeline Natural Gas,Operating,3 (100)
LA,1417,4,32.7047,-93.9597,Pipeline Natural Gas,Operating,4 (100)
LA,1439,15,29.5808,-90.7222,Pipeline Natural Gas,Operating,15 (25.5)
LA,1439,16,29.5808,-90.7222,Pipeline Natural Gas,Operating,16 (40.8)
LA,1464,1B1,30.6736,-91.3525,Pipeline Natural Gas,Operating,1 (115)
LA,1464,1B2,30.6736,-91.3525,Pipeline Natural Gas,Operating,2 (115)
LA,1464,CTG1,30.6736,-91.3525,Pipeline Natural Gas,Operating,3 (132.8)
LA,1464,CTG2,30.6736,-91.3525,Pipeline Natural Gas,Operating,4 (132.8)
ME,1507,3,43.75,-70.1569,Residual Oil,Operating,3 (113.6)
ME,1507,4,43.75,-70.1569,Residual Oil,Operating,4 (632.4)
MD,1554,1,39.1781,-76.5268,Pipeline Natural Gas,Operating,1 (135)
MD,1554,2,39.1781,-76.5268,Pipeline Natural Gas,Operating,2 (145)
MD,1554,3,39.1781,-76.5268,"Coal, Pipeline Natural Gas",Operating,3 (355)
MD,1554,4,39.1781,-76.5268,Other Oil,Operating,4 (426)
MD,1556,**51,39.4422,-76.2208,Pipeline Natural Gas,Operating,GT5 (192)
MD,1556,6-1,39.4422,-76.2208,Pipeline Natural Gas,Operating,6 (120)
MD,1556,6-2,39.4422,-76.2208,Pipeline Natural Gas,Operating,6 (120)
MD,1556,CT1,39.4422,-76.2208,Diesel Oil,Operating,GT1 (51)
MD,1556,CT3,39.4422,-76.2208,Diesel Oil,Operating,GT3 (51)
MD,1556,CT4,39.4422,-76.2208,Diesel Oil,Operating,GT4 (51)
MD,1564,8,38.4878,-75.8208,Residual Oil,Operating,8 (162)
MD,1571,3,38.5444,-76.6861,Pipeline Natural Gas,Operating,3 (640)
MD,1571,4,38.5444,-76.6861,Pipeline Natural Gas,Operating,4 (640)
MD,1571,GT2,38.5444,-76.6861,Diesel Oil,Operating,GT2 (35)
MD,1571,**GT3,38.5444,-76.6861,Pipeline Natural Gas,Operating,GT3 (99)
MD,1571,**GT4,38.5444,-76.6861,Pipeline Natural Gas,Operating,GT4 (99)
MD,1571,**GT5,38.5444,-76.6861,Pipeline Natural Gas,Operating,GT5 (120)
MD,1571,**GT6,38.5444,-76.6861,Pipeline Natural Gas,Operating,GT6 (120)
MD,1571,SMECO,38.5444,-76.6861,Pipeline Natural Gas,Operating,SGT1 (93)
MD,1572,GT2,39.2086,-77.4644,Pipeline Natural Gas,Operating,GT2 (168)
MD,1572,GT3,39.2086,-77.4644,Pipeline Natural Gas,Operating,GT3 (168)
MD,1573,GT3,38.3592,-76.9767,Diesel Oil,Operating,3 (65)
MD,1573,GT4,38.3592,-76.9767,Diesel Oil,Operating,4 (65)
MD,1573,GT5,38.3592,-76.9767,Diesel Oil,Operating,5 (65)
MD,1573,GT6,38.3592,-76.9767,Diesel Oil,Operating,6 (65)
MA,1586,FJ-1,42.2672,-71.3983,Diesel Oil,Operating,GT1 (14.2)
MA,1586,FJ-2,42.2672,-71.3983,Diesel Oil,Operating,GT2 (14.2)
MA,1586,FJ-3,42.2672,-71.3983,Diesel Oil,Operating,GT3 (14.2)
MA,1588,81,42.3917,-71.0667,Pipeline Natural Gas,Operating (Retired 05/31/2024),"GT81 (278.6), ST85 (315)"
MA,1588,82,42.3917,-71.0667,Pipeline Natural Gas,Operating (Retired 05/31/2024),"GT82 (278.6), ST85 (315)"
MA,1588,93,42.3917,-71.0667,Pipeline Natural Gas,Operating (Retired 05/31/2024),"GT93 (278.6), ST96 (315)"
MA,1588,94,42.3917,-71.0667,Pipeline Natural Gas,Operating (Retired 05/31/2024),"ST96 (315), GT94 (278.6)"
MA,1592,J1T1,42.1364,-71.4478,Diesel Oil,Operating,GT1 (45)
MA,1592,J1T2,42.1364,-71.4478,Diesel Oil,Operating,GT1 (45)
MA,1592,J2T1,42.1364,-71.4478,Diesel Oil,Operating,GT2 (45)
MA,1592,J2T2,42.1364,-71.4478,Diesel Oil,Operating,GT2 (45)
MA,1592,J3T1,42.1364,-71.4478,Diesel Oil,Operating,GT3 (45)
MA,1592,J3T2,42.1364,-71.4478,Diesel Oil,Operating,GT3 (45)
MA,1594,11,42.3636,-71.1161,Pipeline Natural Gas,Operating,"1 (12.5), 4 (3.5), 5 (5), 3 (2.5)"
MA,1594,12,42.3636,-71.1161,Pipeline Natural Gas,Operating,"1 (12.5), 5 (5), 3 (2.5), 4 (3.5)"
MA,1595,2,42.3633,-71.0792,Pipeline Natural Gas,Operating,"2 (23), 3 (27.2)"
MA,1595,3,42.3633,-71.0792,Pipeline Natural Gas,Operating,"3 (27.2), 3 (27.2)"
MA,1595,4,42.3633,-71.0792,Pipeline Natural Gas,Operating,"2 (23), GEN4 (186.2), 1 (17.2), 3 (27.2)"
MA,1595,S6,42.3633,-71.0792,Diesel Oil,Operating,JET1 (20)
MA,1599,1,41.7694,-70.5097,Residual Oil,Operating,1 (542.5)
MA,1599,2,41.7694,-70.5097,Pipeline Natural Gas,Operating,2 (529.62)
MA,1599,3,41.7694,-70.5097,Pipeline Natural Gas,Operating,3 (330)
MA,1660,3,42.235,-70.9672,Pipeline Natural Gas,Retired (Retired 01/01/2024),"CC3 (25), CC2 (76)"
MA,1660,4,42.235,-70.9672,Pipeline Natural Gas,Operating,WAT1 (58)
MA,1660,5,42.235,-70.9672,Pipeline Natural Gas,Operating,WAT2 (58)
MA,1678,1,42.5428,-70.9236,Pipeline Natural Gas,Operating,1 (21.3)
MA,1678,2,42.5428,-70.9236,Pipeline Natural Gas,Operating,2 (49.9)
MA,1682,9,41.8653,-71.1061,Pipeline Natural Gas,Operating,"CA9 (95), 9A (23)"
MI,1702,3,43.6425,-83.8431,Pipeline Natural Gas,Operating,3 (605)
MI,1702,4,43.6425,-83.8431,Pipeline Natural Gas,Operating,4 (626.3)
MI,1702,A,43.6425,-83.8431,Pipeline Natural Gas,Operating,
MI,1702,B,43.6425,-83.8431,Pipeline Natural Gas,Operating,
MI,1710,1,42.9103,-86.2036,Coal,Operating,1 (265)
MI,1710,2,42.9103,-86.2036,Coal,Operating,2 (385)
MI,1710,3,42.9103,-86.2036,Coal,Operating,3 (871)
MI,1728,CTG111,42.2947,-83.1019,Pipeline Natural Gas,Operating,11-1 (76)
MI,1728,CTG121,42.2947,-83.1019,Pipeline Natural Gas,Operating,12-1 (76)
MI,1730,CTG121,42.5497,-83.4425,Pipeline Natural Gas,Operating,5 (41.9)
MI,1730,CTG122,42.5497,-83.4425,Pipeline Natural Gas,Operating,6 (41.9)
MI,1733,1,41.8917,-83.3461,Coal,Operating,1 (817.2)
MI,1733,2,41.8917,-83.3461,Coal,Operating,2 (822.6)
MI,1733,3,41.8917,-83.3461,Coal,Operating,3 (822.6)
MI,1733,4,41.8917,-83.3461,Coal,Operating,4 (817.2)
MI,1866,5,42.2081,-83.1453,Pipeline Natural Gas,Operating,"7 (32), 6 (7.5), 5 (22), 4 (11.5)"
MI,1866,7,42.2081,-83.1453,Pipeline Natural Gas,Operating,"5 (22), 6 (7.5), 4 (11.5), 7 (32)"
MN,1891,1,47.5306,-92.1619,Natural Gas,Operating,1 (58)
MN,1891,2,47.5306,-92.1619,Natural Gas,Operating,2 (58)
MN,1893,3,47.2603,-93.6531,Coal,Operating,3 (364.5)
MN,1893,4,47.2603,-93.6531,Coal,Operating,4 (558)
MN,1897,3,46.7356,-92.1531,Wood,Operating,3 (35.3)
MN,1897,4,46.7356,-92.1531,Wood,Operating,4 (37.5)
MN,1904,5,44.8108,-93.2501,Pipeline Natural Gas,Operating,"2 (137), 2 (137), 5 (187.9)"
MN,1904,6,44.8108,-93.2501,Pipeline Natural Gas,Operating,6-1 (215)
MN,1912,7,44.9331,-93.1075,Pipeline Natural Gas,Operating,"9 (250), 7 (196)"
MN,1912,8,44.9331,-93.1075,Pipeline Natural Gas,Operating,"8 (196), 9 (250)"
MN,1913,1,44.781,-93.042,Pipeline Natural Gas,Operating,1 (54.4)
MN,1913,2,44.781,-93.042,Pipeline Natural Gas,Operating,2 (54.4)
MN,1913,3,44.781,-93.042,Pipeline Natural Gas,Operating,3 (54.4)
MN,1913,4,44.781,-93.042,Pipeline Natural Gas,Operating,4 (54.4)
MN,1913,5,44.781,-93.042,Pipeline Natural Gas,Operating,5 (54.4)
MN,1913,6,44.781,-93.042,Pipeline Natural Gas,Operating,6 (54.4)
MN,1915,1,45.03,-92.7786,Coal,Operating,1 (598.4)
MN,1927,10,45.0203,-93.2753,Pipeline Natural Gas,Operating,"ST7 (165), 10 (192.1)"
MN,1927,9,45.0203,-93.2753,Pipeline Natural Gas,Operating,"ST7 (165), 9 (192.1)"
MN,2001,7,44.3159,-94.4578,Diesel Oil,Operating,7 (26)
MN,2038,1,45.601,-93.2081,Diesel Oil,Operating,1 (29)
MN,2038,2,45.601,-93.2081,Pipeline Natural Gas,Operating,2 (224)
MN,2039,ERPS11,45.2958,-93.5542,Pipeline Natural Gas,Operating,CT (225)
MN,2042,1,45.229,-94.0097,Diesel Oil,Operating,5A (29.3)
MS,2047,5,30.34,-88.492,Natural Gas,Operating,5 (74.6)
MS,2048,CTA,32.2925,-88.7461,Pipeline Natural Gas,Operating,A (41.9)
MS,2048,CTB,32.2925,-88.7461,Pipeline Natural Gas,Operating,A (41.9)
MS,2049,4,30.4408,-89.0265,Pipeline Natural Gas,Operating,4 (250)
MS,2049,5,30.4408,-89.0265,Pipeline Natural Gas,Operating,5 (500)
MS,2049,CTA,30.4408,-89.0265,Pipeline Natural Gas,Operating,A (41.9)
MS,2049,CTB,30.4408,-89.0265,Pipeline Natural Gas,Operating,A (41.9)
MS,2070,3,31.5289,-89.2992,Pipeline Natural Gas,Operating,3 (65)
MS,2070,**4,31.5289,-89.2992,Pipeline Natural Gas,Operating,4 (90)
MS,2070,5,31.5289,-89.2992,Pipeline Natural Gas,Operating,5 (95)
MS,2070,6,31.5289,-89.2992,Pipeline Natural Gas,Operating,"GTG1 (138), 1 (65)"
MS,2070,7,31.5289,-89.2992,Pipeline Natural Gas,Operating,"GTG2 (138), 2 (65)"
MO,2079,5A,39.1306,-94.4778,Coal,Operating,5 (550)
MO,2079,6,39.1306,-94.4778,Pipeline Natural Gas,Operating,6 (164)
MO,2079,7,39.1306,-94.4778,Pipeline Natural Gas,Operating,7 (85)
MO,2079,8,39.1306,-94.4778,Pipeline Natural Gas,Operating,8 (85)
MO,2079,9,39.1306,-94.4778,Pipeline Natural Gas,Operating,9 (140)
MO,2081,11,39.1231,-94.5605,Diesel Oil,Operating,11 (64)
MO,2081,12,39.1231,-94.5605,Diesel Oil,Operating,12 (64)
MO,2081,13,39.1231,-94.5605,Diesel Oil,Operating,13 (64)
MO,2081,14,39.1231,-94.5605,Diesel Oil,Operating,14 (64)
MO,2081,15,39.1231,-94.5605,Diesel Oil,Operating,15 (64)
MO,2081,16,39.1231,-94.5605,Diesel Oil,Operating,16 (64)
MO,2081,17,39.1231,-94.5605,Diesel Oil,Operating,17 (64)
MO,2081,18,39.1231,-94.5605,Diesel Oil,Operating,18 (64)
MO,2082,CT01,38.5935,-92.2203,Diesel Oil,Operating,1 (68)
MO,2092,3,38.7865,-94.2768,Pipeline Natural Gas,Operating,RG3 (71)
MO,2098,6,39.7246,-94.8773,Pipeline Natural Gas,Operating,4 (90)
MO,2098,GT5,39.7246,-94.8773,Pipeline Natural Gas,Operating,5 (85)
MO,2103,1,38.5583,-90.8361,Coal,Operating,1 (573.8)
MO,2103,2,38.5583,-90.8361,Coal,Operating,2 (573.8)
MO,2103,3,38.5583,-90.8361,Coal,Operating,3 (621)
MO,2103,4,38.5583,-90.8361,Coal,Operating,4 (621)
MO,2107,1,38.9158,-90.2917,Coal,Operating,1 (549.8)
MO,2107,2,38.9158,-90.2917,Coal,Operating,2 (549.8)
MO,2122,GT1A,39.784,-93.562,Pipeline Natural Gas,Operating,GT1 (40)
MO,2122,GT1B,39.784,-93.562,Pipeline Natural Gas,Operating,GT1 (40)
MO,2122,GT2A,39.784,-93.562,Pipeline Natural Gas,Operating,GT2 (40)
MO,2122,GT2B,39.784,-93.562,Pipeline Natural Gas,Operating,GT2 (40)
MO,2123,6,38.9658,-92.3175,Coal,Operating,"5 (16.5), 7 (22), 8 (35)"
MO,2123,7,38.9658,-92.3175,Coal,Operating,"7 (22), 8 (35), 5 (16.5)"
MO,2123,8,38.9658,-92.3175,Pipeline Natural Gas,Operating,8 (35)
MO,2131,4A,39.0721,-93.721,Pipeline Natural Gas,Operating,4 (60)
MO,2131,4B,39.0721,-93.721,Pipeline Natural Gas,Operating,4 (60)
MO,2161,**GT1,37.1086,-93.2592,Natural Gas,Operating,GT1 (96)
MO,2161,**GT2,37.1086,-93.2592,Natural Gas,Operating,GT2 (93)
MO,2167,1,36.5147,-89.5617,Coal,Operating,1 (600)
MO,2167,2,36.5147,-89.5617,Coal,Operating,2 (600)
MO,2168,MB1,39.5531,-92.6392,Coal,Operating,1 (180)
MO,2168,MB2,39.5531,-92.6392,Coal,Operating,2 (285)
MO,2168,MB3,39.5531,-92.6392,Coal,Operating,3 (670)
MT,2176,GT-2,47.0539,-104.74,Pipeline Natural Gas,Operating,GT-2 (43)
NE,2226,1,40.6941,-99.7005,Pipeline Natural Gas,Operating,1 (108.8)
NE,2240,50T,41.4275,-96.4619,Pipeline Natural Gas,Operating,5OT (42.1)
NE,2240,8,41.4275,-96.4619,Coal,Operating,8 (91.5)
NE,2241,GT-2,40.9228,-98.3269,Pipeline Natural Gas,Operating,GT2 (46)
NE,2241,GT-3,40.9228,-98.3269,Pipeline Natural Gas,Operating,GT3 (46)
NE,2250,1,40.8078,-96.7107,Pipeline Natural Gas,Operating,1 (27)
NE,2265,1A,40.5587,-96.7862,Pipeline Natural Gas,Operating,1 (56.7)
NE,2265,1B,40.5587,-96.7862,Pipeline Natural Gas,Operating,1 (56.7)
NE,2266,1A,40.1879,-97.5779,Diesel Oil,Operating,1 (56.7)
NE,2266,1B,40.1879,-97.5779,Diesel Oil,Operating,1 (56.7)
NE,2271,1A,40.2209,-100.6511,Diesel Oil,Operating,1 (56.7)
NE,2271,1B,40.2209,-100.6511,Diesel Oil,Operating,1 (56.7)
NE,2277,1,40.5589,-96.7842,Coal,Operating,1 (108.8)
NE,2277,2,40.5589,-96.7842,Coal,Operating,2 (119.9)
NE,2290,1,41.2517,-95.9235,Diesel Oil,Operating,1 (56.5)
NE,2290,2,41.2517,-95.9235,Diesel Oil,Operating,2 (56.5)
NE,2291,1,41.3297,-95.9458,Pipeline Natural Gas,Operating,1 (73.5)
NE,2291,2,41.3297,-95.9458,Pipeline Natural Gas,Operating,2 (108.8)
NE,2291,3,41.3297,-95.9458,Pipeline Natural Gas,Operating,3 (108.8)
NE,2291,4,41.3297,-95.9458,Coal,Operating,4 (136)
NE,2291,5,41.3297,-95.9458,Coal,Operating,5 (217.6)
NE,2292,1,41.1706,-95.9692,Diesel Oil,Operating,1 (55.4)
NE,2292,2,41.1706,-95.9692,Pipeline Natural Gas,Operating,2 (55.4)
NE,2292,CT3,41.1706,-95.9692,Pipeline Natural Gas,Operating,3 (120)
NE,2292,CT4A,41.1706,-95.9692,Pipeline Natural Gas,Operating,4 (58.9)
NE,2292,CT4B,41.1706,-95.9692,Pipeline Natural Gas,Operating,4 (58.9)
NE,2292,CT5A,41.1706,-95.9692,Pipeline Natural Gas,Operating,5 (58.9)
NE,2292,CT5B,41.1706,-95.9692,Pipeline Natural Gas,Operating,5 (58.9)
NV,2322,11A,36.0875,-115.0507,Pipeline Natural Gas,Operating,11 (64.3)
NV,2322,11B,36.0875,-115.0507,Pipeline Natural Gas,Operating,11 (64.3)
NV,2322,12A,36.0875,-115.0507,Pipeline Natural Gas,Operating,12 (64.3)
NV,2322,12B,36.0875,-115.0507,Pipeline Natural Gas,Operating,12 (64.3)
NV,2322,13A,36.0875,-115.0507,Pipeline Natural Gas,Operating,13 (64.3)
NV,2322,13B,36.0875,-115.0507,Pipeline Natural Gas,Operating,13 (64.3)
NV,2322,14A,36.0875,-115.0507,Pipeline Natural Gas,Operating,14 (64.3)
NV,2322,14B,36.0875,-115.0507,Pipeline Natural Gas,Operating,14 (64.3)
NV,2322,15A,36.0875,-115.0507,Pipeline Natural Gas,Operating,15 (64.3)
NV,2322,15B,36.0875,-115.0507,Pipeline Natural Gas,Operating,15 (64.3)
NV,2322,16A,36.0875,-115.0507,Pipeline Natural Gas,Operating,16 (64.3)
NV,2322,16B,36.0875,-115.0507,Pipeline Natural Gas,Operating,16 (64.3)
NV,2322,17A,36.0875,-115.0507,Pipeline Natural Gas,Operating,17 (64.3)
NV,2322,17B,36.0875,-115.0507,Pipeline Natural Gas,Operating,17 (64.3)
NV,2322,18A,36.0875,-115.0507,Pipeline Natural Gas,Operating,18 (64.3)
NV,2322,18B,36.0875,-115.0507,Pipeline Natural Gas,Operating,18 (64.3)
NV,2322,19A,36.0875,-115.0507,Pipeline Natural Gas,Operating,19 (64.3)
NV,2322,19B,36.0875,-115.0507,Pipeline Natural Gas,Operating,19 (64.3)
NV,2322,20A,36.0875,-115.0507,Pipeline Natural Gas,Operating,20 (64.3)
NV,2322,20B,36.0875,-115.0507,Pipeline Natural Gas,Operating,20 (64.3)
NV,2322,21A,36.0875,-115.0507,Pipeline Natural Gas,Operating,21 (64.3)
NV,2322,21B,36.0875,-115.0507,Pipeline Natural Gas,Operating,21 (64.3)
NV,2322,22A,36.0875,-115.0507,Pipeline Natural Gas,Operating,22 (64.3)
NV,2322,22B,36.0875,-115.0507,Pipeline Natural Gas,Operating,22 (64.3)
NV,2330,1,39.1281,-119.1319,Pipeline Natural Gas,Operating,1 (105.2)
NV,2330,2,39.1281,-119.1319,Pipeline Natural Gas,Operating,2 (105.2)
NV,2336,3,39.5625,-119.525,Pipeline Natural Gas,Operating,3 (122)
NV,2336,4,39.5625,-119.525,Pipeline Natural Gas,Operating,GT3 (85)
NV,2336,5,39.5625,-119.525,Pipeline Natural Gas,Operating,GT4 (85)
NV,2336,6,39.5625,-119.525,Pipeline Natural Gas,Operating,"4 (69.7), 5 (50.2)"
NV,2336,8,39.5625,-119.525,Pipeline Natural Gas,Operating,"10 (367), 8 (183)"
NV,2336,9,39.5625,-119.525,Pipeline Natural Gas,Operating,"9 (183), 10 (367)"
NH,2362,CT1,44.5942,-71.4943,Diesel Oil,Operating,GT1 (18)
NH,2364,1,43.1411,-71.4692,Coal,Operating,1 (113.6)
NH,2364,2,43.1411,-71.4692,Coal,Operating,2 (345.6)
NH,2364,CT1,43.1411,-71.4692,Other Oil,Operating,GT1 (18.6)
NH,2364,CT2,43.1411,-71.4692,Other Oil,Operating,GT2 (18.6)
NH,2367,4,43.0978,-70.7842,Coal,Operating,4 (50)
NH,2367,5,43.0978,-70.7842,Wood,Operating,5 (50)
NH,2367,6,43.0978,-70.7842,Coal,Operating,6 (50)
NH,2367,CT1,43.0978,-70.7842,Other Oil,Operating,GT1 (21.3)
NH,2369,CT1,43.8478,-71.2069,Other Oil,Operating,GT1 (18.6)
NJ,2379,002001,39.4547,-75.2011,Pipeline Natural Gas,Operating (Retired 05/31/2024),CA1 (41.9)
NJ,2379,003001,39.4547,-75.2011,Pipeline Natural Gas,Operating (Retired 05/31/2024),CA2 (41.9)
NJ,2390,012001,40.4753,-74.3552,Pipeline Natural Gas,Operating,GT4 (53)
NJ,2390,014001,40.4753,-74.3552,Pipeline Natural Gas,Operating,GT3 (53)
NJ,2390,015001,40.4753,-74.3552,Pipeline Natural Gas,Operating,GT2 (53)
NJ,2390,016001,40.4753,-74.3552,Pipeline Natural Gas,Operating,GT1 (53)
NJ,2393,04,40.5661,-75.165,Pipeline Natural Gas,Operating,"8 (135), 4 (53.7)"
NJ,2393,05,40.5661,-75.165,Pipeline Natural Gas,Operating,"5 (53.7), 8 (135)"
NJ,2393,06,40.5661,-75.165,Pipeline Natural Gas,Operating,"6 (53.7), 8 (135)"
NJ,2393,07,40.5661,-75.165,Pipeline Natural Gas,Operating,"8 (135), 7 (53.7)"
NJ,2393,9,40.5661,-75.165,Pipeline Natural Gas,Operating,9 (161)
NJ,2398,1101,40.8375,-74.0244,Pipeline Natural Gas,Operating,"1101 (112.5), 1 (325.22)"
NJ,2398,1201,40.8375,-74.0244,Pipeline Natural Gas,Operating,"1201 (112.5), 1 (325.22)"
NJ,2398,1301,40.8375,-74.0244,Pipeline Natural Gas,Operating,"1 (325.22), 1301 (112.5)"
NJ,2398,1401,40.8375,-74.0244,Pipeline Natural Gas,Operating,"1 (325.22), 1401 (112.5)"
NJ,2398,2101,40.8375,-74.0244,Pipeline Natural Gas,Operating,"2301 (258.4), 2101 (174)"
NJ,2398,2201,40.8375,-74.0244,Pipeline Natural Gas,Operating,"2301 (258.4), 2201 (174.2)"
NJ,2399,121,40.0753,-74.8781,Pipeline Natural Gas,Operating,121 (60.5)
NJ,2399,122,40.0753,-74.8781,Pipeline Natural Gas,Operating,122 (60.5)
NJ,2399,123,40.0753,-74.8781,Pipeline Natural Gas,Operating,123 (60.5)
NJ,2399,124,40.0753,-74.8781,Pipeline Natural Gas,Operating,124 (60.5)
NJ,2404,121,40.7375,-74.1,Pipeline Natural Gas,Operating,N121 (60.5)
NJ,2404,122,40.7375,-74.1,Pipeline Natural Gas,Operating,N122 (60.5)
NJ,2404,123,40.7375,-74.1,Pipeline Natural Gas,Operating,N123 (60.5)
NJ,2404,124,40.7375,-74.1,Pipeline Natural Gas,Operating,N124 (60.5)
NJ,2404,131,40.7375,-74.1,Pipeline Natural Gas,Operating,131 (49)
NJ,2404,132,40.7375,-74.1,Pipeline Natural Gas,Operating,132 (49)
NJ,2404,133,40.7375,-74.1,Pipeline Natural Gas,Operating,133 (49)
NJ,2404,134,40.7375,-74.1,Pipeline Natural Gas,Operating,134 (49)
NJ,2404,141,40.7375,-74.1,Pipeline Natural Gas,Operating,141 (49)
NJ,2404,142,40.7375,-74.1,Pipeline Natural Gas,Operating,142 (49)
NJ,2406,1101,40.6225,-74.2097,Pipeline Natural Gas,Operating,"1101 (193), 1001 (315)"
NJ,2406,1201,40.6225,-74.2097,Pipeline Natural Gas,Operating,"1201 (193), 1001 (315)"
NJ,2406,2101,40.6225,-74.2097,Pipeline Natural Gas,Operating,"2001 (315), 2101 (193)"
NJ,2406,2201,40.6225,-74.2097,Pipeline Natural Gas,Operating,"2001 (315), 2201 (193)"
NJ,2406,5,40.6225,-74.2097,Pipeline Natural Gas,Operating,5 (96.1)
NJ,2406,6,40.6225,-74.2097,Pipeline Natural Gas,Operating,6 (96.1)
NJ,2406,7,40.6225,-74.2097,Pipeline Natural Gas,Operating,7 (96.1)
NJ,2406,8,40.6225,-74.2097,Pipeline Natural Gas,Operating,8 (96.1)
NJ,2410,2001,39.4625,-75.5333,Diesel Oil,Operating,3 (41.9)
NJ,2411,7,40.5564,-74.2461,Pipeline Natural Gas,Operating,"701 (430), 702 (287)"
NJ,2434,U11,39.4889,-75.0347,Natural Gas,Operating,11 (64)
NM,2442,4,36.69,-108.4814,Coal,Operating,4 (825)
NM,2442,5,36.69,-108.4814,Coal,Operating,5 (825)
NM,2444,6,31.8047,-106.5472,Pipeline Natural Gas,Operating,6 (50)
NM,2444,7,31.8047,-106.5472,Pipeline Natural Gas,Operating,7 (50)
NM,2444,8,31.8047,-106.5472,Pipeline Natural Gas,Operating,8 (166.5)
NM,2444,9,31.8047,-106.5472,Pipeline Natural Gas,Operating,9 (106)
NM,2446,051B,32.7142,-103.3015,Pipeline Natural Gas,Operating,1 (114)
NM,2450,1,35.1716,-106.6019,Pipeline Natural Gas,Operating,1 (52)
NM,2450,2,35.1716,-106.6019,Pipeline Natural Gas,Operating,2 (52)
NM,2450,3,35.1716,-106.6019,Pipeline Natural Gas,Operating,3 (75)
NM,2454,121B,32.7131,-103.3533,Pipeline Natural Gas,Operating,1 (75)
NM,2454,122B,32.7131,-103.3533,Pipeline Natural Gas,Operating,2 (190.4)
NM,2454,123T,32.7131,-103.3533,Pipeline Natural Gas,Operating,3 (126.9)
NM,2454,124T,32.7131,-103.3533,Pipeline Natural Gas,Operating,4 (126.9)
NY,2480,1,41.573,-73.9646,Pipeline Natural Gas,Operating,1 (72)
NY,2480,2,41.573,-73.9646,Pipeline Natural Gas,Operating,2 (73.5)
NY,2480,3,41.573,-73.9646,Pipeline Natural Gas,Operating,3 (147.1)
NY,2480,4,41.573,-73.9646,Pipeline Natural Gas,Operating,4 (239.4)
NY,2490,20,40.5915,-74.2027,Pipeline Natural Gas,Operating,"2 (376.2), GT1 (16.3)"
NY,2490,30,40.5915,-74.2027,Pipeline Natural Gas,Operating,3 (535.5)
NY,2490,CT0001,40.5915,-74.2027,Pipeline Natural Gas,Operating,GT1 (16.3)
NY,2493,1,40.7281,-73.9742,Pipeline Natural Gas,Operating,1 (180)
NY,2493,2,40.7281,-73.9742,Pipeline Natural Gas,Operating,2 (180)
NY,2493,60,40.7281,-73.9742,Pipeline Natural Gas,Operating,6 (156.3)
NY,2493,70,40.7281,-73.9742,Pipeline Natural Gas,Operating,7 (200)
NY,2494,CT01-1,40.6635,-74.0051,Diesel Oil,Operating,GT11 (20)
NY,2494,CT01-2,40.6635,-74.0051,Diesel Oil,Operating,GT12 (20)
NY,2494,CT01-3,40.6635,-74.0051,Diesel Oil,Operating,GT13 (20)
NY,2494,CT01-4,40.6635,-74.0051,Diesel Oil,Operating,GT14 (20)
NY,2494,CT01-5,40.6635,-74.0051,Diesel Oil,Operating,GT15 (20)
NY,2494,CT01-6,40.6635,-74.0051,Diesel Oil,Operating,GT16 (20)
NY,2494,CT01-7,40.6635,-74.0051,Diesel Oil,Operating,GT17 (20)
NY,2494,CT01-8,40.6635,-74.0051,Diesel Oil,Operating,GT18 (20)
NY,2494,CT02-1,40.6635,-74.0051,Diesel Oil,Operating,GT21 (20)
NY,2494,CT02-2,40.6635,-74.0051,Diesel Oil,Operating,GT22 (20)
NY,2494,CT02-3,40.6635,-74.0051,Diesel Oil,Operating,GT23 (20)
NY,2494,CT02-4,40.6635,-74.0051,Diesel Oil,Operating,GT24 (20)
NY,2494,CT02-5,40.6635,-74.0051,Diesel Oil,Operating,GT25 (20)
NY,2494,CT02-6,40.6635,-74.0051,Diesel Oil,Operating,GT26 (20)
NY,2494,CT02-7,40.6635,-74.0051,Diesel Oil,Operating,GT27 (20)
NY,2494,CT02-8,40.6635,-74.0051,Diesel Oil,Operating,GT28 (20)
NY,2494,CT03-1,40.6635,-74.0051,Diesel Oil,Operating,GT31 (20)
NY,2494,CT03-2,40.6635,-74.0051,Diesel Oil,Operating,GT32 (20)
NY,2494,CT03-3,40.6635,-74.0051,Diesel Oil,Operating,GT33 (20)
NY,2494,CT03-4,40.6635,-74.0051,Diesel Oil,Operating,GT34 (20)
NY,2494,CT03-5,40.6635,-74.0051,Diesel Oil,Operating,GT35 (20)
NY,2494,CT03-6,40.6635,-74.0051,Diesel Oil,Operating,GT36 (20)
NY,2494,CT03-7,40.6635,-74.0051,Diesel Oil,Operating,GT37 (20)
NY,2494,CT03-8,40.6635,-74.0051,Diesel Oil,Operating,GT38 (20)
NY,2494,CT04-1,40.6635,-74.0051,Diesel Oil,Operating,GT41 (20)
NY,2494,CT04-2,40.6635,-74.0051,Diesel Oil,Operating,GT42 (20)
NY,2494,CT04-3,40.6635,-74.0051,Diesel Oil,Operating,GT43 (20)
NY,2494,CT04-4,40.6635,-74.0051,Diesel Oil,Operating,GT44 (20)
NY,2494,CT04-5,40.6635,-74.0051,Diesel Oil,Operating,GT45 (20)
NY,2494,CT04-6,40.6635,-74.0051,Diesel Oil,Operating,GT46 (20)
NY,2494,CT04-7,40.6635,-74.0051,Diesel Oil,Operating,GT47 (20)
NY,2494,CT04-8,40.6635,-74.0051,Diesel Oil,Operating,GT48 (20)
NY,2499,CT01-1,40.6486,-74.0209,Pipeline Natural Gas,Operating,NT11 (22)
NY,2499,CT01-2,40.6486,-74.0209,Pipeline Natural Gas,Operating,NT12 (22)
NY,2499,CT01-3,40.6486,-74.0209,Pipeline Natural Gas,Operating,NT13 (22)
NY,2499,CT01-4,40.6486,-74.0209,Pipeline Natural Gas,Operating,NT14 (22)
NY,2499,CT01-5,40.6486,-74.0209,Pipeline Natural Gas,Operating,NT15 (22)
NY,2499,CT01-6,40.6486,-74.0209,Pipeline Natural Gas,Operating,NT16 (22)
NY,2499,CT01-7,40.6486,-74.0209,Pipeline Natural Gas,Operating,NT17 (22)
NY,2499,CT01-8,40.6486,-74.0209,Pipeline Natural Gas,Operating,NT18 (22)
NY,2499,CT02-1,40.6486,-74.0209,Pipeline Natural Gas,Operating,NT21 (22)
NY,2499,CT02-2,40.6486,-74.0209,Pipeline Natural Gas,Operating,NT22 (22)
NY,2499,CT02-3,40.6486,-74.0209,Pipeline Natural Gas,Operating,NT23 (22)
NY,2499,CT02-4,40.6486,-74.0209,Pipeline Natural Gas,Operating,NT24 (22)
NY,2499,CT02-5,40.6486,-74.0209,Pipeline Natural Gas,Operating,NT25 (22)
NY,2499,CT02-6,40.6486,-74.0209,Pipeline Natural Gas,Operating,NT26 (22)
NY,2499,CT02-7,40.6486,-74.0209,Pipeline Natural Gas,Operating,NT27 (22)
NY,2499,CT02-8,40.6486,-74.0209,Pipeline Natural Gas,Operating,NT28 (22)
NY,2500,10,40.7585,-73.9451,Pipeline Natural Gas,Operating,1 (400)
NY,2500,20,40.7585,-73.9451,Pipeline Natural Gas,Operating,2 (400)
NY,2500,30,40.7585,-73.9451,Pipeline Natural Gas,Operating,3 (1027.7)
NY,2500,CT0001,40.7585,-73.9451,Pipeline Natural Gas,Retired,GT1 (18.6)
NY,2500,CT0010,40.7585,-73.9451,Pipeline Natural Gas,Retired,GT10 (25)
NY,2500,CT0011,40.7585,-73.9451,Pipeline Natural Gas,Retired,GT11 (25)
NY,2500,UCC001,40.7585,-73.9451,Pipeline Natural Gas,Operating,"4S (80), 4 (170)"
NY,2503,BLR114,40.7711,-73.9911,Pipeline Natural Gas,Operating,
NY,2503,BLR115,40.7711,-73.9911,Pipeline Natural Gas,Operating,
NY,2503,BLR116,40.7711,-73.9911,Residual Oil,Operating,
NY,2503,BLR117,40.7711,-73.9911,Residual Oil,Operating,
NY,2503,BLR118,40.7711,-73.9911,Residual Oil,Operating,
NY,2503,CT0001,40.7711,-73.9911,Other Oil,Operating,GT1 (17.1)
NY,2504,120,40.768,-73.9515,Pipeline Natural Gas,Operating,"11 (35), 11 (35)"
NY,2504,121,40.768,-73.9515,Pipeline Natural Gas,Operating,"11 (35), 11 (35)"
NY,2504,122,40.768,-73.9515,Pipeline Natural Gas,Operating,"11 (35), 11 (35)"
NY,2504,CT0001,40.768,-73.9515,Other Oil,Operating,GT1 (18.6)
NY,2504,CT0002,40.768,-73.9515,Other Oil,Operating,GT2 (18.6)
NY,2511,10,40.6169,-73.6486,Pipeline Natural Gas,Operating,ST1 (175)
NY,2511,20,40.6169,-73.6486,Pipeline Natural Gas,Operating,ST2 (175)
NY,2511,U00004,40.6169,-73.6486,Pipeline Natural Gas,Operating,GT1 (18)
NY,2511,U00005,40.6169,-73.6486,Pipeline Natural Gas,Operating,GT2 (18)
NY,2511,U00006,40.6169,-73.6486,Pipeline Natural Gas,Operating,3 (18)
NY,2511,U00007,40.6169,-73.6486,Pipeline Natural Gas,Operating,4 (18)
NY,2511,U00008,40.6169,-73.6486,Pipeline Natural Gas,Operating,5 (18)
NY,2511,U00009,40.6169,-73.6486,Pipeline Natural Gas,Operating,6 (18)
NY,2511,U00011,40.6169,-73.6486,Pipeline Natural Gas,Operating,8 (18)
NY,2511,U00012,40.6169,-73.6486,Pipeline Natural Gas,Operating,9 (41.9)
NY,2511,U00013,40.6169,-73.6486,Pipeline Natural Gas,Operating,9 (41.9)
NY,2511,U00014,40.6169,-73.6486,Pipeline Natural Gas,Operating,10 (41.9)
NY,2511,U00015,40.6169,-73.6486,Pipeline Natural Gas,Operating,10 (41.9)
NY,2511,U00016,40.6169,-73.6486,Pipeline Natural Gas,Operating,11 (41.9)
NY,2511,U00017,40.6169,-73.6486,Pipeline Natural Gas,Operating,11 (41.9)
NY,2511,U00018,40.6169,-73.6486,Pipeline Natural Gas,Operating,12 (41.9)
NY,2511,U00019,40.6169,-73.6486,Pipeline Natural Gas,Operating,12 (41.9)
NY,2512,UGT001,40.9619,-72.2095,Diesel Oil,Operating,1 (21.3)
NY,2514,U00020,40.8269,-73.6479,Diesel Oil,Operating,GT2 (55)
NY,2514,U00021,40.8269,-73.6479,Diesel Oil,Operating,GT3 (55)
NY,2516,1,40.9231,-73.3417,Pipeline Natural Gas,Operating,ST1 (387)
NY,2516,2,40.9231,-73.3417,Pipeline Natural Gas,Operating,2 (387)
NY,2516,3,40.9231,-73.3417,Pipeline Natural Gas,Operating,3 (387)
NY,2516,4,40.9231,-73.3417,Pipeline Natural Gas,Operating,4 (387)
NY,2516,UGT001,40.9231,-73.3417,Diesel Oil,Operating,GT1 (16)
NY,2517,3,40.9503,-73.0786,Pipeline Natural Gas,Operating,3 (188)
NY,2517,4,40.9503,-73.0786,Pipeline Natural Gas,Operating,4 (188)
NY,2517,UGT001,40.9503,-73.0786,Diesel Oil,Operating,GT1 (16)
NY,2517,UGT002,40.9503,-73.0786,Pipeline Natural Gas,Operating,GT2 (45)
NY,2517,UGT003,40.9503,-73.0786,Pipeline Natural Gas,Operating,GT3 (45)
NY,2521,UGT001,40.6953,-73.3497,Diesel Oil,Operating,4 (52.4)
NY,2527,6,42.6789,-76.9483,Pipeline Natural Gas,Operating,4 (105.9)
NY,2539,10001,42.5905,-73.7636,Pipeline Natural Gas,Operating,"8 (310), 5 (194)"
NY,2539,10002,42.5905,-73.7636,Pipeline Natural Gas,Operating,"6 (194), 8 (310)"
NY,2539,10003,42.5905,-73.7636,Pipeline Natural Gas,Operating,"8 (310), 7 (194)"
NY,2594,5,43.46,-76.53,Residual Oil,Operating,ST5 (902)
NY,2594,6,43.46,-76.53,Residual Oil,Operating,ST6 (902)
NY,2625,1,41.2044,-73.9689,Pipeline Natural Gas,Operating,1 (640)
NY,2625,2,41.2044,-73.9689,Pipeline Natural Gas,Operating,2 (640)
NY,2628,001,41.1269,-74.1653,Pipeline Natural Gas,Operating,GEN1 (46.5)
NY,2632,1,41.4278,-74.4186,Pipeline Natural Gas,Operating,SHOE (41.9)
NY,2679,5,40.6447,-73.5683,Pipeline Natural Gas,Operating,CT5 (50)
NY,2679,CT3,40.6447,-73.5683,Diesel Oil,Operating,3 (18.2)
NY,2682,10,42.0917,-79.2417,Pipeline Natural Gas,Operating,"6 (27.2), 5 (30.5)"
NY,2682,20,42.0917,-79.2417,Pipeline Natural Gas,Operating,"7 (47.3), 6 (27.2), 5 (30.5)"
NY,2682,9,42.0917,-79.2417,Pipeline Natural Gas,Operating,"6 (27.2), 5 (30.5)"
NC,2706,3,35.4714,-82.5431,Pipeline Natural Gas,Operating,GT1 (211.7)
NC,2706,4,35.4714,-82.5431,Pipeline Natural Gas,Operating,GT2 (211.8)
NC,2706,CT5,35.4714,-82.5431,Pipeline Natural Gas,Operating,"CT5 (191.2), ST6 (102)"
NC,2706,CT7,35.4714,-82.5431,Pipeline Natural Gas,Operating,"CT7 (191.2), ST8 (102)"
NC,2707,1,34.9815,-79.8771,Diesel Oil,Operating,GT1 (17.5)
NC,2707,2,34.9815,-79.8771,Diesel Oil,Operating,GT2 (17.5)
NC,2707,3,34.9815,-79.8771,Diesel Oil,Operating,GT3 (17.5)
NC,2707,4,34.9815,-79.8771,Diesel Oil,Operating,GT4 (17.5)
NC,2709,01A,35.3775,-78.0875,Natural Gas,Operating,"ST1 (380), 1A (180)"
NC,2709,01B,35.3775,-78.0875,Natural Gas,Operating,"ST1 (380), 1B (180)"
NC,2709,01C,35.3775,-78.0875,Natural Gas,Operating,"ST1 (380), 1C (180)"
NC,2709,10,35.3775,-78.0875,Diesel Oil,Operating,GT5 (211.8)
NC,2709,11,35.3775,-78.0875,Diesel Oil,Operating,GT6 (211.8)
NC,2709,12,35.3775,-78.0875,Natural Gas,Operating,GT7 (211.8)
NC,2709,13,35.3775,-78.0875,Natural Gas,Operating,GT8 (211.8)
NC,2709,14,35.3775,-78.0875,Natural Gas,Operating,GT9 (211.8)
NC,2712,1,36.4833,-79.0731,Coal,Operating,1 (410.9)
NC,2712,2,36.4833,-79.0731,Coal,Operating,2 (657)
NC,2712,3A,36.4833,-79.0731,Coal,Operating,3 (745.2)
NC,2712,3B,36.4833,-79.0731,Coal,Operating,3 (745.2)
NC,2712,4A,36.4833,-79.0731,Coal,Operating,4 (745.2)
NC,2712,4B,36.4833,-79.0731,Coal,Operating,4 (745.2)
NC,2713,01A,34.2824,-77.9864,Natural Gas,Operating,"CA1 (288), CT1 (181)"
NC,2713,01B,34.2824,-77.9864,Natural Gas,Operating,"CT2 (181), CA1 (288)"
NC,2713,4,34.2824,-77.9864,Natural Gas,Operating,4 (45)
NC,2713,5,34.2824,-77.9864,Natural Gas,Operating,5 (45)
NC,2716,4,34.5889,-78.975,Diesel Oil,Operating,GT1 (39.7)
NC,2716,5,34.5889,-78.975,Diesel Oil,Operating,GT2 (39.7)
NC,2716,6,34.5889,-78.975,Diesel Oil,Operating,GT3 (48.6)
NC,2716,7,34.5889,-78.975,Diesel Oil,Operating,GT4 (48.6)
NC,2718,1,35.1897,-81.0122,Coal,Operating,1 (165)
NC,2718,5,35.1897,-81.0122,Coal,Operating (Retired 09/30/2024),5 (275)
NC,2720,11C,35.7133,-80.3767,Pipeline Natural Gas,Operating,"CT11 (171.5), ST10 (320.5)"
NC,2720,12C,35.7133,-80.3767,Pipeline Natural Gas,Operating,"ST10 (320.5), CT12 (171.5)"
NC,2721,5,35.22,-81.7594,Coal,Operating,5 (570.9)
NC,2721,6,35.22,-81.7594,Coal,Operating,6 (905)
NC,2723,8C,36.4862,-79.7208,Natural Gas,Operating,"ST7 (320.5), CT8 (171.5)"
NC,2723,9C,36.4862,-79.7208,Natural Gas,Operating,"CT9 (171.5), ST7 (320.5)"
NC,2727,1,35.5975,-80.9658,Coal,Operating,1 (350)
NC,2727,2,35.5975,-80.9658,Coal,Operating,2 (350)
NC,2727,3,35.5975,-80.9658,Coal,Operating,3 (648)
NC,2727,4,35.5975,-80.9658,Coal,Operating,4 (648)
ND,2790,12,46.8669,-100.8839,Pipeline Natural Gas,Operating,4 (88)
ND,2790,CT6,46.8669,-100.8839,Pipeline Natural Gas,Operating,3 (88)
ND,2817,1,47.2819,-101.3194,Coal,Operating,1 (216)
ND,2817,2,47.2819,-101.3194,Coal,Operating,2 (440)
ND,2823,B1,47.0664,-101.2139,Coal,Operating,1 (270)
ND,2823,B2,47.0664,-101.2139,Coal,Operating,2 (518)
OH,2828,1,40.2522,-80.6486,Coal,Operating,1 (615.2)
OH,2828,2,40.2522,-80.6486,Coal,Operating,2 (615.2)
OH,2828,3,40.2522,-80.6486,Coal,Operating,3 (650)
OH,2828,B008,40.2522,-80.6486,Diesel Oil,Operating,
OH,2828,B010,40.2522,-80.6486,Diesel Oil,Operating,
OH,2831,1,39.465,-84.3775,Pipeline Natural Gas,Operating,1 (100)
OH,2832,6,39.1131,-84.8031,Coal,Operating,6 (168)
OH,2832,7,39.1131,-84.8031,Coal,Operating,7 (512)
OH,2832,8,39.1131,-84.8031,Coal,Operating,8 (512)
OH,2847,1,39.7281,-84.2103,Pipeline Natural Gas,Operating,GT1 (103.5)
OH,2847,2,39.7281,-84.2103,Pipeline Natural Gas,Operating,GT2 (106.1)
OH,2847,3,39.7281,-84.2103,Pipeline Natural Gas,Operating,GT3 (99)
OH,2848,H-7,39.6094,-84.2931,Pipeline Natural Gas,Operating,7 (32.6)
OH,2861,CTA,41.1667,-80.75,Diesel Oil,Operating,GT1 (27)
OH,2869,1A,41.4297,-82.2633,Diesel Oil,Operating,1A (65.3)
OH,2869,1B,41.4297,-82.2633,Diesel Oil,Operating,1B (65.3)
OH,2869,2,41.4297,-82.2633,Diesel Oil,Operating,2 (85)
OH,2869,3,41.4297,-82.2633,Diesel Oil,Operating,3 (85)
OH,2869,4,41.4297,-82.2633,Diesel Oil,Operating,4 (85)
OH,2869,5,41.4297,-82.2633,Diesel Oil,Operating,5 (85)
OH,2869,6,41.4297,-82.2633,Diesel Oil,Operating,6 (85)
OH,2876,1,38.9161,-82.1281,Coal,Operating,1 (217.3)
OH,2876,2,38.9161,-82.1281,Coal,Operating,2 (217.3)
OH,2876,3,38.9161,-82.1281,Coal,Operating,3 (217.3)
OH,2876,4,38.9161,-82.1281,Coal,Operating,4 (217.3)
OH,2876,5,38.9161,-82.1281,Coal,Operating,5 (217.3)
OH,2878,1,41.6925,-83.4375,Petroleum Coke,Operating,1 (140.6)
OH,2880,CTG4,41.3033,-84.3386,Pipeline Natural Gas,Operating,4 (130)
OH,2880,CTG5,41.3033,-84.3386,Pipeline Natural Gas,Operating,5 (130)
OH,2880,CTG6,41.3033,-84.3386,Pipeline Natural Gas,Operating,6 (130)
OK,2951,10,35.5089,-97.1789,Pipeline Natural Gas,Operating,10 (60.5)
OK,2951,6,35.5089,-97.1789,Pipeline Natural Gas,Operating,6 (163)
OK,2951,7,35.5089,-97.1789,Pipeline Natural Gas,Operating,"GT7 (27), ST7 (219)"
OK,2951,8,35.5089,-97.1789,Pipeline Natural Gas,Operating,8 (442)
OK,2951,9,35.5089,-97.1789,Pipeline Natural Gas,Operating,9 (60.5)
OK,2952,4,35.7617,-95.2847,Pipeline Natural Gas,Operating,4 (572)
OK,2952,5,35.7617,-95.2847,Pipeline Natural Gas,Operating,5 (572)
OK,2952,6,35.7617,-95.2847,Coal,Operating,6 (572)
OK,2953,T10,35.4711,-97.6733,Pipeline Natural Gas,Operating,GT5 (60)
OK,2953,T11,35.4711,-97.6733,Pipeline Natural Gas,Operating,GT6 (60)
OK,2953,T12,35.4711,-97.6733,Pipeline Natural Gas,Operating,GT7 (60)
OK,2953,T6,35.4711,-97.6733,Pipeline Natural Gas,Operating,GT1 (60)
OK,2953,T7,35.4711,-97.6733,Pipeline Natural Gas,Operating,GT2 (60)
OK,2953,T8,35.4711,-97.6733,Pipeline Natural Gas,Operating,GT3 (60)
OK,2953,T9,35.4711,-97.6733,Pipeline Natural Gas,Operating,GT4 (60)
OK,2956,1,34.9678,-96.7242,Pipeline Natural Gas,Operating,1 (567)
OK,2956,2,34.9678,-96.7242,Pipeline Natural Gas,Operating,2 (567)
OK,2956,3,34.9678,-96.7242,Pipeline Natural Gas,Operating,3 (567)
OK,2963,3301A,36.4317,-95.7008,Pipeline Natural Gas,Operating,"1 (170), 1A (178.5)"
OK,2963,3301B,36.4317,-95.7008,Pipeline Natural Gas,Operating,"1 (170), 1B (178.5)"
OK,2963,3302,36.4317,-95.7008,Pipeline Natural Gas,Operating,2 (441.8)
OK,2963,3313,36.4317,-95.7008,Coal,Operating,3 (441.2)
OK,2964,8002,35.1009,-98.3524,Pipeline Natural Gas,Operating,2 (80.3)
OK,2964,8003,35.1009,-98.3524,Pipeline Natural Gas,Operating,3 (332)
OK,2964,8004,35.1009,-98.3524,Pipeline Natural Gas,Operating,4 (89)
OK,2964,8005,35.1009,-98.3524,Pipeline Natural Gas,Operating,5 (89)
OK,2964,801N,35.1009,-98.3524,Pipeline Natural Gas,Operating,1 (84)
OK,2964,801S,35.1009,-98.3524,Pipeline Natural Gas,Operating,1 (84)
OK,2965,1402,36.1125,-95.9917,Pipeline Natural Gas,Operating,2 (170)
OK,2965,1404,36.1125,-95.9917,Pipeline Natural Gas,Operating,4 (170)
OK,2966,4,35.3233,-96.1352,Pipeline Natural Gas,Operating,4 (60.8)
OK,2966,5,35.3233,-96.1352,Pipeline Natural Gas,Operating,5 (60.8)
OK,3006,10,35.0847,-98.23,Pipeline Natural Gas,Operating,10 (45)
OK,3006,11,35.0847,-98.23,Pipeline Natural Gas,Operating,11 (45)
OK,3006,3,35.0847,-98.23,Pipeline Natural Gas,Operating,3 (44)
OK,3006,4,35.0847,-98.23,Pipeline Natural Gas,Operating,4 (105.1)
OK,3006,5,35.0847,-98.23,Pipeline Natural Gas,Operating,5 (105.1)
OK,3006,6,35.0847,-98.23,Pipeline Natural Gas,Operating,6 (105.1)
OK,3006,7,35.0847,-98.23,Pipeline Natural Gas,Operating,7 (45)
OK,3006,8,35.0847,-98.23,Pipeline Natural Gas,Operating,8 (45)
OK,3006,9,35.0847,-98.23,Pipeline Natural Gas,Operating,9 (45)
OK,3008,1,36.4375,-99.2208,Pipeline Natural Gas,Operating,1 (44)
OK,3008,2,36.4375,-99.2208,Pipeline Natural Gas,Operating,2 (125)
OK,3008,3,36.4375,-99.2208,Pipeline Natural Gas,Operating,3 (135)
PA,3096,1A,40.4638,-80.044,Diesel Oil,Operating,1A (24.3)
PA,3096,2A,40.4638,-80.044,Pipeline Natural Gas,Operating,"2A (65.3), ST4 (136.9)"
PA,3096,2B,40.4638,-80.044,Pipeline Natural Gas,Operating,"ST4 (136.9), 2B (65.3)"
PA,3096,3,40.4638,-80.044,Pipeline Natural Gas,Operating,"ST4 (136.9), 3 (65.3)"
PA,3111,031,40.1219,-77.1761,Diesel Oil,Operating,1 (26.6)
PA,3111,032,40.1219,-77.1761,Diesel Oil,Operating,2 (26.6)
PA,3113,5,40.91,-75.0789,Pipeline Natural Gas,Operating,5 (156)
PA,3116,031,39.7636,-76.6345,Diesel Oil,Operating,1 (26.6)
PA,3116,032,39.7636,-76.6345,Diesel Oil,Operating,2 (26.6)
PA,3118,1,40.3842,-79.0611,Coal,Operating,1 (936)
PA,3118,2,40.3842,-79.0611,Coal,Operating,2 (936)
PA,3130,1,40.4081,-79.0339,Coal Refuse,Operating,FB1 (585)
PA,3130,2,40.4081,-79.0339,Coal Refuse,Operating,FB1 (585)
PA,3131,1,41.067,-78.3656,Pipeline Natural Gas,Operating,1 (125)
PA,3131,2,41.067,-78.3656,Pipeline Natural Gas,Operating,2 (125)
PA,3131,3,41.067,-78.3656,Pipeline Natural Gas,Operating,3 (187.5)
PA,3131,4,41.067,-78.3656,Pipeline Natural Gas,Operating,4 (187.5)
PA,3132,005,41.8358,-79.19,Pipeline Natural Gas,Operating,3 (53)
PA,3136,1,40.6604,-79.3411,Coal,Operating,1 (936)
PA,3136,2,40.6604,-79.3411,Coal,Operating,2 (936)
PA,3138,3,40.9378,-80.3681,Pipeline Natural Gas,Operating,3 (97.8)
PA,3138,4,40.9378,-80.3681,Pipeline Natural Gas,Operating,4 (113.6)
PA,3138,5,40.9378,-80.3681,Pipeline Natural Gas,Operating,5 (136)
PA,3140,1,40.097,-76.6962,Coal,Operating,1 (363.3)
PA,3140,2,40.097,-76.6962,Coal,Operating,2 (405)
PA,3140,3,40.097,-76.6962,Coal,Operating,3 (790.4)
PA,3148,3,40.796,-75.107,"Natural Gas, Residual Oil",Operating,3 (850.5)
PA,3148,4,40.796,-75.107,"Natural Gas, Residual Oil",Operating,4 (850.5)
PA,3149,1,41.0714,-76.6672,"Coal, Natural Gas",Operating,1 (805.5)
PA,3149,2,41.0714,-76.6672,"Coal, Natural Gas",Operating,2 (819)
PA,3161,3,39.858,-75.323,Pipeline Natural Gas,Operating,3 (395)
PA,3161,4,39.858,-75.323,Pipeline Natural Gas,Operating,4 (395)
PA,3168,91,39.9853,-75.0733,Diesel Oil,Operating,91 (50)
PA,3168,92,39.9853,-75.0733,Diesel Oil,Operating,92 (50)
PA,3176,CT5,41.2033,-76.0683,Pipeline Natural Gas,Operating,"5 (50), 3 (50)"
PA,3176,CT6,41.2033,-76.0683,Pipeline Natural Gas,Operating,"3 (50), 6 (50)"
RI,3236,10,41.8167,-71.4042,Pipeline Natural Gas,Operating,"GE10 (48), G10A (125)"
RI,3236,11,41.8167,-71.4042,Pipeline Natural Gas,Operating,"G11A (125), GE11 (46)"
RI,3236,9,41.8167,-71.4042,Pipeline Natural Gas,Operating,"GE9A (125), GEN9 (46)"
SC,3250,12,34.4185,-80.1657,Pipeline Natural Gas,Operating,12 (158)
SC,3250,13,34.4185,-80.1657,Pipeline Natural Gas,Operating,13 (158)
SC,3264,11,34.6022,-82.435,Pipeline Natural Gas,Operating,"CT11 (243), ST10 (362)"
SC,3264,12,34.6022,-82.435,Pipeline Natural Gas,Operating,"ST10 (362), CT12 (243)"
SC,3264,7C,34.6022,-82.435,Pipeline Natural Gas,Operating,7 (41)
SC,3264,8C,34.6022,-82.435,Pipeline Natural Gas,Operating,8 (41)
SC,3285,HAG4,32.8265,-79.9634,Pipeline Natural Gas,Operating,4 (122)
SC,3287,MCM1,34.0533,-81.2178,Pipeline Natural Gas,Operating,1 (130.6)
SC,3287,MCM2,34.0533,-81.2178,Pipeline Natural Gas,Operating,2 (130.6)
SC,3295,URQ3,33.435,-81.9111,Pipeline Natural Gas,Operating,3 (100)
SC,3295,URQ4,33.435,-81.9111,Pipeline Natural Gas,Operating,GT4 (58.9)
SC,3295,URQ5,33.435,-81.9111,Pipeline Natural Gas,Operating,"CT1 (198.9), 1 (75), 2 (75)"
SC,3295,URQ6,33.435,-81.9111,Pipeline Natural Gas,Operating,"1 (75), 2 (75), CT2 (198.9)"
SC,3297,WAT1,33.8264,-80.6218,Coal,Operating,1 (385.9)
SC,3297,WAT2,33.8264,-80.6218,Coal,Operating,2 (385.9)
SC,3298,WIL1,33.0163,-79.9285,Coal,Operating,ST1 (632.7)
SC,3318,CT1,32.2089,-80.6994,Diesel Oil,Operating,1 (26.6)
SC,3318,CT2,32.2089,-80.6994,Diesel Oil,Operating,2 (26.6)
SC,3318,CT3,32.2089,-80.6994,Diesel Oil,Operating,3 (64.7)
SC,3320,CT3,33.7089,-78.9233,Diesel Oil,Operating,3 (26.6)
SC,3320,CT4,33.7089,-78.9233,Diesel Oil,Operating,4 (26.6)
SC,3320,CT5,33.7089,-78.9233,Diesel Oil,Operating,5 (35.3)
SD,3338,2A,45.4287,-98.4932,Pipeline Natural Gas,Operating,2 (60)
SD,3338,2B,45.4287,-98.4932,Pipeline Natural Gas,Operating,2 (60)
SD,3344,**2A,44.3696,-98.17,Pipeline Natural Gas,Retired,2A (42.9)
SD,3344,**2B,44.3696,-98.17,Pipeline Natural Gas,Retired,2A (42.9)
TN,3393,ACC1,35.0742,-90.1439,Pipeline Natural Gas,Operating,"CTG1 (330), STG1 (470)"
TN,3393,ACC2,35.0742,-90.1439,Pipeline Natural Gas,Operating,"CTG2 (330), STG1 (470)"
TN,3393,ACT17,35.0742,-90.1439,Pipeline Natural Gas,Operating,G17 (59.6)
TN,3393,ACT18,35.0742,-90.1439,Pipeline Natural Gas,Operating,G18 (59.6)
TN,3393,ACT19,35.0742,-90.1439,Pipeline Natural Gas,Operating,G19 (59.6)
TN,3393,ACT20,35.0742,-90.1439,Pipeline Natural Gas,Operating,G20 (59.6)
TN,3399,1,36.3903,-87.6539,Coal,Operating,1 (1300)
TN,3399,2,36.3903,-87.6539,Coal,Operating,2 (1300)
TN,3399,A1,36.3903,-87.6539,Diesel Oil,Operating,
TN,3399,B1,36.3903,-87.6539,Diesel Oil,Operating,
TN,3403,1,36.3156,-86.4006,Coal,Operating,1 (300)
TN,3403,2,36.3156,-86.4006,Coal,Operating,2 (300)
TN,3403,3,36.3156,-86.4006,Coal,Operating,3 (327.6)
TN,3403,4,36.3156,-86.4006,Coal,Operating,4 (327.6)
TN,3403,GCT1,36.3156,-86.4006,Pipeline Natural Gas,Operating,GT1 (81.3)
TN,3403,GCT2,36.3156,-86.4006,Pipeline Natural Gas,Operating,GT2 (81.3)
TN,3403,GCT3,36.3156,-86.4006,Pipeline Natural Gas,Operating,GT3 (81.3)
TN,3403,GCT4,36.3156,-86.4006,Pipeline Natural Gas,Operating,GT4 (81.3)
TN,3403,GCT5,36.3156,-86.4006,Pipeline Natural Gas,Operating,GT5 (84.5)
TN,3403,GCT6,36.3156,-86.4006,Pipeline Natural Gas,Operating,GT6 (84.5)
TN,3403,GCT7,36.3156,-86.4006,Pipeline Natural Gas,Operating,GT7 (84.5)
TN,3403,GCT8,36.3156,-86.4006,Pipeline Natural Gas,Operating,GT8 (84.5)
TN,3405,JCC1,36.3767,-82.9639,Pipeline Natural Gas,Operating,"CTG1 (179.4), STG1 (414)"
TN,3405,JCC2,36.3767,-82.9639,Pipeline Natural Gas,Operating,"CTG2 (179.4), STG1 (414)"
TN,3405,JCC3,36.3767,-82.9639,Pipeline Natural Gas,Operating,"STG1 (414), CTG3 (179.4)"
TN,3406,AUX1,36.0278,-87.9861,Pipeline Natural Gas,Operating,
TN,3406,AUX2,36.0278,-87.9861,Pipeline Natural Gas,Operating,
TN,3406,JCT1,36.0278,-87.9861,Pipeline Natural Gas,Operating,GT1 (68)
TN,3406,JCT10,36.0278,-87.9861,Pipeline Natural Gas,Operating,G10 (68)
TN,3406,JCT11,36.0278,-87.9861,Pipeline Natural Gas,Operating,G11 (68)
TN,3406,JCT12,36.0278,-87.9861,Pipeline Natural Gas,Operating,G12 (68)
TN,3406,JCT13,36.0278,-87.9861,Pipeline Natural Gas,Operating,G13 (68)
TN,3406,JCT14,36.0278,-87.9861,Pipeline Natural Gas,Operating,G14 (68)
TN,3406,JCT15,36.0278,-87.9861,Pipeline Natural Gas,Operating,G15 (68)
TN,3406,JCT16,36.0278,-87.9861,Pipeline Natural Gas,Operating,G16 (68)
TN,3406,JCT17,36.0278,-87.9861,Pipeline Natural Gas,Operating,G17 (84.5)
TN,3406,JCT18,36.0278,-87.9861,Pipeline Natural Gas,Operating,G18 (84.5)
TN,3406,JCT19,36.0278,-87.9861,Pipeline Natural Gas,Operating,G19 (84.5)
TN,3406,JCT2,36.0278,-87.9861,Pipeline Natural Gas,Operating,GT2 (68)
TN,3406,JCT20,36.0278,-87.9861,Pipeline Natural Gas,Operating,G20 (84.5)
TN,3406,JCT3,36.0278,-87.9861,Pipeline Natural Gas,Operating,GT3 (68)
TN,3406,JCT4,36.0278,-87.9861,Pipeline Natural Gas,Operating,GT4 (68)
TN,3406,JCT5,36.0278,-87.9861,Pipeline Natural Gas,Operating,GT5 (68)
TN,3406,JCT6,36.0278,-87.9861,Pipeline Natural Gas,Operating,GT6 (68)
TN,3406,JCT7,36.0278,-87.9861,Pipeline Natural Gas,Operating,GT7 (68)
TN,3406,JCT8,36.0278,-87.9861,Pipeline Natural Gas,Operating,GT8 (68)
TN,3406,JCT9,36.0278,-87.9861,Pipeline Natural Gas,Operating,GT9 (68)
TN,3407,1,35.8992,-84.5194,Coal,Operating,1 (175)
TN,3407,2,35.8992,-84.5194,Coal,Operating,2 (175)
TN,3407,3,35.8992,-84.5194,Coal,Operating,3 (175)
TN,3407,4,35.8992,-84.5194,Coal,Operating,4 (175)
TN,3407,5,35.8992,-84.5194,Coal,Operating,5 (200)
TN,3407,6,35.8992,-84.5194,Coal,Operating,6 (200)
TN,3407,7,35.8992,-84.5194,Coal,Operating,7 (200)
TN,3407,8,35.8992,-84.5194,Coal,Operating,8 (200)
TN,3407,9,35.8992,-84.5194,Coal,Operating,9 (200)
TX,3439,4,27.5667,-99.5083,Pipeline Natural Gas,Operating,4 (100)
TX,3439,5,27.5667,-99.5083,Pipeline Natural Gas,Operating,5 (100)
TX,3441,8,27.8182,-97.4189,Pipeline Natural Gas,Operating,"7 (351), 8 (172)"
TX,3441,9,27.8182,-97.4189,Pipeline Natural Gas,Operating,"7 (351), 9 (172)"
TX,3443,9,28.7883,-97.01,Pipeline Natural Gas,Operating,"5 (160), 7 (196.9)"
TX,3452,1,32.8364,-96.5464,Pipeline Natural Gas,Operating,1 (396.5)
TX,3452,2,32.8364,-96.5464,Pipeline Natural Gas,Operating,2 (531)
TX,3453,6,32.7253,-96.9361,Pipeline Natural Gas,Operating,6 (136)
TX,3453,7,32.7253,-96.9361,Pipeline Natural Gas,Operating,7 (136)
TX,3453,8,32.7253,-96.9361,Pipeline Natural Gas,Operating,8 (581)
TX,3456,1,31.9858,-106.4322,Pipeline Natural Gas,Operating,1 (81.6)
TX,3456,2,31.9858,-106.4322,Pipeline Natural Gas,Operating,2 (81.6)
TX,3456,3,31.9858,-106.4322,Pipeline Natural Gas,Operating,3 (115.2)
TX,3456,**4,31.9858,-106.4322,Pipeline Natural Gas,Operating,"4 (120), CT1 (85)"
TX,3456,**5,31.9858,-106.4322,Pipeline Natural Gas,Operating,"CT2 (85), 4 (120)"
TX,3456,GT-6A,31.9858,-106.4322,Pipeline Natural Gas,Operating,"5CA1 (165), 5CT1 (86.5)"
TX,3456,GT-6B,31.9858,-106.4322,Pipeline Natural Gas,Operating,"5CT2 (86.5), 5CA1 (165)"
TX,3456,SC-7,31.9858,-106.4322,Pipeline Natural Gas,Operating,6 (227.8)
TX,3457,1,30.4364,-95.5215,Pipeline Natural Gas,Operating,1 (271.4)
TX,3457,2,30.4364,-95.5215,Pipeline Natural Gas,Operating,2 (271.4)
TX,3459,1,30.0242,-93.875,Pipeline Natural Gas,Operating,1 (239.4)
TX,3459,3,30.0242,-93.875,Pipeline Natural Gas,Operating,3 (473.4)
TX,3459,4,30.0242,-93.875,Pipeline Natural Gas,Operating,4 (591.6)
TX,3459,5,30.0242,-93.875,Pipeline Natural Gas,Operating,5 (507.4)
TX,3460,CBY1,29.7483,-94.9272,Pipeline Natural Gas,Operating,1 (765)
TX,3460,CBY2,29.7483,-94.9272,Pipeline Natural Gas,Operating,2 (765)
TX,3464,GBY73,29.8208,-95.2194,Pipeline Natural Gas,Operating,73 (72)
TX,3464,GBY74,29.8208,-95.2194,Pipeline Natural Gas,Operating,74 (72)
TX,3464,GBY81,29.8208,-95.2194,Pipeline Natural Gas,Operating,81 (72)
TX,3464,GBY82,29.8208,-95.2194,Pipeline Natural Gas,Operating,82 (72)
TX,3464,GBY83,29.8208,-95.2194,Pipeline Natural Gas,Operating,83 (72)
TX,3464,GBY84,29.8208,-95.2194,Pipeline Natural Gas,Operating,84 (72)
TX,3469,THW31,29.9414,-95.5333,Pipeline Natural Gas,Operating,"31 (51.3), 3 (113.1)"
TX,3469,THW32,29.9414,-95.5333,Pipeline Natural Gas,Operating,"32 (51.3), 3 (113.1)"
TX,3469,THW33,29.9414,-95.5333,Pipeline Natural Gas,Operating,"33 (51.3), 3 (113.1)"
TX,3469,THW34,29.9414,-95.5333,Pipeline Natural Gas,Operating,"3 (113.1), 34 (51.3)"
TX,3469,THW41,29.9414,-95.5333,Pipeline Natural Gas,Operating,"4 (113.1), 41 (51.3)"
TX,3469,THW42,29.9414,-95.5333,Pipeline Natural Gas,Operating,"42 (51.3), 4 (113.1)"
TX,3469,THW43,29.9414,-95.5333,Pipeline Natural Gas,Operating,"4 (113.1), 43 (56.7)"
TX,3469,THW44,29.9414,-95.5333,Pipeline Natural Gas,Operating,"4 (113.1), 44 (56.7)"
TX,3469,THW51,29.9414,-95.5333,Pipeline Natural Gas,Operating,51 (85)
TX,3469,THW52,29.9414,-95.5333,Pipeline Natural Gas,Operating,52 (85)
TX,3469,THW53,29.9414,-95.5333,Pipeline Natural Gas,Operating,53 (85)
TX,3469,THW54,29.9414,-95.5333,Pipeline Natural Gas,Operating,54 (85)
TX,3469,THW55,29.9414,-95.5333,Pipeline Natural Gas,Operating,55 (85)
TX,3469,THW56,29.9414,-95.5333,Pipeline Natural Gas,Operating,56 (85)
TX,3470,WAP1,29.4783,-95.6358,Pipeline Natural Gas,Operating,1 (187.9)
TX,3470,WAP2,29.4783,-95.6358,Pipeline Natural Gas,Operating,2 (187.9)
TX,3470,WAP3,29.4783,-95.6358,Pipeline Natural Gas,Operating,3 (299.2)
TX,3470,WAP4,29.4783,-95.6358,Pipeline Natural Gas,Operating,4 (580.5)
TX,3470,WAP5,29.4783,-95.6358,Coal,Operating,5 (734.1)
TX,3470,WAP6,29.4783,-95.6358,Coal,Operating,6 (734.1)
TX,3470,WAP7,29.4783,-95.6358,Coal,Operating,7 (614.6)
TX,3470,WAP8,29.4783,-95.6358,Coal,Operating,8 (614.6)
TX,3476,5,32.3766,-94.6415,Pipeline Natural Gas,Operating,5 (323.7)
TX,3478,1,32.8486,-94.5469,Pipeline Natural Gas,Operating,1 (179.5)
TX,3478,2,32.8486,-94.5469,Pipeline Natural Gas,Operating,2 (351)
TX,3478,3,32.8486,-94.5469,Pipeline Natural Gas,Operating,3 (351)
TX,3482,151B,33.5239,-101.7392,Pipeline Natural Gas,Operating,1 (248)
TX,3482,152B,33.5239,-101.7392,Pipeline Natural Gas,Operating,2 (248)
TX,3482,153T,33.5239,-101.7392,Pipeline Natural Gas,Operating,3 (203)
TX,3482,154T,33.5239,-101.7392,Pipeline Natural Gas,Operating,4 (203)
TX,3484,141B,35.2825,-101.7458,Pipeline Natural Gas,Operating,1 (114)
TX,3484,142B,35.2825,-101.7458,Pipeline Natural Gas,Operating,2 (114)
TX,3484,143B,35.2825,-101.7458,Pipeline Natural Gas,Operating,3 (248)
TX,3485,111B,34.1661,-102.4114,Pipeline Natural Gas,Operating,1 (48)
TX,3485,112B,34.1661,-102.4114,Pipeline Natural Gas,Operating,2 (98)
TX,3485,114B,34.1661,-102.4114,Pipeline Natural Gas,Operating,4 (190.4)
TX,3490,1,33.135,-98.6117,Pipeline Natural Gas,Operating,1 (247.8)
TX,3490,2,33.135,-98.6117,Pipeline Natural Gas,Operating,2 (387)
TX,3491,3,32.7278,-97.2186,Pipeline Natural Gas,Operating,3 (405)
TX,3491,4,32.7278,-97.2186,Pipeline Natural Gas,Operating,4 (455)
TX,3491,5,32.7278,-97.2186,Pipeline Natural Gas,Operating,5 (455)
TX,3492,CT1,32.3358,-100.9158,Pipeline Natural Gas,Operating,CT1 (81)
TX,3492,CT2,32.3358,-100.9158,Pipeline Natural Gas,Operating,CT2 (81)
TX,3492,CT3,32.3358,-100.9158,Pipeline Natural Gas,Operating,CT3 (81)
TX,3492,CT4,32.3358,-100.9158,Pipeline Natural Gas,Operating,CT4 (81)
TX,3492,CT5,32.3358,-100.9158,Pipeline Natural Gas,Operating,CT5 (81)
TX,3492,CT6,32.3358,-100.9158,Pipeline Natural Gas,Operating,CT6 (81)
TX,3494,CT1,31.5839,-102.9636,Pipeline Natural Gas,Operating,CT1 (81)
TX,3494,CT2,31.5839,-102.9636,Pipeline Natural Gas,Operating,CT2 (81)
TX,3494,CT3,31.5839,-102.9636,Pipeline Natural Gas,Operating,CT3 (81)
TX,3494,CT4,31.5839,-102.9636,Pipeline Natural Gas,Operating,CT4 (81)
TX,3494,CT5,31.5839,-102.9636,Pipeline Natural Gas,Operating,CT5 (81)
TX,3504,1,31.9381,-94.9883,Pipeline Natural Gas,Operating,ST1 (176.8)
TX,3504,2,31.9381,-94.9883,Pipeline Natural Gas,Operating,ST2 (526.7)
TX,3507,9,32.1264,-96.1014,Pipeline Natural Gas,Operating,6 (239.4)
TX,3548,GT-1A,30.3036,-97.6128,Pipeline Natural Gas,Operating,GT1 (51.6)
TX,3548,GT-1B,30.3036,-97.6128,Pipeline Natural Gas,Operating,GT1 (51.6)
TX,3548,GT-2A,30.3036,-97.6128,Pipeline Natural Gas,Operating,GT2 (51.6)
TX,3548,GT-2B,30.3036,-97.6128,Pipeline Natural Gas,Operating,GT2 (51.6)
TX,3548,GT-3A,30.3036,-97.6128,Pipeline Natural Gas,Operating,GT3 (51.6)
TX,3548,GT-3B,30.3036,-97.6128,Pipeline Natural Gas,Operating,GT3 (51.6)
TX,3548,GT-4A,30.3036,-97.6128,Pipeline Natural Gas,Operating,GT4 (51.6)
TX,3548,GT-4B,30.3036,-97.6128,Pipeline Natural Gas,Operating,GT4 (51.6)
TX,3559,10,25.9131,-97.5214,Pipeline Natural Gas,Operating,10 (51)
TX,3559,9,25.9131,-97.5214,Pipeline Natural Gas,Operating,"9 (51), 6 (22)"
TX,3576,BW2,33.0667,-96.4519,Pipeline Natural Gas,Operating,2 (113)
TX,3576,BW3,33.0667,-96.4519,Pipeline Natural Gas,Operating,3 (156)
TX,3576,CE1,33.0667,-96.4519,Pipeline Natural Gas,Operating,1 (75)
TX,3576,GE4,33.0667,-96.4519,Pipeline Natural Gas,Operating,4 (83)
TX,3601,1,30.1456,-97.2708,Pipeline Natural Gas,Operating,1 (144)
TX,3601,2,30.1456,-97.2708,Pipeline Natural Gas,Operating,2 (144)
TX,3601,3,30.1456,-97.2708,Pipeline Natural Gas,Operating,3 (351)
TX,3604,GT1,33.6039,-101.8408,Pipeline Natural Gas,Retired,"8 (40), 7 (22)"
TX,3609,CGT1,29.3511,-98.5753,Pipeline Natural Gas,Operating,CGT1 (57)
TX,3609,CGT2,29.3511,-98.5753,Pipeline Natural Gas,Operating,CGT2 (57)
TX,3609,CGT3,29.3511,-98.5753,Pipeline Natural Gas,Operating,CGT3 (57)
TX,3609,CGT4,29.3511,-98.5753,Pipeline Natural Gas,Operating,CGT4 (57)
TX,3611,1,29.3078,-98.3244,Pipeline Natural Gas,Operating,1 (446)
TX,3611,2,29.3078,-98.3244,Pipeline Natural Gas,Operating,2 (446)
TX,3612,1,29.2575,-98.3828,Pipeline Natural Gas,Operating,1 (225)
TX,3612,2,29.2575,-98.3828,Pipeline Natural Gas,Operating,2 (252)
TX,3612,3,29.2575,-98.3828,Pipeline Natural Gas,Operating,3 (417)
TX,3612,CGT5,29.2575,-98.3828,Pipeline Natural Gas,Operating,5 (61)
TX,3612,CGT6,29.2575,-98.3828,Pipeline Natural Gas,Operating,6 (61)
TX,3612,CGT7,29.2575,-98.3828,Pipeline Natural Gas,Operating,7 (61)
TX,3612,CGT8,29.2575,-98.3828,Pipeline Natural Gas,Operating,8 (61)
TX,3612,CT01,29.2575,-98.3828,Pipeline Natural Gas,Operating,"CT01 (175), ST012 (200)"
TX,3612,CT02,29.2575,-98.3828,Pipeline Natural Gas,Operating,"CT02 (175), ST012 (200)"
TX,3628,1,32.6581,-98.3103,Pipeline Natural Gas,Operating,1 (66)
TX,3628,2,32.6581,-98.3103,Pipeline Natural Gas,Operating,2 (100)
TX,3628,3,32.6581,-98.3103,Pipeline Natural Gas,Operating,3 (200)
TX,3628,**4,32.6581,-98.3103,Pipeline Natural Gas,Operating,4 (100)
TX,3628,**5,32.6581,-98.3103,Pipeline Natural Gas,Operating,5 (100)
TX,3631,CT7,28.8947,-97.1347,Pipeline Natural Gas,Operating,"7 (49.2), 10 (42)"
TX,3631,CT8,28.8947,-97.1347,Pipeline Natural Gas,Operating,"8 (49.2), 10 (42)"
TX,3631,CT9,28.8947,-97.1347,Pipeline Natural Gas,Operating,"10 (42), 9 (49.2)"
UT,3648,1,40.7686,-111.9289,Pipeline Natural Gas,Operating,1 (69)
UT,3648,2,40.7686,-111.9289,Pipeline Natural Gas,Operating,2 (69)
UT,3648,3,40.7686,-111.9289,Pipeline Natural Gas,Operating,3 (113.6)
UT,3648,4,40.7686,-111.9289,Pipeline Natural Gas,Operating,4 (40)
UT,3648,5,40.7686,-111.9289,Pipeline Natural Gas,Operating,5 (40)
UT,3648,6,40.7686,-111.9289,Pipeline Natural Gas,Operating,6 (40)
VT,3734,A,44.2498,-72.6035,Diesel Oil,Operating,GT1 (41.8)
VT,3734,B,44.2498,-72.6035,Diesel Oil,Operating,GT1 (41.8)
VT,3754,CT1,44.4817,-73.2241,Diesel Oil,Operating,GT1 (25.5)
VT,3754,CT2,44.4817,-73.2241,Diesel Oil,Operating,GT1 (25.5)
VA,3775,1,36.9333,-82.1997,Natural Gas,Operating,1 (237.5)
VA,3775,2,36.9333,-82.1997,Natural Gas,Operating,2 (237.5)
VA,3785,TA10,37.7061,-75.7031,Diesel Oil,Operating,TAS (33)
VA,3797,7,37.3822,-77.3833,Pipeline Natural Gas,Operating,"CW7 (74.4), CT7 (145)"
VA,3797,**8A,37.3822,-77.3833,Pipeline Natural Gas,Operating,"CT8 (148), CW8 (79.2)"
VA,3804,6A,38.5367,-77.2806,Pipeline Natural Gas,Operating,"6A (174), 6ST (265)"
VA,3804,6B,38.5367,-77.2806,Pipeline Natural Gas,Operating,"6ST (265), 6B (174)"
WA,3845,BW22,46.7559,-122.8578,Coal,Operating,2 (730)
WV,3935,1,38.4731,-81.8233,Coal,Operating,1 (816.3)
WV,3935,2,38.4731,-81.8233,Coal,Operating,2 (816.3)
WV,3935,3,38.4731,-81.8233,Coal,Operating,3 (1300)
WV,3935,AUX1,38.4731,-81.8233,Diesel Oil,Operating,
WV,3935,AUX3,38.4731,-81.8233,Diesel Oil,Operating,
WV,3943,1,39.7107,-79.9275,Coal,Operating,1 (576)
WV,3943,2,39.7107,-79.9275,Coal,Operating,2 (576)
WV,3944,1,39.3844,-80.3325,Coal,Operating,1 (684)
WV,3944,2,39.3844,-80.3325,Coal,Operating,2 (684)
WV,3944,3,39.3844,-80.3325,Coal,Operating,3 (684)
WV,3946,1,39.3672,-81.3006,Coal,Long-term Cold Storage,1 (50)
WV,3946,2,39.3672,-81.3006,Coal,Long-term Cold Storage,2 (163.2)
WV,3948,1,39.8297,-80.8153,Coal,Operating,1 (816.3)
WV,3948,2,39.8297,-80.8153,Coal,Operating,2 (816.3)
WV,3948,AUX1,39.8297,-80.8153,Diesel Oil,Operating,
WV,3954,1,39.2014,-79.2667,Coal,Operating,1 (570.2)
WV,3954,2,39.2014,-79.2667,Coal,Operating,2 (570.2)
WV,3954,3,39.2014,-79.2667,Coal,Operating,3 (522)
WI,3982,1,46.5869,-90.9017,Wood,Operating,"5 (20), 4 (20), 6 (28)"
WI,3982,2,46.5869,-90.9017,Wood,Operating,"4 (20), 6 (28), 5 (20)"
WI,3991,1,43.0149,-89.4603,Pipeline Natural Gas,Operating,1 (26.6)
WI,3991,2,43.0149,-89.4603,Pipeline Natural Gas,Operating,2 (26.6)
WI,3992,8,43.0792,-89.3739,Natural Gas,Operating,6 (50)
WI,3992,9,43.0792,-89.3739,Natural Gas,Operating,7 (50)
WI,4005,3,43.8298,-91.26,Diesel Oil,Operating,3 (78.8)
WI,4005,4,43.8298,-91.26,Diesel Oil,Operating,4 (78.8)
WI,4014,1,44.8864,-91.5158,Pipeline Natural Gas,Operating,1 (72)
WI,4014,2,44.8864,-91.5158,Pipeline Natural Gas,Operating,2 (72)
WI,4014,3,44.8864,-91.5158,Pipeline Natural Gas,Operating,3 (72)
WI,4014,4,44.8864,-91.5158,Pipeline Natural Gas,Operating,4 (72)
WI,4014,5,44.8864,-91.5158,Diesel Oil,Operating (Retired 01/29/2024),5 (81)
WI,4014,6,44.8864,-91.5158,Diesel Oil,Operating (Retired 01/29/2024),6 (81)
WI,4040,11,43.3842,-87.8689,Pipeline Natural Gas,Operating,"ST1 (269), 1CT1 (167)"
WI,4040,12,43.3842,-87.8689,Pipeline Natural Gas,Operating,"1CT2 (167), ST1 (269)"
WI,4040,21,43.3842,-87.8689,Pipeline Natural Gas,Operating,"ST2 (269), 2CT1 (155)"
WI,4040,22,43.3842,-87.8689,Pipeline Natural Gas,Operating,"ST2 (269), 2CT2 (155)"
WI,4041,5,42.8457,-87.8294,Coal,Operating (Retired 05/31/2024),5 (275)
WI,4041,6,42.8457,-87.8294,Coal,Operating (Retired 05/31/2024),6 (275)
WI,4041,7,42.8457,-87.8294,Coal,Operating,7 (317.6)
WI,4041,8,42.8457,-87.8294,Coal,Operating,8 (324)
WI,4042,1,43.0303,-87.9233,Pipeline Natural Gas,Operating,1 (136)
WI,4042,2,43.0303,-87.9233,Pipeline Natural Gas,Operating,1 (136)
WI,4042,3,43.0303,-87.9233,Pipeline Natural Gas,Operating,2 (136)
WI,4042,4,43.0303,-87.9233,Pipeline Natural Gas,Operating,2 (136)
WI,4050,5,43.715,-87.7094,Coal,Operating,5 (380)
WI,4072,32,44.5397,-88.0083,Pipeline Natural Gas,Operating,31 (91)
WI,4076,31A,45.0869,-87.6881,Pipeline Natural Gas,Operating,31 (41.9)
WI,4076,31B,45.0869,-87.6881,Pipeline Natural Gas,Operating,31 (41.9)
WI,4076,32A,45.0869,-87.6881,Pipeline Natural Gas,Operating,32 (41.9)
WI,4076,32B,45.0869,-87.6881,Pipeline Natural Gas,Operating,32 (41.9)
WI,4076,**33,45.0869,-87.6881,Pipeline Natural Gas,Operating,33 (83.5)
WI,4076,**34,45.0869,-87.6881,Pipeline Natural Gas,Operating,34 (90)
WI,4078,3,44.8606,-89.6553,Coal,Operating,3 (321.6)
WI,4078,4,44.8606,-89.6553,Coal,Operating,4 (595)
WI,4125,8,44.082,-87.6558,Petroleum Coke,Operating,"6 (32), 5 (22), 4 (10)"
WI,4125,9,44.082,-87.6558,Petroleum Coke,Operating,9 (63.4)
WY,4158,BW41,42.8378,-105.7769,Coal,Operating,1 (106)
WY,4158,BW42,42.8378,-105.7769,Coal,Operating,2 (106)
WY,4158,BW43,42.8378,-105.7769,Coal,Operating,3 (220)
WY,4158,BW44,42.8378,-105.7769,Coal,Operating,4 (330)
WY,4162,1,41.7572,-110.5986,Coal,Operating,1 (160)
WY,4162,2,41.7572,-110.5986,Coal,Operating,2 (210)
WY,4162,3,41.7572,-110.5986,Pipeline Natural Gas,Operating,3 (330)
TX,4195,2,33.1707,-96.1264,Pipeline Natural Gas,Operating,ST2 (25)
TX,4195,3,33.1707,-96.1264,Pipeline Natural Gas,Operating,ST3 (43.2)
TX,4266,4,33.1978,-97.1067,Pipeline Natural Gas,Operating,4 (61)
TX,4266,5,33.1978,-97.1067,Pipeline Natural Gas,Operating,5 (65)
WI,4271,B1,44.3026,-91.9126,Coal,Operating,1 (387)
TX,4937,CT-1,30.558,-98.3705,Pipeline Natural Gas,Operating,"CT-1 (185.3), STG (204)"
TX,4937,CT-2,30.558,-98.3705,Pipeline Natural Gas,Operating,"STG (204), CT-2 (185.3)"
TX,4939,1,27.6067,-97.3119,Pipeline Natural Gas,Operating,1 (352)
TX,4939,3,27.6067,-97.3119,Pipeline Natural Gas,Operating,"2 (351), 3 (172)"
TX,4939,4,27.6067,-97.3119,Pipeline Natural Gas,Operating,"4 (172), 2 (351)"
OK,4940,1501,35.9978,-95.9567,Pipeline Natural Gas,Operating,1 (457)
OK,4940,1502,35.9978,-95.9567,Pipeline Natural Gas,Operating,2 (460)
OK,4940,1503,35.9978,-95.9567,Pipeline Natural Gas,Operating,3 (89)
OK,4940,1504,35.9978,-95.9567,Pipeline Natural Gas,Operating,4 (89)
NJ,5083,004001,39.3757,-74.9654,Pipeline Natural Gas,Operating,CUMB (99.4)
NJ,5083,05001,39.3757,-74.9654,Pipeline Natural Gas,Operating,CUMB2 (103)
AL,6002,1,33.6319,-87.0597,Coal,Operating,1 (705.5)
AL,6002,2,33.6319,-87.0597,Coal,Operating,2 (705.5)
AL,6002,3,33.6319,-87.0597,Coal,Operating,3 (705.5)
AL,6002,4,33.6319,-87.0597,Coal,Operating,4 (705.5)
WV,6004,1,39.3668,-81.2944,Coal,Operating,1 (684)
WV,6004,2,39.3668,-81.2944,Coal,Operating,2 (684)
AR,6009,1,34.4236,-92.1392,Coal,Operating,1 (850)
AR,6009,2,34.4236,-92.1392,Coal,Operating,2 (850)
CA,6013,01,34.1775,-118.3147,Pipeline Natural Gas,Operating,O1 (44)
CA,6013,02,34.1775,-118.3147,Pipeline Natural Gas,Operating,O2 (55)
IL,6017,1,38.9361,-88.2778,Coal,Operating,1 (617.4)
KY,6018,2,38.9031,-84.8511,Coal,Operating,2 (669.3)
CO,6021,C1,40.4627,-107.5912,Coal,Operating,1 (446)
CO,6021,C2,40.4627,-107.5912,Coal,Operating,2 (446)
CO,6021,C3,40.4627,-107.5912,Coal,Operating,3 (446)
ND,6030,1,47.3761,-101.1567,Coal,Operating,1 (605)
ND,6030,2,47.3761,-101.1567,Coal,Operating,2 (605)
MI,6034,1,42.7748,-82.4945,Coal,Operating,ST1 (697.5)
MI,6034,2,42.7748,-82.4945,Coal,Operating,ST2 (697.5)
MI,6034,CTG121,42.7748,-82.4945,Pipeline Natural Gas,Operating,12-1 (85.3)
MI,6034,CTG122,42.7748,-82.4945,Pipeline Natural Gas,Operating,12-2 (85.3)
MI,6034,CTG131,42.7748,-82.4945,Pipeline Natural Gas,Operating,13-1 (85.3)
MI,6035,1,43.1056,-82.6964,Pipeline Natural Gas,Operating,1 (815.4)
MI,6035,CTG111,43.1056,-82.6964,Pipeline Natural Gas,Operating,11-1 (85.3)
MI,6035,CTG112,43.1056,-82.6964,Pipeline Natural Gas,Operating,11-2 (85.3)
MI,6035,CTG121,43.1056,-82.6964,Pipeline Natural Gas,Operating,11-3 (85.3)
KY,6041,1,38.7,-83.8175,Coal,Operating,1 (340)
KY,6041,2,38.7,-83.8175,Coal,Operating,2 (610)
KY,6041,3,38.7,-83.8175,Coal,Operating,3 (294)
KY,6041,4,38.7,-83.8175,Coal,Operating,4 (300)
FL,6042,MTCT3A,27.6058,-82.3456,Pipeline Natural Gas,Operating,"3 (471.8), A (188.2)"
FL,6042,MTCT3B,27.6058,-82.3456,Pipeline Natural Gas,Operating,"3 (471.8), B (188.2)"
FL,6042,MTCT3C,27.6058,-82.3456,Pipeline Natural Gas,Operating,"C (188.2), 3 (471.8)"
FL,6042,MTCT3D,27.6058,-82.3456,Pipeline Natural Gas,Operating,"D (188.2), 3 (471.8)"
FL,6042,PMT1,27.6058,-82.3456,Pipeline Natural Gas,Operating,1 (863.3)
FL,6042,PMT2,27.6058,-82.3456,Pipeline Natural Gas,Operating,2 (863.3)
FL,6043,HRSG3A,27.0536,-80.5628,Pipeline Natural Gas,Operating,"3GT1 (204), 3ST (204)"
FL,6043,HRSG3B,27.0536,-80.5628,Pipeline Natural Gas,Operating,"3ST (204), 3GT2 (204)"
FL,6043,HRSG4A,27.0536,-80.5628,Pipeline Natural Gas,Operating,"4ST (204), 4GT1 (204)"
FL,6043,HRSG4B,27.0536,-80.5628,Pipeline Natural Gas,Operating,"4ST (204), 4GT2 (204)"
FL,6043,PMR8A,27.0536,-80.5628,Pipeline Natural Gas,Operating,"8A (188.2), 8 (471.7)"
FL,6043,PMR8B,27.0536,-80.5628,Pipeline Natural Gas,Operating,"8B (188.2), 8 (471.7)"
FL,6043,PMR8C,27.0536,-80.5628,Pipeline Natural Gas,Operating,"8 (471.7), 8C (188.2)"
FL,6043,PMR8D,27.0536,-80.5628,Pipeline Natural Gas,Operating,"8D (188.2), 8 (471.7)"
FL,6046,**10,28.9047,-81.3319,Diesel Oil,Operating,10 (115)
FL,6046,**7,28.9047,-81.3319,Pipeline Natural Gas,Operating,7 (115)
FL,6046,**8,28.9047,-81.3319,Pipeline Natural Gas,Operating,8 (115)
FL,6046,**9,28.9047,-81.3319,Pipeline Natural Gas,Operating,9 (115)
LA,6055,2B1,30.7261,-91.3669,Coal,Operating,1 (611)
LA,6055,2B2,30.7261,-91.3669,Pipeline Natural Gas,Operating,2 (611)
LA,6055,2B3,30.7261,-91.3669,Coal,Operating,3 (611)
MN,6058,CT1,44.0322,-92.4908,Pipeline Natural Gas,Operating,1 (35)
MN,6058,CT2,44.0322,-92.4908,Pipeline Natural Gas,Operating,2 (49.9)
MN,6058,CT3,44.0322,-92.4908,Pipeline Natural Gas,Operating,2 (49.9)
MS,6061,3,31.2194,-89.3933,Pipeline Natural Gas,Operating,"STG (155), CTG (402)"
IA,6063,1,42.4407,-92.4205,Pipeline Natural Gas,Operating,1 (71.2)
IA,6063,2,42.4407,-92.4205,Pipeline Natural Gas,Operating,2 (89)
IA,6063,3,42.4407,-92.4205,Pipeline Natural Gas,Operating,3 (103.9)
KS,6064,CT4,39.1714,-94.6958,Pipeline Natural Gas,Operating,CT4 (97)
KS,6064,N1,39.1714,-94.6958,Coal,Operating,1 (261)
MO,6065,1,39.4472,-94.98,Coal,Operating,1 (725)
MO,6065,2,39.4472,-94.98,Coal,Operating,2 (914)
KS,6068,1,39.2825,-96.1153,Coal,Operating,1 (800)
KS,6068,2,39.2825,-96.1153,Coal,Operating,2 (800)
KS,6068,3,39.2825,-96.1153,Coal,Operating,3 (800)
KY,6071,1,38.5847,-85.4117,Coal,Operating,1 (566.1)
KY,6071,10,38.5847,-85.4117,Pipeline Natural Gas,Operating,10 (174)
KY,6071,2,38.5847,-85.4117,Coal,Operating,2 (750)
KY,6071,5,38.5847,-85.4117,Pipeline Natural Gas,Operating,5 (174)
KY,6071,6,38.5847,-85.4117,Pipeline Natural Gas,Operating,6 (174)
KY,6071,7,38.5847,-85.4117,Pipeline Natural Gas,Operating,7 (174)
KY,6071,8,38.5847,-85.4117,Pipeline Natural Gas,Operating,8 (174)
KY,6071,9,38.5847,-85.4117,Pipeline Natural Gas,Operating,9 (174)
MS,6073,1,30.5335,-88.5574,Coal,Operating,1 (500)
MS,6073,2,30.5335,-88.5574,Coal,Operating,2 (500)
MS,6073,3A,30.5335,-88.5574,Pipeline Natural Gas,Operating,"3 (185.5), 3ST (195.2)"
MS,6073,3B,30.5335,-88.5574,Pipeline Natural Gas,Operating,"3CT (185.5), 3ST (195.2)"
MS,6073,4A,30.5335,-88.5574,Pipeline Natural Gas,Operating,"4ST (195.2), 4 (185.5)"
MS,6073,4B,30.5335,-88.5574,Pipeline Natural Gas,Operating,"4ST (195.2), 4CT (185.5)"
MO,6074,1,38.8615,-94.2982,Pipeline Natural Gas,Operating,GEC1 (58)
MO,6074,2,38.8615,-94.2982,Pipeline Natural Gas,Operating,GEC2 (58)
MO,6074,3,38.8615,-94.2982,Pipeline Natural Gas,Operating,GEC3 (58)
MO,6074,4,38.8615,-94.2982,Pipeline Natural Gas,Operating,GEC4 (58)
MT,6076,3,45.8831,-106.614,Coal,Operating,3 (778)
MT,6076,4,45.8831,-106.614,Coal,Operating,4 (778)
NE,6077,1,41.0808,-101.1408,Coal,Operating,1 (681.3)
NE,6077,2,41.0808,-101.1408,Coal,Operating,2 (681.3)
MA,6081,001,42.1977,-72.5103,Pipeline Natural Gas,Operating,"CA1 (105), CT1 (85)"
MA,6081,002,42.1977,-72.5103,Pipeline Natural Gas,Operating,"CT2 (85), CA1 (105)"
MA,6081,003,42.1977,-72.5103,Pipeline Natural Gas,Operating,"CA1 (105), CT3 (85)"
MA,6081,004,42.1977,-72.5103,Diesel Oil,Operating,1 (85)
MA,6081,005,42.1977,-72.5103,Diesel Oil,Operating,2 (85)
IN,6085,16A,41.2175,-87.0239,Pipeline Natural Gas,Operating,16A (129)
IN,6085,16B,41.2175,-87.0239,Pipeline Natural Gas,Operating,16B (129)
IN,6085,17,41.2175,-87.0239,Coal,Operating,17 (423.5)
IN,6085,18,41.2175,-87.0239,Coal,Operating,18 (423.5)
MN,6090,1,45.3792,-93.8958,Coal,Operating,1 (660)
MN,6090,3,45.3792,-93.8958,Coal,Operating,3 (809)
OK,6095,1,36.4537,-97.0527,Coal,Operating,1 (568)
OK,6095,2,36.4537,-97.0527,Coal,Operating,2 (568)
NE,6096,1,40.6215,-95.7765,Coal,Operating,1 (691)
NE,6096,2,40.6215,-95.7765,Coal,Operating,2 (725)
SD,6098,1,45.3047,-96.5103,Coal,Operating,1 (456)
WY,6101,BW91,44.2886,-105.3847,Coal,Operating,1 (335)
CO,6112,2,40.2461,-104.8742,Pipeline Natural Gas,Operating,"1 (336), 2 (130)"
CO,6112,3,40.2461,-104.8742,Pipeline Natural Gas,Operating,"1 (336), 3 (135)"
CO,6112,4,40.2461,-104.8742,Pipeline Natural Gas,Operating,"4 (130), 1 (336)"
CO,6112,5,40.2461,-104.8742,Pipeline Natural Gas,Operating,5 (146)
CO,6112,6,40.2461,-104.8742,Pipeline Natural Gas,Operating,6 (146)
IN,6113,1,38.3722,-87.7661,Coal,Operating,1 (668)
IN,6113,2,38.3722,-87.7661,Coal,Operating,2 (668)
IN,6113,3,38.3722,-87.7661,Coal,Operating,3 (668)
IN,6113,4,38.3722,-87.7661,Coal,Operating,4 (668)
IN,6113,5,38.3722,-87.7661,Coal,Operating,5 (668)
GA,6124,CT1,32.3558,-81.1683,Pipeline Natural Gas,Operating,CT1 (80)
GA,6124,CT2,32.3558,-81.1683,Pipeline Natural Gas,Operating,CT2 (80)
GA,6124,CT3,32.3558,-81.1683,Pipeline Natural Gas,Operating,CT3 (80)
GA,6124,CT4,32.3558,-81.1683,Pipeline Natural Gas,Operating,CT4 (80)
GA,6124,CT5,32.3558,-81.1683,Pipeline Natural Gas,Operating,CT5 (80)
GA,6124,CT6,32.3558,-81.1683,Pipeline Natural Gas,Operating,CT6 (80)
GA,6124,CT7,32.3558,-81.1683,Pipeline Natural Gas,Operating,CT7 (80)
GA,6124,CT8,32.3558,-81.1683,Pipeline Natural Gas,Operating,CT8 (80)
IN,6137,1,37.9053,-87.715,Coal,Retired,1 (265)
IN,6137,2,37.9053,-87.715,Coal,Retired,2 (265)
IN,6137,3,37.9053,-87.715,Pipeline Natural Gas,Operating,4 (80)
IN,6137,4,37.9053,-87.715,Pipeline Natural Gas,Operating,5 (80)
AR,6138,1,36.2561,-94.5241,Coal,Operating,1 (510.8)
TX,6139,1,33.0583,-94.844,Coal,Operating,1 (558)
TX,6139,3,33.0583,-94.844,Coal,Operating,3 (558)
TX,6146,1,32.2597,-94.5703,Coal,Operating,1 (793.2)
TX,6146,2,32.2597,-94.5703,Coal,Operating,2 (793.2)
TX,6146,3,32.2597,-94.5703,Coal,Operating,3 (793.2)
MO,6155,1,38.1306,-90.2625,Coal,Operating (Retired 10/15/2024),1 (621)
MO,6155,2,38.1306,-90.2625,Coal,Operating (Retired 10/15/2024),2 (621)
CT,6156,NHB1,41.2836,-72.9042,Residual Oil,Operating,1 (460)
CT,6156,NHHS2,41.2836,-72.9042,Diesel Oil,Operating,2 (60.5)
CT,6156,NHHS3,41.2836,-72.9042,Diesel Oil,Operating,3 (60.5)
CT,6156,NHHS4,41.2836,-72.9042,Diesel Oil,Operating,4 (60.5)
UT,6165,1,39.1747,-111.0289,Coal,Operating,1 (430)
UT,6165,2,39.1747,-111.0289,Coal,Operating,2 (430)
UT,6165,3,39.1747,-111.0289,Coal,Operating,3 (460)
IN,6166,AB1,37.9256,-87.0372,Diesel Oil,Operating,
IN,6166,AB2,37.9256,-87.0372,Diesel Oil,Operating,
IN,6166,MB1,37.9256,-87.0372,Coal,Operating,1 (1300)
IN,6166,MB2,37.9256,-87.0372,Coal,Operating,2 (1300)
AZ,6177,U1B,34.5778,-109.2717,Coal,Operating,CO1 (410.9)
AZ,6177,U2B,34.5778,-109.2717,Coal,Operating,CO2 (410.9)
TX,6178,1,28.7128,-97.2142,Coal,Operating,1 (632)
TX,6179,1,29.9172,-96.7506,Coal,Operating,1 (615)
TX,6179,2,29.9172,-96.7506,Coal,Operating,2 (615)
TX,6179,3,29.9172,-96.7506,Coal,Operating,3 (460)
TX,6180,1,31.185,-96.4853,Coal,Operating,OG1 (916.8)
TX,6180,2,31.185,-96.4853,Coal,Operating,OG2 (878.6)
TX,6183,SM-1,28.7044,-98.4781,Coal,Operating,1 (410)
LA,6190,1,31.395,-92.7167,Pipeline Natural Gas,Operating,1 (445.5)
LA,6190,2,31.395,-92.7167,Coal,Operating,2 (558)
LA,6190,3-1,31.395,-92.7167,Petroleum Coke,Operating,3 (703.8)
LA,6190,3-2,31.395,-92.7167,Petroleum Coke,Operating,3 (703.8)
TX,6193,061B,35.2972,-101.7475,Coal,Operating,1 (360)
TX,6193,062B,35.2972,-101.7475,Coal,Operating,2 (360)
TX,6193,063B,35.2972,-101.7475,Coal,Operating,3 (360)
TX,6194,171B,34.1847,-102.5686,Coal,Operating,1 (568)
TX,6194,172B,34.1847,-102.5686,Coal,Operating,2 (568)
MO,6195,1,37.1519,-93.3892,Coal,Operating,ST1 (233)
MO,6195,2,37.1519,-93.3892,Coal,Operating,ST2 (310)
MO,6195,CT1A,37.1519,-93.3892,"Natural Gas, Pipeline Natural Gas",Operating,GT1 (57)
MO,6195,CT1B,37.1519,-93.3892,"Natural Gas, Pipeline Natural Gas",Operating,GT1 (57)
MO,6195,CT2A,37.1519,-93.3892,"Natural Gas, Pipeline Natural Gas",Operating,GT2 (51.6)
MO,6195,CT2B,37.1519,-93.3892,"Natural Gas, Pipeline Natural Gas",Operating,GT2 (51.6)
WY,6204,1,42.1103,-104.8828,Coal,Operating,1 (570)
WY,6204,2,42.1103,-104.8828,Coal,Operating,2 (570)
WY,6204,3,42.1103,-104.8828,Coal,Operating,3 (570)
IN,6213,1SG1,39.0694,-87.5108,Coal,Operating,1 (540)
IN,6213,2SG1,39.0694,-87.5108,Coal,Operating,2 (540)
MO,6223,1,37.1385,-94.1041,Pipeline Natural Gas,Operating,1 (129)
MO,6223,2,37.1385,-94.1041,Pipeline Natural Gas,Operating,2 (129)
MO,6223,3A,37.1385,-94.1041,Pipeline Natural Gas,Operating,3 (60.5)
MO,6223,3B,37.1385,-94.1041,Pipeline Natural Gas,Operating,3 (60.5)
MO,6223,4A,37.1385,-94.1041,Pipeline Natural Gas,Operating,4 (60.5)
MO,6223,4B,37.1385,-94.1041,Pipeline Natural Gas,Operating,4 (60.5)
TX,6243,1,30.7217,-96.4599,Pipeline Natural Gas,Operating,1 (105)
TX,6243,2,30.7217,-96.4599,Pipeline Natural Gas,Operating,2 (50)
TX,6243,3,30.7217,-96.4599,Pipeline Natural Gas,Operating,3 (50)
CO,6248,1,40.2217,-103.6803,Coal,Operating,1 (547)
SC,6249,1,33.3303,-79.3611,Coal,Operating,1 (315)
SC,6249,2,33.3303,-79.3611,Coal,Operating,2 (315)
SC,6249,3,33.3303,-79.3611,Coal,Operating,3 (315)
SC,6249,4,33.3303,-79.3611,Coal,Operating,4 (315)
NC,6250,1A,36.5278,-78.8917,Coal,Operating,1 (735.8)
NC,6250,1B,36.5278,-78.8917,Coal,Operating,1 (735.8)
WI,6253,**5,43.1952,-88.1496,Pipeline Natural Gas,Operating,5 (85.4)
WI,6253,P30,43.1952,-88.1496,Diesel Oil,Operating,1 (61.2)
WI,6253,P31,43.1952,-88.1496,Diesel Oil,Operating,1 (61.2)
WI,6253,P32,43.1952,-88.1496,Diesel Oil,Operating,2 (61.2)
WI,6253,P33,43.1952,-88.1496,Diesel Oil,Operating,2 (61.2)
WI,6253,P34,43.1952,-88.1496,Diesel Oil,Operating,3 (61.2)
WI,6253,P35,43.1952,-88.1496,Diesel Oil,Operating,3 (61.2)
WI,6253,P36,43.1952,-88.1496,Diesel Oil,Operating,4 (61.2)
WI,6253,P37,43.1952,-88.1496,Diesel Oil,Operating,4 (61.2)
IA,6254,1,41.0961,-92.5556,Coal,Operating,1 (726)
GA,6257,1,33.0583,-83.8072,Coal,Operating,1 (891)
GA,6257,2,33.0583,-83.8072,Coal,Operating,2 (891)
GA,6257,3,33.0583,-83.8072,Coal,Operating,3 (891)
GA,6258,1A,33.138,-81.748,Diesel Oil,Operating,5A (60.5)
GA,6258,1B,33.138,-81.748,Diesel Oil,Operating,5B (60.5)
GA,6258,1C,33.138,-81.748,Diesel Oil,Operating,5C (60.5)
GA,6258,1D,33.138,-81.748,Diesel Oil,Operating,5D (60.5)
GA,6258,1E,33.138,-81.748,Diesel Oil,Operating,5E (60.5)
GA,6258,1F,33.138,-81.748,Diesel Oil,Operating,5F (60.5)
WV,6264,1,38.9794,-81.9344,Coal,Operating,1 (1300)
WV,6264,AUX1,38.9794,-81.9344,Diesel Oil,Operating,
WV,6264,AUX2,38.9794,-81.9344,Diesel Oil,Operating,
AK,6288,1,63.8542,-148.95,Coal,Operating,1 (28)
AK,6288,2,63.8542,-148.95,Coal,Operating,2 (61)
MN,6358,1,44.8889,-94.35,Pipeline Natural Gas,Operating,"3 (11.5), 2 (54)"
NE,6373,1,40.7316,-96.7364,Pipeline Natural Gas,Operating,1 (72.4)
NE,6373,2,40.7316,-96.7364,Pipeline Natural Gas,Operating,2 (95.4)
NE,6373,3,40.7316,-96.7364,Pipeline Natural Gas,Operating,3 (95.4)
IA,6463,GT2,42.0269,-93.5828,Diesel Oil,Operating,GT2 (57.4)
ND,6469,B1,47.3714,-101.8344,Coal,Operating,1 (435)
ND,6469,B2,47.3714,-101.8344,Coal,Operating,2 (435)
UT,6481,1SGA,39.5035,-112.5811,Coal,Operating,1 (820)
UT,6481,2SGA,39.5035,-112.5811,Coal,Operating,2 (820)
FL,6584,CT4,24.5636,-81.7342,Diesel Oil,Operating,GT4 (42)
CT,6635,AP-1,41.4485,-72.834,Pipeline Natural Gas,Operating,4 (84)
KY,6639,G1,37.6467,-87.5006,Pipeline Natural Gas,Operating,1 (263.7)
KY,6639,G2,37.6467,-87.5006,Pipeline Natural Gas,Operating,2 (263.7)
AR,6641,1,35.6733,-91.4083,Coal,Operating,1 (850)
AR,6641,2,35.6733,-91.4083,Coal,Operating,2 (850)
MO,6650,CT01,39.1481,-91.8306,Diesel Oil,Operating,1 (69)
MO,6651,CT01,39.4244,-92.4837,Diesel Oil,Operating,1 (69)
MO,6652,CT01,38.5553,-92.102,Diesel Oil,Operating,1 (69)
IA,6664,101,41.3153,-91.0936,Coal,Operating,1 (738)
IN,6705,1,37.915,-87.3328,Coal,Operating,1 (144)
IN,6705,2,37.915,-87.3328,Coal,Operating,2 (144)
IN,6705,3,37.915,-87.3328,Coal,Operating,3 (144)
IN,6705,4,37.915,-87.3328,Coal,Operating,4 (323)
MN,6741,1,45.8054,-92.9718,Diesel Oil,Operating,1 (29.3)
CO,6761,101,40.8611,-105.0206,Coal,Operating,1 (305)
CO,6761,A,40.8611,-105.0206,Pipeline Natural Gas,Operating,A (82)
CO,6761,B,40.8611,-105.0206,Pipeline Natural Gas,Operating,B (82)
CO,6761,C,40.8611,-105.0206,Pipeline Natural Gas,Operating,C (82)
CO,6761,D,40.8611,-105.0206,Pipeline Natural Gas,Operating,D (82)
CO,6761,F,40.8611,-105.0206,Pipeline Natural Gas,Operating,F (150)
MO,6768,1,36.8791,-89.6209,Coal,Operating,1 (261)
OK,6772,1,34.0158,-95.3206,Coal,Operating,1 (475)
NJ,6776,002001,39.4903,-75.0486,Diesel Oil,Operating (Retired 03/31/2024),1 (27)
KY,6823,W1,37.4497,-87.0803,Coal,Operating,1 (509.5)
MN,6824,1,44.905,-93.821,Diesel Oil,Operating,1 (61.2)
MN,6824,2,44.905,-93.821,Diesel Oil,Operating,1 (61.2)
KS,7013,4,37.2376,-96.9619,Pipeline Natural Gas,Operating,4 (26.5)
TX,7030,U1,31.0932,-96.6965,Coal,Operating,1 (174.6)
TX,7030,U2,31.0932,-96.6965,Coal,Operating,2 (174.6)
VA,7032,3,37.1575,-76.6911,Pipeline Natural Gas,Operating,3 (92)
VA,7032,4,37.1575,-76.6911,Pipeline Natural Gas,Operating,4 (92)
VA,7032,5,37.1575,-76.6911,Pipeline Natural Gas,Operating,5 (92)
VA,7032,6,37.1575,-76.6911,Pipeline Natural Gas,Operating,6 (92)
AL,7063,**1,31.2546,-88.0299,Pipeline Natural Gas,Operating,1 (110)
AL,7063,**2,31.2546,-88.0299,Pipeline Natural Gas,Operating,2 (113)
AL,7063,**3,31.2546,-88.0299,Pipeline Natural Gas,Operating,3 (113)
AL,7063,**4,31.2546,-88.0299,Pipeline Natural Gas,Operating,4 (170)
AL,7063,**5,31.2546,-88.0299,Pipeline Natural Gas,Operating,5 (170)
NV,7082,**3,36.425,-114.9,Pipeline Natural Gas,Operating,GT1 (78)
NV,7082,**4,36.425,-114.9,Pipeline Natural Gas,Operating,GT4 (85)
NV,7082,**5,36.425,-114.9,Pipeline Natural Gas,Operating,"5 (167.5), 7 (223.5)"
NV,7082,**6,36.425,-114.9,Pipeline Natural Gas,Operating,"7 (223.5), 6 (167.5)"
TX,7097,**1,29.3091,-98.3205,Coal,Operating,1 (546)
TX,7097,**2,29.3091,-98.3205,Coal,Operating,2 (750)
NJ,7138,002001,39.8154,-74.2098,Diesel Oil,Operating,1 (38.4)
NJ,7138,003001,39.8154,-74.2098,Diesel Oil,Operating,2 (38.4)
IA,7145,1,41.5572,-93.5242,Pipeline Natural Gas,Operating,1 (46.4)
IA,7145,2,41.5572,-93.5242,Pipeline Natural Gas,Operating,2 (46.4)
IA,7145,3,41.5572,-93.5242,Pipeline Natural Gas,Operating,3 (97)
NY,7146,UGT007,40.9569,-72.8774,Diesel Oil,Operating,1 (79.5)
NY,7146,UGT008,40.9569,-72.8774,Diesel Oil,Operating,02 (79.5)
NY,7146,UGT009,40.9569,-72.8774,Diesel Oil,Operating,03 (79.5)
NY,7146,UGT013,40.9569,-72.8774,Diesel Oil,Operating,GT1 (52.9)
NY,7146,UGT014,40.9569,-72.8774,Diesel Oil,Operating,GT2 (18.6)
DE,7153,1,39.7436,-75.5072,Pipeline Natural Gas,Operating,"HR1 (103.5), HR4 (207)"
DE,7153,2,39.7436,-75.5072,Pipeline Natural Gas,Operating,"HR4 (207), HR2 (103.5)"
DE,7153,**3,39.7436,-75.5072,Pipeline Natural Gas,Operating,"HR4 (207), HR3 (103.5)"
DE,7153,5,39.7436,-75.5072,Pipeline Natural Gas,Operating,"HR5 (144), HR8 (230)"
DE,7153,6,39.7436,-75.5072,Pipeline Natural Gas,Operating,"HR6 (144), HR8 (230)"
DE,7153,7,39.7436,-75.5072,Pipeline Natural Gas,Operating,"HR7 (144), HR8 (230)"
IA,7155,**1,43.2481,-93.2046,Diesel Oil,Operating,1 (41.4)
IA,7155,**2,43.2481,-93.2046,Diesel Oil,Operating,2 (41.4)
OH,7158,**GT1,39.4492,-84.4611,Pipeline Natural Gas,Operating,GT1 (81.6)
OH,7158,**GT2,39.4492,-84.4611,Pipeline Natural Gas,Operating,GT2 (81.6)
OH,7158,**GT3,39.4492,-84.4611,Pipeline Natural Gas,Operating,GT3 (81.6)
OH,7158,**GT4,39.4492,-84.4611,Pipeline Natural Gas,Operating,GT4 (81.6)
OH,7158,**GT5,39.4492,-84.4611,Pipeline Natural Gas,Operating,GT5 (81.6)
OH,7158,**GT6,39.4492,-84.4611,Pipeline Natural Gas,Operating,GT6 (81.6)
WI,7159,**1,43.1669,-88.69,Pipeline Natural Gas,Operating,1 (95.4)
WI,7159,**2,43.1669,-88.69,Pipeline Natural Gas,Operating,2 (95.4)
WI,7159,**3,43.1669,-88.69,Pipeline Natural Gas,Operating,3 (95.4)
WI,7159,**4,43.1669,-88.69,Pipeline Natural Gas,Operating,4 (95.4)
WI,7203,**CT1,43.7353,-88.4968,Pipeline Natural Gas,Operating,CT1 (86)
WI,7203,**CT2,43.7353,-88.4968,Pipeline Natural Gas,Operating,CT2 (86)
WI,7203,**CT3,43.7353,-88.4968,Pipeline Natural Gas,Operating,CT3 (86)
WI,7203,**CT4,43.7353,-88.4968,Pipeline Natural Gas,Operating,CT4 (86)
SC,7210,COP1,33.3642,-81.03,Pipeline Natural Gas,Operating,ST1 (417.4)
VA,7212,1,37.4978,-77.368,Pipeline Natural Gas,Operating,1 (92.1)
VA,7212,2,37.4978,-77.368,Pipeline Natural Gas,Operating,2 (92.1)
VA,7212,3,37.4978,-77.368,Pipeline Natural Gas,Operating,3 (92.1)
VA,7212,4,37.4978,-77.368,Pipeline Natural Gas,Operating,4 (92.1)
VA,7213,1,36.8692,-78.7046,Coal,Operating,1 (424)
VA,7213,2,36.8692,-78.7046,Coal,Operating,2 (424)
SD,7237,2,43.6033,-96.6369,Pipeline Natural Gas,Operating,1 (105)
SD,7237,3,43.6033,-96.6369,Pipeline Natural Gas,Operating,2 (105)
SD,7237,4,43.6033,-96.6369,Pipeline Natural Gas,Operating,4 (195.7)
FL,7238,**1,28.2764,-81.533,Pipeline Natural Gas,Operating,1 (50)
FL,7238,2,28.2764,-81.533,Pipeline Natural Gas,Operating,"2A (40), 2 (80)"
FL,7238,3,28.2764,-81.533,Pipeline Natural Gas,Operating,"3A (82.5), 3 (167.5)"
FL,7238,4,28.2764,-81.533,Pipeline Natural Gas,Operating,"4 (180), 4A (143.5)"
FL,7242,**1,27.7286,-81.9897,Pipeline Natural Gas,Operating,"1CT (190), 1CA (133.4)"
FL,7242,**2,27.7286,-81.9897,Pipeline Natural Gas,Operating,"2 (165), 2CC (463)"
FL,7242,**3,27.7286,-81.9897,Pipeline Natural Gas,Operating,"2CC (463), 3 (165)"
FL,7242,**4,27.7286,-81.9897,Pipeline Natural Gas,Operating,"2CC (463), 4 (165)"
FL,7242,**5,27.7286,-81.9897,Pipeline Natural Gas,Operating,"5 (165), 2CC (463)"
FL,7254,32432,28.4272,-81.5803,Pipeline Natural Gas,Operating (Retired 10/24/2024),"STG (8.5), GTG (61.5)"
MI,7258,**7,42.7553,-86.0853,Pipeline Natural Gas,Operating,7 (39.1)
MI,7258,**8,42.7553,-86.0853,Pipeline Natural Gas,Operating,8 (39.1)
MI,7258,9,42.7553,-86.0853,Pipeline Natural Gas,Operating,9 (83.5)
CA,7266,1,37.6528,-121.0172,Pipeline Natural Gas,Operating,NA1 (50.4)
CA,7266,2,37.6528,-121.0172,Pipeline Natural Gas,Operating,"3 (37.73), 2 (60.49)"
WI,7270,**1,42.6658,-88.0131,Pipeline Natural Gas,Operating,1 (95.4)
WI,7270,**2,42.6658,-88.0131,Pipeline Natural Gas,Operating,2 (95.4)
WI,7270,**3,42.6658,-88.0131,Pipeline Natural Gas,Operating,3 (95.4)
WI,7270,**4,42.6658,-88.0131,Pipeline Natural Gas,Operating,4 (95.4)
NC,7277,1,35.4317,-81.0347,Diesel Oil,Operating,1 (102)
NC,7277,10,35.4317,-81.0347,Diesel Oil,Operating,10 (102)
NC,7277,11,35.4317,-81.0347,Diesel Oil,Operating,11 (102)
NC,7277,12,35.4317,-81.0347,Diesel Oil,Operating,12 (102)
NC,7277,13,35.4317,-81.0347,Diesel Oil,Operating,13 (102)
NC,7277,14,35.4317,-81.0347,Diesel Oil,Operating,14 (102)
NC,7277,15,35.4317,-81.0347,Diesel Oil,Operating,15 (102)
NC,7277,16,35.4317,-81.0347,Diesel Oil,Operating,16 (102)
NC,7277,17,35.4317,-81.0347,Natural Gas,Operating,17 (571)
NC,7277,2,35.4317,-81.0347,Diesel Oil,Operating,2 (102)
NC,7277,3,35.4317,-81.0347,Diesel Oil,Operating,3 (102)
NC,7277,4,35.4317,-81.0347,Diesel Oil,Operating,4 (102)
NC,7277,5,35.4317,-81.0347,Diesel Oil,Operating,5 (102)
NC,7277,6,35.4317,-81.0347,Diesel Oil,Operating,6 (102)
NC,7277,7,35.4317,-81.0347,Diesel Oil,Operating,7 (102)
NC,7277,8,35.4317,-81.0347,Diesel Oil,Operating,8 (102)
NC,7277,9,35.4317,-81.0347,Diesel Oil,Operating,9 (102)
NJ,7288,1,39.451,-75.0578,Pipeline Natural Gas,Operating,SHER (112.8)
MO,7296,1,37.0659,-94.614,Pipeline Natural Gas,Operating,1 (123)
MO,7296,2-1,37.0659,-94.614,Pipeline Natural Gas,Operating,"2-1 (181), 2-3 (206.5)"
MO,7296,2-2,37.0659,-94.614,Pipeline Natural Gas,Operating,"2-3 (206.5), 2-2 (180)"
FL,7302,1A,27.7886,-81.8694,Pipeline Natural Gas,Operating,"1ST (199.8), 1GT (173.4)"
FL,7302,1B,27.7886,-81.8694,Pipeline Natural Gas,Operating,"1GT2 (173.4), 1ST (199.8)"
FL,7302,2A,27.7886,-81.8694,Pipeline Natural Gas,Operating,"2GT (190), 2ST (190)"
FL,7302,2B,27.7886,-81.8694,Pipeline Natural Gas,Operating,"2ST (190), 2GT2 (190)"
FL,7302,3A,27.7886,-81.8694,Pipeline Natural Gas,Operating,"3ST (190), 3GT (207)"
FL,7302,3B,27.7886,-81.8694,Pipeline Natural Gas,Operating,"3ST (190), 3GT2 (207)"
FL,7302,4A,27.7886,-81.8694,Pipeline Natural Gas,Operating,"4GT (170), 4ST (190)"
FL,7302,4B,27.7886,-81.8694,Pipeline Natural Gas,Operating,"4ST (190), 4GT2 (170)"
CA,7307,5,40.5083,-122.4253,Pipeline Natural Gas,Operating,5 (50)
CA,7307,6,40.5083,-122.4253,Pipeline Natural Gas,Operating,6 (50)
NY,7314,001,40.8153,-73.0644,Pipeline Natural Gas,Operating,"NA2 (56), NA1 (108)"
CA,7315,1,37.5739,-120.9854,Pipeline Natural Gas,Operating,1 (55)
CA,7315,2,37.5739,-120.9854,Pipeline Natural Gas,Operating,2 (54)
CA,7315,3,37.5739,-120.9854,Pipeline Natural Gas,Operating,3 (54)
CA,7315,4,37.5739,-120.9854,Pipeline Natural Gas,Operating,4 (54)
DE,7318,**11,39.15,-75.5466,Pipeline Natural Gas,Operating,1 (45.1)
TX,7325,SJS1,29.6967,-95.0411,Pipeline Natural Gas,Operating,1 (88.2)
TX,7325,SJS2,29.6967,-95.0411,Pipeline Natural Gas,Operating,2 (88.2)
IN,7335,RCT1,39.8383,-84.9665,Pipeline Natural Gas,Operating,RCT1 (38.7)
IN,7335,RCT2,39.8383,-84.9665,Pipeline Natural Gas,Operating,RCT2 (38.7)
IN,7336,ACT1,40.0529,-85.7389,Pipeline Natural Gas,Operating,ACT1 (38.7)
IN,7336,ACT2,40.0529,-85.7389,Pipeline Natural Gas,Operating,ACT2 (38.7)
IN,7336,ACT3,40.0529,-85.7389,Pipeline Natural Gas,Operating,ACT3 (84)
IA,7343,4,42.3022,-96.3622,Coal,Operating,4 (639.9)
FL,7345,1,29.6397,-82.3486,Pipeline Natural Gas,Operating,P1 (43)
GA,7348,CT1,32.5806,-83.5831,Pipeline Natural Gas,Operating,1 (91.9)
GA,7348,CT2,32.5806,-83.5831,Pipeline Natural Gas,Operating,2 (91.9)
OR,7350,CTG1,45.8486,-119.6744,Pipeline Natural Gas,Operating,"2 (80.6), 1 (185.8)"
OR,7350,CTG2,45.8486,-119.6744,Pipeline Natural Gas,Operating,"ST2 (117), CT2 (170)"
FL,7380,1,27.6417,-81.9625,Pipeline Natural Gas,Operating,"ST3 (189), CT1 (157.5)"
FL,7380,2,27.6417,-81.9625,Pipeline Natural Gas,Operating,"CT2 (157.5), ST3 (189)"
FL,7380,4A,27.6417,-81.9625,Pipeline Natural Gas,Operating,GT4 (60)
FL,7380,4B,27.6417,-81.9625,Pipeline Natural Gas,Operating,GT4 (60)
FL,7380,5A,27.6417,-81.9625,Pipeline Natural Gas,Operating,GT5 (60)
FL,7380,5B,27.6417,-81.9625,Pipeline Natural Gas,Operating,GT5 (60)
FL,7380,6A,27.6417,-81.9625,Pipeline Natural Gas,Operating,GT6 (60)
FL,7380,6B,27.6417,-81.9625,Pipeline Natural Gas,Operating,GT6 (60)
FL,7380,7A,27.6417,-81.9625,Pipeline Natural Gas,Operating,GT7 (60)
FL,7380,7B,27.6417,-81.9625,Pipeline Natural Gas,Operating,GT7 (60)
FL,7380,8B,27.6417,-81.9625,Pipeline Natural Gas,Operating,GT8 (60)
IL,7425,1,39.8233,-89.5888,Pipeline Natural Gas,Operating,1 (138.6)
CA,7449,NA1,38.088,-121.3871,Pipeline Natural Gas,Operating,NA1 (50)
ID,7456,1,47.8034,-116.869,Pipeline Natural Gas,Operating,1 (83.5)
ID,7456,2,47.8034,-116.869,Pipeline Natural Gas,Operating,2 (83.5)
WY,7504,001,44.2853,-105.3841,Coal,Operating,2 (100)
WY,7504,CT1,44.2853,-105.3841,Pipeline Natural Gas,Operating,GT1 (40)
KS,7515,1,38.3864,-97.61,Pipeline Natural Gas,Operating,NA1 (115.6)
CA,7527,1,38.4461,-121.4614,Natural Gas,Operating,"2 (17.5), 1 (54)"
CA,7527,2,38.4461,-121.4614,Natural Gas,Operating,CCCT (54)
CA,7551,1A,38.5306,-121.399,Pipeline Natural Gas,Operating,"CCST (49.9), CT1A (49.9)"
CA,7551,1B,38.5306,-121.399,Pipeline Natural Gas,Operating,"CCST (49.9), CT1B (49.9)"
CA,7551,1C,38.5306,-121.399,Pipeline Natural Gas,Operating,CT1C (44)
CA,7552,1,38.511,-121.4735,Pipeline Natural Gas,Operating,"CCST (55.3), CCCT (118.8)"
MO,7604,1,36.5852,-90.1779,Pipeline Natural Gas,Operating,1 (289)
MO,7604,2,36.5852,-90.1779,Pipeline Natural Gas,Operating,2 (289)
WA,7605,1,45.65,-122.7231,Natural Gas,Operating,1 (248)
AL,7697,CC1,31.2642,-88.0027,Pipeline Natural Gas,Operating,"2 (39.7), 1 (69.3)"
AL,7698,CC1,32.3102,-86.5242,Pipeline Natural Gas,Operating,"2 (14.8), 1 (82.2)"
FL,7699,1,27.7447,-81.85,Pipeline Natural Gas,Operating,"CT1 (195.3), CW1 (82.9)"
AL,7710,1A,32.6094,-85.0961,Pipeline Natural Gas,Operating,"CT1A (203.1), ST1 (213.3)"
AL,7710,1B,32.6094,-85.0961,Pipeline Natural Gas,Operating,"ST1 (213.3), CT1B (203.1)"
AL,7710,2A,32.6094,-85.0961,Pipeline Natural Gas,Operating,"CT2A (203.1), ST2 (281.9)"
AL,7710,2B,32.6094,-85.0961,Pipeline Natural Gas,Operating,"CT2B (203.1), ST2 (281.9)"
AL,7710,3A,32.6094,-85.0961,Pipeline Natural Gas,Operating,"ST3 (281.9), CT3A (203.1)"
AL,7710,3B,32.6094,-85.0961,Pipeline Natural Gas,Operating,"CT3B (203.1), ST3 (281.9)"
AL,7721,CC1,30.5248,-88.1289,Pipeline Natural Gas,Operating,"1 (229), 2 (88.4)"
MO,7749,1,36.8678,-89.8397,Pipeline Natural Gas,Operating,1 (121.2)
MO,7754,1,40.2877,-94.7913,Pipeline Natural Gas,Operating,1 (103.7)
MO,7754,2,40.2877,-94.7913,Pipeline Natural Gas,Operating,2 (103.7)
OK,7757,1,36.2206,-95.2756,Pipeline Natural Gas,Operating,"1 (175.6), 3 (181.9)"
OK,7757,2,36.2206,-95.2756,Pipeline Natural Gas,Operating,"2 (175.6), 3 (181.9)"
OK,7757,3,36.2206,-95.2756,Pipeline Natural Gas,Operating,"4 (178), 6 (181.9)"
OK,7757,4,36.2206,-95.2756,Pipeline Natural Gas,Operating,"5 (175.5), 6 (181.9)"
IN,7759,GT1,39.9022,-86.2439,Pipeline Natural Gas,Operating,GT1 (85.3)
IN,7759,GT2,39.9022,-86.2439,Pipeline Natural Gas,Operating,GT2 (73.6)
IN,7759,GT3,39.9022,-86.2439,Pipeline Natural Gas,Operating,GT3 (73.6)
IN,7759,GT4,39.9022,-86.2439,Pipeline Natural Gas,Operating,GT4 (85.3)
IL,7760,1,40.1063,-87.6539,Pipeline Natural Gas,Operating,1 (47)
IL,7760,2,40.1063,-87.6539,Pipeline Natural Gas,Operating,2 (47)
IL,7760,3,40.1063,-87.6539,Pipeline Natural Gas,Operating,3 (47)
IL,7760,4,40.1063,-87.6539,Pipeline Natural Gas,Operating,4 (47)
TX,7762,HRSG1,26.3389,-98.1708,Pipeline Natural Gas,Operating,"CTG1 (207), STG1 (233)"
TX,7762,HRSG2,26.3389,-98.1708,Pipeline Natural Gas,Operating,"CTG2 (207), STG1 (233)"
IN,7763,1,39.9528,-85.5039,Pipeline Natural Gas,Operating,1 (43)
IN,7763,2,39.9528,-85.5039,Pipeline Natural Gas,Operating,2 (43)
IN,7763,3,39.9528,-85.5039,Pipeline Natural Gas,Operating,3 (43)
GA,7764,1,33.8122,-83.6954,Pipeline Natural Gas,Operating,1 (184)
GA,7764,2,33.8122,-83.6954,Pipeline Natural Gas,Operating,2 (184)
GA,7765,1,34.0386,-83.3972,Pipeline Natural Gas,Operating,1 (91.9)
GA,7765,10,34.0386,-83.3972,Pipeline Natural Gas,Operating,10 (91.9)
GA,7765,2,34.0386,-83.3972,Pipeline Natural Gas,Operating,2 (91.9)
GA,7765,3,34.0386,-83.3972,Pipeline Natural Gas,Operating,3 (91.9)
GA,7765,4,34.0386,-83.3972,Pipeline Natural Gas,Operating,4 (91.9)
GA,7765,5,34.0386,-83.3972,Pipeline Natural Gas,Operating,5 (91.9)
GA,7765,6,34.0386,-83.3972,Pipeline Natural Gas,Operating,6 (91.9)
GA,7765,7,34.0386,-83.3972,Pipeline Natural Gas,Operating,7 (91.9)
GA,7765,8,34.0386,-83.3972,Pipeline Natural Gas,Operating,8 (91.9)
GA,7765,9,34.0386,-83.3972,Pipeline Natural Gas,Operating,9 (91.9)
GA,7768,CT2,31.3869,-84.0814,Pipeline Natural Gas,Operating,CTG2 (60)
GA,7768,CT3,31.3869,-84.0814,Pipeline Natural Gas,Operating,CTG3 (60)
OH,7782,P001,39.3528,-84.5183,Pipeline Natural Gas,Operating,1 (32)
OH,7783,P001,41.3883,-83.6406,Pipeline Natural Gas,Operating,1 (32)
UT,7790,1-1,40.0864,-109.2844,Coal,Operating,1 (400)
NC,7805,1,34.8422,-79.7444,Natural Gas,Operating,001 (211.8)
NC,7805,10,34.8422,-79.7444,Natural Gas,Operating,"ST5 (271), 10 (229)"
NC,7805,2,34.8422,-79.7444,Natural Gas,Operating,002 (211.8)
NC,7805,3,34.8422,-79.7444,Natural Gas,Operating,003 (211.8)
NC,7805,4,34.8422,-79.7444,Natural Gas,Operating,004 (211.8)
NC,7805,6,34.8422,-79.7444,Natural Gas,Operating,6 (195.3)
NC,7805,7,34.8422,-79.7444,Natural Gas,Operating,"ST4 (195.3), 7 (195.3)"
NC,7805,8,34.8422,-79.7444,Natural Gas,Operating,"8 (195.3), ST4 (195.3)"
NC,7805,9,34.8422,-79.7444,Natural Gas,Operating,"9 (229), ST5 (271)"
GA,7813,1,33.9486,-85.2769,Pipeline Natural Gas,Operating,1 (121)
GA,7813,2,33.9486,-85.2769,Pipeline Natural Gas,Operating,2 (121)
GA,7813,3,33.9486,-85.2769,Pipeline Natural Gas,Operating,3 (164)
GA,7813,4,33.9486,-85.2769,Pipeline Natural Gas,Operating,4 (164)
IL,7818,ACT1,39.5697,-90.4362,Pipeline Natural Gas,Operating,ACT1 (30)
IL,7818,ACT2,39.5697,-90.4362,Pipeline Natural Gas,Operating,ACT2 (30)
IL,7818,ACT5,39.5697,-90.4362,Pipeline Natural Gas,Operating,ACT5 (25)
IL,7818,ACT6,39.5697,-90.4362,Pipeline Natural Gas,Operating,ACT6 (48)
AR,7825,CT1,33.6094,-93.7924,Pipeline Natural Gas,Operating,1 (153)
NC,7826,1,35.7325,-80.6019,Pipeline Natural Gas,Operating,001 (161.8)
NC,7826,2,35.7325,-80.6019,Pipeline Natural Gas,Operating,002 (161.8)
NC,7826,3,35.7325,-80.6019,Pipeline Natural Gas,Operating,003 (161.8)
NC,7826,4,35.7325,-80.6019,Pipeline Natural Gas,Operating,"STG (195), 4 (177.3)"
NC,7826,5,35.7325,-80.6019,Pipeline Natural Gas,Operating,"STG (195), 5 (166.6)"
GA,7829,1,32.9856,-83.8464,Pipeline Natural Gas,Operating,1 (121)
GA,7829,2,32.9856,-83.8464,Pipeline Natural Gas,Operating,2 (121)
SC,7834,CT1A,34.3477,-82.776,Pipeline Natural Gas,Operating,"ST1S (190), CT1A (165)"
SC,7834,CT1B,34.3477,-82.776,Pipeline Natural Gas,Operating,"CT1B (165), ST1S (190)"
SC,7834,CT2A,34.3477,-82.776,Pipeline Natural Gas,Operating,CT2A (165)
SC,7834,CT2B,34.3477,-82.776,Pipeline Natural Gas,Operating,CT2B (165)
SC,7834,CT3,34.3477,-82.776,Pipeline Natural Gas,Operating,CT3A (84)
SC,7834,CT4,34.3477,-82.776,Pipeline Natural Gas,Operating,CT3B (84)
SC,7834,CT5,34.3477,-82.776,Pipeline Natural Gas,Operating,CT4A (84)
MD,7835,1,39.7183,-76.1606,Pipeline Natural Gas,Operating,1 (190)
MD,7835,2,39.7183,-76.1606,Pipeline Natural Gas,Operating,2 (190)
MD,7835,3,39.7183,-76.1606,Pipeline Natural Gas,Operating,3 (190)
MD,7835,4,39.7183,-76.1606,Pipeline Natural Gas,Operating,4 (190)
VA,7836,EU1,38.5283,-77.7681,Pipeline Natural Gas,Operating,1 (172.3)
VA,7836,EU2,38.5283,-77.7681,Pipeline Natural Gas,Operating,2 (172.3)
VA,7836,EU3,38.5283,-77.7681,Pipeline Natural Gas,Operating,3 (172.3)
VA,7837,EU1,38.1181,-78.2139,Pipeline Natural Gas,Operating,1 (84.5)
VA,7837,EU2,38.1181,-78.2139,Pipeline Natural Gas,Operating,2 (84.5)
VA,7837,EU3,38.1181,-78.2139,Pipeline Natural Gas,Operating,3 (84.5)
VA,7837,EU4,38.1181,-78.2139,Pipeline Natural Gas,Operating,4 (84.5)
VA,7837,EU5,38.1181,-78.2139,Pipeline Natural Gas,Operating,5 (171.1)
VA,7838,1,38.5447,-77.7707,Pipeline Natural Gas,Operating,1 (178.5)
VA,7838,2,38.5447,-77.7707,Pipeline Natural Gas,Operating,2 (178.5)
VA,7838,3,38.5447,-77.7707,Pipeline Natural Gas,Operating,3 (178.5)
VA,7838,4,38.5447,-77.7707,Pipeline Natural Gas,Operating,4 (178.5)
VA,7839,1,38.0725,-77.5141,Pipeline Natural Gas,Operating,1 (178.5)
VA,7839,2,38.0725,-77.5141,Pipeline Natural Gas,Operating,2 (178.5)
VA,7839,3,38.0725,-77.5141,Pipeline Natural Gas,Operating,3 (192.1)
VA,7839,4,38.0725,-77.5141,Pipeline Natural Gas,Operating,4 (192.1)
VA,7839,5,38.0725,-77.5141,Pipeline Natural Gas,Operating,5 (192.1)
IL,7842,CT1,39.1025,-88.8589,Pipeline Natural Gas,Operating (Retired 05/31/2024),CT1 (47)
MN,7843,11,43.7997,-92.6819,Pipeline Natural Gas,Operating,11 (197)
MN,7843,12,43.7997,-92.6819,Pipeline Natural Gas,Operating,12 (197)
MN,7843,13,43.7997,-92.6819,Pipeline Natural Gas,Operating,13 (147.5)
MN,7844,U001,44.795,-93.5808,Pipeline Natural Gas,Operating,UOO1 (49)
TN,7845,LCC1,35.6578,-89.3964,Pipeline Natural Gas,Operating,"STG1 (257.6), CTG1 (173.4)"
TN,7845,LCC2,35.6578,-89.3964,Pipeline Natural Gas,Operating,"STG1 (257.6), CTG2 (173.4)"
TN,7845,LCT1,35.6578,-89.3964,Pipeline Natural Gas,Operating,GT1 (84.5)
TN,7845,LCT10,35.6578,-89.3964,Pipeline Natural Gas,Operating,GT10 (86.2)
TN,7845,LCT11,35.6578,-89.3964,Pipeline Natural Gas,Operating,GT11 (86.2)
TN,7845,LCT12,35.6578,-89.3964,Pipeline Natural Gas,Operating,GT12 (86.2)
TN,7845,LCT2,35.6578,-89.3964,Pipeline Natural Gas,Operating,GT2 (84.5)
TN,7845,LCT3,35.6578,-89.3964,Pipeline Natural Gas,Operating,GT3 (84.5)
TN,7845,LCT4,35.6578,-89.3964,Pipeline Natural Gas,Operating,GT4 (84.5)
TN,7845,LCT5,35.6578,-89.3964,Pipeline Natural Gas,Operating,GT5 (84.5)
TN,7845,LCT6,35.6578,-89.3964,Pipeline Natural Gas,Operating,GT6 (84.5)
TN,7845,LCT7,35.6578,-89.3964,Pipeline Natural Gas,Operating,GT7 (84.5)
TN,7845,LCT8,35.6578,-89.3964,Pipeline Natural Gas,Operating,GT8 (84.5)
TN,7845,LCT9,35.6578,-89.3964,Pipeline Natural Gas,Operating,GT9 (86.2)
FL,7846,1,30.3206,-81.9486,Pipeline Natural Gas,Operating,001 (203.8)
FL,7846,2,30.3206,-81.9486,Pipeline Natural Gas,Operating,"004 (268.4), 002 (203.8)"
FL,7846,3,30.3206,-81.9486,Pipeline Natural Gas,Operating,"004 (268.4), 003 (203.8)"
MO,7848,1,38.7538,-93.9983,Pipeline Natural Gas,Operating,11 (107.1)
MO,7848,2,38.7538,-93.9983,Pipeline Natural Gas,Operating,12 (107.1)
MO,7848,3,38.7538,-93.9983,Pipeline Natural Gas,Operating,13 (107.1)
WI,7863,1,44.9019,-91.5678,Pipeline Natural Gas,Operating,1 (51)
WI,7863,2,44.9019,-91.5678,Pipeline Natural Gas,Operating,2 (51)
NY,7869,UGT011,40.8275,-73.6478,Diesel Oil,Operating,GT1 (16)
NY,7869,UGT012,40.8275,-73.6478,Pipeline Natural Gas,Operating,GT4 (45)
NY,7869,UGT013,40.8275,-73.6478,Pipeline Natural Gas,Operating,GT5 (45)
WA,7870,CT1,48.746,-122.486,Natural Gas,Operating,"STG (58.2), CTG1 (39.4)"
WA,7870,CT2,48.746,-122.486,Natural Gas,Operating,"STG (58.2), CTG2 (39.4)"
WA,7870,CT3,48.746,-122.486,Natural Gas,Operating,"STG (58.2), CTG3 (39.4)"
OH,7872,1,40.9297,-84.7392,Pipeline Natural Gas,Operating,1 (198)
OH,7872,2,40.9297,-84.7392,Pipeline Natural Gas,Operating,2 (198)
OH,7872,3,40.9297,-84.7392,Pipeline Natural Gas,Operating,3 (198)
FL,7873,CT1A,27.9072,-82.4231,Pipeline Natural Gas,Operating,"1A (169), 1ST (239)"
FL,7873,CT1B,27.9072,-82.4231,Pipeline Natural Gas,Operating,"1ST (239), 1B (169)"
FL,7873,CT1C,27.9072,-82.4231,Pipeline Natural Gas,Operating,"1C (169), 1ST (239)"
FL,7873,CT2A,27.9072,-82.4231,Pipeline Natural Gas,Operating,"2ST (414), 2A (169)"
FL,7873,CT2B,27.9072,-82.4231,Pipeline Natural Gas,Operating,"2B (169), 2ST (414)"
FL,7873,CT2C,27.9072,-82.4231,Pipeline Natural Gas,Operating,"2ST (414), 2C (169)"
FL,7873,CT2D,27.9072,-82.4231,Pipeline Natural Gas,Operating,"2ST (414), 2D (169)"
FL,7873,CT3A,27.9072,-82.4231,Pipeline Natural Gas,Operating,3 (62)
FL,7873,CT3B,27.9072,-82.4231,Pipeline Natural Gas,Operating,3 (62)
FL,7873,CT4A,27.9072,-82.4231,Pipeline Natural Gas,Operating,4 (62)
FL,7873,CT4B,27.9072,-82.4231,Pipeline Natural Gas,Operating,4 (62)
FL,7873,CT5A,27.9072,-82.4231,Pipeline Natural Gas,Operating,5 (62)
FL,7873,CT5B,27.9072,-82.4231,Pipeline Natural Gas,Operating,5 (62)
FL,7873,CT6A,27.9072,-82.4231,Pipeline Natural Gas,Operating,6 (62)
FL,7873,CT6B,27.9072,-82.4231,Pipeline Natural Gas,Operating,6 (62)
NE,7887,SVGS2,40.9108,-96.6147,Pipeline Natural Gas,Operating,"1 (27), 2 (45)"
NE,7887,SVGS3,40.9108,-96.6147,Pipeline Natural Gas,Operating,"3 (45), 1 (27)"
NE,7887,SVGS4,40.9108,-96.6147,Pipeline Natural Gas,Operating,4 (45)
AL,7897,1A,32.3814,-86.5736,Pipeline Natural Gas,Operating,"ST1 (284), CT1A (203.2)"
AL,7897,1B,32.3814,-86.5736,Pipeline Natural Gas,Operating,"ST1 (284), CT1B (203.2)"
AL,7897,2A,32.3814,-86.5736,Pipeline Natural Gas,Operating,"CT2A (203.2), ST2 (282)"
AL,7897,2B,32.3814,-86.5736,Pipeline Natural Gas,Operating,"ST2 (282), CT2B (203.2)"
TX,7900,SH1,30.2091,-97.6139,Pipeline Natural Gas,Operating,SH1 (60.5)
TX,7900,SH2,30.2091,-97.6139,Pipeline Natural Gas,Operating,SH2 (60.5)
TX,7900,SH3,30.2091,-97.6139,Pipeline Natural Gas,Operating,SH3 (60.5)
TX,7900,SH4,30.2091,-97.6139,Pipeline Natural Gas,Operating,SH4 (60.5)
TX,7900,SH5,30.2091,-97.6139,Pipeline Natural Gas,Operating,"5A (198.9), 5C (191.1)"
TX,7900,SH6,30.2091,-97.6139,Pipeline Natural Gas,Operating,SH6 (60.5)
TX,7900,SH7,30.2091,-97.6139,Pipeline Natural Gas,Operating,SH7 (60.5)
TX,7902,1,32.4607,-94.4852,Coal,Operating,1 (720.5)
MO,7903,MGS1A,37.2479,-93.1709,Pipeline Natural Gas,Operating,MGS1 (58.9)
MO,7903,MGS1B,37.2479,-93.1709,Pipeline Natural Gas,Operating,MGS1 (58.9)
MO,7903,MGS2A,37.2479,-93.1709,Pipeline Natural Gas,Operating,MGS2 (58.9)
MO,7903,MGS2B,37.2479,-93.1709,Pipeline Natural Gas,Operating,MGS2 (58.9)
NY,7909,VB01,40.7539,-73.9506,Pipeline Natural Gas,Operating,VB01 (47)
NY,7909,VB02,40.7539,-73.9506,Pipeline Natural Gas,Operating,VB02 (47)
NY,7910,2301,40.663,-74,Pipeline Natural Gas,Operating,1 (47)
NY,7910,2302,40.663,-74,Pipeline Natural Gas,Operating,"2 (47), 1 (47)"
NY,7912,BW01,40.787,-73.2933,Pipeline Natural Gas,Operating,1 (47)
NY,7913,HG01,40.7988,-73.9093,Pipeline Natural Gas,Operating,HG01 (47)
NY,7913,HG02,40.7988,-73.9093,Pipeline Natural Gas,Operating,HG02 (47)
NY,7914,HR01,40.7989,-73.9147,Pipeline Natural Gas,Operating,HR01 (47)
NY,7914,HR02,40.7989,-73.9147,Pipeline Natural Gas,Operating,HR02 (47)
NY,7915,NO1,40.7168,-73.9665,Pipeline Natural Gas,Operating,N01 (47)
GA,7916,1,32.5892,-84.6917,Pipeline Natural Gas,Operating,1 (121)
GA,7916,2,32.5892,-84.6917,Pipeline Natural Gas,Operating,2 (121)
GA,7916,3,32.5892,-84.6917,Pipeline Natural Gas,Operating,3 (121)
GA,7916,4,32.5892,-84.6917,Pipeline Natural Gas,Operating,4 (121)
GA,7916,5,32.5892,-84.6917,Pipeline Natural Gas,Operating,5 (121)
GA,7916,6,32.5892,-84.6917,Pipeline Natural Gas,Operating,6 (121)
GA,7917,8A,33.407,-85.0387,Pipeline Natural Gas,Operating,"3 (187.7), 1 (176)"
GA,7917,8B,33.407,-85.0387,Pipeline Natural Gas,Operating,"3 (187.7), 2 (176)"
MN,7925,CT01,43.7984,-94.8415,Pipeline Natural Gas,Operating,1 (105)
MN,7925,CT02,43.7984,-94.8415,Pipeline Natural Gas,Operating,2 (105)
MN,7925,CT03,43.7984,-94.8415,Pipeline Natural Gas,Operating,3 (105)
MN,7925,CT04,43.7984,-94.8415,Pipeline Natural Gas,Operating,4 (105)
MN,7925,CT05,43.7984,-94.8415,Pipeline Natural Gas,Operating,5 (105)
MN,7925,CT06,43.7984,-94.8415,Pipeline Natural Gas,Operating,6 (105)
KS,7928,1,38.5325,-94.9042,Pipeline Natural Gas,Operating,1 (102)
KS,7929,1,38.7878,-94.985,Pipeline Natural Gas,Operating,1 (102)
KS,7929,2,38.7878,-94.985,Pipeline Natural Gas,Operating,2 (102)
KS,7929,3,38.7878,-94.985,Pipeline Natural Gas,Operating,3 (102)
KS,7929,4,38.7878,-94.985,Pipeline Natural Gas,Operating,4 (102)
GA,7946,CT9A,33.4082,-85.0399,Pipeline Natural Gas,Operating,"ST1 (226), CT2 (171)"
GA,7946,CT9B,33.4082,-85.0399,Pipeline Natural Gas,Operating,"CT1 (171), ST1 (226)"
MN,7947,1,47.5444,-95.1297,Pipeline Natural Gas,Operating,1 (44)
IN,7948,1,38.8003,-86.4511,Pipeline Natural Gas,Operating,1 (47)
IN,7948,2,38.8003,-86.4511,Pipeline Natural Gas,Operating,2 (47)
IN,7948,3,38.8003,-86.4511,Pipeline Natural Gas,Operating,3 (47)
IN,7948,4,38.8003,-86.4511,Pipeline Natural Gas,Operating,4 (47)
IN,7948,5,38.8003,-86.4511,Pipeline Natural Gas,Operating,5 (47)
IN,7948,6,38.8003,-86.4511,Pipeline Natural Gas,Operating,6 (47)
ID,7953,CT1,43.1794,-115.7328,Pipeline Natural Gas,Operating,1 (179)
ID,7953,CT2,43.1794,-115.7328,Pipeline Natural Gas,Operating,2 (45.9)
ID,7953,CT3,43.1794,-115.7328,Pipeline Natural Gas,Operating,3 (45.9)
MS,7960,KCT1,32.7976,-88.6057,Pipeline Natural Gas,Operating,GT1 (93)
MS,7960,KCT2,32.7976,-88.6057,Pipeline Natural Gas,Operating,GT2 (93)
MS,7960,KCT3,32.7976,-88.6057,Pipeline Natural Gas,Operating,GT3 (93)
MS,7960,KCT4,32.7976,-88.6057,Pipeline Natural Gas,Operating,GT4 (93)
DE,7962,1,39.2798,-75.6246,Pipeline Natural Gas,Operating,001 (45)
DE,7962,2,39.2798,-75.6246,Pipeline Natural Gas,Operating,002 (51)
MO,7964,CT1A,39.3531,-91.2295,Pipeline Natural Gas,Operating,1 (57)
MO,7964,CT1B,39.3531,-91.2295,Pipeline Natural Gas,Operating,1 (57)
MO,7964,CT2A,39.3531,-91.2295,Pipeline Natural Gas,Operating,2 (57)
MO,7964,CT2B,39.3531,-91.2295,Pipeline Natural Gas,Operating,2 (57)
MO,7964,CT3A,39.3531,-91.2295,Pipeline Natural Gas,Operating,3 (57)
MO,7964,CT3B,39.3531,-91.2295,Pipeline Natural Gas,Operating,3 (57)
MO,7964,CT4A,39.3531,-91.2295,Pipeline Natural Gas,Operating,4 (57)
MO,7964,CT4B,39.3531,-91.2295,Pipeline Natural Gas,Operating,4 (57)
NM,7967,1,32.3494,-108.6975,Pipeline Natural Gas,Operating,1 (44)
NM,7967,2,32.3494,-108.6975,Pipeline Natural Gas,Operating,2 (44)
MI,7972,1,42.167,-83.5318,Pipeline Natural Gas,Operating,1 (85)
MI,7972,2,42.167,-83.5318,Pipeline Natural Gas,Operating,2 (85)
MI,7972,3,42.167,-83.5318,Pipeline Natural Gas,Operating,3 (85)
MI,7972,4,42.167,-83.5318,Pipeline Natural Gas,Operating,4 (85)
NM,7975,1,32.2363,-108.5494,Pipeline Natural Gas,Operating,1 (45)
NM,7975,2,32.2363,-108.5494,Pipeline Natural Gas,Operating,2 (45)
NM,7975,3,32.2363,-108.5494,Pipeline Natural Gas,Operating,3 (45)
NM,7975,4,32.2363,-108.5494,Pipeline Natural Gas,Operating,4 (45)
SC,7981,1,35.1597,-81.4306,Natural Gas,Operating,1 (90)
SC,7981,2,35.1597,-81.4306,Natural Gas,Operating,2 (90)
SC,7981,3,35.1597,-81.4306,Natural Gas,Operating,3 (90)
SC,7981,4,35.1597,-81.4306,Natural Gas,Operating,4 (90)
SC,7981,5,35.1597,-81.4306,Natural Gas,Operating,5 (90)
SC,7981,6,35.1597,-81.4306,Natural Gas,Operating,6 (90)
SC,7981,7,35.1597,-81.4306,Natural Gas,Operating,7 (90)
SC,7981,8,35.1597,-81.4306,Natural Gas,Operating,8 (90)
MI,7984,1A,44.6889,-85.2019,Pipeline Natural Gas,Operating,001 (60.5)
MI,7984,1B,44.6889,-85.2019,Pipeline Natural Gas,Operating,001 (60.5)
IA,7985,1,41.5563,-93.5283,Pipeline Natural Gas,Operating,"GT1 (190.4), ST1 (195.5)"
IA,7985,2,41.5563,-93.5283,Pipeline Natural Gas,Operating,"ST1 (195.5), GT2 (190.4)"
CA,7987,01,34.1775,-118.3147,Pipeline Natural Gas,Operating,L1 (48)
MS,7988,1,31.6004,-89.9468,Pipeline Natural Gas,Operating,1 (90)
MS,7988,2,31.6004,-89.9468,Pipeline Natural Gas,Operating,2 (90)
MS,7988,3,31.6004,-89.9468,Pipeline Natural Gas,Operating,3 (90)
MS,7989,1,31.9842,-89.4131,Pipeline Natural Gas,Operating,1 (75)
MS,7989,2,31.9842,-89.4131,Pipeline Natural Gas,Operating,2 (75)
MS,7989,3,31.9842,-89.4131,Pipeline Natural Gas,Operating,3 (75)
WI,7991,U1,43.0751,-89.4251,Natural Gas,Operating,"1 (54), STG1 (61.3)"
WI,7991,U2,43.0751,-89.4251,Natural Gas,Operating,"CT2 (54), STG1 (61.3)"
WA,7999,1,46.9688,-123.48,Natural Gas,Operating,"ST1 (300), CT1 (175)"
WA,7999,2,46.9688,-123.48,Natural Gas,Operating,"ST1 (300), CT2 (175)"
NE,8000,1,40.3286,-96.8067,Pipeline Natural Gas,Operating,"ST1 (93.9), CT1 (76.6)"
NE,8000,2,40.3286,-96.8067,Pipeline Natural Gas,Operating,"ST1 (93.9), CT2 (76.6)"
NH,8002,1,43.0974,-70.7834,Residual Oil,Operating,1 (414)
NY,8006,1,41.5711,-73.9747,Pipeline Natural Gas,Operating,1 (621)
NY,8006,2,41.5711,-73.9747,Pipeline Natural Gas,Operating,2 (621)
NY,8007,U00001,40.8153,-73.0664,Diesel Oil,Operating,1 (56.7)
NY,8007,U00002,40.8153,-73.0664,Diesel Oil,Operating,1 (56.7)
NY,8007,U00003,40.8153,-73.0664,Diesel Oil,Operating,2 (56.7)
NY,8007,U00004,40.8153,-73.0664,Diesel Oil,Operating,2 (56.7)
NY,8007,U00005,40.8153,-73.0664,Diesel Oil,Operating,3 (56.7)
NY,8007,U00006,40.8153,-73.0664,Diesel Oil,Operating,3 (56.7)
NY,8007,U00007,40.8153,-73.0664,Diesel Oil,Operating,4 (56.7)
NY,8007,U00008,40.8153,-73.0664,Diesel Oil,Operating,4 (56.7)
NY,8007,U00009,40.8153,-73.0664,Diesel Oil,Operating,5 (56.7)
NY,8007,U00010,40.8153,-73.0664,Diesel Oil,Operating,5 (56.7)
NY,8007,U00011,40.8153,-73.0664,Diesel Oil,Operating,6 (56.7)
NY,8007,U00012,40.8153,-73.0664,Diesel Oil,Operating,6 (56.7)
NY,8007,U00013,40.8153,-73.0664,Diesel Oil,Operating,7 (56.7)
NY,8007,U00014,40.8153,-73.0664,Diesel Oil,Operating,7 (56.7)
NY,8007,U00015,40.8153,-73.0664,Diesel Oil,Operating,8 (56.7)
NY,8007,U00016,40.8153,-73.0664,Diesel Oil,Operating,8 (56.7)
NY,8007,U00017,40.8153,-73.0664,Diesel Oil,Operating,9 (56.7)
NY,8007,U00018,40.8153,-73.0664,Diesel Oil,Operating,9 (56.7)
NY,8007,U00019,40.8153,-73.0664,Diesel Oil,Operating,10 (56.7)
NY,8007,U00020,40.8153,-73.0664,Diesel Oil,Operating,10 (56.7)
NJ,8008,001001,39.8139,-75.2508,Pipeline Natural Gas,Operating (Retired 05/31/2024),MICK (71.2)
PA,8012,11,40.08,-74.8917,Diesel Oil,Operating,11 (50)
PA,8012,12,40.08,-74.8917,Diesel Oil,Operating,12 (50)
PA,8012,21,40.08,-74.8917,Diesel Oil,Operating,21 (50)
PA,8012,22,40.08,-74.8917,Diesel Oil,Operating,22 (50)
PA,8012,31,40.08,-74.8917,Diesel Oil,Operating,31 (50)
PA,8012,32,40.08,-74.8917,Diesel Oil,Operating,32 (50)
PA,8012,41,40.08,-74.8917,Diesel Oil,Operating,41 (50)
PA,8012,42,40.08,-74.8917,Diesel Oil,Operating,42 (50)
IL,8016,2,39.8266,-89.6368,Diesel Oil,Operating,1 (26.6)
WI,8023,1,43.4864,-89.4203,Coal,Operating,1 (512)
WI,8023,2,43.4864,-89.4203,Coal,Operating,2 (511)
MN,8027,1,44.7855,-93.4315,Diesel Oil,Operating,1 (63)
MN,8027,2,44.7855,-93.4315,Diesel Oil,Operating,2 (63)
MN,8027,3,44.7855,-93.4315,Diesel Oil,Operating,3 (63)
MN,8027,4,44.7855,-93.4315,Diesel Oil,Operating,4 (63)
MN,8027,7,44.7855,-93.4315,Pipeline Natural Gas,Operating,7 (195)
MN,8027,8,44.7855,-93.4315,Pipeline Natural Gas,Operating,8 (195)
IA,8029,1,41.6722,-93.6769,Pipeline Natural Gas,Operating,1 (78.8)
IA,8029,2,41.6722,-93.6769,Pipeline Natural Gas,Operating,2 (78.8)
IA,8031,11,43.094,-93.2922,Pipeline Natural Gas,Operating,"ST1 (244.6), 11 (173)"
IA,8031,12,43.094,-93.2922,Pipeline Natural Gas,Operating,"ST1 (244.6), 12 (173)"
KS,8037,CL1,39.6125,-97.2778,Pipeline Natural Gas,Operating,1 (78.75)
NC,8042,1,36.2811,-80.0603,Coal,Operating,1 (1080.1)
NC,8042,2,36.2811,-80.0603,Coal,Operating,2 (1080.1)
FL,8048,1,28.1844,-82.7887,Pipeline Natural Gas,Operating,1 (556.2)
FL,8048,2,28.1844,-82.7887,Pipeline Natural Gas,Operating,2 (556.2)
FL,8049,**10,28.2628,-81.5486,Pipeline Natural Gas,Operating,P10 (115)
FL,8049,**11,28.2628,-81.5486,Diesel Oil,Operating,P11 (165)
FL,8049,**12,28.2628,-81.5486,Pipeline Natural Gas,Operating,P12 (115)
FL,8049,**13,28.2628,-81.5486,Pipeline Natural Gas,Operating,P13 (115)
FL,8049,**14,28.2628,-81.5486,Pipeline Natural Gas,Operating,P14 (115)
FL,8049,**7,28.2628,-81.5486,Pipeline Natural Gas,Operating,P7 (115)
FL,8049,**8,28.2628,-81.5486,Pipeline Natural Gas,Operating,P8 (115)
FL,8049,**9,28.2628,-81.5486,Pipeline Natural Gas,Operating,P9 (115)
NY,8053,PT01,40.6188,-74.069,Pipeline Natural Gas,Operating,PT01 (47)
MS,8054,1,33.3503,-91.1181,Pipeline Natural Gas,Operating,1 (781.5)
LA,8056,1,29.9994,-90.4758,Pipeline Natural Gas,Operating,1 (445.5)
LA,8056,2,29.9994,-90.4758,Pipeline Natural Gas,Operating,2 (445.5)
LA,8056,4,29.9994,-90.4758,Diesel Oil,Operating,4 (35)
OK,8059,7251,34.5431,-98.3244,Pipeline Natural Gas,Operating,"1S (106.8), 1G1 (85)"
OK,8059,7252,34.5431,-98.3244,Pipeline Natural Gas,Operating,"1S (106.8), 1G2 (85)"
TX,8063,CT1,32.4033,-97.6986,Pipeline Natural Gas,Operating,CT1 (81)
TX,8063,CT2,32.4033,-97.6986,Pipeline Natural Gas,Operating,CT2 (81)
TX,8063,CT3,32.4033,-97.6986,Pipeline Natural Gas,Operating,CT3 (81)
TX,8063,CT4,32.4033,-97.6986,Pipeline Natural Gas,Operating,CT4 (81)
WY,8066,BW71,41.7378,-108.7875,Pipeline Natural Gas,Operating,1 (530)
WY,8066,BW72,41.7378,-108.7875,Pipeline Natural Gas,Operating,2 (530)
WY,8066,BW73,41.7378,-108.7875,Coal,Operating,3 (530)
WY,8066,BW74,41.7378,-108.7875,Coal,Operating,4 (530)
AZ,8068,5A,33.3333,-111.751,Pipeline Natural Gas,Operating,"ST5A (153.8), ST5S (314.5)"
AZ,8068,5B,33.3333,-111.751,Pipeline Natural Gas,Operating,"ST5B (153.8), ST5S (314.5)"
AZ,8068,6A,33.3333,-111.751,Pipeline Natural Gas,Operating,"ST6A (153.8), ST6S (136.1)"
UT,8069,1,39.3792,-111.0781,Coal,Operating,1 (445)
UT,8069,2,39.3792,-111.0781,Coal,Operating,2 (450)
OH,8102,1,38.9347,-82.1158,Coal,Operating,1 (1300)
OH,8102,2,38.9347,-82.1158,Coal,Operating,2 (1300)
OH,8102,B001,38.9347,-82.1158,Diesel Oil,Operating,
OH,8102,B002,38.9347,-82.1158,Diesel Oil,Operating,
CO,8219,1,38.6306,-104.7056,Coal,Operating,1 (207)
CO,8219,2,38.6306,-104.7056,Pipeline Natural Gas,Operating,GT1 (35.8)
CO,8219,3,38.6306,-104.7056,Pipeline Natural Gas,Operating,GT2 (35.8)
ND,8222,B1,47.2217,-101.8139,Coal,Operating,1 (450)
AZ,8223,1,34.3186,-109.1636,Coal,Operating,1 (424.8)
AZ,8223,2,34.3186,-109.1636,Coal,Operating,2 (424.8)
AZ,8223,4,34.3186,-109.1636,Coal,Operating,4 (458.1)
AZ,8223,TS3,34.3186,-109.1636,Coal,Operating,3 (458.1)
NV,8224,1,40.8831,-117.1542,Coal,Operating,1 (254.3)
NV,8224,2,40.8831,-117.1542,Coal,Operating,2 (267)
NY,8906,20,40.7869,-73.9122,Pipeline Natural Gas,Operating,2 (200)
NY,8906,31RH,40.7869,-73.9122,Pipeline Natural Gas,Operating,3 (376.2)
NY,8906,32SH,40.7869,-73.9122,Pipeline Natural Gas,Operating,3 (376.2)
NY,8906,51RH,40.7869,-73.9122,Pipeline Natural Gas,Operating,ST5 (387.2)
NY,8906,52SH,40.7869,-73.9122,Pipeline Natural Gas,Operating,ST5 (387.2)
NY,8906,CT0001,40.7869,-73.9122,Pipeline Natural Gas,Operating,1 (15)
VA,10017,002,37.5392,-76.8053,Coal,Operating,"GN11 (15), GEN8 (5), GN10 (25), GEN9 (10)"
NY,10025,4B,43.1969,-77.6289,Natural Gas,Operating,44TG (25.6)
DE,10030,2,39.1467,-75.5461,Pipeline Natural Gas,Operating,"COG1 (18), KD-1 (50)"
DE,10030,3,39.1467,-75.5461,Pipeline Natural Gas,Operating,KD-2 (50)
CA,10034,S-100,37.0001,-121.5367,Pipeline Natural Gas,Operating,"GEN1 (90), GEN2 (40)"
PA,10113,031,40.79,-76.1984,Coal Refuse,Operating,GEN1 (88.4)
PA,10113,032,40.79,-76.1984,Coal Refuse,Operating,GEN1 (88.4)
PA,10143,AAB01,40.55,-78.8,Coal Refuse,Operating,COLV (118)
WV,10151,1A,39.5611,-80.1642,Coal Refuse,Operating,GEN1 (95.7)
WV,10151,1B,39.5611,-80.1642,Coal Refuse,Operating,GEN1 (95.7)
CA,10156,GEN1,36.6183,-120.1,Pipeline Natural Gas,Operating,"GEN2 (12.5), GEN4 (71.2)"
CA,10169,D1,33.8759,-118.2491,Pipeline Natural Gas,Operating,"GEN1 (45.3), GEN2 (10.5)"
MA,10176,A,42.3414,-71.0311,Other Oil,Operating,6 (69)
MA,10176,B,42.3414,-71.0311,Other Oil,Operating,6 (69)
NY,10190,1,42.5375,-73.7433,Pipeline Natural Gas,Operating,"GEN1 (47), GEN2 (25)"
OH,10244,B002,39.3265,-82.9744,Natural Gas,Operating,"T-10 (10.7), T-11 (24), T-13 (27.2), T-12 (31)"
OH,10244,B003,39.3265,-82.9744,Natural Gas,Operating,"T-10 (10.7), T-11 (24), T-12 (31), T-13 (27.2)"
TN,10252,REC2,36.5489,-82.5667,Pipeline Natural Gas,Operating,NO1 (72)
CA,10294,2,36.225,-121.1278,Pipeline Natural Gas,Operating,CTG1 (47.3)
CA,10294,GTG,36.225,-121.1278,Pipeline Natural Gas,Operating,"GTG (90.8), STG (42.4)"
TX,10298,CG801,29.6225,-95.0458,Pipeline Natural Gas,Operating,GEN1 (75)
TX,10298,CG802,29.6225,-95.0458,Pipeline Natural Gas,Operating,GEN2 (75)
TX,10298,CG802A,29.6225,-95.0458,,Future,GEN2A (79.6)
TX,10298,CG803,29.6225,-95.0458,Pipeline Natural Gas,Operating,GEN3 (75)
TX,10298,CG804,29.6225,-95.0458,Pipeline Natural Gas,Operating,GEN4 (75)
MA,10307,1,42.0925,-71.4833,Pipeline Natural Gas,Operating,"ST1 (128.7), CT1 (128.7)"
MA,10307,2,42.0925,-71.4833,Pipeline Natural Gas,Operating,"ST1 (128.7), CT2 (128.7)"
NJ,10308,1001,40.439,-74.3444,Pipeline Natural Gas,Operating,"ST1 (143.4), CT1 (143.4)"
NJ,10308,1002,40.439,-74.3444,Pipeline Natural Gas,Operating,"ST1 (143.4), CT2 (143.4)"
MI,10328,UNIT1,42.7178,-84.4836,Natural Gas,Operating,GEN1 (12.5)
MI,10328,UNIT2,42.7178,-84.4836,Natural Gas,Operating,GEN2 (12.5)
MI,10328,UNIT3,42.7178,-84.4836,Natural Gas,Operating,GEN3 (15)
MI,10328,UNIT4,42.7178,-84.4836,Natural Gas,Operating,GEN4 (21)
PA,10343,SG-101,40.8092,-76.4539,Coal Refuse,Operating,TG1 (46)
CA,10349,2,39.1365,-121.6397,Pipeline Natural Gas,Operating,GEN1 (49.5)
CA,10350,CTGA,39.0536,-121.6942,Pipeline Natural Gas,Operating,CTGA (34.9)
CA,10350,CTGB,39.0536,-121.6942,Pipeline Natural Gas,Operating,CTGB (34.9)
CA,10405,1,36.547,-119.578,Pipeline Natural Gas,Operating,"GEN2 (13.1), GEN1 (23.1)"
NY,10464,E0001,44.0361,-75.7712,Wood,Retired,GEN1 (55.5)
NY,10464,E0002,44.0361,-75.7712,Wood,Retired,GEN1 (55.5)
NY,10464,E0003,44.0361,-75.7712,Wood,Retired,GEN1 (55.5)
NC,10525,ES5A,35.1285,-77.17,Wood,Operating,1UNI (50)
CT,10567,GT1,41.9227,-72.6255,Pipeline Natural Gas,Operating,"STG (16), GTG (40)"
PA,10603,031,40.455,-78.7472,Coal,Operating,GEN1 (57.6)
NY,10617,1,43.8861,-75.4342,Pipeline Natural Gas,Operating,"GEN2 (42.3), GEN1 (65.5)"
NY,10619,00001,42.5083,-78.0661,Pipeline Natural Gas,Operating,"1 (42), 2 (25)"
NY,10620,1,43.9842,-75.6225,Pipeline Natural Gas,Operating,"GEN1 (41), GEN2 (22)"
NY,10621,1,43.0667,-76.2246,Pipeline Natural Gas,Operating,"GEN1 (65.5), GEN2 (37.2)"
VA,10633,1,37.2914,-77.2821,Pipeline Natural Gas,Operating,"GT1 (89), ST1 (96)"
VA,10633,2,37.2914,-77.2821,Pipeline Natural Gas,Operating,"ST1 (96), GT2 (89)"
VA,10633,3,37.2914,-77.2821,Pipeline Natural Gas,Operating,"ST1 (96), GT3 (89)"
CA,10649,GT1,35.4192,-118.9266,Pipeline Natural Gas,Operating,GEN1 (46)
CA,10650,GT1,35.4837,-119.0299,Pipeline Natural Gas,Operating,GEN1 (46)
OK,10671,1A,35.1931,-94.6458,Coal,Operating,GEN1 (175)
OK,10671,1B,35.1931,-94.6458,Coal,Operating,GEN1 (175)
OK,10671,2A,35.1931,-94.6458,Coal,Operating,GEN2 (175)
OK,10671,2B,35.1931,-94.6458,Coal,Operating,GEN2 (175)
MD,10678,001,39.5944,-78.7456,Coal,Operating (Retired 06/01/2024),GEN1 (229)
CO,10682,GT2,40.2415,-103.631,Pipeline Natural Gas,Operating,"GT2 (25), ST1 (38)"
CO,10682,GT4,40.2415,-103.631,Pipeline Natural Gas,Operating,"ST4 (90), GT4 (23.8)"
CO,10682,GT5,40.2415,-103.631,Pipeline Natural Gas,Operating,"ST4 (90), GT5 (23.8)"
MI,10698,BLR08,42.3049,-85.5783,Natural Gas,Operating (Retired 10/07/2024),GEN1 (10)
NY,10725,CTG101,42.5744,-73.8592,Pipeline Natural Gas,Operating,"GEN1 (95.2), GEN2 (12)"
NY,10725,CTG201,42.5744,-73.8592,Pipeline Natural Gas,Operating,"GEN3 (95.2), GEN5 (148.4)"
NY,10725,CTG301,42.5744,-73.8592,Pipeline Natural Gas,Operating,"GEN5 (148.4), GEN4 (95.5)"
MA,10726,1,42.156,-72.5292,Pipeline Natural Gas,Operating,"GEN1 (87), GEN3 (72)"
MA,10726,2,42.156,-72.5292,Pipeline Natural Gas,Operating,"GEN3 (72), GEN2 (87)"
WV,10743,CFB1,39.6397,-79.9606,Pipeline Natural Gas,Operating,GEN1 (69)
WV,10743,CFB2,39.6397,-79.9606,Pipeline Natural Gas,Operating,GEN1 (69)
MI,10745,003,43.5861,-84.2242,Pipeline Natural Gas,Operating,"BP15 (13.5), ST1 (410), GT3 (87.2)"
MI,10745,004,43.5861,-84.2242,Pipeline Natural Gas,Operating,"GT4 (87.2), BP15 (13.5), ST1 (410)"
MI,10745,005,43.5861,-84.2242,Pipeline Natural Gas,Operating,"GT5 (87.2), ST1 (410), BP15 (13.5)"
MI,10745,006,43.5861,-84.2242,Pipeline Natural Gas,Operating,"BP15 (13.5), ST1 (410), GT6 (87.2)"
MI,10745,007,43.5861,-84.2242,Pipeline Natural Gas,Operating,"ST1 (410), GT7 (87.2), BP15 (13.5)"
MI,10745,008,43.5861,-84.2242,Pipeline Natural Gas,Operating,"GT8 (87.2), ST1 (410), BP15 (13.5)"
MI,10745,009,43.5861,-84.2242,Pipeline Natural Gas,Operating,"GT9 (87.2), ST1 (410), BP15 (13.5)"
MI,10745,010,43.5861,-84.2242,Pipeline Natural Gas,Operating,"BP15 (13.5), GT10 (87.2), ST1 (410)"
MI,10745,011,43.5861,-84.2242,Pipeline Natural Gas,Operating,"GT11 (87.2), BP15 (13.5), ST1 (410)"
MI,10745,012,43.5861,-84.2242,Pipeline Natural Gas,Operating,"BP15 (13.5), GT12 (87.2), ST1 (410)"
MI,10745,013,43.5861,-84.2242,Pipeline Natural Gas,Operating,"GT13 (87.2), BP15 (13.5), ST1 (410)"
MI,10745,014,43.5861,-84.2242,Pipeline Natural Gas,Operating,"GT14 (87.2), BP15 (13.5), ST1 (410)"
MI,10745,016,43.5861,-84.2242,Pipeline Natural Gas,Operating,"ST1 (410), BP15 (13.5)"
MI,10745,017,43.5861,-84.2242,Pipeline Natural Gas,Operating,"BP15 (13.5), ST1 (410)"
MI,10745,018,43.5861,-84.2242,Pipeline Natural Gas,Operating,"ST1 (410), BP15 (13.5)"
MI,10745,019,43.5861,-84.2242,Pipeline Natural Gas,Operating,"ST1 (410), BP15 (13.5)"
MI,10745,020,43.5861,-84.2242,Pipeline Natural Gas,Operating,"BP15 (13.5), ST1 (410)"
MI,10745,021,43.5861,-84.2242,Pipeline Natural Gas,Operating,"BP15 (13.5), ST1 (410)"
NJ,10751,002001,39.9175,-75.1192,Pipeline Natural Gas,Operating,"GEN1 (95.2), GEN2 (61.8)"
NV,10761,1,36.2317,-115.1235,Pipeline Natural Gas,Operating,"GEN2 (11.5), GEN1 (49.8)"
NV,10761,2,36.2317,-115.1235,Pipeline Natural Gas,Operating,"GEN7 (27.8), GEN3 (60.5)"
NV,10761,3,36.2317,-115.1235,Pipeline Natural Gas,Operating,"GEN4 (60.5), GEN7 (27.8)"
NV,10761,4,36.2317,-115.1235,Pipeline Natural Gas,Operating,"GEN5 (60.5), GEN8 (27.8)"
NV,10761,5,36.2317,-115.1235,Pipeline Natural Gas,Operating,"GEN6 (60.5), GEN8 (27.8)"
VA,10771,1,37.2969,-77.2833,Wood,Operating,1 (71.1)
VA,10771,2,37.2969,-77.2833,Wood,Operating,1 (71.1)
VA,10773,1,37.1183,-79.2726,Wood,Operating,"1 (71.1), GEN1 (71.1)"
VA,10773,2,37.1183,-79.2726,Wood,Operating,1 (71.1)
VA,10774,1,36.6525,-76.9953,Wood,Operating,1 (71.1)
VA,10774,2,36.6525,-76.9953,Wood,Operating,1 (71.1)
CA,10776,GTG,34.1963,-119.1663,Natural Gas,Operating,GTG (48.5)
MT,10784,CBLR,45.9753,-106.6554,,Operating,GEN1 (46.1)
WV,10788,612,38.2431,-81.556,Natural Gas,Operating,
NY,10803,1,44.7258,-75.4417,Pipeline Natural Gas,Operating,"GEN1 (45), GEN3 (26.9)"
NY,10803,2,44.7258,-75.4417,Pipeline Natural Gas,Operating,"GEN2 (23.6), GEN3 (26.9)"
NJ,10805,002001,40.6781,-74.2744,Pipeline Natural Gas,Operating,"GEN1 (22), GEN2 (6.8)"
MI,10822,1,44.6062,-84.6901,Wood,Operating,GEN1 (38)
MA,10823,S42,42.3497,-70.9601,Diesel Oil,Operating,G101 (26)
MA,10823,S43,42.3497,-70.9601,Diesel Oil,Operating,G201 (26)
MN,10849,PB1,47.286,-91.26,Coal,Operating,GEN1 (46)
MN,10849,PB2,47.286,-91.26,Coal,Operating,GEN2 (82)
IL,10865,FBC1,39.8675,-88.885,Coal,Operating,"GEN7 (75), GEN6 (31), GEN5 (31), GEN4 (31), GEN3 (31), GEN2 (31), GEN8 (105)"
IL,10865,FBC2,39.8675,-88.885,Coal,Operating,"GEN8 (105), GEN3 (31), GEN5 (31), GEN7 (75), GEN6 (31), GEN2 (31), GEN4 (31)"
IL,10865,FBC3,39.8675,-88.885,Coal,Operating,"GEN4 (31), GEN8 (105), GEN6 (31), GEN5 (31), GEN2 (31), GEN7 (75), GEN3 (31)"
IL,10865,FBC4,39.8675,-88.885,Coal,Operating,"GEN7 (75), GEN8 (105), GEN2 (31), GEN3 (31), GEN4 (31), GEN5 (31), GEN6 (31)"
IL,10865,FBC5,39.8675,-88.885,Coal,Operating,"GEN2 (31), GEN4 (31), GEN5 (31), GEN7 (75), GEN8 (105), GEN3 (31), GEN6 (31)"
IL,10865,FBC6,39.8675,-88.885,Coal,Operating,"GEN3 (31), GEN6 (31), GEN8 (105), GEN5 (31), GEN4 (31), GEN7 (75), GEN2 (31)"
IL,10865,FBC7,39.8675,-88.885,Coal,Operating,"GEN8 (105), GEN6 (31), GEN2 (31), GEN3 (31), GEN4 (31), GEN5 (31), GEN7 (75)"
IL,10865,FBC8,39.8675,-88.885,Coal,Operating,"GEN3 (31), GEN2 (31), GEN4 (31), GEN7 (75), GEN5 (31), GEN6 (31), GEN8 (105)"
IL,10865,FBC9,39.8675,-88.885,Coal,Operating,"GEN5 (31), GEN2 (31), GEN7 (75), GEN4 (31), GEN3 (31), GEN6 (31), GEN8 (105)"
IL,10865,GB1,39.8675,-88.885,Pipeline Natural Gas,Operating,
IL,10865,GB2,39.8675,-88.885,Pipeline Natural Gas,Operating,
IL,10866,13,40.6776,-89.6069,Pipeline Natural Gas,Operating,
IL,10866,14,40.6776,-89.6069,Pipeline Natural Gas,Operating,
PA,10870,TURB2,40.9282,-76.0416,Pipeline Natural Gas,Operating,GEN2 (33)
PA,10870,TURB3,40.9282,-76.0416,Pipeline Natural Gas,Operating,GEN3 (33)
PA,10870,TURB4,40.9282,-76.0416,Pipeline Natural Gas,Operating,GEN4 (33)
PA,10870,TURBIN,40.9282,-76.0416,Pipeline Natural Gas,Operating,GEN1 (72.5)
MA,50002,1,42.4564,-73.2181,Pipeline Natural Gas,Operating,"GEN4 (53.4), GEN1 (40)"
MA,50002,2,42.4564,-73.2181,Pipeline Natural Gas,Operating,"GEN4 (53.4), GEN2 (40)"
MA,50002,3,42.4564,-73.2181,Pipeline Natural Gas,Operating,"GEN4 (53.4), GEN3 (40)"
NJ,50006,004001,40.6322,-74.2156,Pipeline Natural Gas,Operating,"GTG6 (172), STG2 (95.2), STG3 (95.2), STG1 (95.2)"
NJ,50006,005001,40.6322,-74.2156,Pipeline Natural Gas,Operating,"GTG1 (88), STG1 (95.2), STG2 (95.2), STG3 (95.2)"
NJ,50006,006001,40.6322,-74.2156,Pipeline Natural Gas,Operating,"GTG2 (88), STG1 (95.2), STG2 (95.2), STG3 (95.2)"
NJ,50006,007001,40.6322,-74.2156,Pipeline Natural Gas,Operating,"STG2 (95.2), STG3 (95.2), GTG3 (88), STG1 (95.2)"
NJ,50006,008001,40.6322,-74.2156,Pipeline Natural Gas,Operating,"STG3 (95.2), STG1 (95.2), GTG4 (88), STG2 (95.2)"
NJ,50006,009001,40.6322,-74.2156,Pipeline Natural Gas,Operating,"GTG5 (88), STG2 (95.2), STG3 (95.2), STG1 (95.2)"
LA,50030,1A,30.2861,-93.2917,Petroleum Coke,Operating,1 (113.6)
LA,50030,2A,30.2861,-93.2917,Petroleum Coke,Operating,2 (113.6)
OH,50044,B132,40.0008,-83.0158,Pipeline Natural Gas,Operating,
TX,50109,HRSG1,33.6968,-95.5577,Pipeline Natural Gas,Operating,"GEN3 (90), GEN1 (80)"
TX,50109,HRSG2,33.6968,-95.5577,Pipeline Natural Gas,Operating,"GEN3 (90), GEN2 (80)"
TX,50137,1,29.2639,-95.8997,Pipeline Natural Gas,Operating,GEN1 (78.7)
WV,50151,B26,38.3688,-81.6786,Natural Gas,Operating,8 (6)
WV,50151,B27,38.3688,-81.6786,Natural Gas,Operating,8 (6)
NC,50188,105,35.2081,-77.1242,Pipeline Natural Gas,Operating,
NC,50188,6,35.2081,-77.1242,Pipeline Natural Gas,Operating,
IN,50240,2,40.4172,-86.9117,Pipeline Natural Gas,Operating,
IN,50240,3,40.4172,-86.9117,Natural Gas,Operating,
IN,50240,5,40.4172,-86.9117,Coal,Operating,
IN,50240,7,40.4172,-86.9117,Natural Gas,Operating,
ME,50243,GEN4,44.5739,-68.8033,Natural Gas,Operating,GEN4 (186.9)
NC,50254,001,36.4769,-77.6414,Coal,Operating,GEN1 (22.5)
PA,50279,2,41.4844,-75.5403,Pipeline Natural Gas,Operating,GEN2 (60.5)
NY,50292,GT1,40.7469,-73.4994,Pipeline Natural Gas,Operating,"GEN3 (16.2), GEN1 (33.7)"
NY,50292,GT2,40.7469,-73.4994,Pipeline Natural Gas,Operating,"GEN3 (16.2), GEN2 (33.7)"
NY,50292,GT3,40.7469,-73.4994,Pipeline Natural Gas,Operating,GEN5 (60)
NY,50292,GT4,40.7469,-73.4994,Pipeline Natural Gas,Operating,"GEN6 (60), GEN7 (36)"
NY,50368,CT1,42.4428,-76.4764,Pipeline Natural Gas,Operating,"TG2 (5.7), TG1 (1.8), CT1 (15)"
NY,50368,CT2,42.4428,-76.4764,Pipeline Natural Gas,Operating,"CT2 (15), TG1 (1.8), TG2 (5.7)"
PA,50397,036,39.8717,-76.8664,Coal,Operating,"GEN6 (39.2), GEN4 (7.5), GEN5 (45.9), GEN2 (6), GEN1 (6), GEN3 (5.1)"
PA,50397,038,39.8717,-76.8664,Pipeline Natural Gas,Operating,"GEN1 (6), GEN3 (5.1)"
PA,50397,039,39.8717,-76.8664,Pipeline Natural Gas,Operating,"GEN3 (5.1), GEN1 (6), GEN6 (39.2), GEN4 (7.5)"
NY,50449,1,42.6544,-78.0772,Pipeline Natural Gas,Operating,"GEN1 (39.4), GEN2 (17.3)"
NY,50450,1,43.4682,-76.4965,Pipeline Natural Gas,Operating,"GEN1 (41.3), GEN2 (16.3)"
NY,50451,1,42.9671,-78.9182,Pipeline Natural Gas,Operating,"GEN1 (40.7), GEN2 (19.4)"
NY,50458,1,43.25,-73.8125,Pipeline Natural Gas,Operating,"GEN2 (55), GEN1 (92)"
PA,50463,328001,41.573,-76.0426,Pipeline Natural Gas,Operating,GEN1 (53.6)
PA,50463,328002,41.573,-76.0426,Pipeline Natural Gas,Operating,GEN3 (64)
NY,50472,BLR05,43.0839,-79.0056,Pipeline Natural Gas,Operating,
NY,50472,R1B01,43.0839,-79.0056,Natural Gas,Operating,"GEN2 (25), GEN1 (25)"
NY,50472,R1B02,43.0839,-79.0056,Pipeline Natural Gas,Operating,"GEN2 (25), GEN1 (25)"
VA,50479,6,37.534,-79.357,Pipeline Natural Gas,Operating,
TN,50481,253-25,36.5192,-82.535,Other Gas,Operating,TG16 (11.1)
TN,50481,253-26,36.5192,-82.535,Other Gas,Operating,"TG19 (11.1), TG17 (11.1)"
TN,50481,253-27,36.5192,-82.535,Other Gas,Operating,TG18 (11.1)
TN,50481,253-28,36.5192,-82.535,Other Gas,Operating,
TN,50481,253-29,36.5192,-82.535,Other Gas,Operating,TG20 (11.1)
TN,50481,325-30,36.5192,-82.535,Coal,Operating,TG22 (15.3)
TN,50481,325-31,36.5192,-82.535,Coal,Operating,TG26 (16.6)
TN,50481,83-23,36.5192,-82.535,Coal,Operating,TG13 (7.5)
TN,50481,83-24,36.5192,-82.535,Coal,Operating,TG15 (7.5)
WV,50491,001,39.7475,-80.8547,Pipeline Natural Gas,Operating,"GEN6 (26), GEN4 (9), GEN3 (2)"
WV,50491,002,39.7475,-80.8547,Coal,Operating,"GEN3 (2), GEN4 (9), GEN6 (26)"
WV,50491,003,39.7475,-80.8547,Coal,Operating,GEN7 (82)
NC,50555,1,36.4525,-77.6594,Diesel Oil,Operating,"GEN1 (86), GEN3 (54)"
NC,50555,2,36.4525,-77.6594,Diesel Oil,Operating,"GEN2 (40), GEN3 (54)"
OK,50558,CC01,35.442,-97.6477,Pipeline Natural Gas,Operating,"GT01 (72.5), ST01 (49.9)"
NJ,50561,0001,39.8746,-75.1592,Pipeline Natural Gas,Operating,"GTG1 (90), STG1 (45), STG4 (26)"
NJ,50561,0002,39.8746,-75.1592,Pipeline Natural Gas,Operating,"GTG2 (90), STG4 (26), STG1 (45)"
PA,50607,23,39.9422,-75.1875,Residual Oil,Operating,
PA,50607,26,39.9422,-75.1875,Pipeline Natural Gas,Operating,
PA,50607,RSB1,39.9422,-75.1875,Pipeline Natural Gas,Operating,
PA,50607,RSB2,39.9422,-75.1875,Pipeline Natural Gas,Operating,
PA,50611,031,40.6191,-76.45,Coal,Operating,GEN1 (34)
CA,50612,GT1,35.3195,-119.662,Pipeline Natural Gas,Operating,GEN1 (48)
TX,50625,61STK1,30.0639,-94.0703,Natural Gas,Operating,TG41 (165)
TX,50625,61STK2,30.0639,-94.0703,Natural Gas,Operating,TG42 (165)
TX,50625,61STK3,30.0639,-94.0703,Natural Gas,Operating,TG43 (165)
IL,50627,20B1,41.4167,-88.1833,Process Gas,Operating,"GTG1 (21.9), STG1 (6.5)"
IL,50627,55B100,41.4167,-88.1833,Process Gas,Operating,
NJ,50628,748001,39.84,-75.2583,Process Gas,Operating,"GEN2 (15), GEN3 (15)"
NJ,50628,749001,39.84,-75.2583,Process Gas,Operating,GEN1 (27)
NJ,50628,751001,39.84,-75.2583,Process Gas,Operating,"GEN2 (15), GEN3 (15)"
NJ,50628,752001,39.84,-75.2583,Process Gas,Operating,"GEN2 (15), GEN3 (15)"
NJ,50628,780001,39.84,-75.2583,Process Gas,Operating,
CO,50707,S001,40.0979,-104.7745,Pipeline Natural Gas,Operating,"STA (52.2), STB (52.2), LMA (57.4)"
CO,50707,S002,40.0979,-104.7745,Pipeline Natural Gas,Operating,"STA (52.2), LMB (57.4), STB (52.2)"
CO,50707,S003,40.0979,-104.7745,Pipeline Natural Gas,Operating,"STA (52.2), STB (52.2), LMC (57.4)"
CO,50707,S004,40.0979,-104.7745,Pipeline Natural Gas,Operating,"STB (52.2), STA (52.2), LMD (57.4)"
CO,50707,S005,40.0979,-104.7745,Pipeline Natural Gas,Operating,"STA (52.2), STB (52.2), LME (57.4)"
PA,50729,CLBLR1,40.3097,-79.8819,Other Gas,Operating,
PA,50729,CLBLR2,40.3097,-79.8819,Other Gas,Operating,
PA,50732,ETBLR1,40.3925,-79.8564,Process Gas,Operating,"GEN2 (25), GEN1 (25)"
PA,50732,ETBLR2,40.3925,-79.8564,Process Gas,Operating,"GEN1 (25), GEN2 (25)"
PA,50732,ETBLR3,40.3925,-79.8564,Process Gas,Operating,"GEN2 (25), GEN1 (25)"
IN,50733,701B1,41.6133,-87.3281,Process Gas,Operating,
IN,50733,701B2,41.6133,-87.3281,Process Gas,Operating,
IN,50733,701B3,41.6133,-87.3281,Process Gas,Operating,
IN,50733,701B5,41.6133,-87.3281,Process Gas,Operating,
IN,50733,701B6,41.6133,-87.3281,Process Gas,Operating,
IN,50733,720B1,41.6133,-87.3281,Process Gas,Operating,
IN,50733,720B2,41.6133,-87.3281,Process Gas,Operating,
IN,50733,720B3,41.6133,-87.3281,Process Gas,Operating,
NY,50744,00001,43.0803,-75.6003,Pipeline Natural Gas,Operating,"GEN2 (16.5), GEN1 (47.7)"
PA,50776,1,40.8556,-75.8781,Coal,Operating,GEN1 (94)
PA,50776,2,40.8556,-75.8781,Coal,Operating,GEN1 (94)
TX,50815,ENG101,29.8169,-95.1086,Pipeline Natural Gas,Operating,"GEN6 (129.2), GEN1 (84.9)"
TX,50815,ENG201,29.8169,-95.1086,Pipeline Natural Gas,Operating,"GEN2 (84.9), GEN6 (129.2)"
TX,50815,ENG301,29.8169,-95.1086,Pipeline Natural Gas,Operating,"GEN6 (129.2), GEN3 (84.9)"
TX,50815,ENG401,29.8169,-95.1086,Pipeline Natural Gas,Operating,"GEN4 (84.9), GEN6 (129.2)"
TX,50815,ENG501,29.8169,-95.1086,Pipeline Natural Gas,Operating,"GEN6 (129.2), GEN5 (84.9)"
TX,50815,ENG601,29.8169,-95.1086,Pipeline Natural Gas,Operating,"GEN7 (84.9), GEN6 (129.2)"
MI,50835,1,44.217,-86.2906,Coal,Operating,GEN1 (70)
MI,50835,2,44.217,-86.2906,Coal,Operating,GEN1 (70)
CA,50865,1,35.9515,-120.8679,Pipeline Natural Gas,Operating,K100 (38.9)
PA,50888,NGC01,40.6917,-75.4792,Coal Refuse,Operating,GEN1 (125)
VA,50900,001,37.7997,-79.9946,Coal,Operating,
VA,50900,004,37.7997,-79.9946,Coal,Operating,
VA,50900,005,37.7997,-79.9946,Natural Gas,Operating,
VA,50900,011,37.7997,-79.9946,Natural Gas,Operating,
MT,50931,BLR1,45.8117,-108.4278,,Operating,GEN1 (65)
MT,50931,BLR2,45.8117,-108.4278,,Operating,GEN1 (65)
FL,50949,CT2B,27.6364,-81.9636,Pipeline Natural Gas,Operating,GEN5 (86.5)
UT,50951,1,39.5472,-110.3917,Coal,Operating,GEN1 (58.1)
TN,50956,11,35.2964,-84.7569,Pipeline Natural Gas,Operating,
TN,50956,12,35.2964,-84.7569,Pipeline Natural Gas,Operating,
PA,50974,1,41.2678,-79.8114,Coal,Operating,GEN1 (94.8)
PA,50974,2,41.2678,-79.8114,Coal,Operating,GEN1 (94.8)
NY,50978,A,43.0611,-76.0819,Pipeline Natural Gas,Operating,"GEN3 (27.8), GEN1 (48.8)"
NY,50978,B,43.0611,-76.0819,Pipeline Natural Gas,Operating,"GEN3 (27.8), GEN2 (48.8)"
VT,51026,1,44.2131,-72.0572,Wood,Operating,1 (20)
RI,51030,1,42.0099,-71.6701,Pipeline Natural Gas,Operating,"GEN1 (82.8), GEN3 (88.6)"
RI,51030,2,42.0099,-71.6701,Pipeline Natural Gas,Operating,"GEN2 (82.8), GEN3 (88.6)"
VA,52019,501,37.8181,-77.4478,Pipeline Natural Gas,Operating,"GEN1 (119.6), GEN3 (132), GEN6 (132)"
VA,52019,502,37.8181,-77.4478,Pipeline Natural Gas,Operating,"GEN6 (132), GEN2 (119.6), GEN3 (132)"
VA,52019,601,37.8181,-77.4478,Pipeline Natural Gas,Operating,"GEN4 (119.6), GEN6 (132), GEN3 (132)"
VA,52019,602,37.8181,-77.4478,Pipeline Natural Gas,Operating,"GEN5 (119.6), GEN6 (132), GEN3 (132)"
VA,52019,CT1,37.8181,-77.4478,Pipeline Natural Gas,Operating,GEN7 (170)
VA,52019,CT2,37.8181,-77.4478,Pipeline Natural Gas,Operating,GEN8 (170)
VA,52019,CT3,37.8181,-77.4478,Pipeline Natural Gas,Operating,GEN9 (170)
MA,52026,1,41.6728,-70.9989,Pipeline Natural Gas,Operating,"GEN2 (32), GEN1 (45)"
MA,52026,2,41.6728,-70.9989,Pipeline Natural Gas,Operating,GEN3 (24.7)
VA,52087,CT-1,36.7743,-76.3119,Pipeline Natural Gas,Operating,GEN1 (129.6)
VA,52087,CT-2,36.7743,-76.3119,Pipeline Natural Gas,Operating,GEN2 (129.6)
VA,52087,CT-3,36.7743,-76.3119,Pipeline Natural Gas,Operating,GEN3 (129.6)
TX,52088,GT-A,29.3787,-94.944,Pipeline Natural Gas,Operating,"GEN1 (141), GEN2 (103)"
TX,52088,GT-B,29.3787,-94.944,Pipeline Natural Gas,Operating,"GEN3 (103), GEN1 (141)"
TX,52088,GT-C,29.3787,-94.944,Pipeline Natural Gas,Operating,"GEN1 (141), GEN4 (103)"
VA,52089,BLR010,37.3451,-80.764,Pipeline Natural Gas,Operating,
VA,52089,BLR011,37.3451,-80.764,Pipeline Natural Gas,Operating,
VA,52089,BLR012,37.3451,-80.764,Pipeline Natural Gas,Operating,
VA,52089,BLR013,37.3451,-80.764,Pipeline Natural Gas,Operating,
VA,52089,BLR014,37.3451,-80.764,Pipeline Natural Gas,Operating,
IN,52130,3SPS31,41.6703,-87.4803,Process Gas,Operating,"33TG (18.8), 31TG (10), 35TG (30), 34TG (10), 32TG (10)"
IN,52130,3SPS32,41.6703,-87.4803,Process Gas,Operating,"33TG (18.8), 35TG (30), 32TG (10), 34TG (10), 31TG (10)"
IN,52130,3SPS33,41.6703,-87.4803,Process Gas,Operating,"33TG (18.8), 32TG (10), 35TG (30), 34TG (10), 31TG (10)"
IN,52130,3SPS34,41.6703,-87.4803,Process Gas,Operating,"32TG (10), 33TG (18.8), 34TG (10), 35TG (30), 31TG (10)"
IN,52130,3SPS36,41.6703,-87.4803,Process Gas,Operating,"32TG (10), 35TG (30), 31TG (10), 34TG (10), 33TG (18.8)"
PA,52149,039,40.2128,-75.3022,Pipeline Natural Gas,Operating,GEN2 (33.2)
PA,52149,040,40.2128,-75.3022,Pipeline Natural Gas,Operating,COG3 (38.4)
NY,52168,00001,40.8697,-73.8258,Pipeline Natural Gas,Operating,
NY,52168,00004,40.8697,-73.8258,Pipeline Natural Gas,Operating,"GEN3 (12.9), GEN2 (19.7)"
NY,52168,00006,40.8697,-73.8258,Pipeline Natural Gas,Operating,"GEN4 (12.9), GEN2 (19.7)"
NY,52168,0003HP,40.8697,-73.8258,Pipeline Natural Gas,Operating,GEN2 (19.7)
NY,52168,HPB02,40.8697,-73.8258,Pipeline Natural Gas,Operating,GEN2 (19.7)
TX,52176,1,32.2722,-101.4222,Pipeline Natural Gas,Operating,"GEN3 (75), GEN1 (77.5)"
TX,52176,2,32.2722,-101.4222,Pipeline Natural Gas,Operating,"GEN2 (77.5), GEN3 (75)"
DE,52193,21H1,39.5936,-75.6337,,Operating,
DE,52193,21H701,39.5936,-75.6337,Process Gas,Operating,
DE,52193,37H1,39.5936,-75.6337,Process Gas,Operating,
DE,52193,42H123,39.5936,-75.6337,Process Gas,Operating,
DE,52193,CATCOB,39.5936,-75.6337,Process Gas,Operating,
DE,52193,COKCOB,39.5936,-75.6337,Process Gas,Operating,
DE,52193,DCPP1,39.5936,-75.6337,Process Gas,Operating,
DE,52193,DCPP2,39.5936,-75.6337,Process Gas,Operating,
DE,52193,DCPP3,39.5936,-75.6337,Process Gas,Operating,
DE,52193,DCPP4,39.5936,-75.6337,Process Gas,Operating,"G1 (27.5), G2 (27.5), G3 (75), G4 (10)"
DE,52193,MECCU1,39.5936,-75.6337,Other Gas,Operating,CT1 (92)
DE,52193,MECCU2,39.5936,-75.6337,Other Gas,Operating,CT2 (92)
NY,54034,1GTDBS,42.63,-73.75,Pipeline Natural Gas,Operating,"GEN2 (45.9), GEN1 (58)"
NY,54041,011854,43.1622,-78.7453,Pipeline Natural Gas,Operating,"GEN1 (51), GEN4 (75.3)"
NY,54041,011855,43.1622,-78.7453,Pipeline Natural Gas,Operating,"GEN4 (75.3), GEN2 (51)"
NY,54041,011856,43.1622,-78.7453,Pipeline Natural Gas,Operating,"GEN4 (75.3), GEN3 (51)"
NY,54076,1,42.0875,-78.4578,Pipeline Natural Gas,Operating,"GEN1 (46), GEN2 (44.7)"
VA,54081,BLR03A,37.4556,-77.4308,Pipeline Natural Gas,Operating,GEN3 (67.5)
VA,54081,BLR03B,37.4556,-77.4308,Pipeline Natural Gas,Operating,GEN3 (67.5)
VA,54081,BLR04A,37.4556,-77.4308,Pipeline Natural Gas,Operating,GEN4 (67.5)
VA,54081,BLR04B,37.4556,-77.4308,Pipeline Natural Gas,Operating,GEN4 (67.5)
NY,54099,000044,43.8914,-73.3961,Residual Oil,Operating,GEN1 (42.1)
NY,54114,GT1,40.6417,-73.7778,Pipeline Natural Gas,Operating,"GEN1 (47.1), GEN3 (27)"
NY,54114,GT2,40.6417,-73.7778,Pipeline Natural Gas,Operating,"GEN2 (47.1), GEN3 (27)"
NY,54131,NTCT1,43.0483,-78.8539,Pipeline Natural Gas,Operating,"GEN1 (38.3), GEN2 (17)"
NY,54149,1,40.9168,-73.1292,Pipeline Natural Gas,Operating,GEN1 (42)
CA,54238,BIOMS1,37.9416,-121.3273,Wood,Operating,STG (49.9)
NV,54271,A01,36.0422,-115.0118,Pipeline Natural Gas,Operating,"CTG1 (35), STG (29.1)"
NV,54271,A02,36.0422,-115.0118,Pipeline Natural Gas,Operating,"CTG2 (35), STG (29.1)"
NC,54276,ES001,35.9069,-79.0617,Coal,Operating,TG3 (28)
NC,54276,ES002,35.9069,-79.0617,Coal,Operating,TG3 (28)
NC,54276,ES003,35.9069,-79.0617,Pipeline Natural Gas,Operating,
RI,54324,3,42.0099,-71.6701,Pipeline Natural Gas,Operating,"GEN1 (82.8), GEN3 (88.6)"
RI,54324,4,42.0099,-71.6701,Pipeline Natural Gas,Operating,"GEN2 (82.8), GEN3 (88.6)"
NV,54350,A001,36.3432,-114.9207,Pipeline Natural Gas,Operating,"GTA (21.7), STM (29.7)"
NV,54350,A002,36.3432,-114.9207,Pipeline Natural Gas,Operating,"GTB (21.7), STM (29.7)"
NV,54350,A003,36.3432,-114.9207,Pipeline Natural Gas,Operating,"STM (29.7), GTC (21.7)"
FL,54365,1,27.8708,-81.8253,Pipeline Natural Gas,Operating,"APC3 (28), APC1 (54)"
FL,54365,2,27.8708,-81.8253,Pipeline Natural Gas,Operating,"APC3 (28), APC2 (54)"
MI,54415,EUBLR,44.2634,-85.4348,Wood,Operating,GEN1 (40)
FL,54426,1,27.8489,-81.8775,Pipeline Natural Gas,Operating,"GT1 (82), ST1 (49.5)"
FL,54466,1,28.4422,-81.4119,Pipeline Natural Gas,Operating,GEN1 (144)
WA,54476,CT-1,48.9905,-122.2733,Natural Gas,Operating,"GEN1 (87.8), GEN2 (37.7)"
WA,54537,CT-1A,48.8283,-122.6853,Natural Gas,Operating,"CT1A (95.9), ST1 (93.7)"
WA,54537,CT-1B,48.8283,-122.6853,Natural Gas,Operating,"CT1B (95.9), ST1 (93.7)"
NY,54547,1,43.495,-76.4508,Pipeline Natural Gas,Operating,"5 (204.5), 1 (169.2)"
NY,54547,2,43.495,-76.4508,Pipeline Natural Gas,Operating,"5 (204.5), 2 (169.2)"
NY,54547,3,43.495,-76.4508,Pipeline Natural Gas,Operating,"3 (169.2), 6 (204.5)"
NY,54547,4,43.495,-76.4508,Pipeline Natural Gas,Operating,"4 (169.2), 6 (204.5)"
IL,54556,B06,41.7775,-87.8233,Pipeline Natural Gas,Operating,"TG01 (22.5), TG02 (22.5)"
IL,54556,B07,41.7775,-87.8233,Pipeline Natural Gas,Operating,"TG01 (22.5), TG02 (22.5)"
IL,54556,B08,41.7775,-87.8233,Pipeline Natural Gas,Operating,"TG02 (22.5), TG01 (22.5)"
IL,54556,B10,41.7775,-87.8233,Pipeline Natural Gas,Operating,"TG01 (22.5), TG02 (22.5)"
NY,54574,00001,44.7132,-73.4557,Pipeline Natural Gas,Operating,"GEN3 (95.2), GEN1 (95.2)"
NY,54574,00002,44.7132,-73.4557,Pipeline Natural Gas,Operating,"GEN3 (95.2), GEN2 (95.2)"
MA,54586,2,42.6308,-71.3133,Pipeline Natural Gas,Operating (Retired 10/31/2024),"TRENT (57.9), VAX (27.9)"
NY,54592,001,44.9503,-74.8928,Pipeline Natural Gas,Operating,"GEN2 (35.3), GEN1 (66.6)"
NY,54593,1,42.9828,-78.1592,Pipeline Natural Gas,Operating,"GEN1 (47.7), GEN2 (18.6)"
CT,54605,001,41.75,-72.6347,Pipeline Natural Gas,Operating,FT-8 (32)
PA,54634,1,40.8222,-76.1736,Coal Refuse,Operating,SNCP (99.2)
PA,54638,040,41.4908,-78.6767,Natural Gas,Operating,PT1 (54)
PA,54638,041,41.4908,-78.6767,Natural Gas,Operating,PT1 (54)
NJ,54640,001001,40.0613,-74.1686,Pipeline Natural Gas,Operating,"GEN1 (77.9), GEN3 (82.7)"
NJ,54640,002001,40.0613,-74.1686,Pipeline Natural Gas,Operating,"GEN2 (77.9), GEN3 (82.7)"
TX,54676,GT81,28.9801,-95.3421,,Operating,"G84 (200), G81 (80)"
TX,54676,GT82,28.9801,-95.3421,,Operating,"G82 (80), G84 (200)"
TX,54676,GT83,28.9801,-95.3421,,Operating,"G84 (200), G83 (80)"
AZ,54694,4101,32.7286,-114.6542,Pipeline Natural Gas,Operating,"GEN1 (44.1), GEN2 (18.5)"
TX,54748,GT1,29.9788,-93.9523,,Operating,G1 (38)
CA,54749,1,33.1185,-117.0995,Pipeline Natural Gas,Operating,"STG (10.2), CTG (41.2)"
MI,54751,01,43.0841,-83.6743,Wood,Operating,GEN1 (35)
OR,54761,1,45.8042,-119.37,Pipeline Natural Gas,Operating,"GEN1 (106.1), GEN2 (204.5)"
OR,54761,2,45.8042,-119.37,Pipeline Natural Gas,Operating,"GEN4 (204.5), GEN3 (106.1)"
CA,54768,GT1,35.4837,-119.0298,Pipeline Natural Gas,Operating,GEN1 (46)
PA,54785,2,39.9417,-75.1883,Pipeline Natural Gas,Operating,"GEN1 (57.6), GEN2 (135)"
PA,54785,25,39.9417,-75.1883,Pipeline Natural Gas,Operating,GEN1 (57.6)
MD,54795,C6,39.2749,-76.5945,Natural Gas,Operating,"GEN4 (10), GEN1 (5), GEN2 (2.5)"
MA,54805,1,42.1292,-71.5122,Pipeline Natural Gas,Operating,"GT-1 (129), ST-1 (43)"
TX,54817,EAST,32.3994,-97.4078,Pipeline Natural Gas,Operating,"ST-1 (104), GT-1 (154)"
MD,54832,1,38.6681,-76.8678,Pipeline Natural Gas,Operating,"3 (91.4), 1 (98.8)"
MD,54832,2,38.6681,-76.8678,Pipeline Natural Gas,Operating,"3 (91.4), 2 (98.8)"
VA,54844,1,38.1245,-78.2031,Pipeline Natural Gas,Operating,"GOR1 (97.2), GOR3 (53)"
VA,54844,2,38.1245,-78.2031,Pipeline Natural Gas,Operating,"GOR4 (53), GOR2 (97.2)"
NV,54854,3,36.1392,-115.034,Pipeline Natural Gas,Operating,5657 (74)
NV,54854,4,36.1392,-115.034,Pipeline Natural Gas,Operating,5658 (74)
NV,54854,5,36.1392,-115.034,Pipeline Natural Gas,Operating,5659 (74)
NY,54914,1,40.6994,-73.9758,Pipeline Natural Gas,Operating,"03 (40.3), 01 (128)"
NY,54914,2,40.6994,-73.9758,Pipeline Natural Gas,Operating,"02 (128), 04 (40.3)"
MI,54915,1,43.94,-86.4247,Pipeline Natural Gas,Operating,"G001 (58), G101 (83.5)"
MN,55010,01,44.7956,-92.9119,Pipeline Natural Gas,Operating,"STG1 (102), CTG1 (185)"
WI,55011,01,42.8543,-88.7297,Pipeline Natural Gas,Operating,"STG1 (106.2), CTG1 (197)"
TX,55015,1,29.0728,-95.745,Pipeline Natural Gas,Operating,GEN1 (115)
TX,55015,2,29.0728,-95.745,Pipeline Natural Gas,Operating,GEN2 (115)
TX,55015,3,29.0728,-95.745,Pipeline Natural Gas,Operating,GEN3 (115)
TX,55015,4,29.0728,-95.745,Pipeline Natural Gas,Operating,GEN4 (115)
MA,55026,1,41.8312,-71.1239,Pipeline Natural Gas,Operating,UNT1 (170)
WI,55029,B01,44.4489,-88.0731,Pipeline Natural Gas,Operating,CT01 (187.3)
NM,55039,GT-1,35.026,-106.644,Pipeline Natural Gas,Operating,GT1 (150)
GA,55040,1,32.4853,-83.6036,Pipeline Natural Gas,Operating,"ST1 (110), CT1 (106.5)"
GA,55040,2,32.4853,-83.6036,Pipeline Natural Gas,Operating,"ST1 (110), CT2 (106.5)"
MA,55041,1,42.0476,-72.6478,Pipeline Natural Gas,Operating,GEN2 (289)
CT,55042,BE1,41.1692,-73.1844,Pipeline Natural Gas,Operating,"GEN1 (170), GEN3 (180)"
CT,55042,BE2,41.1692,-73.1844,Pipeline Natural Gas,Operating,"GEN2 (170), GEN3 (180)"
SC,55043,CCCP1,35.0727,-81.613,Pipeline Natural Gas,Operating,"GT1 (76.5), ST1 (41.2)"
TX,55047,CG-1,29.7233,-95.1769,Pipeline Natural Gas,Operating,"STG1 (85), CTG1 (175)"
TX,55047,CG-2,29.7233,-95.1769,Pipeline Natural Gas,Operating,"STG2 (185), CTG2 (185)"
TX,55047,CG-3,29.7233,-95.1769,Pipeline Natural Gas,Operating,"CTG3 (185), STG2 (185)"
RI,55048,1,41.6417,-71.17,Pipeline Natural Gas,Operating,"UNT2 (93.2), UNT1 (179.3)"
GA,55061,CT1,33.3516,-84.9996,Pipeline Natural Gas,Operating,GTG1 (183.2)
GA,55061,CT2,33.3516,-84.9996,Pipeline Natural Gas,Operating,GTG2 (183.2)
GA,55061,CT3,33.3516,-84.9996,Pipeline Natural Gas,Operating,GTG3 (183.2)
GA,55061,CT4,33.3516,-84.9996,Pipeline Natural Gas,Operating,GTG4 (183.2)
GA,55061,CT5,33.3516,-84.9996,Pipeline Natural Gas,Operating,GTG5 (183.2)
GA,55061,CT6,33.3516,-84.9996,Pipeline Natural Gas,Operating,GTG6 (183.2)
TX,55062,1,30.5924,-95.9178,Pipeline Natural Gas,Operating,"STG1 (390.1), GTG1 (183.2)"
TX,55062,2,30.5924,-95.9178,Pipeline Natural Gas,Operating,"STG1 (390.1), GTG2 (183.2)"
TX,55062,3,30.5924,-95.9178,Pipeline Natural Gas,Operating,"STG1 (390.1), GTG3 (183.2)"
MS,55063,1,34.3345,-89.9272,Pipeline Natural Gas,Operating,"STG1 (112.5), CTG1 (184.5)"
MS,55063,2,34.3345,-89.9272,Pipeline Natural Gas,Operating,"CTG2 (184.5), STG2 (112.5)"
MS,55063,3,34.3345,-89.9272,Pipeline Natural Gas,Operating,"CTG3 (184.5), STG3 (112.5)"
TX,55064,001,35.6957,-101.36,Pipeline Natural Gas,Operating,UNT1 (126.9)
TX,55064,002,35.6957,-101.36,Pipeline Natural Gas,Operating,"UNT2 (126.9), UNT2B (117)"
TX,55065,1,32.9728,-102.7417,Pipeline Natural Gas,Operating,"GEN1 (174.2), GEN3 (172.6)"
TX,55065,2,32.9728,-102.7417,Pipeline Natural Gas,Operating,"GEN3 (172.6), GEN2 (174.2)"
ME,55068,1,44.8236,-68.7106,Pipeline Natural Gas,Operating,"GEN3 (194.6), GEN1 (176.6)"
ME,55068,2,44.8236,-68.7106,Pipeline Natural Gas,Operating,"GEN2 (176.6), GEN3 (194.6)"
AR,55075,CT-1,34.2181,-91.9025,Pipeline Natural Gas,Operating,"CT01 (180), ST01 (56)"
MS,55076,AA001,33.3761,-89.2183,Coal,Operating,RHGF (513.7)
MS,55076,AA002,33.3761,-89.2183,Coal,Operating,RHGF (513.7)
NV,55077,EDE1,35.7867,-114.9928,Pipeline Natural Gas,Operating,"ED01 (201), ED03 (196)"
NV,55077,EDE2,35.7867,-114.9928,Pipeline Natural Gas,Operating,"ED02 (201), ED03 (196)"
MA,55079,1,42.1127,-72.0152,Pipeline Natural Gas,Operating,"ST01 (130), CT01 (230)"
TN,55081,AA-001,35.5438,-89.198,Pipeline Natural Gas,Operating,1 (112)
TN,55081,AA-002,35.5438,-89.198,Pipeline Natural Gas,Operating,2 (112)
TN,55081,AA-003,35.5438,-89.198,Pipeline Natural Gas,Operating,3 (118)
TN,55081,AA-004,35.5438,-89.198,Pipeline Natural Gas,Operating,4 (118)
TX,55086,101,27.8881,-97.2572,Pipeline Natural Gas,Operating,"STG (100), GT1A (168)"
TX,55086,102,27.8881,-97.2572,Pipeline Natural Gas,Operating,"GT1B (168), STG (100)"
MI,55087,CC1,42.82,-85.9988,Pipeline Natural Gas,Operating,1A (154)
MI,55087,CC2,42.82,-85.9988,Pipeline Natural Gas,Operating,1B (154)
MI,55087,CC3,42.82,-85.9988,Pipeline Natural Gas,Operating,"2A (171), 2C (213.3)"
MI,55087,CC4,42.82,-85.9988,Pipeline Natural Gas,Operating,"2C (213.3), 2B (171)"
MI,55088,BL1100,42.3026,-83.154,Pipeline Natural Gas,Operating,ST1 (189)
MI,55088,BL2100,42.3026,-83.154,Pipeline Natural Gas,Operating,ST1 (189)
MI,55088,BL3100,42.3026,-83.154,Pipeline Natural Gas,Operating,ST1 (189)
MI,55088,GT2100,42.3026,-83.154,Pipeline Natural Gas,Operating,"ST1 (189), GT1 (166.5)"
MI,55088,GT3100,42.3026,-83.154,Pipeline Natural Gas,Operating,"ST1 (189), GT2 (166.5)"
MI,55088,GTP1,42.3026,-83.154,Pipeline Natural Gas,Operating,GTP1 (170)
LA,55089,CT1,29.9861,-90.4575,Pipeline Natural Gas,Operating,"CT1 (178.5), ST1 (358.7)"
LA,55089,CT2,29.9861,-90.4575,Pipeline Natural Gas,Operating,"ST1 (358.7), CT2 (178.5)"
LA,55089,CT3,29.9861,-90.4575,Pipeline Natural Gas,Operating,"ST1 (358.7), CT3 (178.5)"
TX,55091,STK1,32.4302,-97.0537,Pipeline Natural Gas,Operating,STK1 (289)
TX,55091,STK2,32.4302,-97.0537,Pipeline Natural Gas,Operating,STK2 (289)
TX,55091,STK3,32.4302,-97.0537,Pipeline Natural Gas,Operating,STK3 (289)
TX,55091,STK4,32.4302,-97.0537,Pipeline Natural Gas,Operating,STK4 (289)
TX,55091,STK5,32.4302,-97.0537,Pipeline Natural Gas,Operating,STK5 (289)
TX,55091,STK6,32.4302,-97.0537,Pipeline Natural Gas,Operating,STK6 (289)
IN,55096,BLR1,41.6317,-87.1728,Pipeline Natural Gas,Operating,ST (32)
IN,55096,BLR2,41.6317,-87.1728,Pipeline Natural Gas,Operating,ST (32)
IN,55096,CT,41.6317,-87.1728,Pipeline Natural Gas,Operating,GT (50)
TX,55097,1,33.6314,-95.589,Pipeline Natural Gas,Operating,"CTG1 (171.7), STG1 (202)"
TX,55097,2,33.6314,-95.589,Pipeline Natural Gas,Operating,"STG1 (202), CTG2 (171.7)"
TX,55097,3,33.6314,-95.589,Pipeline Natural Gas,Operating,"STG2 (202), CTG3 (171.7)"
TX,55097,4,33.6314,-95.589,Pipeline Natural Gas,Operating,"CTG4 (171.7), STG2 (202)"
TX,55098,1,26.208,-98.3992,Pipeline Natural Gas,Operating,"GEN1 (172), GEN3 (185)"
TX,55098,2,26.208,-98.3992,Pipeline Natural Gas,Operating,"GEN2 (172), GEN3 (185)"
ME,55100,1,44.5303,-70.5219,Pipeline Natural Gas,Operating,"UNT2 (93.5), UNT1 (179.4)"
MI,55101,1,42.2797,-85.4922,Pipeline Natural Gas,Operating,"1 (73.5), 1 (73.5)"
MI,55102,1,45.0291,-84.7332,Pipeline Natural Gas,Operating,1 (42.9)
MI,55102,2,45.0291,-84.7332,Pipeline Natural Gas,Operating,2 (42.4)
MI,55102,3,45.0291,-84.7332,Pipeline Natural Gas,Operating,3 (42.4)
MI,55102,4,45.0291,-84.7332,Pipeline Natural Gas,Operating,4 (42.4)
OR,55103,CT1,42.174,-121.8112,Pipeline Natural Gas,Operating,"CT1 (161.5), ST1 (178.5)"
OR,55103,CT2,42.174,-121.8112,Pipeline Natural Gas,Operating,"CT2 (161.5), ST1 (178.5)"
RI,55107,RISEP1,41.8017,-71.5186,Pipeline Natural Gas,Operating,"CTG1 (196), STG1 (204)"
RI,55107,RISEP2,41.8017,-71.5186,Pipeline Natural Gas,Operating,"CTG2 (196), STG1 (204)"
IL,55109,T1,42.0931,-88.2397,Pipeline Natural Gas,Operating,TG1 (121)
IL,55109,T2,42.0931,-88.2397,Pipeline Natural Gas,Operating,TG2 (121)
IL,55109,T3,42.0931,-88.2397,Pipeline Natural Gas,Operating,TG3 (35)
IL,55109,T4,42.0931,-88.2397,Pipeline Natural Gas,Operating,T4 (121)
OH,55110,1,39.4522,-84.465,Pipeline Natural Gas,Operating,CT1 (84.7)
OH,55110,2,39.4522,-84.465,Pipeline Natural Gas,Operating,CT2 (84.7)
OH,55110,3,39.4522,-84.465,Pipeline Natural Gas,Operating,CT3 (84.7)
OH,55110,4,39.4522,-84.465,Pipeline Natural Gas,Operating,CT4 (84.7)
OH,55110,5,39.4522,-84.465,Pipeline Natural Gas,Operating,CT5 (84.7)
OH,55110,6,39.4522,-84.465,Pipeline Natural Gas,Operating,CT6 (84.7)
OH,55110,7,39.4522,-84.465,Pipeline Natural Gas,Operating,CT7 (84.7)
OH,55110,8,39.4522,-84.465,Pipeline Natural Gas,Operating,CT8 (84.7)
IN,55111,1,39.9208,-87.445,Pipeline Natural Gas,Operating,CT1 (80)
IN,55111,2,39.9208,-87.445,Pipeline Natural Gas,Operating,CT2 (80)
IN,55111,3,39.9208,-87.445,Pipeline Natural Gas,Operating,CT3 (80)
IN,55111,4,39.9208,-87.445,Pipeline Natural Gas,Operating,CT4 (80)
IN,55111,5,39.9208,-87.445,Pipeline Natural Gas,Operating,CT5 (80)
IN,55111,6,39.9208,-87.445,Pipeline Natural Gas,Operating,CT6 (80)
IN,55111,7,39.9208,-87.445,Pipeline Natural Gas,Operating,CT7 (80)
IN,55111,8,39.9208,-87.445,Pipeline Natural Gas,Operating,CT8 (80)
CA,55112,CT01,39.0531,-121.6939,Pipeline Natural Gas,Operating,"CT01 (212), ST01 (212)"
CA,55112,CT02,39.0531,-121.6939,Pipeline Natural Gas,Operating,"CT02 (212), ST01 (212)"
NC,55116,CT1,36.3297,-79.8297,Pipeline Natural Gas,Operating,CT1 (180)
NC,55116,CT2,36.3297,-79.8297,Pipeline Natural Gas,Operating,CT2 (180)
NC,55116,CT3,36.3297,-79.8297,Pipeline Natural Gas,Operating,CT3 (180)
NC,55116,CT4,36.3297,-79.8297,Pipeline Natural Gas,Operating,CT4 (180)
NC,55116,CT5,36.3297,-79.8297,Pipeline Natural Gas,Operating,CT5 (180)
LA,55117,RS-5,30.221,-93.2826,Pipeline Natural Gas,Operating,"RS-5 (195), RS-4 (103)"
LA,55117,RS-6,30.221,-93.2826,Pipeline Natural Gas,Operating,"RS-4 (103), RS-6 (195)"
TX,55120,CTG-1,30.0561,-93.7539,Pipeline Natural Gas,Operating,"GT1A (184.5), ST1A (145)"
TX,55120,CTG-2,30.0561,-93.7539,Pipeline Natural Gas,Operating,"ST1A (145), GT1B (184.5)"
TX,55122,N-20A,29.9631,-93.8867,,Operating,UN1 (41.6)
TX,55122,N-20B,29.9631,-93.8867,,Operating,UN2 (41.6)
TX,55123,CTG-1,26.3403,-98.19,Pipeline Natural Gas,Operating,"CTG1 (267), STG (267)"
TX,55123,CTG-2,26.3403,-98.19,Pipeline Natural Gas,Operating,"CTG2 (267), STG (267)"
AZ,55124,P1,35.0517,-114.1334,Pipeline Natural Gas,Operating,"STG (301.8), CTG1 (176.7)"
AZ,55124,P2,35.0517,-114.1334,Pipeline Natural Gas,Operating,"CTG2 (176.7), STG (301.8)"
CT,55126,CT01,41.2239,-73.1,Pipeline Natural Gas,Operating,CA01 (289)
CT,55126,CT02,41.2239,-73.1,Pipeline Natural Gas,Operating,CA02 (289)
CO,55127,CT1,40.2201,-103.679,Pipeline Natural Gas,Operating,UN1 (142)
CO,55127,CT2,40.2201,-103.679,Pipeline Natural Gas,Operating,UN2 (142)
GA,55128,T1,33.8147,-83.6969,Pipeline Natural Gas,Operating,101G (176)
GA,55128,T2,33.8147,-83.6969,Pipeline Natural Gas,Operating,102G (176)
GA,55128,T3,33.8147,-83.6969,Pipeline Natural Gas,Operating,103G (176)
AZ,55129,DBG1,32.9042,-111.7889,Pipeline Natural Gas,Operating,"STG (272.1), CTG1 (187)"
AZ,55129,DBG2,32.9042,-111.7889,Pipeline Natural Gas,Operating,"CTG2 (187), STG (272.1)"
AZ,55129,DBG4,32.9042,-111.7889,Pipeline Natural Gas,Operating,DBSGT4 (49.5)
AZ,55129,DBG5,32.9042,-111.7889,Pipeline Natural Gas,Operating,DBSGT5 (49.5)
IL,55131,GTG-1,41.4797,-88.2581,Pipeline Natural Gas,Operating,"CTG1 (180), STG1 (133)"
IL,55131,GTG-2,41.4797,-88.2581,Pipeline Natural Gas,Operating,"CTG2 (180), STG2 (133)"
IL,55131,GTG-3,41.4797,-88.2581,Pipeline Natural Gas,Operating,"STG3 (133), CTG3 (180)"
IL,55131,GTG-4,41.4797,-88.2581,Pipeline Natural Gas,Operating,"STG4 (133), CTG4 (180)"
TX,55132,OGTDB1,32.0164,-94.6189,Pipeline Natural Gas,Operating,"GTG1 (183.2), STG1 (390)"
TX,55132,OGTDB2,32.0164,-94.6189,Pipeline Natural Gas,Operating,"STG1 (390), GTG2 (183.2)"
TX,55132,OGTDB3,32.0164,-94.6189,Pipeline Natural Gas,Operating,"STG1 (390), GTG3 (183.2)"
WI,55135,CT01,44.1934,-88.5055,Pipeline Natural Gas,Operating,CT01 (186.6)
WI,55135,CT02,44.1934,-88.5055,Pipeline Natural Gas,Operating,CT02 (186.6)
TX,55137,CTG-1,29.5932,-97.9724,Pipeline Natural Gas,Operating,"STG1 (373.2), CTG1 (175)"
TX,55137,CTG-2,29.5932,-97.9724,Pipeline Natural Gas,Operating,"CTG2 (175), STG1 (373.2)"
TX,55137,CTG-3,29.5932,-97.9724,Pipeline Natural Gas,Operating,"CTG3 (175), STG1 (373.2)"
AL,55138,1A,32.5412,-85.0384,Pipeline Natural Gas,Operating,UN1 (51.5)
AL,55138,1B,32.5412,-85.0384,Pipeline Natural Gas,Operating,UN1 (51.5)
AL,55138,2A,32.5412,-85.0384,Pipeline Natural Gas,Operating,UN2 (51.5)
AL,55138,2B,32.5412,-85.0384,Pipeline Natural Gas,Operating,UN2 (51.5)
TX,55139,CTG1,32.3347,-97.7344,Pipeline Natural Gas,Operating,"CTG1 (264.8), ST (280)"
TX,55139,CTG2,32.3347,-97.7344,Pipeline Natural Gas,Operating,"CTG2 (264.8), ST (280)"
GA,55141,CT1,33.3577,-84.9912,Pipeline Natural Gas,Operating,CT1 (165)
GA,55141,CT2,33.3577,-84.9912,Pipeline Natural Gas,Operating,CT2 (165)
GA,55141,CT3,33.3577,-84.9912,Pipeline Natural Gas,Operating,CT3 (165)
TX,55144,STK1,29.7806,-97.9894,Pipeline Natural Gas,Operating,U1 (300)
TX,55144,STK2,29.7806,-97.9894,Pipeline Natural Gas,Operating,U2 (300)
TX,55144,STK3,29.7806,-97.9894,Pipeline Natural Gas,Operating,U3 (300)
TX,55144,STK4,29.7806,-97.9894,Pipeline Natural Gas,Operating,U4 (300)
OK,55146,CTGEN1,35.9833,-95.9346,Pipeline Natural Gas,Operating,"CTG1 (179.3), STG1 (122)"
OK,55146,CTGEN2,35.9833,-95.9346,Pipeline Natural Gas,Operating,"CTG2 (179.3), STG2 (122)"
OK,55146,CTGEN3,35.9833,-95.9346,Pipeline Natural Gas,Operating,"STG3 (122), CTG3 (179.3)"
IN,55148,1,39.0717,-87.0128,Pipeline Natural Gas,Operating,1 (47)
IN,55148,2,39.0717,-87.0128,Pipeline Natural Gas,Operating,2 (47)
IN,55148,3,39.0717,-87.0128,Pipeline Natural Gas,Operating,3 (47)
IN,55148,4,39.0717,-87.0128,Pipeline Natural Gas,Operating,4 (47)
CT,55149,LRG1,41.8736,-71.8947,Pipeline Natural Gas,Operating,U1 (280)
CT,55149,LRG2,41.8736,-71.8947,Pipeline Natural Gas,Operating,U2 (280)
CT,55149,LRG3,41.8736,-71.8947,Pipeline Natural Gas,Operating,U3 (280)
CA,55151,CTG-1,35.2956,-119.5919,Pipeline Natural Gas,Operating,GEN1 (300)
CA,55151,CTG-2,35.2956,-119.5919,Pipeline Natural Gas,Operating,GEN2 (300)
CA,55151,CTG-3,35.2956,-119.5919,Pipeline Natural Gas,Operating,GEN3 (300)
CA,55151,CTG-4,35.2956,-119.5919,Pipeline Natural Gas,Operating,GEN4 (300)
TX,55153,CTG-1,29.6237,-98.1395,Pipeline Natural Gas,Operating,"CTG1 (184.6), STG1 (201.9)"
TX,55153,CTG-2,29.6237,-98.1395,Pipeline Natural Gas,Operating,"CTG2 (184.6), STG1 (201.9)"
TX,55153,CTG-3,29.6237,-98.1395,Pipeline Natural Gas,Operating,"STG2 (201.9), CTG3 (184.6)"
TX,55153,CTG-4,29.6237,-98.1395,Pipeline Natural Gas,Operating,"CTG4 (184.6), STG2 (201.9)"
TX,55154,1,30.1478,-97.27,Pipeline Natural Gas,Operating,"ST (204), CTA (195.5)"
TX,55154,2,30.1478,-97.27,Pipeline Natural Gas,Operating,"ST (204), CTB (195.5)"
KY,55164,GTG1,38.3902,-85.4133,Pipeline Natural Gas,Operating,CT1 (208)
KY,55164,GTG2,38.3902,-85.4133,Pipeline Natural Gas,Operating,CT2 (208)
KY,55164,GTG3,38.3902,-85.4133,Pipeline Natural Gas,Operating,CT3 (208)
LA,55165,GTG1,30.1603,-93.3458,Pipeline Natural Gas,Operating,G101 (155)
LA,55165,GTG2,30.1603,-93.3458,Pipeline Natural Gas,Operating,G102 (165)
SC,55166,CT-1,35.0786,-81.575,Pipeline Natural Gas,Operating,CT01 (197)
SC,55166,CT-2,35.0786,-81.575,Pipeline Natural Gas,Operating,CT02 (197)
SC,55166,CT-3,35.0786,-81.575,Pipeline Natural Gas,Operating,CT03 (197)
SC,55166,CT-4,35.0786,-81.575,Pipeline Natural Gas,Operating,CT04 (197)
SC,55166,CT-5,35.0786,-81.575,Pipeline Natural Gas,Operating,CT05 (197)
TX,55168,CTG-1A,30.1458,-97.55,Pipeline Natural Gas,Operating,"0001 (188.3), 0003 (242.3)"
TX,55168,CTG-1B,30.1458,-97.55,Pipeline Natural Gas,Operating,"0003 (242.3), 0002 (188.3)"
NH,55170,0001,42.9043,-71.4251,Pipeline Natural Gas,Operating,"CT11 (260), STG (270)"
NH,55170,0002,42.9043,-71.4251,Pipeline Natural Gas,Operating,"CT12 (260), STG (270)"
TX,55172,GT-1,31.8594,-97.3586,Pipeline Natural Gas,Operating,"ST-5 (250), GT-1 (154)"
TX,55172,GT-2,31.8594,-97.3586,Pipeline Natural Gas,Operating,"ST-5 (250), GT-2 (154)"
TX,55172,GT-3,31.8594,-97.3586,Pipeline Natural Gas,Operating,"GT-3 (154), ST-4 (95)"
LA,55173,CT1,30.4284,-92.4112,Pipeline Natural Gas,Operating,"CT11 (212), ST13 (264)"
LA,55173,CT2,30.4284,-92.4112,Pipeline Natural Gas,Operating,"ST13 (264), CT12 (212)"
LA,55173,CT3,30.4284,-92.4112,Pipeline Natural Gas,Operating,"CT24 (212), ST26 (264)"
LA,55173,CT4,30.4284,-92.4112,Pipeline Natural Gas,Operating,"ST26 (264), CT25 (212)"
TX,55176,1,32.4472,-94.6917,Pipeline Natural Gas,Operating,"GEN3 (127), GEN1 (167)"
TX,55176,2,32.4472,-94.6917,Pipeline Natural Gas,Operating,"GEN2 (167), GEN3 (127)"
AZ,55177,A,34.8678,-114.5317,Pipeline Natural Gas,Operating,"ST1 (236), A (236)"
AZ,55177,B,34.8678,-114.5317,Pipeline Natural Gas,Operating,"ST1 (236), B (236)"
MO,55178,CT-1,38.7931,-94.3006,Pipeline Natural Gas,Operating,"CT-1 (208), ST-1 (265)"
MO,55178,CT-2,38.7931,-94.3006,Pipeline Natural Gas,Operating,"CT-2 (208), ST-1 (265)"
ID,55179,CTGEN1,47.7861,-116.9214,Pipeline Natural Gas,Operating,"CTG1 (179.4), STG1 (122.1)"
CA,55182,CTG1,35.2097,-119.585,Pipeline Natural Gas,Operating,"STG (270), X718 (167.7)"
CA,55182,CTG2,35.2097,-119.585,Pipeline Natural Gas,Operating,"X719 (167.7), STG (270)"
IL,55183,1,41.7749,-89.6067,Pipeline Natural Gas,Operating,"CT1 (181.9), ST1 (133.5)"
IL,55183,2,41.7749,-89.6067,Pipeline Natural Gas,Operating,"CT2 (179.4), ST2 (133.5)"
TX,55187,CHV1,29.8356,-95.1242,Pipeline Natural Gas,Operating,"GT1 (192.1), ST1 (149.9)"
TX,55187,CHV2,29.8356,-95.1242,Pipeline Natural Gas,Operating,"GT2 (192.1), ST1 (149.9)"
TX,55187,CHV3,29.8356,-95.1242,Pipeline Natural Gas,Operating,"GT3 (192.1), ST1 (149.9)"
TX,55187,CHV4,29.8356,-95.1242,Pipeline Natural Gas,Operating,"GT4 (192.1), ST1 (149.9)"
IL,55188,1,41.7146,-90.2802,Pipeline Natural Gas,Operating,"PT11 (210), PT31 (191.2)"
IL,55188,2,41.7146,-90.2802,Pipeline Natural Gas,Operating,"PT21 (210), PT31 (191.2)"
FL,55192,OSC1,28.1289,-81.0978,Pipeline Natural Gas,Operating,CTG1 (200)
FL,55192,OSC2,28.1289,-81.0978,Pipeline Natural Gas,Operating,CTG2 (200)
FL,55192,OSC3,28.1289,-81.0978,Pipeline Natural Gas,Operating,CTG3 (200)
PA,55193,CT1,40.4219,-75.9353,Pipeline Natural Gas,Operating,"CTG1 (185), STG (200)"
PA,55193,CT2,40.4219,-75.9353,Pipeline Natural Gas,Operating,"CTG2 (185), STG (200)"
PA,55196,1,40.5447,-79.7678,Pipeline Natural Gas,Operating,UNT1 (43.9)
PA,55196,2,40.5447,-79.7678,Pipeline Natural Gas,Operating,UNT2 (43.9)
MS,55197,AA-001,33.6464,-88.2717,Pipeline Natural Gas,Operating,"CTG1 (161), STG1 (106)"
MS,55197,AA-002,33.6464,-88.2717,Pipeline Natural Gas,Operating,"CTG2 (161), STG2 (106)"
MS,55197,AA-003,33.6464,-88.2717,Pipeline Natural Gas,Operating,"CTG3 (161), STG3 (106)"
KY,55198,GTG101,38.1933,-82.6042,Pipeline Natural Gas,Operating,GTG1 (208)
KY,55198,GTG201,38.1933,-82.6042,Pipeline Natural Gas,Operating,GTG2 (208)
KY,55198,GTG301,38.1933,-82.6042,Pipeline Natural Gas,Operating,GTG3 (208)
KY,55198,GTG401,38.1933,-82.6042,Pipeline Natural Gas,Operating,GTG4 (208)
KY,55198,GTG501,38.1933,-82.6042,Pipeline Natural Gas,Operating,GTG5 (208)
IL,55199,1,41.4388,-88.1236,Pipeline Natural Gas,Operating,"GT1 (191), GT11 (170)"
IL,55199,2,41.4388,-88.1236,Pipeline Natural Gas,Operating,"GT2 (191), GT22 (170)"
IL,55199,3,41.4388,-88.1236,Pipeline Natural Gas,Operating,"GT33 (170), GT3 (191)"
IL,55199,4,41.4388,-88.1236,Pipeline Natural Gas,Operating,GT4 (191)
IL,55199,5,41.4388,-88.1236,Pipeline Natural Gas,Operating,"GT5 (195), GT55 (172)"
IL,55199,6,41.4388,-88.1236,Pipeline Natural Gas,Operating,GT6 (195)
IL,55199,7,41.4388,-88.1236,Pipeline Natural Gas,Operating,GT7 (195)
IL,55199,8,41.4388,-88.1236,Pipeline Natural Gas,Operating,GT8 (195)
IL,55199,9,41.4388,-88.1236,Pipeline Natural Gas,Operating,GT9 (195)
CO,55200,CT5,39.6692,-105.0018,Pipeline Natural Gas,Operating,"UN7 (51.8), UN5 (76)"
CO,55200,CT6,39.6692,-105.0018,Pipeline Natural Gas,Operating,"UN7 (51.8), UN6 (76)"
IL,55201,GCTG1,40.4705,-88.3987,Pipeline Natural Gas,Operating,1 (135)
IL,55201,GCTG2,40.4705,-88.3987,Pipeline Natural Gas,Operating,2 (135)
IL,55202,CT01,38.1114,-89.3467,Pipeline Natural Gas,Operating,1 (45)
IL,55202,CT02,38.1114,-89.3467,Pipeline Natural Gas,Operating,2 (45)
IL,55202,CT03,38.1114,-89.3467,Pipeline Natural Gas,Operating,3 (45)
IL,55202,CT04,38.1114,-89.3467,Pipeline Natural Gas,Operating,4 (45)
IL,55202,CT05,38.1114,-89.3467,Pipeline Natural Gas,Operating,5 (50)
IL,55202,CT06,38.1114,-89.3467,Pipeline Natural Gas,Operating,6 (50)
IL,55202,CT07,38.1114,-89.3467,Pipeline Natural Gas,Operating,7 (50)
IL,55202,CT08,38.1114,-89.3467,Pipeline Natural Gas,Operating,8 (50)
IL,55204,KCTG1,38.7619,-89.0128,Pipeline Natural Gas,Operating,1 (135)
IL,55204,KCTG2,38.7619,-89.0128,Pipeline Natural Gas,Operating,2 (135)
TX,55206,CU1,27.8139,-97.4283,Pipeline Natural Gas,Operating,"CT1 (190), ST1 (195.5)"
TX,55206,CU2,27.8139,-97.4283,Pipeline Natural Gas,Operating,"ST1 (195.5), CT2 (190)"
CO,55207,CT7,40.0197,-105.202,Pipeline Natural Gas,Operating,G7 (71.1)
CO,55207,CT8,40.0197,-105.202,Pipeline Natural Gas,Operating,G8 (71.1)
NM,55210,0001,32.1134,-106.848,Pipeline Natural Gas,Operating,"0002 (110), 0001 (177)"
MA,55211,1,42.1113,-71.4529,Pipeline Natural Gas,Operating,U1 (289)
MA,55211,2,42.1113,-71.4529,Pipeline Natural Gas,Operating,U2 (289)
MA,55212,1,42.0575,-71.5172,Pipeline Natural Gas,Operating,U1 (289)
MA,55212,2,42.0575,-71.5172,Pipeline Natural Gas,Operating,U2 (289)
TX,55215,GT1,31.8378,-102.3278,Pipeline Natural Gas,Operating,"STG1 (224.2), CTG1 (170)"
TX,55215,GT2,31.8378,-102.3278,Pipeline Natural Gas,Operating,"STG1 (224.2), CTG2 (170)"
TX,55215,GT3,31.8378,-102.3278,Pipeline Natural Gas,Operating,"STG2 (224.2), CTG3 (170)"
TX,55215,GT4,31.8378,-102.3278,Pipeline Natural Gas,Operating,"CTG4 (170), STG2 (224.2)"
IL,55216,B-5,41.4092,-88.3292,Pipeline Natural Gas,Operating,
IL,55216,B-6,41.4092,-88.3292,Pipeline Natural Gas,Operating,
IL,55216,CTG1,41.4092,-88.3292,Pipeline Natural Gas,Operating,"UNT1 (39), STG1 (62)"
IL,55216,CTG2,41.4092,-88.3292,Pipeline Natural Gas,Operating,"STG1 (62), UNT2 (39)"
IL,55216,CTG3,41.4092,-88.3292,Pipeline Natural Gas,Operating,"STG1 (62), UNT3 (39)"
CA,55217,X724,38.03,-121.8708,Pipeline Natural Gas,Operating,"STG3 (280.5), CTG1 (198.9)"
CA,55217,X725,38.03,-121.8708,Pipeline Natural Gas,Operating,"CTG2 (198.9), STG3 (280.5)"
MS,55218,2,32.3781,-90.2169,Pipeline Natural Gas,Operating,H04BS (49.1)
MS,55218,H01,32.3781,-90.2169,Pipeline Natural Gas,Operating,"H01 (176.63), H03 (198.05)"
MS,55218,H02,32.3781,-90.2169,Pipeline Natural Gas,Operating,"H02 (176.63), H03 (198.05)"
MS,55220,A01,33.0142,-89.6758,Pipeline Natural Gas,Operating,"A01 (180), A03 (198.1)"
MS,55220,A02,33.0142,-89.6758,Pipeline Natural Gas,Operating,"A03 (198.1), A02 (180)"
AR,55221,G1,34.5923,-92.2166,Pipeline Natural Gas,Operating,"G1 (47.8), G8 (105)"
AR,55221,G2,34.5923,-92.2166,Pipeline Natural Gas,Operating,"G2 (47.8), G8 (105)"
AR,55221,G3,34.5923,-92.2166,Pipeline Natural Gas,Operating,"G3 (47.8), G8 (105)"
AR,55221,G4,34.5923,-92.2166,Pipeline Natural Gas,Operating,"G4 (47.8), G9 (105)"
AR,55221,G5,34.5923,-92.2166,Pipeline Natural Gas,Operating,"G5 (47.8), G9 (105)"
AR,55221,G6,34.5923,-92.2166,Pipeline Natural Gas,Operating,"G9 (105), G6 (47.8)"
AR,55221,G7,34.5923,-92.2166,Pipeline Natural Gas,Operating,"G7 (82.8), G9 (105)"
IL,55222,CTG-1,41.3937,-87.9437,Pipeline Natural Gas,Operating,CTG1 (86.5)
IL,55222,CTG-2,41.3937,-87.9437,Pipeline Natural Gas,Operating,CTG2 (86.5)
IL,55222,CTG-3,41.3937,-87.9437,Pipeline Natural Gas,Operating,CTG3 (86.5)
IL,55222,CTG-4,41.3937,-87.9437,Pipeline Natural Gas,Operating,CTG4 (86.5)
IL,55222,CTG-5,41.3937,-87.9437,Pipeline Natural Gas,Operating,CTG5 (86.5)
IL,55222,CTG-6,41.3937,-87.9437,Pipeline Natural Gas,Operating,CTG6 (86.5)
IL,55222,CTG-7,41.3937,-87.9437,Pipeline Natural Gas,Operating,CTG7 (86.5)
IL,55222,CTG-8,41.3937,-87.9437,Pipeline Natural Gas,Operating,CTG8 (86.5)
TX,55223,GT-1,32.3194,-96.6739,Pipeline Natural Gas,Operating,"ST1 (133), GT1 (285)"
IN,55224,EU-01,38.6716,-87.2931,Pipeline Natural Gas,Operating,CTG1 (122)
IN,55224,EU-02,38.6716,-87.2931,Pipeline Natural Gas,Operating,CTG2 (122)
IN,55224,EU-03,38.6716,-87.2931,Pipeline Natural Gas,Operating,CTG3 (122)
IN,55224,EU-04,38.6716,-87.2931,Pipeline Natural Gas,Operating,CTG4 (122)
OK,55225,CTG-1,36.0119,-95.6967,Pipeline Natural Gas,Operating,"CTG1 (176), STG1 (255)"
OK,55225,CTG-2,36.0119,-95.6967,Pipeline Natural Gas,Operating,"CTG2 (176), STG1 (255)"
OK,55225,CTG-3,36.0119,-95.6967,Pipeline Natural Gas,Operating,"CTG3 (176), STG2 (255)"
OK,55225,CTG-4,36.0119,-95.6967,Pipeline Natural Gas,Operating,"CTG4 (176), STG2 (255)"
TX,55226,GT1,31.8907,-96.1128,Pipeline Natural Gas,Operating,"GT1 (166.7), ST3 (184.6)"
TX,55226,GT2,31.8907,-96.1128,Pipeline Natural Gas,Operating,"GT2 (166.7), ST3 (184.6)"
TX,55226,GT3,31.8907,-96.1128,Pipeline Natural Gas,Operating,"GT3 (166.7), ST6 (184.6)"
TX,55226,GT4,31.8907,-96.1128,Pipeline Natural Gas,Operating,"GT4 (166.7), ST6 (184.6)"
OH,55228,G1CT1,40.0747,-84.6147,Pipeline Natural Gas,Operating,GT1 (58.9)
OH,55228,G1CT2,40.0747,-84.6147,Pipeline Natural Gas,Operating,GT1 (58.9)
OH,55228,G2CT1,40.0747,-84.6147,Pipeline Natural Gas,Operating,GT2 (58.9)
OH,55228,G2CT2,40.0747,-84.6147,Pipeline Natural Gas,Operating,GT2 (58.9)
OH,55228,G3CT1,40.0747,-84.6147,Pipeline Natural Gas,Operating,GT3 (58.9)
OH,55228,G3CT2,40.0747,-84.6147,Pipeline Natural Gas,Operating,GT3 (58.9)
OH,55228,G4CT1,40.0747,-84.6147,Pipeline Natural Gas,Operating,GT4 (58.9)
OH,55228,G4CT2,40.0747,-84.6147,Pipeline Natural Gas,Operating,GT4 (58.9)
IN,55229,G1CT1,40.6206,-85.3057,Pipeline Natural Gas,Operating,GT1 (59)
IN,55229,G1CT2,40.6206,-85.3057,Pipeline Natural Gas,Operating,GT1 (59)
IN,55229,G2CT1,40.6206,-85.3057,Pipeline Natural Gas,Operating,GT2 (59)
IN,55229,G2CT2,40.6206,-85.3057,Pipeline Natural Gas,Operating,GT2 (59)
IN,55229,G3CT1,40.6206,-85.3057,Pipeline Natural Gas,Operating,GT3 (59)
IN,55229,G3CT2,40.6206,-85.3057,Pipeline Natural Gas,Operating,GT3 (59)
IN,55229,G4CT1,40.6206,-85.3057,Pipeline Natural Gas,Operating,GT4 (59)
IN,55229,G4CT2,40.6206,-85.3057,Pipeline Natural Gas,Operating,GT4 (59)
TX,55230,CT-1,33.101,-97.9574,Pipeline Natural Gas,Operating,"ST1 (320), CT1 (198)"
TX,55230,CT-2,33.101,-97.9574,Pipeline Natural Gas,Operating,"ST1 (320), CT2 (198)"
TX,55230,CT-3,33.101,-97.9574,Pipeline Natural Gas,Operating,"ST2 (320), CT3 (198)"
TX,55230,CT-4,33.101,-97.9574,Pipeline Natural Gas,Operating,"CT4 (198), ST2 (320)"
PA,55231,0001,39.8622,-75.3361,Pipeline Natural Gas,Operating,"STG (242), GTG1 (186)"
PA,55231,0002,39.8622,-75.3361,Pipeline Natural Gas,Operating,"GTG2 (186), STG (242)"
KY,55232,CT1,37.0286,-88.3958,Pipeline Natural Gas,Operating,CT1 (86)
KY,55232,CT2,37.0286,-88.3958,Pipeline Natural Gas,Operating,CT2 (86)
KY,55232,CT3,37.0286,-88.3958,Pipeline Natural Gas,Operating,CT3 (86)
KY,55232,CT4,37.0286,-88.3958,Pipeline Natural Gas,Operating,CT4 (86)
KY,55232,CT5,37.0286,-88.3958,Pipeline Natural Gas,Operating,CT5 (86)
KY,55232,CT6,37.0286,-88.3958,Pipeline Natural Gas,Operating,CT6 (86)
KY,55232,CT7,37.0286,-88.3958,Pipeline Natural Gas,Operating,CT7 (86)
KY,55232,CT8,37.0286,-88.3958,Pipeline Natural Gas,Operating,CT8 (86)
PA,55233,EU-1A,41.2908,-79.8061,Pipeline Natural Gas,Operating,GT01 (58.9)
PA,55233,EU-1B,41.2908,-79.8061,Pipeline Natural Gas,Operating,GT01 (58.9)
PA,55233,EU-2A,41.2908,-79.8061,Pipeline Natural Gas,Operating,GT02 (58.9)
PA,55233,EU-2B,41.2908,-79.8061,Pipeline Natural Gas,Operating,GT02 (58.9)
PA,55233,EU-3A,41.2908,-79.8061,Pipeline Natural Gas,Operating,GT03 (58.9)
PA,55233,EU-3B,41.2908,-79.8061,Pipeline Natural Gas,Operating,GT03 (58.9)
PA,55233,EU-4A,41.2908,-79.8061,Pipeline Natural Gas,Operating,GT04 (58.9)
PA,55233,EU-4B,41.2908,-79.8061,Pipeline Natural Gas,Operating,GT04 (58.9)
PA,55233,EU-5A,41.2908,-79.8061,Pipeline Natural Gas,Operating,GT05 (58.9)
PA,55233,EU-5B,41.2908,-79.8061,Pipeline Natural Gas,Operating,GT05 (58.9)
MO,55234,CT1,39.3092,-91.5369,Pipeline Natural Gas,Operating,1 (90)
MO,55234,CT2,39.3092,-91.5369,Pipeline Natural Gas,Operating,2 (90)
MO,55234,CT3,39.3092,-91.5369,Pipeline Natural Gas,Operating,3 (90)
MO,55234,CT4,39.3092,-91.5369,Pipeline Natural Gas,Operating,4 (90)
MO,55234,CT5,39.3092,-91.5369,Pipeline Natural Gas,Operating,5 (90)
MO,55234,CT6,39.3092,-91.5369,Pipeline Natural Gas,Operating,6 (90)
MO,55234,CT7,39.3092,-91.5369,Pipeline Natural Gas,Operating,7 (90)
MO,55234,CT8,39.3092,-91.5369,Pipeline Natural Gas,Operating,8 (90)
IL,55236,CT1,41.8287,-89.4054,Pipeline Natural Gas,Operating,CT1 (101.8)
IL,55236,CT2,41.8287,-89.4054,Pipeline Natural Gas,Operating,CT2 (101.8)
IL,55236,CT3,41.8287,-89.4054,Pipeline Natural Gas,Operating,CT3 (101.8)
IL,55236,CT4,41.8287,-89.4054,Pipeline Natural Gas,Operating,CT4 (101.8)
IL,55236,CT5,41.8287,-89.4054,Pipeline Natural Gas,Operating,CT5 (101.8)
IL,55236,CT6,41.8287,-89.4054,Pipeline Natural Gas,Operating,CT6 (101.8)
IL,55236,CT7,41.8287,-89.4054,Pipeline Natural Gas,Operating,CT7 (101.8)
IL,55236,CT8,41.8287,-89.4054,Pipeline Natural Gas,Operating,CT8 (101.8)
IL,55237,SCE1,39.2794,-88.4772,Pipeline Natural Gas,Operating,CTG1 (60.5)
IL,55237,SCE2,39.2794,-88.4772,Pipeline Natural Gas,Operating,CTG2 (60.5)
IL,55237,SCE3,39.2794,-88.4772,Pipeline Natural Gas,Operating,CTG3 (60.5)
IL,55237,SCE4,39.2794,-88.4772,Pipeline Natural Gas,Operating,CTG4 (60.5)
IL,55237,SCE5,39.2794,-88.4772,Pipeline Natural Gas,Operating,CTG5 (60.5)
IL,55237,SCE6,39.2794,-88.4772,Pipeline Natural Gas,Operating,CTG6 (60.5)
IL,55237,SCE7,39.2794,-88.4772,Pipeline Natural Gas,Operating,CTG7 (60)
IL,55237,SCE8,39.2794,-88.4772,Pipeline Natural Gas,Operating,CTG8 (60)
IL,55238,0001,42.2403,-89.1025,Pipeline Natural Gas,Operating,0001 (166.5)
IL,55238,0002,42.2403,-89.1025,Pipeline Natural Gas,Operating,0002 (166.5)
NJ,55239,1,40.4481,-74.3497,Pipeline Natural Gas,Operating,"0001 (212), 0004 (280.5)"
NJ,55239,2,40.4481,-74.3497,Pipeline Natural Gas,Operating,"0002 (212), 0004 (280.5)"
NJ,55239,3,40.4481,-74.3497,Pipeline Natural Gas,Operating,"0004 (280.5), 0003 (212)"
AL,55241,COG01,30.7478,-88.0575,Pipeline Natural Gas,Operating,"ST01 (80), CT01 (200)"
FL,55242,CT-1,30.5661,-87.115,Pipeline Natural Gas,Operating,"ST01 (74.5), CT01 (200.1)"
GA,55244,CTG-2,33.8376,-83.6996,Pipeline Natural Gas,Operating,CTG2 (72)
GA,55244,CTG-3,33.8376,-83.6996,Pipeline Natural Gas,Operating,CTG3 (72)
GA,55244,CTG-4,33.8376,-83.6996,Pipeline Natural Gas,Operating,CTG4 (101)
GA,55244,CTG-5,33.8376,-83.6996,Pipeline Natural Gas,Operating,CTG5 (101)
OH,55247,CT1,39.7139,-83.1778,Pipeline Natural Gas,Operating,GT1 (94)
OH,55247,CT2,39.7139,-83.1778,Pipeline Natural Gas,Operating,GT2 (94)
OH,55247,CT3,39.7139,-83.1778,Pipeline Natural Gas,Operating,GT3 (94)
OH,55247,CT4,39.7139,-83.1778,Pipeline Natural Gas,Operating,GT4 (94)
OH,55247,CT5,39.7139,-83.1778,Pipeline Natural Gas,Operating,GT5 (94)
OH,55247,CT6,39.7139,-83.1778,Pipeline Natural Gas,Operating,GT6 (94)
OH,55248,CT4,39.7286,-84.2106,Pipeline Natural Gas,Operating,GT4 (94)
OH,55248,CT5,39.7286,-84.2106,Pipeline Natural Gas,Operating,GT5 (94)
OH,55248,CT6,39.7286,-84.2106,Pipeline Natural Gas,Operating,GT6 (94)
OH,55248,CT7,39.7286,-84.2106,Pipeline Natural Gas,Operating,GT7 (94)
IL,55250,UP1,41.4405,-87.7528,Pipeline Natural Gas,Operating,UPG1 (57)
IL,55250,UP10,41.4405,-87.7528,Pipeline Natural Gas,Operating,UPG5 (57)
IL,55250,UP11,41.4405,-87.7528,Pipeline Natural Gas,Operating,UPG6 (57)
IL,55250,UP12,41.4405,-87.7528,Pipeline Natural Gas,Operating,UPG6 (57)
IL,55250,UP2,41.4405,-87.7528,Pipeline Natural Gas,Operating,UPG1 (57)
IL,55250,UP3,41.4405,-87.7528,Pipeline Natural Gas,Operating,UPG2 (57)
IL,55250,UP4,41.4405,-87.7528,Pipeline Natural Gas,Operating,UPG2 (57)
IL,55250,UP5,41.4405,-87.7528,Pipeline Natural Gas,Operating,UPG3 (57)
IL,55250,UP6,41.4405,-87.7528,Pipeline Natural Gas,Operating,UPG3 (57)
IL,55250,UP7,41.4405,-87.7528,Pipeline Natural Gas,Operating,UPG4 (57)
IL,55250,UP8,41.4405,-87.7528,Pipeline Natural Gas,Operating,UPG4 (57)
IL,55250,UP9,41.4405,-87.7528,Pipeline Natural Gas,Operating,UPG5 (57)
TN,55251,CTG-1,36.2454,-88.612,Pipeline Natural Gas,Operating,CTG1 (185.4)
TN,55251,CTG-2,36.2454,-88.612,Pipeline Natural Gas,Operating,CTG2 (191.2)
TN,55251,CTG-3,36.2454,-88.612,Pipeline Natural Gas,Operating,CTG3 (191.2)
IL,55253,GT1,41.4297,-87.6187,Pipeline Natural Gas,Operating,GT1 (89)
IL,55253,GT2,41.4297,-87.6187,Pipeline Natural Gas,Operating,GT2 (89)
IL,55253,GT3,41.4297,-87.6187,Pipeline Natural Gas,Operating,GT3 (89)
IL,55253,GT4,41.4297,-87.6187,Pipeline Natural Gas,Operating,GT4 (89)
IN,55259,CT1,41.6739,-87.4778,Pipeline Natural Gas,Operating,"CT1 (186), ST1 (213)"
IN,55259,CT2,41.6739,-87.4778,Pipeline Natural Gas,Operating,"ST1 (213), CT2 (186)"
OH,55262,CT1,41.3989,-83.6411,Pipeline Natural Gas,Operating,CT1 (33)
OH,55263,CT1,40.7167,-82.789,Pipeline Natural Gas,Operating,CT1 (33)
OH,55264,CT1,41.4077,-84.1092,Pipeline Natural Gas,Operating,CT1 (33)
GA,55267,1,32.911,-84.3059,Pipeline Natural Gas,Operating,712 (167)
GA,55267,2,32.911,-84.3059,Pipeline Natural Gas,Operating,713 (167)
GA,55267,3,32.911,-84.3059,Pipeline Natural Gas,Operating,714 (167)
GA,55267,4,32.911,-84.3059,Pipeline Natural Gas,Operating,715 (167)
MS,55269,AA-001,34.9939,-90.039,Pipeline Natural Gas,Operating,"STG1 (122), CTG1 (196)"
MS,55269,AA-002,34.9939,-90.039,Pipeline Natural Gas,Operating,"STG2 (122), CTG2 (196)"
MS,55269,AA-003,34.9939,-90.039,Pipeline Natural Gas,Operating,"STG3 (122), CTG3 (196)"
MI,55270,7EA,42.2488,-84.3767,Pipeline Natural Gas,Operating,"ST1 (105), 7EA (79.2), ST2 (105)"
MI,55270,LM1,42.2488,-84.3767,Pipeline Natural Gas,Operating,"LM1 (50), ST1 (105), ST2 (105)"
MI,55270,LM2,42.2488,-84.3767,Pipeline Natural Gas,Operating,"ST1 (105), LM2 (50), ST2 (105)"
MI,55270,LM3,42.2488,-84.3767,Pipeline Natural Gas,Operating,"LM3 (50), ST1 (105), ST2 (105)"
MI,55270,LM4,42.2488,-84.3767,Pipeline Natural Gas,Operating,"ST2 (105), LM4 (50), ST1 (105)"
MI,55270,LM5,42.2488,-84.3767,Pipeline Natural Gas,Operating,"ST2 (105), LM5 (50), ST1 (105)"
MI,55270,LM6,42.2488,-84.3767,Pipeline Natural Gas,Operating,"LM6 (50), ST1 (105), ST2 (105)"
AL,55271,CT1,32.6514,-86.7386,Pipeline Natural Gas,Operating,GTG1 (183.1)
AL,55271,CT2,32.6514,-86.7386,Pipeline Natural Gas,Operating,GTG2 (183.1)
AL,55271,CT3,32.6514,-86.7386,Pipeline Natural Gas,Operating,"STG1 (390.1), GTG3 (183.1)"
WV,55276,01,38.3681,-82.5339,Pipeline Natural Gas,Operating,01 (86.5)
WV,55276,02,38.3681,-82.5339,Pipeline Natural Gas,Operating,02 (86.5)
WV,55276,03,38.3681,-82.5339,Pipeline Natural Gas,Operating,03 (86.5)
WV,55276,04,38.3681,-82.5339,Pipeline Natural Gas,Operating,04 (86.5)
WV,55276,05,38.3681,-82.5339,Pipeline Natural Gas,Operating,05 (86.5)
WV,55276,06,38.3681,-82.5339,Pipeline Natural Gas,Operating,06 (86.5)
IL,55279,AGS01,41.8151,-88.2265,Pipeline Natural Gas,Operating,AGS01 (213)
IL,55279,AGS02,41.8151,-88.2265,Pipeline Natural Gas,Operating,AGS02 (213)
IL,55279,AGS03,41.8151,-88.2265,Pipeline Natural Gas,Operating,AGS03 (213)
IL,55279,AGS04,41.8151,-88.2265,Pipeline Natural Gas,Operating,AGS04 (213)
IL,55279,AGS05,41.8151,-88.2265,Pipeline Natural Gas,Operating,AGS05 (71)
IL,55279,AGS06,41.8151,-88.2265,Pipeline Natural Gas,Operating,AGS06 (71)
IL,55279,AGS07,41.8151,-88.2265,Pipeline Natural Gas,Operating,AGS07 (71)
IL,55279,AGS08,41.8151,-88.2265,Pipeline Natural Gas,Operating,AGS08 (71)
IL,55279,AGS09,41.8151,-88.2265,Pipeline Natural Gas,Operating,AGS09 (71)
IL,55279,AGS10,41.8151,-88.2265,Pipeline Natural Gas,Operating,AGS10 (71)
IL,55281,CTG10,41.7181,-87.5449,Pipeline Natural Gas,Operating (Retired 06/30/2024),CTG10 (36.5)
IL,55281,CTG11,41.7181,-87.5449,Pipeline Natural Gas,Operating (Retired 06/30/2024),CTG11 (36.5)
IL,55281,CTG12,41.7181,-87.5449,Pipeline Natural Gas,Operating (Retired 06/30/2024),CTG12 (36.5)
IL,55281,CTG5,41.7181,-87.5449,Pipeline Natural Gas,Operating (Retired 06/30/2024),CTG5 (36.5)
IL,55281,CTG6,41.7181,-87.5449,Pipeline Natural Gas,Operating (Retired 06/30/2024),CTG6 (36.5)
IL,55281,CTG7,41.7181,-87.5449,Pipeline Natural Gas,Operating (Retired 06/30/2024),CTG7 (36.5)
IL,55281,CTG8,41.7181,-87.5449,Pipeline Natural Gas,Operating (Retired 06/30/2024),CTG8 (36.5)
IL,55281,CTG9,41.7181,-87.5449,Pipeline Natural Gas,Operating (Retired 06/30/2024),CTG9 (36.5)
AZ,55282,CTG1,33.3417,-112.8897,Pipeline Natural Gas,Operating,"STG1 (317), CTG1 (198)"
AZ,55282,CTG2,33.3417,-112.8897,Pipeline Natural Gas,Operating,"STG1 (317), CTG2 (198)"
CO,55283,1,38.6281,-104.7069,Pipeline Natural Gas,Operating,"1 (154), 3 (233)"
CO,55283,2,38.6281,-104.7069,Pipeline Natural Gas,Operating,"2 (154), 3 (233)"
WV,55284,GS01,38.3441,-82.5938,Pipeline Natural Gas,Operating,BSG1 (57)
WV,55284,GS02,38.3441,-82.5938,Pipeline Natural Gas,Operating,BSG1 (57)
WV,55284,GS03,38.3441,-82.5938,Pipeline Natural Gas,Operating,BSG2 (57)
WV,55284,GS04,38.3441,-82.5938,Pipeline Natural Gas,Operating,BSG2 (57)
WV,55284,GS05,38.3441,-82.5938,Pipeline Natural Gas,Operating,BSG3 (57)
WV,55284,GS06,38.3441,-82.5938,Pipeline Natural Gas,Operating,BSG3 (57)
WV,55284,GS07,38.3441,-82.5938,Pipeline Natural Gas,Operating,BSG4 (57)
WV,55284,GS08,38.3441,-82.5938,Pipeline Natural Gas,Operating,BSG4 (57)
WV,55284,GS09,38.3441,-82.5938,Pipeline Natural Gas,Operating,BSG5 (57)
WV,55284,GS10,38.3441,-82.5938,Pipeline Natural Gas,Operating,BSG5 (57)
WV,55284,GS11,38.3441,-82.5938,Pipeline Natural Gas,Operating,BSG6 (57)
WV,55284,GS12,38.3441,-82.5938,Pipeline Natural Gas,Operating,BSG6 (57)
VA,55285,WH01,36.6644,-82.1044,Pipeline Natural Gas,Operating,WHG1 (57)
VA,55285,WH02,36.6644,-82.1044,Pipeline Natural Gas,Operating,WHG1 (57)
VA,55285,WH03,36.6644,-82.1044,Pipeline Natural Gas,Operating,WHG2 (57)
VA,55285,WH04,36.6644,-82.1044,Pipeline Natural Gas,Operating,WHG2 (57)
VA,55285,WH05,36.6644,-82.1044,Pipeline Natural Gas,Operating,WHG3 (57)
VA,55285,WH06,36.6644,-82.1044,Pipeline Natural Gas,Operating,WHG3 (57)
VA,55285,WH07,36.6644,-82.1044,Pipeline Natural Gas,Operating,WHG4 (57)
VA,55285,WH08,36.6644,-82.1044,Pipeline Natural Gas,Operating,WHG4 (57)
VA,55285,WH09,36.6644,-82.1044,Pipeline Natural Gas,Operating,WHG5 (57)
VA,55285,WH10,36.6644,-82.1044,Pipeline Natural Gas,Operating,WHG5 (57)
FL,55286,O-1,28.3661,-80.7947,Pipeline Natural Gas,Operating,OG1 (190)
FL,55286,O-2,28.3661,-80.7947,Pipeline Natural Gas,Operating,OG2 (190)
FL,55286,O-3,28.3661,-80.7947,Pipeline Natural Gas,Operating,OG3 (190)
FL,55286,O-4,28.3661,-80.7947,Pipeline Natural Gas,Operating,OG4 (190)
FL,55286,O-5,28.3661,-80.7947,Pipeline Natural Gas,Operating,OG5 (190)
AL,55292,CTG-1,34.6292,-87.0214,Pipeline Natural Gas,Operating,"STG1 (171), CTG1 (180)"
AL,55292,CTG-2,34.6292,-87.0214,Pipeline Natural Gas,Operating,"STG1 (171), CTG2 (180)"
AL,55292,CTG-3,34.6292,-87.0214,Pipeline Natural Gas,Operating,"CTG3 (180), STG1 (171)"
AL,55293,CT-1,34.6397,-87.0639,Pipeline Natural Gas,Operating,"CTG1 (187), STG1 (198.7)"
AL,55293,CT-2,34.6397,-87.0639,Pipeline Natural Gas,Operating,"STG1 (198.7), CTG2 (187)"
AL,55293,CT-3,34.6397,-87.0639,Pipeline Natural Gas,Operating,"CTG3 (187), STG1 (198.7)"
ME,55294,1,43.6576,-70.3772,Pipeline Natural Gas,Operating,"STG3 (195.5), GTG1 (184.2)"
ME,55294,2,43.6576,-70.3772,Pipeline Natural Gas,Operating,"STG3 (195.5), GTG2 (184.2)"
CA,55295,1,33.6157,-114.6865,Pipeline Natural Gas,Operating,"CT1 (170), ST1 (227)"
CA,55295,2,33.6157,-114.6865,Pipeline Natural Gas,Operating,"ST1 (227), CT2 (170)"
IL,55296,**1,41.6835,-87.5563,Pipeline Natural Gas,Operating,CT11 (156)
IL,55296,**2,41.6835,-87.5563,Pipeline Natural Gas,Operating,CT12 (156)
MI,55297,001,42.3231,-86.2925,Pipeline Natural Gas,Operating,"1A (147), 1 (245)"
MI,55297,002,42.3231,-86.2925,Pipeline Natural Gas,Operating,"2 (245), 2A (147)"
MI,55297,003,42.3231,-86.2925,Pipeline Natural Gas,Operating,"3A (147), 3 (245)"
PA,55298,1A,40.1464,-74.7406,Pipeline Natural Gas,Operating,"ST1 (271.2), CT1A (198.9)"
PA,55298,1B,40.1464,-74.7406,Pipeline Natural Gas,Operating,"ST1 (271.2), CT1B (198.9)"
PA,55298,2A,40.1464,-74.7406,Pipeline Natural Gas,Operating,"CT2A (198.9), ST2 (271.2)"
PA,55298,2B,40.1464,-74.7406,Pipeline Natural Gas,Operating,"CT2B (198.9), ST2 (271.2)"
TX,55299,CTG1,29.7189,-95.2319,Other Gas,Operating,"CTG1 (215), ST-1 (285)"
TX,55299,CTG2,29.7189,-95.2319,Other Gas,Operating,"ST-1 (285), CTG2 (215)"
TX,55299,CTG3,29.7189,-95.2319,Pipeline Natural Gas,Operating,"CTG3 (180), ST-1 (285)"
GA,55304,CT1,31.3869,-84.0819,Pipeline Natural Gas,Operating,CT1 (60)
GA,55304,CT5,31.3869,-84.0819,Pipeline Natural Gas,Operating,CT5 (60)
AZ,55306,1CTGA,32.9761,-112.694,Pipeline Natural Gas,Operating,"ST9 (271), CTG1 (174)"
AZ,55306,1CTGB,32.9761,-112.694,Pipeline Natural Gas,Operating,"CTG2 (174), ST9 (271)"
AZ,55306,2CTGA,32.9761,-112.694,Pipeline Natural Gas,Operating,"CTG3 (174), ST10 (271)"
AZ,55306,2CTGB,32.9761,-112.694,Pipeline Natural Gas,Operating,"CTG4 (174), ST10 (271)"
AZ,55306,3CTGA,32.9761,-112.694,Pipeline Natural Gas,Operating,"CTG5 (174), ST11 (271)"
AZ,55306,3CTGB,32.9761,-112.694,Pipeline Natural Gas,Operating,"ST11 (271), CTG6 (174)"
AZ,55306,4CTGA,32.9761,-112.694,Pipeline Natural Gas,Operating,"CTG7 (174), ST12 (271)"
AZ,55306,4CTGB,32.9761,-112.694,Pipeline Natural Gas,Operating,"CTG8 (174), ST12 (271)"
KY,55308,A,37.0467,-88.3506,Pipeline Natural Gas,Operating,
KY,55308,B,37.0467,-88.3506,Pipeline Natural Gas,Operating,
KY,55308,C,37.0467,-88.3506,Pipeline Natural Gas,Operating,GEN1 (30.4)
MA,55317,11,42.2417,-70.9653,Pipeline Natural Gas,Operating,"ST15 (315), GT11 (278.6)"
MA,55317,12,42.2417,-70.9653,Pipeline Natural Gas,Operating,"GT12 (278.6), ST15 (315)"
TX,55320,GT-1,33.0583,-97.9103,Pipeline Natural Gas,Operating,"ST1 (262), GT1 (242)"
TX,55320,GT-2,33.0583,-97.9103,Pipeline Natural Gas,Operating,"ST1 (262), GT2 (242)"
NV,55322,CTG-1,36.3853,-114.9228,Pipeline Natural Gas,Operating,"CTG1 (201.5), ST1 (329.8)"
NV,55322,CTG-2,36.3853,-114.9228,Pipeline Natural Gas,Operating,"ST1 (329.8), CTG2 (201.5)"
NV,55322,CTG-3,36.3853,-114.9228,Pipeline Natural Gas,Operating,"CTG3 (201.5), ST2 (329.8)"
NV,55322,CTG-4,36.3853,-114.9228,Pipeline Natural Gas,Operating,"ST2 (329.8), CTG4 (201.5)"
TX,55327,CTG-1,29.7731,-94.9019,Pipeline Natural Gas,Operating,"STG1 (275), CTG1 (210)"
TX,55327,CTG-2,29.7731,-94.9019,Pipeline Natural Gas,Operating,"STG1 (275), CTG2 (214.8)"
TX,55327,CTG-3,29.7731,-94.9019,Pipeline Natural Gas,Operating,"STG1 (275), CTG3 (214.8)"
OR,55328,CTG-1,45.7934,-119.313,Pipeline Natural Gas,Operating,"STG1 (264.4), CTG1 (212.5)"
OR,55328,CTG-2,45.7934,-119.313,Pipeline Natural Gas,Operating,"STG1 (264.4), CTG2 (212.5)"
GA,55332,T1,33.0917,-82.9803,Pipeline Natural Gas,Operating,1 (176)
GA,55332,T2,33.0917,-82.9803,Pipeline Natural Gas,Operating,2 (176)
GA,55332,T3,33.0917,-82.9803,Pipeline Natural Gas,Operating,3 (176)
GA,55332,T4,33.0917,-82.9803,Pipeline Natural Gas,Operating,4 (176)
CA,55333,1,38.0167,-121.8439,Pipeline Natural Gas,Operating,"STG1 (306), CTG1 (212)"
CA,55333,2,38.0167,-121.8439,Pipeline Natural Gas,Operating,"STG1 (306), CTG2 (212)"
CA,55333,3,38.0167,-121.8439,Pipeline Natural Gas,Operating,"STG1 (306), CTG3 (213.5)"
IL,55334,CTG1,39.2242,-88.7594,Pipeline Natural Gas,Operating,"STG1 (345.1), CTG1 (178.5)"
IL,55334,CTG2,39.2242,-88.7594,Pipeline Natural Gas,Operating,"STG1 (345.1), CTG2 (178.5)"
PA,55337,0001,40.3509,-76.3658,Pipeline Natural Gas,Operating,"CT1 (259.2), ST4 (230)"
PA,55337,0002,40.3509,-76.3658,Pipeline Natural Gas,Operating,"ST4 (230), CT2 (259.2)"
AR,55340,1,35.8619,-90.0253,Pipeline Natural Gas,Operating,"STG (281), CTG1 (199)"
AR,55340,2,35.8619,-90.0253,Pipeline Natural Gas,Operating,"CTG2 (199), STG (281)"
NM,55343,CTG1,32.2983,-107.78,Pipeline Natural Gas,Operating,"CTG1 (175), STG1 (300)"
NM,55343,CTG2,32.2983,-107.78,Pipeline Natural Gas,Operating,"CTG2 (175), STG1 (300)"
CA,55345,CTG-1,32.5733,-116.9153,Pipeline Natural Gas,Operating,"1-03 (290.7), 1-01 (198.9)"
CA,55345,CTG-2,32.5733,-116.9153,Pipeline Natural Gas,Operating,"1-03 (290.7), 1-02 (198.9)"
PA,55347,1,40.6383,-79.3503,Pipeline Natural Gas,Operating,1 (172)
PA,55347,2,40.6383,-79.3503,Pipeline Natural Gas,Operating,2 (172)
PA,55347,3,40.6383,-79.3503,Pipeline Natural Gas,Operating,3 (172)
PA,55347,4,40.6383,-79.3503,Pipeline Natural Gas,Operating,4 (172)
OH,55348,1,41.4774,-83.4616,Pipeline Natural Gas,Operating,1 (196.9)
OH,55348,2,41.4774,-83.4616,Pipeline Natural Gas,Operating,2 (196.9)
OH,55348,3,41.4774,-83.4616,Pipeline Natural Gas,Operating,3 (196.9)
OH,55348,4,41.4774,-83.4616,Pipeline Natural Gas,Operating,4 (196.9)
WV,55349,1,39.3328,-81.3639,Pipeline Natural Gas,Operating,1 (172)
WV,55349,2,39.3328,-81.3639,Pipeline Natural Gas,Operating,2 (172)
OH,55350,1A,40.0935,-82.0267,Pipeline Natural Gas,Operating,"3 (280.5), 1 (198.9)"
OH,55350,1B,40.0935,-82.0267,Pipeline Natural Gas,Operating,"2 (198.9), 3 (280.5)"
TX,55357,CTG1,29.4731,-95.6244,Pipeline Natural Gas,Operating,"CTG1 (200), STG1 (275.6)"
TX,55357,CTG2,29.4731,-95.6244,Pipeline Natural Gas,Operating,"STG1 (275.6), CTG2 (200)"
TX,55358,CT1,30.2588,-93.7353,Pipeline Natural Gas,Operating,"ST1 (156), CT1 (190)"
TX,55358,CT2,30.2588,-93.7353,Pipeline Natural Gas,Operating,"ST2 (156), CT2 (190)"
TX,55358,CT3,30.2588,-93.7353,Pipeline Natural Gas,Operating,"ST3 (156), CT3 (190)"
TX,55358,CT4,30.2588,-93.7353,Pipeline Natural Gas,Operating,"ST4 (156), CT4 (190)"
IN,55364,CT11,39.3922,-87.5103,Pipeline Natural Gas,Operating,"CT01 (159), ST1 (237.3)"
IN,55364,CT12,39.3922,-87.5103,Pipeline Natural Gas,Operating,"ST1 (237.3), CT02 (159)"
TX,55365,GT-1,29.702,-95.071,Pipeline Natural Gas,Operating,GT1 (44)
TX,55365,GT-2,29.702,-95.071,Pipeline Natural Gas,Operating,GT2 (44)
TX,55365,GT-3,29.702,-95.071,Pipeline Natural Gas,Operating,GT3 (44)
TX,55365,GT-4,29.702,-95.071,Pipeline Natural Gas,Operating,GT4 (44)
AZ,55372,CTG1,33.4759,-113.1133,Pipeline Natural Gas,Operating,"STG1 (160), CTG1 (281.7)"
AZ,55372,CTG2,33.4759,-113.1133,Pipeline Natural Gas,Operating,"STG2 (160), CTG2 (281.7)"
AZ,55372,CTG3,33.4759,-113.1133,Pipeline Natural Gas,Operating,"CTG3 (281.7), STG3 (160)"
NY,55375,CT1,40.7825,-73.8964,Pipeline Natural Gas,Operating,"CT1 (170), ST1 (180)"
NY,55375,CT2,40.7825,-73.8964,Pipeline Natural Gas,Operating,"CT2 (170), ST1 (180)"
NY,55375,CT3,40.7825,-73.8964,Pipeline Natural Gas,Operating,"ST2 (180), CT3 (170)"
NY,55375,CT4,40.7825,-73.8964,Pipeline Natural Gas,Operating,"ST2 (180), CT4 (170)"
PA,55377,8,39.7475,-79.8388,Pipeline Natural Gas,Operating,UNT8 (43.9)
PA,55377,9,39.7475,-79.8388,Pipeline Natural Gas,Operating,UNT9 (43.9)
AR,55380,CTG-1,33.2961,-92.5933,Pipeline Natural Gas,Operating,"STG1 (255), CTG1 (176)"
AR,55380,CTG-2,33.2961,-92.5933,Pipeline Natural Gas,Operating,"STG1 (255), CTG2 (176)"
AR,55380,CTG-3,33.2961,-92.5933,Pipeline Natural Gas,Operating,"STG2 (255), CTG3 (176)"
AR,55380,CTG-4,33.2961,-92.5933,Pipeline Natural Gas,Operating,"CTG4 (176), STG2 (255)"
AR,55380,CTG-5,33.2961,-92.5933,Pipeline Natural Gas,Operating,"CTG5 (176), STG3 (255)"
AR,55380,CTG-6,33.2961,-92.5933,Pipeline Natural Gas,Operating,"STG3 (255), CTG6 (176)"
AR,55380,CTG-7,33.2961,-92.5933,Pipeline Natural Gas,Operating,"CTG7 (176), STG4 (255)"
AR,55380,CTG-8,33.2961,-92.5933,Pipeline Natural Gas,Operating,"CTG8 (176), STG4 (255)"
VA,55381,CT-001,37.9892,-75.54,Diesel Oil,Operating,UNT1 (57.5)
VA,55381,CT-002,37.9892,-75.54,Diesel Oil,Operating,UNT2 (57.5)
VA,55381,CT-003,37.9892,-75.54,Diesel Oil,Operating,UNT3 (57.5)
VA,55381,CT-004,37.9892,-75.54,Diesel Oil,Operating,UNT4 (57.5)
VA,55381,CT-005,37.9892,-75.54,Diesel Oil,Operating,UNT5 (57.5)
VA,55381,CT-006,37.9892,-75.54,Diesel Oil,Operating,UNT6 (57.5)
VA,55381,CT-007,37.9892,-75.54,Diesel Oil,Operating,UNT7 (57.5)
GA,55382,CCCT1,34.7094,-84.9182,Pipeline Natural Gas,Operating,"1STG (302), 1GT1 (147)"
GA,55382,CCCT2,34.7094,-84.9182,Pipeline Natural Gas,Operating,"1GT2 (147), 1STG (302)"
GA,55382,CCCT3,34.7094,-84.9182,Pipeline Natural Gas,Operating,"2GT1 (147), 2STG (302)"
GA,55382,CCCT4,34.7094,-84.9182,Pipeline Natural Gas,Operating,"2STG (302), 2GT2 (147)"
SC,55386,B-1,33.8692,-81.0183,Pipeline Natural Gas,Operating,
SC,55386,B-2,33.8692,-81.0183,Pipeline Natural Gas,Operating,
SC,55386,B-3,33.8692,-81.0183,Pipeline Natural Gas,Operating,
SC,55386,CT-1,33.8692,-81.0183,Pipeline Natural Gas,Operating,"ST1 (274.5), CT1 (170)"
SC,55386,CT-2,33.8692,-81.0183,Pipeline Natural Gas,Operating,"ST1 (274.5), CT2 (170)"
WI,55391,CT-1,42.9767,-89.0492,Pipeline Natural Gas,Operating,CT-01 (172)
WI,55391,CT-2,42.9767,-89.0492,Pipeline Natural Gas,Operating,CT-02 (172)
WI,55391,CT-3,42.9767,-89.0492,Pipeline Natural Gas,Operating,CT-03 (172)
IL,55392,CT-1,42.4776,-87.895,Pipeline Natural Gas,Operating,CTG1 (160)
IL,55392,CT-2,42.4776,-87.895,Pipeline Natural Gas,Operating,CTG2 (160)
IL,55392,CT-3,42.4776,-87.895,Pipeline Natural Gas,Operating,CTG3 (160)
CA,55393,1,37.2169,-121.7439,Pipeline Natural Gas,Operating,"CTG1 (200), STG1 (235)"
CA,55393,2,37.2169,-121.7439,Pipeline Natural Gas,Operating,"STG1 (235), CTG2 (200)"
MS,55395,CT01,34.183,-90.5621,Pipeline Natural Gas,Operating,CT01 (76.6)
MS,55395,CT02,34.183,-90.5621,Pipeline Natural Gas,Operating,CT02 (76.6)
MS,55395,CT03,34.183,-90.5621,Pipeline Natural Gas,Operating,CT03 (76.6)
MS,55395,CT04,34.183,-90.5621,Pipeline Natural Gas,Operating,CT04 (76.6)
OH,55397,CT1,39.5798,-81.6571,Pipeline Natural Gas,Operating,"ST1 (317.1), CT1 (198.9)"
OH,55397,CT2,39.5798,-81.6571,Pipeline Natural Gas,Operating,"CT2 (198.9), ST1 (317.1)"
CA,55400,CTG-1,35.2802,-119.4699,Pipeline Natural Gas,Operating,"STG (225), CTG1 (199)"
CA,55400,CTG-2,35.2802,-119.4699,Pipeline Natural Gas,Operating,"CTG2 (199), STG (225)"
OH,55401,CT-1,39.0839,-82.3328,Pipeline Natural Gas,Operating,CT-1 (209)
OH,55401,CT-2,39.0839,-82.3328,Pipeline Natural Gas,Operating,CT-2 (209)
OH,55401,CT-3,39.0839,-82.3328,Pipeline Natural Gas,Operating,CT-3 (209)
OH,55401,CT-4,39.0839,-82.3328,Pipeline Natural Gas,Operating,CT-4 (209)
OH,55401,CT-5,39.0839,-82.3328,Pipeline Natural Gas,Operating,CT-5 (209)
MI,55402,CT1,43.1864,-84.8429,Pipeline Natural Gas,Operating,CT1 (170)
MI,55402,CT2,43.1864,-84.8429,Pipeline Natural Gas,Operating,CT2 (170)
MI,55402,CT3,43.1864,-84.8429,Pipeline Natural Gas,Operating,CT3 (170)
MI,55402,CT4,43.1864,-84.8429,Pipeline Natural Gas,Operating,CT4 (170)
LA,55404,COG01,30.2292,-91.065,Pipeline Natural Gas,Operating,"CTG1 (187), STG (196)"
LA,55404,COG02,30.2292,-91.065,Pipeline Natural Gas,Operating,"STG (196), CTG2 (187)"
NY,55405,1,42.2728,-73.8492,Pipeline Natural Gas,Operating,"CT1 (300), ST1 (141)"
NY,55405,2,42.2728,-73.8492,Pipeline Natural Gas,Operating,"ST2 (141), CT2 (300)"
NY,55405,3,42.2728,-73.8492,Pipeline Natural Gas,Operating,"CT3 (300), ST3 (141)"
GA,55406,1,32.2792,-81.2842,Pipeline Natural Gas,Operating,"UNT1 (199.4), STG (197.8)"
GA,55406,2,32.2792,-81.2842,Pipeline Natural Gas,Operating,"STG (197.8), UNT2 (199.4)"
AL,55409,CT1,33.5883,-85.9731,Pipeline Natural Gas,Operating,CAL1 (187)
AL,55409,CT2,33.5883,-85.9731,Pipeline Natural Gas,Operating,CAL2 (187)
AL,55409,CT3,33.5883,-85.9731,Pipeline Natural Gas,Operating,CAL3 (187)
AL,55409,CT4,33.5883,-85.9731,Pipeline Natural Gas,Operating,CAL4 (187)
AL,55411,CT1,33,-85.9031,Pipeline Natural Gas,Operating,"HECS (306), HEC1 (258.4)"
AL,55411,CT2,33,-85.9031,Pipeline Natural Gas,Operating,"HECS (306), HEC2 (258.4)"
FL,55412,CT1,28.0525,-81.8083,Pipeline Natural Gas,Operating,"OECS (260), OEC1 (192.1)"
FL,55412,CT2,28.0525,-81.8083,Pipeline Natural Gas,Operating,"OECS (260), OEC2 (192.1)"
FL,55414,GT101,28.3665,-82.5591,Pipeline Natural Gas,Operating,G101 (171)
FL,55414,GT201,28.3665,-82.5591,Pipeline Natural Gas,Operating,G201 (171)
FL,55414,GT301,28.3665,-82.5591,Pipeline Natural Gas,Operating,G301 (171)
FL,55415,GT101,27.5242,-81.9236,Pipeline Natural Gas,Operating,G101 (170)
FL,55415,GT201,27.5242,-81.9236,Pipeline Natural Gas,Operating,G201 (170)
FL,55415,GT301,27.5242,-81.9236,Pipeline Natural Gas,Operating,G301 (170)
FL,55415,GT401,27.5242,-81.9236,Pipeline Natural Gas,Operating,G401 (170)
IL,55417,CT-01,38.6996,-88.5392,Pipeline Natural Gas,Operating,CT01 (114)
IL,55417,CT-02,38.6996,-88.5392,Pipeline Natural Gas,Operating,CT02 (114)
IL,55417,CT-03,38.6996,-88.5392,Pipeline Natural Gas,Operating,CT03 (114)
IL,55417,CT-04,38.6996,-88.5392,Pipeline Natural Gas,Operating,CT04 (114)
AR,55418,CT-1,34.2963,-92.8683,Pipeline Natural Gas,Operating,"ST1 (317), CT1 (198.9)"
AR,55418,CT-2,34.2963,-92.8683,Pipeline Natural Gas,Operating,"CT2 (198.9), ST1 (317)"
LA,55419,500,30.3215,-91.2392,Natural Gas,Operating,"G500 (171.1), ST5 (195)"
LA,55419,600,30.3215,-91.2392,Natural Gas,Operating,"ST5 (195), G600 (171.1)"
LA,55419,700,30.3215,-91.2392,Natural Gas,Operating,"G700 (171.1), ST5 (195)"
LA,55419,800,30.3215,-91.2392,Natural Gas,Operating,"ST5 (195), G800 (171.1)"
LA,55433,CTG-1,30.2825,-92.5994,Pipeline Natural Gas,Operating,0001 (110)
LA,55433,CTG-2,30.2825,-92.5994,Pipeline Natural Gas,Operating,0002 (110)
LA,55433,CTG-3,30.2825,-92.5994,Pipeline Natural Gas,Operating,0003 (110)
LA,55433,CTG-4,30.2825,-92.5994,Pipeline Natural Gas,Operating,0004 (110)
IL,55438,CT01,41.9997,-88.2445,Pipeline Natural Gas,Operating,CT01 (135)
IL,55438,CT02,41.9997,-88.2445,Pipeline Natural Gas,Operating,CT02 (135)
IL,55438,CT03,41.9997,-88.2445,Pipeline Natural Gas,Operating,CT03 (135)
IL,55438,CT04,41.9997,-88.2445,Pipeline Natural Gas,Operating,CT04 (135)
VA,55439,CTGDB1,37.8667,-78.3813,Pipeline Natural Gas,Operating,"STG1 (396.2), CTG1 (183.3)"
VA,55439,CTGDB2,37.8667,-78.3813,Pipeline Natural Gas,Operating,"STG1 (396.2), CTG2 (183.3)"
VA,55439,CTGDB3,37.8667,-78.3813,Pipeline Natural Gas,Operating,"CTG3 (183.3), STG1 (396.2)"
AL,55440,CTGDB1,32.6503,-86.7386,Pipeline Natural Gas,Operating,"ST1 (390.1), CTG1 (183.3)"
AL,55440,CTGDB2,32.6503,-86.7386,Pipeline Natural Gas,Operating,"ST1 (390.1), CTG2 (183.3)"
AL,55440,CTGDB3,32.6503,-86.7386,Pipeline Natural Gas,Operating,"CTG3 (183.3), ST1 (390.1)"
MO,55447,CT01,39.0183,-92.2633,Pipeline Natural Gas,Operating,CT01 (48)
MO,55447,CT02,39.0183,-92.2633,Pipeline Natural Gas,Operating,CT02 (48)
MO,55447,CT03,39.0183,-92.2633,Pipeline Natural Gas,Operating,CT03 (48)
MO,55447,CT04,39.0183,-92.2633,Pipeline Natural Gas,Operating,CT04 (48)
MS,55451,CTG-1,34.8358,-89.2017,Pipeline Natural Gas,Operating,"CTG1 (178.5), STG1 (156)"
MS,55451,CTG-2,34.8358,-89.2017,Pipeline Natural Gas,Operating,"CTG2 (178.5), STG2 (156)"
MS,55451,CTG-3,34.8358,-89.2017,Pipeline Natural Gas,Operating,"STG3 (156), CTG3 (178.5)"
CO,55453,1,38.5569,-104.6875,Pipeline Natural Gas,Operating,S1 (43)
CO,55453,2,38.5569,-104.6875,Pipeline Natural Gas,Operating,S2 (43)
CO,55453,3,38.5569,-104.6875,Pipeline Natural Gas,Operating,S3 (43)
CO,55453,4,38.5569,-104.6875,Pipeline Natural Gas,Operating,S4 (43)
CO,55453,5,38.5569,-104.6875,Pipeline Natural Gas,Operating,S5 (43)
CO,55453,6,38.5569,-104.6875,Pipeline Natural Gas,Operating,S6 (43)
AZ,55455,CC1A,33.33,-112.84,Pipeline Natural Gas,Operating,"ST1 (204), CT1A (182)"
AZ,55455,CC1B,33.33,-112.84,Pipeline Natural Gas,Operating,"ST1 (204), CT1B (182)"
AZ,55455,CC2A,33.33,-112.84,Pipeline Natural Gas,Operating,"ST2 (204), CT2A (182)"
AZ,55455,CC2B,33.33,-112.84,Pipeline Natural Gas,Operating,"CT2B (182), ST2 (204)"
OK,55457,CT1,35.2979,-97.5896,Pipeline Natural Gas,Operating,"CT1 (150.1), ST1 (168.3)"
OK,55457,CT2,35.2979,-97.5896,Pipeline Natural Gas,Operating,"ST1 (168.3), CT2 (150.1)"
MI,55460,EUCT1,41.8621,-86.2213,Pipeline Natural Gas,Operating,"CT1 (370.6), ST1 (368.1)"
MI,55460,EUCT2,41.8621,-86.2213,Pipeline Natural Gas,Operating,"CT2 (370.6), ST1 (368.1)"
OK,55463,CT-01,35.6853,-97.2242,Pipeline Natural Gas,Operating,"ST01 (159.5), CT01 (198.9)"
OK,55463,CT-02,35.6853,-97.2242,Pipeline Natural Gas,Operating,"CT02 (198.9), ST02 (159.5)"
OK,55463,CT-03,35.6853,-97.2242,Pipeline Natural Gas,Operating,"CT03 (198.9), ST03 (159.5)"
OK,55463,CT-04,35.6853,-97.2242,Pipeline Natural Gas,Operating,"CT04 (198.9), ST04 (159.5)"
TX,55464,CTG1,29.7153,-95.1361,Pipeline Natural Gas,Operating,"STG1 (276), CTG1 (180)"
TX,55464,CTG2,29.7153,-95.1361,Pipeline Natural Gas,Operating,"CTG2 (180), STG1 (276)"
TX,55464,CTG3,29.7153,-95.1361,Pipeline Natural Gas,Operating,"CTG3 (180), STG1 (276)"
TX,55464,CTG4,29.7153,-95.1361,Pipeline Natural Gas,Operating,"STG1 (276), CTG4 (180)"
TX,55464,CTG5,29.7153,-95.1361,Pipeline Natural Gas,Operating,"CTG5 (180), STG1 (276)"
LA,55467,CTGEN1,32.7056,-92.0697,Pipeline Natural Gas,Operating,"STG1 (122), CTG1 (179.3)"
LA,55467,CTGEN2,32.7056,-92.0697,Pipeline Natural Gas,Operating,"STG2 (122), CTG2 (179.3)"
LA,55467,CTGEN3,32.7056,-92.0697,Pipeline Natural Gas,Operating,"CTG3 (179.3), STG3 (122)"
TX,55470,EPN801,29.3775,-94.9328,Pipeline Natural Gas,Operating,"ST1 (110), TR1 (167), ST805 (250)"
TX,55470,EPN802,29.3775,-94.9328,Pipeline Natural Gas,Operating,"ST805 (250), TR2 (167), ST1 (110)"
TX,55470,EPN803,29.3775,-94.9328,Pipeline Natural Gas,Operating,"ST1 (110), TR3 (167), ST805 (250)"
WY,55477,CT2,44.2853,-105.3841,Pipeline Natural Gas,Operating,GT2 (40)
SD,55478,CT1,44.1212,-103.2608,Pipeline Natural Gas,Operating,0001 (44)
WY,55479,001,44.2862,-105.3843,Coal,Operating,0001 (100)
TX,55480,U1,32.7563,-96.4916,Pipeline Natural Gas,Operating,"ST1 (414), U1 (172)"
TX,55480,U2,32.7563,-96.4916,Pipeline Natural Gas,Operating,"U2 (172), ST1 (414)"
TX,55480,U3,32.7563,-96.4916,Pipeline Natural Gas,Operating,"ST1 (414), U3 (172)"
TX,55480,U4,32.7563,-96.4916,Pipeline Natural Gas,Operating,"ST2 (414), U4 (172)"
TX,55480,U5,32.7563,-96.4916,Pipeline Natural Gas,Operating,"ST2 (414), U5 (169.8)"
TX,55480,U6,32.7563,-96.4916,Pipeline Natural Gas,Operating,"U6 (169.8), ST2 (414)"
AZ,55481,1,33.3451,-112.8638,Pipeline Natural Gas,Operating,"ST1 (321), GT1 (170)"
AZ,55481,2,33.3451,-112.8638,Pipeline Natural Gas,Operating,"ST1 (321), GT2 (170)"
AZ,55481,5,33.3451,-112.8638,Pipeline Natural Gas,Operating,"GT3 (170), ST2 (321)"
AZ,55481,6,33.3451,-112.8638,Pipeline Natural Gas,Operating,"GT4 (170), ST2 (321)"
WA,55482,CT-1,45.8114,-120.833,Pipeline Natural Gas,Operating,"G1 (170), G2 (114.3)"
LA,55486,CTG01,30.7914,-89.9092,Pipeline Natural Gas,Operating,CTG1 (207)
LA,55486,CTG02,30.7914,-89.9092,Pipeline Natural Gas,Operating,CTG2 (207)
IL,55496,CT-01,40.1083,-88.5986,Pipeline Natural Gas,Operating,CT01 (114)
IL,55496,CT-02,40.1083,-88.5986,Pipeline Natural Gas,Operating,CT02 (114)
IL,55496,CT-03,40.1083,-88.5986,Pipeline Natural Gas,Operating,CT03 (114)
IL,55496,CT-04,40.1083,-88.5986,Pipeline Natural Gas,Operating,CT04 (114)
IL,55496,CT-05,40.1083,-88.5986,Pipeline Natural Gas,Operating,CT05 (114)
IL,55496,CT-06,40.1083,-88.5986,Pipeline Natural Gas,Operating,CT06 (114)
CA,55499,GT-1,38.3989,-121.9239,Pipeline Natural Gas,Operating,CPP1 (60.5)
CA,55499,GT-2,38.3989,-121.9239,,Operating,CPP1 (60.5)
OK,55501,CTGDB1,34.6831,-95.9349,Pipeline Natural Gas,Operating,"CTG1 (183.9), STG1 (317.2)"
OK,55501,CTGDB2,34.6831,-95.9349,Pipeline Natural Gas,Operating,"CTG2 (183.9), STG1 (317.2)"
OK,55501,CTGDB3,34.6831,-95.9349,Pipeline Natural Gas,Operating,"CTG3 (183.9), STG2 (317.2)"
OK,55501,CTGDB4,34.6831,-95.9349,Pipeline Natural Gas,Operating,"CTG4 (183.9), STG2 (317.2)"
IN,55502,1,39.0913,-84.8667,Pipeline Natural Gas,Operating,"0100 (268), 1100 (174)"
IN,55502,2,39.0913,-84.8667,Pipeline Natural Gas,Operating,"1200 (174), 0100 (268)"
IN,55502,3,39.0913,-84.8667,Pipeline Natural Gas,Operating,"2100 (174), 0200 (268)"
IN,55502,4,39.0913,-84.8667,Pipeline Natural Gas,Operating,"0200 (268), 2200 (174)"
OH,55503,1,39.5314,-81.7172,Pipeline Natural Gas,Operating,"ST1 (399), CTG1 (174.2)"
OH,55503,2,39.5314,-81.7172,Pipeline Natural Gas,Operating,"CTG2 (174.2), ST1 (399)"
OH,55503,3,39.5314,-81.7172,Pipeline Natural Gas,Operating,"CTG3 (174.2), ST1 (399)"
CO,55504,L1,39.2038,-103.7005,Pipeline Natural Gas,Operating,L1 (82)
CO,55504,L2,39.2038,-103.7005,Pipeline Natural Gas,Operating,L2 (82)
CO,55505,BR1,39.9414,-104.6817,Pipeline Natural Gas,Operating,BR1 (82)
CO,55505,BR2,39.9414,-104.6817,Pipeline Natural Gas,Operating,BR2 (82)
CA,55508,GT-1,36.6531,-120.5797,Pipeline Natural Gas,Operating,CPP2 (60.5)
CA,55508,GT-2,36.6531,-120.5797,,Operating,CPP2 (60.5)
CA,55510,GT-1,32.5622,-116.9433,Pipeline Natural Gas,Operating,CPP4 (60.5)
CA,55510,GT-2,32.5622,-116.9433,,Operating,CPP4 (60.5)
CA,55512,GT-1,32.7971,-116.972,Pipeline Natural Gas,Operating,CPP6 (48.7)
CA,55512,GT-2,32.7971,-116.972,,Operating,CPP6 (48.7)
CA,55513,GT-1,33.1221,-117.117,Pipeline Natural Gas,Operating,CPP7 (58.9)
CA,55513,GT-2,33.1221,-117.117,,Operating,CPP7 (58.9)
NV,55514,CTG01,36.4178,-114.9622,Pipeline Natural Gas,Operating,"CTG1 (174), STG1 (252.6)"
NV,55514,CTG02,36.4178,-114.9622,Pipeline Natural Gas,Operating,"STG1 (252.6), CTG2 (174)"
PA,55516,CTG1,39.8592,-79.9182,Pipeline Natural Gas,Operating,"STG1 (317.1), CTG1 (163.5)"
PA,55516,CTG2,39.8592,-79.9182,Pipeline Natural Gas,Operating,"STG1 (317.1), CTG2 (163.5)"
CT,55517,CT01,41.4486,-72.8358,Pipeline Natural Gas,Operating,CTG1 (45)
CT,55517,CT02,41.4486,-72.8358,Pipeline Natural Gas,Operating,CTG2 (45)
CT,55517,CT03,41.4486,-72.8358,Pipeline Natural Gas,Operating,CTG3 (45)
CT,55517,CT04,41.4486,-72.8358,Pipeline Natural Gas,Operating,CTG4 (45)
CT,55517,CT05,41.4486,-72.8358,Pipeline Natural Gas,Operating,CTG5 (45)
CT,55517,CT06,41.4486,-72.8358,Pipeline Natural Gas,Operating,CT06 (50)
CT,55517,CT07,41.4486,-72.8358,Pipeline Natural Gas,Operating,CT07 (50)
CA,55518,CTG1,34.5953,-117.3647,Pipeline Natural Gas,Operating,"CTG1 (177), STG1 (330)"
CA,55518,CTG2,34.5953,-117.3647,Pipeline Natural Gas,Operating,"STG2 (330), CTG2 (177)"
CA,55518,CTG3,34.5953,-117.3647,Pipeline Natural Gas,Operating,"STG3 (330), CTG3 (177)"
AZ,55522,CT01,32.9285,-111.5899,Pipeline Natural Gas,Operating,CT1 (45)
AZ,55522,CT02,32.9285,-111.5899,Pipeline Natural Gas,Operating,CT2 (45)
AZ,55522,CT03,32.9285,-111.5899,Pipeline Natural Gas,Operating,CT3 (45)
AZ,55522,CT04,32.9285,-111.5899,Pipeline Natural Gas,Operating,CT4 (45)
AZ,55522,CT05,32.9285,-111.5899,Pipeline Natural Gas,Operating,CT5 (45)
AZ,55522,CT06,32.9285,-111.5899,Pipeline Natural Gas,Operating,CT6 (45)
AZ,55522,CT07,32.9285,-111.5899,Pipeline Natural Gas,Operating,CT7 (45)
AZ,55522,CT08,32.9285,-111.5899,Pipeline Natural Gas,Operating,CT8 (45)
AZ,55522,CT09,32.9285,-111.5899,Pipeline Natural Gas,Operating,CT9 (45)
AZ,55522,CT10,32.9285,-111.5899,Pipeline Natural Gas,Operating,CT10 (45)
PA,55524,1,39.738,-76.3072,Pipeline Natural Gas,Operating,"STG1 (200), CTG1 (120)"
PA,55524,2,39.738,-76.3072,Pipeline Natural Gas,Operating,"CTG2 (120), STG1 (200)"
PA,55524,3,39.738,-76.3072,Pipeline Natural Gas,Operating,"STG1 (200), CTG3 (120)"
PA,55524,5,39.738,-76.3072,Pipeline Natural Gas,Operating,"STG2 (419.6), CTG5 (234.9)"
PA,55524,6,39.738,-76.3072,Pipeline Natural Gas,Operating,"CTG6 (234.9), STG2 (419.6)"
CA,55538,CTG1,33.1261,-117.1172,Pipeline Natural Gas,Operating,1 (46.5)
CA,55540,1A,32.5914,-117.0586,Pipeline Natural Gas,Operating,GEN1 (44)
CA,55540,1B,32.5914,-117.0586,Pipeline Natural Gas,Operating,GEN1 (44)
CA,55541,1,33.9114,-116.5533,Pipeline Natural Gas,Operating,CTG1 (49.9)
CA,55541,2,33.9114,-116.5533,Pipeline Natural Gas,Operating,CTG2 (49.9)
CA,55541,3,33.9114,-116.5533,Pipeline Natural Gas,Operating,CTG3 (49.9)
CA,55542,1,32.5672,-116.9444,Pipeline Natural Gas,Operating,CTG1 (49.9)
CA,55542,2,32.5672,-116.9444,Pipeline Natural Gas,Operating,CTG2 (49.9)
OR,55544,GT1,42.1727,-121.8144,Pipeline Natural Gas,Operating,GT1 (29.4)
OR,55544,GT2,42.1727,-121.8144,Pipeline Natural Gas,Operating,GT2 (29.4)
OR,55544,GT3,42.1727,-121.8144,Pipeline Natural Gas,Operating,GT3 (29.4)
OR,55544,GT4,42.1727,-121.8144,Pipeline Natural Gas,Operating,GT4 (29.4)
WI,55558,B06,44.2717,-88.3011,Pipeline Natural Gas,Operating,"GEN1 (48), GEN2 (5)"
LA,55620,1-1,32.6914,-92.0192,Pipeline Natural Gas,Operating,"ST-1 (237), CT-1 (210.5)"
LA,55620,1-2,32.6914,-92.0192,Pipeline Natural Gas,Operating,"ST-1 (237), CT-2 (210.5)"
LA,55620,2-1,32.6914,-92.0192,Pipeline Natural Gas,Operating,2-CT (183)
UT,55622,U1,40.6663,-112.031,Pipeline Natural Gas,Operating,U1 (43.4)
UT,55622,U2,40.6663,-112.031,Pipeline Natural Gas,Operating,U2 (43.4)
UT,55622,U3,40.6663,-112.031,Pipeline Natural Gas,Operating,U3 (43.4)
UT,55622,U4,40.6663,-112.031,Pipeline Natural Gas,Operating,U4 (43.4)
UT,55622,U5,40.6663,-112.031,Pipeline Natural Gas,Operating,U5 (43.4)
CA,55625,UNIT1,38.2419,-121.8551,Pipeline Natural Gas,Operating,CT1 (47)
CA,55626,UNIT1,38.2216,-121.8683,Pipeline Natural Gas,Operating,CT1 (47)
CA,55627,UNIT1,38.2271,-121.844,Pipeline Natural Gas,Operating,CT1 (47)
IL,55640,CT01,41.4426,-87.7515,Pipeline Natural Gas,Operating,G1 (45)
IL,55640,CT02,41.4426,-87.7515,Pipeline Natural Gas,Operating,G2 (45)
IL,55640,CT03,41.4426,-87.7515,Pipeline Natural Gas,Operating,G3 (45)
IL,55640,CT04,41.4426,-87.7515,Pipeline Natural Gas,Operating,G4 (45)
IL,55640,CT05,41.4426,-87.7515,Pipeline Natural Gas,Operating,G5 (45)
IL,55640,CT06,41.4426,-87.7515,Pipeline Natural Gas,Operating,G6 (45)
IL,55640,CT07,41.4426,-87.7515,Pipeline Natural Gas,Operating,G7 (45)
IL,55640,CT08,41.4426,-87.7515,Pipeline Natural Gas,Operating,G8 (45)
IL,55640,CT09,41.4426,-87.7515,Pipeline Natural Gas,Operating,G9 (45)
IL,55640,CT10,41.4426,-87.7515,Pipeline Natural Gas,Operating,G10 (45)
IL,55640,CT11,41.4426,-87.7515,Pipeline Natural Gas,Operating,G11 (45)
IL,55640,CT12,41.4426,-87.7515,Pipeline Natural Gas,Operating,G12 (45)
WI,55641,CT-01,42.5835,-89.0351,Pipeline Natural Gas,Operating,"STG1 (299.7), CTG1 (198)"
WI,55641,CT-02,42.5835,-89.0351,Pipeline Natural Gas,Operating,"CTG2 (198), STG1 (299.7)"
WI,55641,CT-03,42.5835,-89.0351,Pipeline Natural Gas,Operating,"CTG3 (232.9), STG2 (260.1)"
WI,55641,CT-04,42.5835,-89.0351,Pipeline Natural Gas,Operating,"CTG4 (232.9), STG2 (260.1)"
CO,55645,CT-01,39.7436,-104.68,Pipeline Natural Gas,Operating,CT01 (145)
CO,55645,CT-02,39.7436,-104.68,Pipeline Natural Gas,Operating,CT02 (145)
OK,55651,CT-01,35.7422,-97.655,Pipeline Natural Gas,Operating,CT01 (80)
OK,55651,CT-02,35.7422,-97.655,Pipeline Natural Gas,Operating,CT02 (80)
OK,55651,CT-03,35.7422,-97.655,Pipeline Natural Gas,Operating,CT03 (80)
OK,55651,CT-04,35.7422,-97.655,Pipeline Natural Gas,Operating,CT04 (80)
PA,55654,12,39.8668,-77.6859,Pipeline Natural Gas,Operating,UN12 (44)
PA,55654,13,39.8668,-77.6859,Pipeline Natural Gas,Operating,UN13 (44)
CA,55656,CT001,34.9556,-118.844,Pipeline Natural Gas,Operating,"CT01 (168), ST03 (185)"
CA,55656,CT002,34.9556,-118.844,Pipeline Natural Gas,Operating,"CT02 (168), ST03 (185)"
CA,55656,CT004,34.9556,-118.844,Pipeline Natural Gas,Operating,"CT04 (168), ST05 (90)"
NH,55661,1,43.1047,-70.8044,Pipeline Natural Gas,Operating,"GT-1 (185.6), ST (234.3)"
NH,55661,2,43.1047,-70.8044,Pipeline Natural Gas,Operating,"ST (234.3), GT-2 (185.6)"
WA,55662,CT1,46.6226,-122.9145,Natural Gas,Operating,"CT1 (171.8), CA (195.5)"
WA,55662,CT2,46.6226,-122.9145,Natural Gas,Operating,"CA (195.5), CT2 (171.8)"
TX,55664,GT-1,32.3958,-94.4361,Pipeline Natural Gas,Operating,"ST-1 (230), GT-1 (170)"
TX,55664,GT-2,32.3958,-94.4361,Pipeline Natural Gas,Operating,"GT-2 (170), ST-1 (230)"
PA,55667,CT01,40.8011,-75.105,Pipeline Natural Gas,Operating,"G3 (228.6), G1 (213)"
PA,55667,CT02,40.8011,-75.105,Pipeline Natural Gas,Operating,"G2 (213), G3 (228.6)"
GA,55672,CT1,33.1189,-82.8608,Pipeline Natural Gas,Operating,CT1 (86.53)
GA,55672,CT2,33.1189,-82.8608,Pipeline Natural Gas,Operating,CT2 (86.53)
GA,55672,CT3,33.1189,-82.8608,Pipeline Natural Gas,Operating,CT3 (86.53)
GA,55672,CT4,33.1189,-82.8608,Pipeline Natural Gas,Operating,CT4 (86.53)
GA,55672,CT5,33.1189,-82.8608,Pipeline Natural Gas,Operating,CT5 (86.53)
GA,55672,CT6,33.1189,-82.8608,Pipeline Natural Gas,Operating,CT6 (86.53)
GA,55672,CT7,33.1189,-82.8608,Pipeline Natural Gas,Operating,CT7 (86.53)
GA,55672,CT8,33.1189,-82.8608,Pipeline Natural Gas,Operating,CT8 (86.53)
NV,55687,BHG1,35.6139,-115.3561,Pipeline Natural Gas,Operating,"ST1 (332.4), A01 (178)"
NV,55687,BHG2,35.6139,-115.3561,Pipeline Natural Gas,Operating,"ST1 (332.4), A02 (178)"
PA,55690,1,40.6175,-75.3147,Pipeline Natural Gas,Operating,"CTG1 (140), STG4 (230)"
PA,55690,2,40.6175,-75.3147,Pipeline Natural Gas,Operating,"CTG2 (140), STG4 (230)"
PA,55690,3,40.6175,-75.3147,Pipeline Natural Gas,Operating,"CTG3 (140), STG4 (230)"
PA,55690,5,40.6175,-75.3147,Pipeline Natural Gas,Operating,"STG8 (230), CTG5 (140)"
PA,55690,6,40.6175,-75.3147,Pipeline Natural Gas,Operating,"STG8 (230), CTG6 (140)"
PA,55690,7,40.6175,-75.3147,Pipeline Natural Gas,Operating,"STG8 (230), CTG7 (140)"
MS,55694,AA-001,33.38,-89.2091,Pipeline Natural Gas,Operating,"CT1 (270), ST1 (310.5)"
MS,55694,AA-002,33.38,-89.2091,Pipeline Natural Gas,Operating,"CT2 (270), ST1 (310.5)"
CA,55698,HEP1,36.2689,-119.6469,Pipeline Natural Gas,Operating,HEP1 (46.1)
CA,55698,HEP2,36.2689,-119.6469,Pipeline Natural Gas,Operating,HEP2 (46.1)
NY,55699,1,40.6106,-73.7614,Pipeline Natural Gas,Operating,1 (60.5)
NY,55699,2,40.6106,-73.7614,Diesel Oil,Operating,2 (60.5)
WA,55700,CTG1,46.1403,-122.9842,Natural Gas,Operating,"CTG1 (186), 1STG (133)"
OH,55701,CT01,41.3781,-83.1647,Pipeline Natural Gas,Operating,"CT01 (190.4), CA01 (358.7)"
OH,55701,CT02,41.3781,-83.1647,Pipeline Natural Gas,Operating,"CA01 (358.7), CT02 (190.4)"
TN,55703,P049,35.0836,-90.0825,Process Gas,Operating,
MS,55706,CTG1,33.2881,-89.4201,Pipeline Natural Gas,Operating,"STG1 (362), CTG1 (179)"
MS,55706,CTG2,33.2881,-89.4201,Pipeline Natural Gas,Operating,"STG1 (362), CTG2 (179)"
MS,55706,CTG3,33.2881,-89.4201,Pipeline Natural Gas,Operating,"STG1 (362), CTG3 (179)"
TX,55708,BFB-1,31.8326,-94.9006,Wood,Operating,BFB-1 (115)
PA,55710,3,40.5456,-79.7669,Pipeline Natural Gas,Operating,"UNT3 (175), UNT5 (186)"
PA,55710,4,40.5456,-79.7669,Pipeline Natural Gas,Operating,"UNT4 (175), UNT5 (186)"
AR,55714,SN-01,34.4304,-92.8333,Pipeline Natural Gas,Operating,"ST1 (262), GT1 (242)"
AR,55714,SN-02,34.4304,-92.8333,Pipeline Natural Gas,Operating,"GT2 (242), ST1 (262)"
MI,55718,1,42.774,-82.4818,Pipeline Natural Gas,Operating,GT1 (89.4)
MI,55718,2,42.774,-82.4818,Pipeline Natural Gas,Operating,GT2 (89.4)
MI,55718,3,42.774,-82.4818,Pipeline Natural Gas,Operating,GT3 (89.4)
MI,55718,4,42.774,-82.4818,Pipeline Natural Gas,Operating,GT4 (89.4)
ID,55733,CT01,43.147,-115.6671,Pipeline Natural Gas,Operating,1 (173)
OH,55736,CTG1,38.5731,-82.7833,Pipeline Natural Gas,Operating,"1GT1 (163.5), 1ST (317.1)"
OH,55736,CTG2,38.5731,-82.7833,Pipeline Natural Gas,Operating,"1ST (317.1), 1GT2 (163.5)"
OH,55736,CTG3,38.5731,-82.7833,Pipeline Natural Gas,Operating,"2GT1 (163.5), 2ST (317.1)"
OH,55736,CTG4,38.5731,-82.7833,Pipeline Natural Gas,Operating,"2ST (317.1), 2GT2 (163.5)"
VA,55738,1,37.1753,-81.9617,Pipeline Natural Gas,Operating,1 (44)
VA,55738,2,37.1753,-81.9617,Pipeline Natural Gas,Operating,2 (44)
CA,55748,CTG1,37.425,-121.9319,Pipeline Natural Gas,Operating,"CAG5 (126.1), CTG1 (55)"
CA,55748,CTG2,37.425,-121.9319,Pipeline Natural Gas,Operating,"CTG2 (55), CAG5 (126.1)"
CA,55748,CTG3,37.425,-121.9319,Pipeline Natural Gas,Operating,"CAG5 (126.1), CTG3 (55)"
CA,55748,CTG4,37.425,-121.9319,Pipeline Natural Gas,Operating,"CAG5 (126.1), CTG4 (55)"
MT,55749,U1,45.7578,-107.6,Coal,Operating,UNT1 (121)
NY,55786,CT01,40.7861,-73.2931,Pipeline Natural Gas,Operating,CT01 (50)
NY,55786,CT02,40.7861,-73.2931,Pipeline Natural Gas,Operating,CT02 (50)
NY,55787,CT01,40.9572,-72.8664,Diesel Oil,Operating,CT01 (50)
NY,55787,CT02,40.9572,-72.8664,Diesel Oil,Operating,CT02 (50)
MI,55799,0024,42.4641,-85.6941,Natural Gas,Operating,NRTH (10.6)
MI,55799,0025,42.4641,-85.6941,Natural Gas,Operating,SOTH (10.6)
PA,55801,0001,39.8083,-75.4225,Pipeline Natural Gas,Operating,"STG (271.5), CT1A (188.2)"
PA,55801,0002,39.8083,-75.4225,Pipeline Natural Gas,Operating,"STG (271.5), CTIB (188.2)"
PA,55801,0003,39.8083,-75.4225,Pipeline Natural Gas,Operating,"STG (271.5), CT13 (188.2)"
NM,55802,CTG1,34.6063,-106.732,Pipeline Natural Gas,Operating,1 (160)
CA,55807,HPP1,36.2397,-119.9044,Pipeline Natural Gas,Operating,HPP1 (49)
CA,55807,HPP2,36.2397,-119.9044,Pipeline Natural Gas,Operating,HPP2 (49)
CA,55810,S-3,36.999,-121.5363,Pipeline Natural Gas,Operating,S3 (45)
CA,55810,S-4,36.999,-121.5363,Pipeline Natural Gas,Operating,S4 (45)
CA,55810,S-5,36.999,-121.5363,Pipeline Natural Gas,Operating,S5 (45)
WA,55818,F1CT,47.0864,-122.3644,Pipeline Natural Gas,Operating,"FIST (102), FICT (167)"
FL,55821,25,28.4881,-81.1675,Pipeline Natural Gas,Operating,"A (224), C (281.9)"
FL,55821,26,28.4881,-81.1675,Pipeline Natural Gas,Operating,"C (281.9), B (224)"
CO,55835,1,40.0911,-104.5947,Pipeline Natural Gas,Operating,"CTG1 (185), STG1 (334.9)"
CO,55835,2,40.0911,-104.5947,Pipeline Natural Gas,Operating,"CTG2 (185), STG1 (334.9)"
WI,55836,1A,44.2761,-88.2656,Pipeline Natural Gas,Operating,FT81 (60.5)
WI,55836,1B,44.2761,-88.2656,Pipeline Natural Gas,Operating,FT81 (60.5)
NV,55841,A01,36.4078,-114.9603,Pipeline Natural Gas,Operating,"CT1 (197.2), ST1 (270.3)"
NV,55841,A03,36.4078,-114.9603,Pipeline Natural Gas,Operating,"CT2 (197.2), ST1 (270.3)"
NV,55841,A09,36.4078,-114.9603,Pipeline Natural Gas,Operating (Started 07/23/2024),CT3 (222.6)
NV,55841,A10,36.4078,-114.9603,Pipeline Natural Gas,Operating (Started 07/13/2024),CT4 (222.6)
CA,55847,UNIT1,39.1088,-121.6133,Pipeline Natural Gas,Operating,CTG1 (47)
CA,55855,UNIT1,38.2282,-122.076,Pipeline Natural Gas,Operating,CTG1 (47)
IL,55856,01,38.2792,-89.667,Coal,Operating,PC1 (877.2)
IL,55856,02,38.2792,-89.667,Coal,Operating,PC2 (877.2)
SC,55927,CT01,32.3592,-81.1236,Pipeline Natural Gas,Operating,"ST1 (405), CT1 (198.9)"
SC,55927,CT02,32.3592,-81.1236,Pipeline Natural Gas,Operating,"ST1 (405), CT2 (198.9)"
SC,55927,CT03,32.3592,-81.1236,Pipeline Natural Gas,Operating,"ST1 (405), CT3 (198.9)"
CA,55933,TPP1,37.7107,-121.4906,Pipeline Natural Gas,Operating,"TCC1 (167.3), TPP1 (84.4)"
CA,55933,TPP2,37.7107,-121.4906,Pipeline Natural Gas,Operating,"TPP2 (84.4), TCC1 (167.3)"
IL,55936,U1,42.2383,-89.1014,Pipeline Natural Gas,Operating,GT3 (166.5)
NJ,55938,OPP3,40.0606,-74.1672,Pipeline Natural Gas,Operating,OPP3 (194)
NJ,55938,OPP4,40.0606,-74.1672,Pipeline Natural Gas,Operating,OPP4 (194)
VA,55939,1A,38.9705,-78.1777,Pipeline Natural Gas,Operating,"CT01 (256), ST01 (561)"
VA,55939,1B,38.9705,-78.1777,Pipeline Natural Gas,Operating,"CT02 (256), ST01 (561)"
VA,55939,1C,38.9705,-78.1777,Pipeline Natural Gas,Operating,"ST01 (561), CT03 (256)"
CA,55951,AMP-1,34.0414,-117.3603,Pipeline Natural Gas,Operating,AMP1 (60.5)
CA,55963,1,38.0145,-121.7901,Pipeline Natural Gas,Operating,CTG1 (47)
GA,55965,6A,33.4063,-85.0373,Pipeline Natural Gas,Operating,"ST6 (213.3), CT6A (203.1)"
GA,55965,6B,33.4063,-85.0373,Pipeline Natural Gas,Operating,"ST6 (213.3), CT6B (203.1)"
GA,55965,7A,33.4063,-85.0373,Pipeline Natural Gas,Operating,"ST7 (213.3), CT7A (203.1)"
GA,55965,7B,33.4063,-85.0373,Pipeline Natural Gas,Operating,"ST7 (213.3), CT7B (203.1)"
NY,55969,U-01,41.1056,-72.3767,Diesel Oil,Operating,U-01 (54)
CA,55970,2,38.3383,-121.1239,Other Gas,Operating,"2 (170), 1 (190)"
CA,55970,3,38.3383,-121.1239,Other Gas,Operating,"3 (170), 1 (190)"
NE,55972,CT1,40.9472,-95.9667,Pipeline Natural Gas,Operating,CT-1 (173)
NE,55972,CT2,40.9472,-95.9667,Pipeline Natural Gas,Operating,CT-2 (173)
PA,55976,CT101,39.8725,-77.1672,Pipeline Natural Gas,Operating,"101 (179), 401 (361)"
PA,55976,CT201,39.8725,-77.1672,Pipeline Natural Gas,Operating,"201 (179), 401 (361)"
PA,55976,CT301,39.8725,-77.1672,Pipeline Natural Gas,Operating,"301 (179), 401 (361)"
NM,55977,CTG-1,36.7164,-108.2153,Pipeline Natural Gas,Operating,"STG1 (27), CTG1 (40)"
CA,55985,CTG1,33.1192,-117.118,Pipeline Natural Gas,Operating,"STG (229), CTG1 (165)"
CA,55985,CTG2,33.1192,-117.118,Pipeline Natural Gas,Operating,"CTG2 (165), STG (229)"
IA,56013,U-1,41.5131,-94.9189,Pipeline Natural Gas,Operating,U-1 (60.5)
IA,56013,U-2,41.5131,-94.9189,Pipeline Natural Gas,Operating,U-2 (60.5)
IA,56013,U-3,41.5131,-94.9189,Pipeline Natural Gas,Operating,U-3 (60.5)
GA,56015,P1A,30.9111,-84.5472,Diesel Oil,Operating,SEG1 (40)
GA,56015,P1B,30.9111,-84.5472,Diesel Oil,Operating,SEG1 (40)
GA,56015,P2A,30.9111,-84.5472,Diesel Oil,Operating,SEGC (40)
GA,56015,P2B,30.9111,-84.5472,Diesel Oil,Operating,SEGC (40)
AL,56018,1,33.1661,-86.2825,Pipeline Natural Gas,Operating,1 (49.3)
AL,56018,2,33.1661,-86.2825,Pipeline Natural Gas,Operating,2 (49.3)
CA,56026,PCT1,37.3767,-121.9508,Pipeline Natural Gas,Operating,"STG (54), CTG1 (50)"
CA,56026,PCT2,37.3767,-121.9508,Pipeline Natural Gas,Operating,"CTG2 (50), STG (54)"
WI,56031,CTG-1,44.3204,-88.2089,Pipeline Natural Gas,Operating,"STG (250), CTG1 (198.9)"
WI,56031,CTG-2,44.3204,-88.2089,Pipeline Natural Gas,Operating,"STG (250), CTG2 (198.9)"
NY,56032,0001,40.6447,-73.5683,Pipeline Natural Gas,Operating,0001 (60)
CA,56041,M1,33.9983,-118.2219,Pipeline Natural Gas,Operating,"M3 (55), M1 (42.2)"
CA,56041,M2,33.9983,-118.2219,Pipeline Natural Gas,Operating,"M2 (42.2), M3 (55)"
CA,56046,1,34.1788,-118.3153,Pipeline Natural Gas,Operating,"1 (198.9), 2 (188.7)"
CT,56047,1,41.4841,-73.1229,Pipeline Natural Gas,Operating,"STG (280.5), CTG1 (285)"
CT,56047,2,41.4841,-73.1229,Pipeline Natural Gas,Operating,"CTG2 (285), STG (280.5)"
WI,56068,1,42.8445,-87.829,Coal,Operating,1 (701)
WI,56068,2,42.8445,-87.829,Coal,Operating,2 (701)
CA,56078,1,37.4878,-120.8956,Pipeline Natural Gas,Operating,"3 (110.8), 1 (94.9)"
CA,56078,2,37.4878,-120.8956,Pipeline Natural Gas,Operating,"2 (94.9), 3 (110.8)"
UT,56102,CTG1A,39.8223,-111.894,Pipeline Natural Gas,Operating,"ST1 (274.5), CT1A (146.2)"
UT,56102,CTG1B,39.8223,-111.894,Pipeline Natural Gas,Operating,"CT1B (146.2), ST1 (274.5)"
MN,56104,CT-1,44.1965,-94.0099,Pipeline Natural Gas,Operating,"CTG1 (210), STG1 (320)"
MN,56104,CT-2,44.1965,-94.0099,Pipeline Natural Gas,Operating,"CTG2 (210), STG1 (320)"
LA,56108,U-1,30.2554,-92.0433,Pipeline Natural Gas,Operating,U-1 (61.2)
LA,56108,U-2,30.2554,-92.0433,Pipeline Natural Gas,Operating,U-2 (61.2)
CA,56135,1,37.7315,-121.116,Pipeline Natural Gas,Operating,1 (60.35)
CA,56135,2,37.7315,-121.116,Pipeline Natural Gas,Operating,2 (60.35)
CA,56143,1,33.9636,-117.4528,Pipeline Natural Gas,Operating,1 (50)
CA,56143,2,33.9636,-117.4528,Pipeline Natural Gas,Operating,2 (50)
CA,56143,3,33.9636,-117.4528,Pipeline Natural Gas,Operating,3 (50)
CA,56143,4,33.9636,-117.4528,Pipeline Natural Gas,Operating,4 (50)
GA,56150,10A,32.3478,-81.1828,Pipeline Natural Gas,Operating,"10ST (281.9), C10A (203.2)"
GA,56150,10B,32.3478,-81.1828,Pipeline Natural Gas,Operating,"10ST (281.9), C10B (203.2)"
GA,56150,11A,32.3478,-81.1828,Pipeline Natural Gas,Operating,"11ST (281.9), C11A (203.2)"
GA,56150,11B,32.3478,-81.1828,Pipeline Natural Gas,Operating,"C11B (203.2), 11ST (281.9)"
MO,56151,1,38.6803,-94.4824,Pipeline Natural Gas,Operating,01 (113.8)
MO,56151,2,38.6803,-94.4824,Pipeline Natural Gas,Operating,02 (113.8)
MO,56151,3,38.6803,-94.4824,Pipeline Natural Gas,Operating,03 (113.8)
MN,56164,EU006,44.3353,-93.2894,Pipeline Natural Gas,Operating,"EU01 (212.5), HRSG (122)"
WI,56166,1,43.7519,-87.8783,Pipeline Natural Gas,Operating,1 (170)
WI,56166,2,43.7519,-87.8783,Pipeline Natural Gas,Operating,2 (170)
UT,56177,U1,40.0614,-111.7294,Pipeline Natural Gas,Operating,"ST1 (75), GT1 (65)"
NY,56188,00001,40.7358,-73.3881,Pipeline Natural Gas,Operating,"CTG (50), STG (32)"
CT,56189,4,41.0372,-73.5564,Diesel Oil,Operating,4 (23.2)
CT,56189,5,41.0372,-73.5564,Diesel Oil,Operating,5 (23.2)
CT,56189,7,41.0372,-73.5564,Diesel Oil,Operating,7 (23.2)
NY,56196,CTG7A,40.7881,-73.9056,Pipeline Natural Gas,Operating,"CT01 (170), CA01 (188)"
NY,56196,CTG7B,40.7881,-73.9056,Pipeline Natural Gas,Operating,"CT02 (170), CA01 (188)"
NV,56224,001,40.7458,-116.5297,Coal,Operating,001 (242)
OR,56227,PWEU1,46.1792,-123.1717,Natural Gas,Operating,"1 (312), 2 (171)"
CA,56232,1,32.8769,-117.1664,Pipeline Natural Gas,Operating,1 (53)
CA,56232,2,32.8769,-117.1664,Pipeline Natural Gas,Operating,2 (53)
NY,56234,0001,40.8142,-72.9403,Pipeline Natural Gas,Operating,"ST01 (152.7), CT01 (196.2)"
UT,56237,CT01,40.3311,-111.7547,Pipeline Natural Gas,Operating,"CT01 (182.7), ST01 (225.9)"
UT,56237,CT02,40.3311,-111.7547,Pipeline Natural Gas,Operating,"ST01 (225.9), CT02 (182.7)"
UT,56237,CT03,40.3311,-111.7547,Pipeline Natural Gas,Operating,"CT21 (185.4), ST2 (284.4)"
UT,56237,CT04,40.3311,-111.7547,Pipeline Natural Gas,Operating,"ST2 (284.4), CT22 (185.4)"
SD,56238,CT001,45.3718,-98.1032,Pipeline Natural Gas,Operating,GT01 (93.5)
SD,56238,CT002,45.3718,-98.1032,Pipeline Natural Gas,Operating,GT02 (95)
CA,56239,GT-1,36.6894,-119.7399,Pipeline Natural Gas,Operating,GT-1 (60.5)
CA,56239,GT-2,36.6894,-119.7399,Pipeline Natural Gas,Operating,GT-2 (60.5)
MN,56241,CT-01,44.5364,-92.9147,Pipeline Natural Gas,Operating,UNT1 (173.4)
MN,56241,CT-02,44.5364,-92.9147,Pipeline Natural Gas,Operating,UNT2 (173.4)
NC,56249,ES1-A,34.9708,-79.9208,Pipeline Natural Gas,Operating,1 (61.9)
NC,56249,ES1-B,34.9708,-79.9208,Pipeline Natural Gas,Operating,1 (61.9)
NC,56249,ES2-A,34.9708,-79.9208,Pipeline Natural Gas,Operating,2 (61.9)
NC,56249,ES2-B,34.9708,-79.9208,Pipeline Natural Gas,Operating,2 (61.9)
NC,56249,ES3-A,34.9708,-79.9208,Pipeline Natural Gas,Operating,3 (61.9)
NC,56249,ES3-B,34.9708,-79.9208,Pipeline Natural Gas,Operating,3 (61.9)
NC,56249,ES4-A,34.9708,-79.9208,Pipeline Natural Gas,Operating,4 (61.9)
NC,56249,ES4-B,34.9708,-79.9208,Pipeline Natural Gas,Operating,4 (61.9)
NC,56249,ES5-A,34.9708,-79.9208,Pipeline Natural Gas,Operating,5 (61.9)
NC,56249,ES5-B,34.9708,-79.9208,Pipeline Natural Gas,Operating,5 (61.9)
NC,56249,ES6-A,34.9708,-79.9208,Pipeline Natural Gas,Operating,6 (61.9)
NC,56249,ES6-B,34.9708,-79.9208,Pipeline Natural Gas,Operating,6 (61.9)
UT,56253,MC-1,37.1124,-113.5155,Pipeline Natural Gas,Operating,MC1 (40)
UT,56253,MC-2,37.1124,-113.5155,Pipeline Natural Gas,Operating,MC2 (40)
NY,56259,CT-1,42.6296,-73.749,Pipeline Natural Gas,Operating,"ST13 (295.7), CT11 (179)"
NY,56259,CT-2,42.6296,-73.749,Pipeline Natural Gas,Operating,"ST13 (295.7), CT12 (179)"
LA,56283,U-1,30.1694,-91.9923,Pipeline Natural Gas,Operating,U-1 (60.5)
LA,56283,U-2,30.1694,-91.9923,Pipeline Natural Gas,Operating,U-2 (60.5)
NC,56292,ES1-A,34.8422,-79.7367,Pipeline Natural Gas,Operating,1 (61.9)
NC,56292,ES1-B,34.8422,-79.7367,Pipeline Natural Gas,Operating,1 (61.9)
NC,56292,ES2-A,34.8422,-79.7367,Pipeline Natural Gas,Operating,2 (61.9)
NC,56292,ES2-B,34.8422,-79.7367,Pipeline Natural Gas,Operating,2 (61.9)
NC,56292,ES3-A,34.8422,-79.7367,Pipeline Natural Gas,Operating,3 (61.9)
NC,56292,ES3-B,34.8422,-79.7367,Pipeline Natural Gas,Operating,3 (61.9)
NC,56292,ES4-A,34.8422,-79.7367,Pipeline Natural Gas,Operating,4 (61.9)
NC,56292,ES4-B,34.8422,-79.7367,Pipeline Natural Gas,Operating,4 (61.9)
NC,56292,ES5-A,34.8422,-79.7367,Pipeline Natural Gas,Operating,5 (61.9)
NC,56292,ES5-B,34.8422,-79.7367,Pipeline Natural Gas,Operating,5 (61.9)
NC,56292,ES6-A,34.8422,-79.7367,Pipeline Natural Gas,Operating,6 (61.9)
NC,56292,ES6-B,34.8422,-79.7367,Pipeline Natural Gas,Operating,6 (61.9)
CA,56298,CT001,38.7926,-121.3823,Pipeline Natural Gas,Operating,"0003 (80), 0001 (42)"
CA,56298,CT002,38.7926,-121.3823,Pipeline Natural Gas,Operating,"0002 (42), 0003 (80)"
CA,56298,CT005,38.7926,-121.3823,Pipeline Natural Gas,Operating,0004 (30)
CA,56298,CT006,38.7926,-121.3823,Pipeline Natural Gas,Operating,0005 (30)
WY,56319,001,44.2911,-105.3815,Coal,Operating,0001 (100)
TX,56326,GEN1,32.9748,-102.7432,Pipeline Natural Gas,Operating,GEN1 (170)
TX,56326,GEN2,32.9748,-102.7432,Pipeline Natural Gas,Operating,GEN2 (170)
TX,56326,GEN3,32.9748,-102.7432,Pipeline Natural Gas,Operating,GEN3 (170)
AR,56328,1,36.1855,-94.2841,Pipeline Natural Gas,Operating,1 (89)
AR,56328,2,36.1855,-94.2841,Pipeline Natural Gas,Operating,2 (89)
AR,56328,3,36.1855,-94.2841,Pipeline Natural Gas,Operating,3 (89)
AR,56328,4,36.1855,-94.2841,Pipeline Natural Gas,Operating,4 (89)
TX,56349,CT1A,31.8414,-102.315,Pipeline Natural Gas,Operating,"CT1A (80), ST1 (125)"
TX,56349,CT1B,31.8414,-102.315,Pipeline Natural Gas,Operating,"ST1 (125), CT1B (80)"
TX,56349,CT2A,31.8414,-102.315,Pipeline Natural Gas,Operating,"ST2 (125), CT2A (80)"
TX,56349,CT2B,31.8414,-102.315,Pipeline Natural Gas,Operating,"CT2B (80), ST2 (125)"
TX,56350,CT1A,29.2878,-96.0683,Pipeline Natural Gas,Operating,"CT1A (80), ST1 (105.1)"
TX,56350,CT1B,29.2878,-96.0683,Pipeline Natural Gas,Operating,"CT1B (80), ST1 (105.1)"
TX,56350,CT2A,29.2878,-96.0683,Pipeline Natural Gas,Operating,"ST2 (115), CT2A (80)"
TX,56350,CT2B,29.2878,-96.0683,Pipeline Natural Gas,Operating,"ST2 (115), CT2B (80)"
TX,56350,CT-4A,29.2878,-96.0683,Pipeline Natural Gas,Operating,CT-4A (46)
TX,56350,CT-4B,29.2878,-96.0683,Pipeline Natural Gas,Operating,CT-4B (46)
PA,56397,4,41.2033,-76.0683,Pipeline Natural Gas,Operating,4 (44)
FL,56400,1,27.3839,-80.3775,Pipeline Natural Gas,Operating,"ST1 (191.8), CT1 (219.6)"
FL,56407,WCCT1A,26.6986,-80.3747,Pipeline Natural Gas,Operating,"1A (298), 1ST (527)"
FL,56407,WCCT1B,26.6986,-80.3747,Pipeline Natural Gas,Operating,"1ST (527), 1B (298)"
FL,56407,WCCT1C,26.6986,-80.3747,Pipeline Natural Gas,Operating,"1C (298), 1ST (527)"
FL,56407,WCCT2A,26.6986,-80.3747,Pipeline Natural Gas,Operating,"2A (298), 2ST (527)"
FL,56407,WCCT2B,26.6986,-80.3747,Pipeline Natural Gas,Operating,"2B (298), 2ST (527)"
FL,56407,WCCT2C,26.6986,-80.3747,Pipeline Natural Gas,Operating,"2C (298), 2ST (527)"
FL,56407,WCCT3A,26.6986,-80.3747,Pipeline Natural Gas,Operating,"3A (298), 3ST (527)"
FL,56407,WCCT3B,26.6986,-80.3747,Pipeline Natural Gas,Operating,"3B (298), 3ST (527)"
FL,56407,WCCT3C,26.6986,-80.3747,Pipeline Natural Gas,Operating,"3C (298), 3ST (527)"
CO,56445,CT-01,40.0914,-104.8819,Pipeline Natural Gas,Operating,GEN1 (197)
CO,56445,CT-02,40.0914,-104.8819,Pipeline Natural Gas,Operating,GEN2 (197)
AR,56456,1,35.6626,-89.9469,Coal,Operating,STG1 (665)
NM,56458,HOBB1,32.7282,-103.3095,Pipeline Natural Gas,Operating,"ST3 (275), GT1 (167)"
NM,56458,HOBB2,32.7282,-103.3095,Pipeline Natural Gas,Operating,"ST3 (275), GT2 (167)"
CA,56467,CT1,37.6341,-122.1326,Pipeline Natural Gas,Operating,"STG1 (255), CTG1 (200)"
CA,56467,CT2,37.6341,-122.1326,Pipeline Natural Gas,Operating,"STG1 (255), CTG2 (200)"
CA,56471,CT1,34.2054,-119.2478,Pipeline Natural Gas,Operating,GEN1 (49.9)
CA,56472,CT1,34.09,-117.534,Pipeline Natural Gas,Operating,1 (49.9)
CA,56473,CT1,34.0054,-117.5604,Pipeline Natural Gas,Operating,1 (49.9)
CA,56474,CT1,33.8073,-117.9833,Pipeline Natural Gas,Operating,GEN1 (49.9)
CA,56475,CT1,33.9297,-118.1047,Pipeline Natural Gas,Operating,1 (49.9)
CA,56476,GT1,38.0167,-121.7592,Pipeline Natural Gas,Operating,"A (203.2), C (213.3)"
CA,56476,GT2,38.0167,-121.7592,Pipeline Natural Gas,Operating,"B (203.2), C (213.3)"
WI,56480,1A,44.635,-90.135,Pipeline Natural Gas,Operating,1A (27.5)
WI,56480,1B,44.635,-90.135,Pipeline Natural Gas,Operating,1B (27.5)
AZ,56482,1,35.0361,-114.1594,Natural Gas,Operating,1 (48)
AZ,56482,2,35.0361,-114.1594,Natural Gas,Operating,2 (48)
KS,56502,EEC1,38.4464,-96.0651,Pipeline Natural Gas,Operating,1 (40)
KS,56502,EEC2,38.4464,-96.0651,Pipeline Natural Gas,Operating,2 (40)
KS,56502,EEC3,38.4464,-96.0651,Pipeline Natural Gas,Operating,3 (40)
KS,56502,EEC4,38.4464,-96.0651,Pipeline Natural Gas,Operating,4 (40)
KS,56502,EEC5,38.4464,-96.0651,Pipeline Natural Gas,Operating,5 (187)
KS,56502,EEC6,38.4464,-96.0651,Pipeline Natural Gas,Operating,6 (187)
KS,56502,EEC7,38.4464,-96.0651,Pipeline Natural Gas,Operating,7 (187)
AR,56505,SN04,35.8481,-90.7257,Pipeline Natural Gas,Operating,SN04 (60.5)
AR,56505,SN06,35.8481,-90.7257,Pipeline Natural Gas,Operating,SN06 (57.4)
AR,56505,SN07,35.8481,-90.7257,Pipeline Natural Gas,Operating,SN07 (60.5)
CA,56532,CT1,39.3648,-122.268,Pipeline Natural Gas,Operating,"A (181.5), C (349.4)"
CA,56532,CT2,39.3648,-122.268,Pipeline Natural Gas,Operating,"C (349.4), B (181.5)"
KY,56556,EU01A,37.0339,-88.6161,Pipeline Natural Gas,Operating,1 (60)
KY,56556,EU01B,37.0339,-88.6161,Pipeline Natural Gas,Operating,1 (60)
KY,56556,EU02A,37.0339,-88.6161,Pipeline Natural Gas,Operating,2 (60)
KY,56556,EU02B,37.0339,-88.6161,Pipeline Natural Gas,Operating,2 (60)
AR,56564,SN-01,33.6497,-93.8119,Coal,Operating,1 (600)
CA,56569,1,33.2432,-115.498,Pipeline Natural Gas,Operating,1 (60.5)
CA,56569,2,33.2432,-115.498,Pipeline Natural Gas,Operating,2 (60.5)
WY,56596,001,44.2892,-105.3795,Coal,Operating,5 (100)
TX,56603,SJCCT1,30.42,-95.0114,Pipeline Natural Gas,Operating,SJC1 (85)
TX,56603,SJCCT2,30.42,-95.0114,Pipeline Natural Gas,Operating,SJC2 (85)
TX,56604,HCCT1,30.3039,-94.2527,Pipeline Natural Gas,Operating,HC1 (85)
TX,56604,HCCT2,30.3039,-94.2527,Pipeline Natural Gas,Operating,HC2 (85)
MT,56606,CT01,48.2104,-104.3919,Pipeline Natural Gas,Operating,01 (100)
WY,56609,01,44.3901,-105.4591,Coal,Operating,01 (422)
SD,56610,01,44.3961,-96.5333,Pipeline Natural Gas,Operating,"02 (154), 01 (170)"
TX,56611,S01,31.4753,-96.9564,Coal,Operating,S01 (1008)
CT,56629,10,41.5444,-73.0416,Pipeline Natural Gas,Operating,10 (96)
CA,56639,1,36.654,-120.5797,Pipeline Natural Gas,Operating,1 (60.9)
CA,56639,2,36.654,-120.5797,Pipeline Natural Gas,Operating,2 (60.9)
MD,56668,CGTC,38.9982,-77.1026,Pipeline Natural Gas,Operating,CGTG (23)
WV,56671,001,39.7078,-79.9588,Coal,Operating,MKA01 (769)
TX,56674,1,30.0253,-96.9945,Pipeline Natural Gas,Operating,CGT1 (48)
TX,56674,2,30.0253,-96.9945,Pipeline Natural Gas,Operating,CGT2 (48)
TX,56674,3,30.0253,-96.9945,Pipeline Natural Gas,Operating,CGT3 (48)
TX,56674,4,30.0253,-96.9945,Pipeline Natural Gas,Operating,CGT4 (48)
ND,56786,001,46.925,-98.5,Coal,Operating,1 (99)
CT,56798,U1,41.5526,-72.597,Pipeline Natural Gas,Operating,"ST (295), U1 (199)"
CT,56798,U2,41.5526,-72.597,Pipeline Natural Gas,Operating,"ST (295), U2 (199)"
FL,56799,1,30.1603,-81.5164,Pipeline Natural Gas,Operating,1 (184.1)
FL,56799,2,30.1603,-81.5164,Pipeline Natural Gas,Operating,2 (184.1)
CA,56803,1,36.6513,-120.5833,Pipeline Natural Gas,Operating,1 (108)
CA,56803,2,36.6513,-120.5833,Pipeline Natural Gas,Operating,2 (108)
CA,56803,3,36.6513,-120.5833,Pipeline Natural Gas,Operating,3 (108)
CA,56803,4,36.6513,-120.5833,Pipeline Natural Gas,Operating,4 (108)
TX,56806,CBY41,29.752,-94.923,Pipeline Natural Gas,Operating,"41 (187.7), 4 (179.7)"
TX,56806,CBY42,29.752,-94.923,Pipeline Natural Gas,Operating,"42 (187.7), 4 (179.7)"
VA,56807,1A,37.6961,-78.2848,Pipeline Natural Gas,Operating,"1A (170), 1C (262)"
VA,56807,1B,37.6961,-78.2848,Pipeline Natural Gas,Operating,"1B (170), 1C (262)"
VA,56808,1,36.9161,-82.3381,Coal,Operating,1 (668)
VA,56808,2,36.9161,-82.3381,Coal,Operating,1 (668)
MD,56846,GT1,38.5686,-76.8919,Pipeline Natural Gas,Operating,"STGEN (315), GTG1 (213)"
MD,56846,GT2,38.5686,-76.8919,Pipeline Natural Gas,Operating,"STGEN (315), GTG2 (213)"
MT,56908,1A,46.1066,-112.8755,Pipeline Natural Gas,Operating,1 (67.7)
MT,56908,1B,46.1066,-112.8755,Pipeline Natural Gas,Operating,1 (67.7)
MT,56908,2A,46.1066,-112.8755,Pipeline Natural Gas,Operating,2 (67.7)
MT,56908,2B,46.1066,-112.8755,Pipeline Natural Gas,Operating,2 (67.7)
MT,56908,3A,46.1066,-112.8755,Pipeline Natural Gas,Operating,3 (67.7)
MT,56908,3B,46.1066,-112.8755,Pipeline Natural Gas,Operating,3 (67.7)
CA,56914,CTG1,33.359,-117.111,Pipeline Natural Gas,Operating,CTG1 (48)
CA,56914,CTG2,33.359,-117.111,Pipeline Natural Gas,Operating,CTG2 (48)
NY,56940,1,41.413,-74.435,Pipeline Natural Gas,Operating,"CTG1 (234), STG (300)"
NY,56940,2,41.413,-74.435,Pipeline Natural Gas,Operating,"STG (300), CTG2 (234)"
AZ,56948,CT01,32.9175,-111.5041,Pipeline Natural Gas,Operating,01 (60.5)
AZ,56948,CT02,32.9175,-111.5041,Pipeline Natural Gas,Operating,02 (60.5)
AZ,56948,CT03,32.9175,-111.5041,Pipeline Natural Gas,Operating,03 (60.5)
AZ,56948,CT04,32.9175,-111.5041,Pipeline Natural Gas,Operating,04 (60.5)
AZ,56948,CT05,32.9175,-111.5041,Pipeline Natural Gas,Operating,05 (60.5)
AZ,56948,CT06,32.9175,-111.5041,Pipeline Natural Gas,Operating,06 (60.5)
AZ,56948,CT07,32.9175,-111.5041,Pipeline Natural Gas,Operating,07 (60.5)
AZ,56948,CT08,32.9175,-111.5041,Pipeline Natural Gas,Operating,08 (60.5)
AZ,56948,CT09,32.9175,-111.5041,Pipeline Natural Gas,Operating,09 (60.5)
AZ,56948,CT10,32.9175,-111.5041,Pipeline Natural Gas,Operating,10 (60.5)
AZ,56948,CT11,32.9175,-111.5041,Pipeline Natural Gas,Operating,11 (60.5)
AZ,56948,CT12,32.9175,-111.5041,Pipeline Natural Gas,Operating,12 (60.5)
NJ,56963,E101,39.8418,-75.2214,Pipeline Natural Gas,Operating,"E101 (225), STG101 (304)"
NJ,56963,E102,39.8418,-75.2214,Pipeline Natural Gas,Operating,"STG101 (304), E102 (225)"
NJ,56964,GT1,40.6529,-74.0916,Pipeline Natural Gas,Operating,GT1 (64)
NJ,56964,GT10,40.6529,-74.0916,Pipeline Natural Gas,Operating,GT10 (64)
NJ,56964,GT2,40.6529,-74.0916,Pipeline Natural Gas,Operating,GT2 (64)
NJ,56964,GT3,40.6529,-74.0916,Pipeline Natural Gas,Operating,GT3 (64)
NJ,56964,GT4,40.6529,-74.0916,Pipeline Natural Gas,Operating,GT4 (64)
NJ,56964,GT5,40.6529,-74.0916,Pipeline Natural Gas,Operating,GT5 (64)
NJ,56964,GT6,40.6529,-74.0916,Pipeline Natural Gas,Operating,GT6 (64)
NJ,56964,GT7,40.6529,-74.0916,Pipeline Natural Gas,Operating,GT7 (64)
NJ,56964,GT8,40.6529,-74.0916,Pipeline Natural Gas,Operating,GT8 (64)
NJ,56964,GT9,40.6529,-74.0916,Pipeline Natural Gas,Operating,GT9 (64)
CO,56998,CT01,38.322,-104.533,Pipeline Natural Gas,Operating,GT1 (100)
CO,56998,CT02,38.322,-104.533,Pipeline Natural Gas,Operating,GT2 (100)
CO,56998,CT04,38.322,-104.533,Pipeline Natural Gas,Operating,"43 (20), 4 (40)"
CO,56998,CT05,38.322,-104.533,Pipeline Natural Gas,Operating,"43 (20), 5 (40)"
CO,56998,CT06,38.322,-104.533,Pipeline Natural Gas,Operating,"53 (20), 6 (40)"
CO,56998,CT07,38.322,-104.533,Pipeline Natural Gas,Operating,"53 (20), 7 (40)"
CO,56998,CT08,38.322,-104.533,Pipeline Natural Gas,Operating,8 (40)
CA,57001,1,32.7971,-116.972,Pipeline Natural Gas,Operating,GEN1 (49.9)
CA,57027,1,33.8581,-117.8616,Pipeline Natural Gas,Operating,1 (50)
CA,57027,2,33.8581,-117.8616,Pipeline Natural Gas,Operating,2 (50)
CA,57027,3,33.8581,-117.8616,Pipeline Natural Gas,Operating,3 (50)
CA,57027,4,33.8581,-117.8616,Pipeline Natural Gas,Operating,4 (50)
ID,57028,CT1,43.9046,-116.8181,Pipeline Natural Gas,Operating,"STG (131), GTG (187)"
NC,57029,ES1,35.1706,-81.4161,Pipeline Natural Gas,Operating,ES1 (190)
NC,57029,ES2,35.1706,-81.4161,Pipeline Natural Gas,Operating,ES2 (190)
NC,57029,ES3,35.1706,-81.4161,Pipeline Natural Gas,Operating,ES3 (190)
NC,57029,ES4,35.1706,-81.4161,Pipeline Natural Gas,Operating,ES4 (190)
MS,57037,AB-001,32.6538,-88.7574,Pipeline Natural Gas,Operating,"1C (369), 1A (235.5)"
MS,57037,AB-002,32.6538,-88.7574,Pipeline Natural Gas,Operating,"1B (235.5), 1C (369)"
CA,57073,BLR1,35.5561,-115.4686,Pipeline Natural Gas,Operating,ST1 (133.4)
CA,57074,BLR1,35.5356,-115.4515,Pipeline Natural Gas,Operating,ST1 (126)
CA,57075,BLR1,35.5808,-115.4825,Pipeline Natural Gas,Operating,ST1 (133.4)
NY,57185,U001,41.6762,-73.5806,Pipeline Natural Gas,Operating,"CT1 (236.3), ST1 (174.3)"
NY,57185,U002,41.6762,-73.5806,Pipeline Natural Gas,Operating,"ST2 (174.3), CT2 (236.3)"
NY,57185,U003,41.6762,-73.5806,Pipeline Natural Gas,Operating,"CT3 (236.3), ST3 (174.3)"
FL,57241,BFB1,29.7675,-82.3964,Wood,Operating,1 (116.1)
CA,57267,1,38.0171,-121.7651,Pipeline Natural Gas,Operating,1 (207)
CA,57267,2,38.0171,-121.7651,Pipeline Natural Gas,Operating,2 (207)
CA,57267,3,38.0171,-121.7651,Pipeline Natural Gas,Operating,3 (207)
CA,57267,4,38.0171,-121.7651,Pipeline Natural Gas,Operating,4 (207)
DE,57349,1,39.1882,-75.4999,Pipeline Natural Gas,Operating,"STG2 (126), CTG1 (235)"
CA,57482,1,33.9366,-116.5722,Pipeline Natural Gas,Operating,CTG1 (108)
CA,57482,2,33.9366,-116.5722,Pipeline Natural Gas,Operating,CTG2 (108)
CA,57482,3,33.9366,-116.5722,Pipeline Natural Gas,Operating,CTG3 (108)
CA,57482,4,33.9366,-116.5722,Pipeline Natural Gas,Operating,CTG4 (108)
CA,57482,5,33.9366,-116.5722,Pipeline Natural Gas,Operating,CTG5 (108)
CA,57482,6,33.9366,-116.5722,Pipeline Natural Gas,Operating,CTG6 (108)
CA,57482,7,33.9366,-116.5722,Pipeline Natural Gas,Operating,CTG7 (108)
CA,57482,8,33.9366,-116.5722,Pipeline Natural Gas,Operating,CTG8 (108)
CA,57483,GT-1,37.7965,-121.6049,Pipeline Natural Gas,Operating,CTG1 (49.87)
CA,57483,GT-2,37.7965,-121.6049,Pipeline Natural Gas,Operating,CTG2 (49.87)
CA,57483,GT-3,37.7965,-121.6049,Pipeline Natural Gas,Operating,CTG3 (49.87)
CA,57483,GT-4,37.7965,-121.6049,Pipeline Natural Gas,Operating,CTG4 (49.87)
CA,57515,GT1,34.0078,-117.9425,Pipeline Natural Gas,Operating,GT1 (100)
CA,57515,GT2,34.0078,-117.9425,Pipeline Natural Gas,Operating,GT2 (100)
CA,57515,GT3,34.0078,-117.9425,Pipeline Natural Gas,Operating,GT3 (100)
CA,57515,GT4,34.0078,-117.9425,Pipeline Natural Gas,Operating,GT4 (100)
CA,57515,GT5,34.0078,-117.9425,Pipeline Natural Gas,Operating,GT5 (100)
CA,57555,CTG1,32.5739,-116.9178,Pipeline Natural Gas,Operating,CTG1 (106)
CA,57555,CTG2,32.5739,-116.9178,Pipeline Natural Gas,Operating,CTG2 (106)
CA,57555,CTG3,32.5739,-116.9178,Pipeline Natural Gas,Operating,CTG3 (106)
CA,57564,8,36.6842,-119.5522,Pipeline Natural Gas,Operating,"CTG (49), STG2 (12.5)"
WY,57703,CT01,41.1229,-104.7214,Pipeline Natural Gas,Operating,"01A (40), 01C (20)"
WY,57703,CT02,41.1229,-104.7214,Pipeline Natural Gas,Operating,"01C (20), 01B (40)"
WY,57703,CT03,41.1229,-104.7214,Pipeline Natural Gas,Operating,02A (40)
IN,57794,CTG01A,41.6996,-86.4814,Pipeline Natural Gas,Operating,"ST1 (260), CT1 (238)"
IN,57794,CTG01B,41.6996,-86.4814,Pipeline Natural Gas,Operating,"CT2 (238), ST1 (260)"
NJ,57839,0001,40.515,-74.3192,Pipeline Natural Gas,Operating,"CT001 (222.7), ST001 (327.5)"
NJ,57839,0002,40.515,-74.3192,Pipeline Natural Gas,Operating,"ST001 (327.5), CT002 (222.7)"
IN,57842,1,39.5326,-87.4262,Pipeline Natural Gas,Operating,A (192)
TX,57865,1,33.8657,-101.8437,Pipeline Natural Gas,Operating,ELK1 (202)
TX,57865,2,33.8657,-101.8437,Pipeline Natural Gas,Operating,ELK2 (202)
TX,57865,3,33.8657,-101.8437,Pipeline Natural Gas,Operating,ELK3 (202)
ND,57881,CT1,48.2325,-103.9528,Pipeline Natural Gas,Operating,01 (45.2)
ND,57881,CT2,48.2325,-103.9528,Pipeline Natural Gas,Operating,02 (45.2)
ND,57881,CT3,48.2325,-103.9528,Pipeline Natural Gas,Operating,03 (45.2)
ND,57943,CT1,47.7966,-103.5783,Pipeline Natural Gas,Operating,01 (45.2)
ND,57943,CT2,47.7966,-103.5783,Pipeline Natural Gas,Operating,02 (45.2)
ND,57943,CT3,47.7966,-103.5783,Pipeline Natural Gas,Operating,03 (45.2)
ND,57943,CT4,47.7966,-103.5783,Pipeline Natural Gas,Operating,04 (45.2)
ND,57943,CT5,47.7966,-103.5783,Pipeline Natural Gas,Operating,05 (45.2)
ND,57943,CT6,47.7966,-103.5783,Pipeline Natural Gas,Operating,06 (45.2)
CA,57978,CT1,38.088,-121.3867,Pipeline Natural Gas,Operating,"ST1 (130), CT1 (185)"
TX,58001,CTG1,31.0558,-97.3172,Pipeline Natural Gas,Operating,"STG1 (339.2), CTG1 (232)"
TX,58001,CTG2,31.0558,-97.3172,Pipeline Natural Gas,Operating,"STG1 (339.2), CTG2 (232)"
TX,58001,CTG3,31.0558,-97.3172,Pipeline Natural Gas,Operating,"STG2 (339.2), CTG3 (232)"
TX,58001,CTG4,31.0558,-97.3172,Pipeline Natural Gas,Operating,"STG2 (339.2), CTG4 (232)"
TX,58005,CTG1,33.5756,-96.6158,Pipeline Natural Gas,Operating,"STG1 (339.2), CTG1 (232)"
TX,58005,CTG2,33.5756,-96.6158,Pipeline Natural Gas,Operating,"STG1 (339.2), CTG2 (232)"
NH,58054,ST01,44.4719,-71.1753,Wood,Operating,ST01 (75)
NJ,58079,U001,40.7082,-74.1284,Pipeline Natural Gas,Operating,"STG-1 (285), GT-1 (225)"
NJ,58079,U002,40.7082,-74.1284,Pipeline Natural Gas,Operating,"GT-2 (225), STG-1 (285)"
CA,58122,GEN1,35.7909,-119.2945,Pipeline Natural Gas,Operating,GEN1 (59.5)
WI,58124,1,44.8878,-89.6298,Wood,Operating,1 (57)
NJ,58235,U1,39.4245,-75.0201,Pipeline Natural Gas,Operating,1 (64)
IA,58236,CT1,42.04,-92.87,Pipeline Natural Gas,Operating,"CTG1 (222.7), STG1 (237.15)"
IA,58236,CT2,42.04,-92.87,Pipeline Natural Gas,Operating,"STG1 (237.15), CTG2 (222.7)"
VA,58260,1A,36.7637,-77.7112,Pipeline Natural Gas,Operating,"ST01 (579.7), CT01 (297.5)"
VA,58260,1B,36.7637,-77.7112,Pipeline Natural Gas,Operating,"CT02 (297.5), ST01 (579.7)"
VA,58260,1C,36.7637,-77.7112,Pipeline Natural Gas,Operating,"ST01 (579.7), CT03 (297.5)"
NM,58284,1,34.6178,-106.817,Pipeline Natural Gas,Operating,0001 (42.3)
OK,58325,1,36.8138,-97.1252,Pipeline Natural Gas,Operating,1 (122)
TX,58378,CTHRSG,29.4753,-95.6341,Pipeline Natural Gas,Operating,GT2 (102.7)
AZ,58413,SCCT1,33.1567,-111.4714,Pipeline Natural Gas,Operating (Started 05/29/2024),CXGT1 (49.5)
AZ,58413,SCCT2,33.1567,-111.4714,Pipeline Natural Gas,Operating (Started 05/30/2024),CXGT2 (49.5)
PA,58420,CT1,41.7674,-76.3899,Pipeline Natural Gas,Operating,GEN1 (435)
PA,58420,CT2,41.7674,-76.3899,Pipeline Natural Gas,Operating,GEN2 (435)
PA,58426,CT1,41.1808,-76.8392,Pipeline Natural Gas,Operating,GEN1 (435)
PA,58426,CT2,41.1808,-76.8392,Pipeline Natural Gas,Operating,GEN2 (435)
MI,58427,100,42.7197,-84.5518,Pipeline Natural Gas,Operating,"CTG1 (42), ST (14)"
MI,58427,200,42.7197,-84.5518,Pipeline Natural Gas,Operating,"ST (14), CTG2 (42)"
TX,58471,CT-1,32.0694,-102.5856,Natural Gas,Operating,CTG1 (173)
TX,58471,CT-2,32.0694,-102.5856,Natural Gas,Operating,CTG2 (173)
LA,58478,CC01,29.6913,-91.193,Pipeline Natural Gas,Operating,"CTG1 (59), STG1 (17)"
OR,58503,CTEU1,45.699,-119.8131,Pipeline Natural Gas,Operating,"GTG (304.2), STG (198.9)"
TX,58562,GT-1,31.8239,-106.2119,Pipeline Natural Gas,Operating,GT-1 (100)
TX,58562,GT-2,31.8239,-106.2119,Pipeline Natural Gas,Operating,GT-2 (100)
TX,58562,GT-3,31.8239,-106.2119,Pipeline Natural Gas,Operating,GT-3 (100)
TX,58562,GT-4,31.8239,-106.2119,Pipeline Natural Gas,Operating,GT-4 (100)
PA,58933,101,40.6717,-80.3364,Pipeline Natural Gas,Operating,"STG2 (75), STG1 (75), GTG1 (41)"
PA,58933,102,40.6717,-80.3364,Pipeline Natural Gas,Operating,"STG1 (75), STG2 (75), GTG2 (41)"
PA,58933,103,40.6717,-80.3364,Pipeline Natural Gas,Operating,"STG2 (75), GTG3 (41), STG1 (75)"
VA,59004,CT1,39.0578,-77.5425,Natural Gas,Operating,"GEN1 (242), GEN3 (338)"
VA,59004,CT2,39.0578,-77.5425,Natural Gas,Operating,"GEN2 (242), GEN3 (338)"
MD,59073,214JA,38.387,-76.408,Natural Gas,Operating,214JA (23.9)
MD,59073,214JB,38.387,-76.408,Natural Gas,Operating,214JB (23.9)
MD,59073,B921A,38.387,-76.408,Natural Gas,Operating,"5STB (65), 5STA (65)"
MD,59073,B921B,38.387,-76.408,Natural Gas,Operating,"5STA (65), 5STB (65)"
MD,59073,GT501A,38.387,-76.408,Natural Gas,Operating,"5STA (65), 5STB (65)"
MD,59073,GT501B,38.387,-76.408,Natural Gas,Operating,"5STB (65), 5STA (65)"
MI,59093,10,42.793,-86.0925,Pipeline Natural Gas,Operating,"10 (53.1), 12 (43.2)"
MI,59093,11,42.793,-86.0925,Pipeline Natural Gas,Operating,"12 (43.2), 11 (53.1)"
MD,59220,CT1,39.7194,-76.1616,Pipeline Natural Gas,Operating,"CT1 (310.3), ST1 (493)"
MD,59220,CT2,39.7194,-76.1616,Pipeline Natural Gas,Operating,"ST1 (493), CT2 (310.3)"
NC,59325,ES-1,35.1986,-81.3604,Pipeline Natural Gas,Operating,"KMEC1 (310.3), KMEC2 (284.8)"
OH,59326,1,39.4679,-84.3531,Pipeline Natural Gas,Operating,"MEC1 (310.3), MEC2 (284.8)"
OH,59764,01,41.6679,-83.4437,Pipeline Natural Gas,Operating,"CTG11 (328), STG10 (404)"
OH,59764,02,41.6679,-83.4437,Pipeline Natural Gas,Operating,"STG10 (404), CTG12 (328)"
OH,59773,1,40.6048,-81.0592,Pipeline Natural Gas,Operating,"CGT1 (235.5), SGT1 (361.3)"
OH,59773,2,40.6048,-81.0592,Pipeline Natural Gas,Operating,"SGT1 (361.3), CGT2 (235.5)"
TX,59812,CGT4,32.3377,-97.7346,Pipeline Natural Gas,Operating,"STG6 (500.365), CGT4 (400)"
TX,59812,CGT5,32.3377,-97.7346,Pipeline Natural Gas,Operating,"STG6 (500.365), CGT5 (400)"
MA,59882,J4,42.1375,-71.444,Pipeline Natural Gas,Operating,4 (100)
MA,59882,J5,42.1375,-71.444,Pipeline Natural Gas,Operating,5 (100)
PA,59906,201,41.1117,-76.16,Pipeline Natural Gas,Operating,GEN1 (535.3)
PA,59906,202,41.1117,-76.16,Pipeline Natural Gas,Operating,GEN2 (535.3)
VA,59913,1A,36.7184,-77.6523,Pipeline Natural Gas,Operating,"ST01 (663.9), CT01 (369.8)"
VA,59913,1B,36.7184,-77.6523,Pipeline Natural Gas,Operating,"CT02 (369.8), ST01 (663.9)"
VA,59913,1C,36.7184,-77.6523,Pipeline Natural Gas,Operating,"CT03 (369.8), ST01 (663.9)"
MI,59926,AL1,45.0624,-84.8261,Pipeline Natural Gas,Operating,AL1 (216)
MI,59926,AL2,45.0624,-84.8261,Pipeline Natural Gas,Operating,AL2 (216)
TX,60122,CT7,29.2878,-96.0656,Pipeline Natural Gas,Operating,"CT7 (401), STG9 (565)"
TX,60122,CT8,29.2878,-96.0656,Pipeline Natural Gas,Operating,"CT8 (401), STG9 (565)"
TX,60264,BCGT1,29.4922,-94.9844,Pipeline Natural Gas,Operating,BCGT1 (71.2)
TX,60264,BCGT2,29.4922,-94.9844,Pipeline Natural Gas,Operating,BCGT2 (71.2)
TX,60264,BCGT3,29.4922,-94.9844,Pipeline Natural Gas,Operating,BCGT3 (71.2)
TX,60264,BCGT4,29.4922,-94.9844,Pipeline Natural Gas,Operating,BCGT4 (71.2)
TX,60264,BCGT5,29.4922,-94.9844,Pipeline Natural Gas,Operating,BCGT5 (71.2)
TX,60264,BCGT6,29.4922,-94.9844,Pipeline Natural Gas,Operating,BCGT6 (71.2)
MD,60302,11,38.6955,-76.8278,Pipeline Natural Gas,Operating,"10 (359), 11 (235)"
MD,60302,12,38.6955,-76.8278,Pipeline Natural Gas,Operating,"10 (359), 12 (235)"
GA,60340,B0004,31.5492,-84.1114,Wood,Operating,1 (50)
FL,60345,OCEC1A,27.6342,-80.7911,Pipeline Natural Gas,Operating,"1ST (593.3), 1A (376.6)"
FL,60345,OCEC1B,27.6342,-80.7911,Pipeline Natural Gas,Operating,"1B (376.6), 1ST (593.3)"
FL,60345,OCEC1C,27.6342,-80.7911,Pipeline Natural Gas,Operating,"1ST (593.3), 1C (376.6)"
OH,60356,1,40.635,-80.6793,Pipeline Natural Gas,Operating,"CTG1 (345), STG1 (260)"
OH,60356,2,40.635,-80.6793,Pipeline Natural Gas,Operating,"CTG2 (345), STG2 (260)"
PA,60357,1,41.4711,-75.5436,Pipeline Natural Gas,Operating,GEN1 (555)
PA,60357,2,41.4711,-75.5436,Pipeline Natural Gas,Operating,GEN2 (555)
PA,60357,3,41.4711,-75.5436,Pipeline Natural Gas,Operating,GEN3 (555)
PA,60368,CT1,40.839,-76.8255,Pipeline Natural Gas,Operating,"CTG1 (244.8), STG (460)"
PA,60368,CT2,40.839,-76.8255,Pipeline Natural Gas,Operating,"STG (460), CTG2 (244.8)"
PA,60368,CT3,40.839,-76.8255,Pipeline Natural Gas,Operating,"CTG3 (244.8), STG (460)"
OH,60376,1,41.1489,-80.8516,Pipeline Natural Gas,Operating,"CTG1 (311), STG1 (340)"
OH,60376,2,41.1489,-80.8516,Pipeline Natural Gas,Operating,"STG1 (340), CTG2 (311)"
IL,60387,3,41.7747,-89.6062,Pipeline Natural Gas,Operating,GEN3 (190)
IL,60387,4,41.7747,-89.6062,Pipeline Natural Gas,Operating,GEN4 (190)
TX,60459,CT1,28.648,-96.5457,Pipeline Natural Gas,Operating,PC1 (50)
TX,60459,CT2,28.648,-96.5457,Pipeline Natural Gas,Operating,PC2 (50)
TX,60460,CT1,29.8833,-95.1113,Pipeline Natural Gas,Operating,CH1 (50)
TX,60460,CT2,29.8833,-95.1113,Pipeline Natural Gas,Operating,CH2 (50)
PA,60464,101,40.1764,-79.6934,Pipeline Natural Gas,Operating,"STG1 (394), CTG1 (370)"
PA,60464,102,40.1764,-79.6934,Pipeline Natural Gas,Operating,"CTG2 (370), STG1 (394)"
TX,60468,CT-1,29.6464,-95.4518,Pipeline Natural Gas,Operating,GT-1 (128)
PA,60589,CT-1,40.4125,-78.8561,Natural Gas,Operating,"ST-1 (292), CTGEN1 (336)"
PA,60589,CT-2,40.4125,-78.8561,Natural Gas,Operating,"CTGEN2 (336), ST-1 (292)"
CA,60698,D1,33.807,-117.9864,Pipeline Natural Gas,Operating,GT1 (60.5)
CA,60698,D7,33.807,-117.9864,Pipeline Natural Gas,Operating,GT2 (60.5)
MA,60903,1,42.5256,-70.8784,Pipeline Natural Gas,Operating,"1 (158.4), 3 (240.7)"
MA,60903,2,42.5256,-70.8784,Pipeline Natural Gas,Operating,"4 (240.7), 2 (158.4)"
TX,60910,1GT,29.6468,-95.0541,Pipeline Natural Gas,Operating,NPLPS (25.5)
TX,60925,CT1,30.4358,-95.5206,Pipeline Natural Gas,Operating,"1C (500), 1A (250)"
TX,60925,CT2,30.4358,-95.5206,Pipeline Natural Gas,Operating,"1B (250), 1C (500)"
LA,60926,1A,30.0051,-90.4617,Pipeline Natural Gas,Operating,"1A (258), 1C (453)"
LA,60926,1B,30.0051,-90.4617,Pipeline Natural Gas,Operating,"1B (258), 1C (453)"
LA,60927,1A,30.2706,-93.2886,Pipeline Natural Gas,Operating,"1A (257), 1C (452.5)"
LA,60927,1B,30.2706,-93.2886,Pipeline Natural Gas,Operating,"1B (257), 1C (452.5)"
PA,61028,CT1,40.9951,-80.4301,Pipeline Natural Gas,Operating,"STG1 (450), CTG1 (311)"
PA,61028,CT2,40.9951,-80.4301,Pipeline Natural Gas,Operating,"STG1 (450), CTG2 (311)"
PA,61035,01,40.2683,-75.8,Pipeline Natural Gas,Operating,GEN1 (488)
SD,61144,1,44.5812,-96.565,Pipeline Natural Gas,Operating,1 (349)
TX,61241,CT1,28.7853,-97.0093,Pipeline Natural Gas,Operating,VC-1 (50)
TX,61241,CT2,28.7853,-97.0093,Pipeline Natural Gas,Operating,VC-2 (50)
TX,61242,CT1,28.6958,-96.9454,Pipeline Natural Gas,Operating,VP-1 (50)
TX,61242,CT2,28.6958,-96.9454,Pipeline Natural Gas,Operating,VP-2 (50)
OH,61322,CC1,39.7025,-80.8455,Pipeline Natural Gas,Operating,HPPP1 (521.9)
TX,61966,CT1,28.6967,-96.9449,Pipeline Natural Gas,Operating,VP2-1 (50)
TX,61966,CT2,28.6967,-96.9449,Pipeline Natural Gas,Operating,VP2-2 (50)
MI,62192,11,42.7763,-82.4813,Pipeline Natural Gas,Operating,"1S (478.6), 11 (394.4)"
MI,62192,12,42.7763,-82.4813,Pipeline Natural Gas,Operating,"12 (394.4), 1S (478.6)"
TX,62548,CT1,29.8819,-95.1114,Pipeline Natural Gas,Operating,SJ-1 (50)
TX,62548,CT2,29.8819,-95.1114,Pipeline Natural Gas,Operating,SJ-2 (50)
PA,62565,01,39.8931,-79.9308,Pipeline Natural Gas,Operating,GEN1 (664.7)
IL,62926,CTG-01,41.4388,-88.111,Pipeline Natural Gas,Operating,01 (644.3)
IL,62926,CTG-02,41.4388,-88.111,Pipeline Natural Gas,Operating,02 (644.3)
OH,62949,P001,39.9387,-81.5363,Pipeline Natural Gas,Operating,GPS1 (652.8)
OH,62949,P002,39.9387,-81.5363,Pipeline Natural Gas,Operating,GPS2 (652.8)
OH,62949,P003,39.9387,-81.5363,Pipeline Natural Gas,Operating,GPS3 (652.8)
MI,63259,DEPC2,42.6906,-84.6578,Pipeline Natural Gas,Operating,"DEPC2 (58), DEPST (89.2)"
MI,63259,DEPC3,42.6906,-84.6578,Pipeline Natural Gas,Operating,"DEPC3 (58), DEPST (89.2)"
MI,63259,DEPS1,42.6906,-84.6578,Pipeline Natural Gas,Operating,DEPS1 (58)
TX,63335,CT-1,29.6454,-95.4517,Pipeline Natural Gas,Operating,CTG-1 (60.5)
TX,63335,CT-2,29.6454,-95.4517,Pipeline Natural Gas,Operating,CTG-2 (60.5)
TX,63335,CT-3,29.6454,-95.4517,Pipeline Natural Gas,Operating,CTG-3 (60.5)
TX,63335,CT-4,29.6454,-95.4517,Pipeline Natural Gas,Operating,CTG-4 (60.5)
TX,63335,CT-5,29.6454,-95.4517,Pipeline Natural Gas,Operating,CTG-5 (60.5)
TX,63335,CT-6,29.6454,-95.4517,Pipeline Natural Gas,Operating,CTG-6 (60.5)
TX,63335,CT-7,29.6454,-95.4517,Pipeline Natural Gas,Operating,CTG-7 (60.5)
TX,63335,CT-8,29.6454,-95.4517,Pipeline Natural Gas,Operating,CTG-8 (60.5)
MA,63559,1,42.5429,-70.927,Pipeline Natural Gas,Operating (Started 01/12/2024),GT1 (60)
OK,63628,5A-1,35.4147,-97.3734,Pipeline Natural Gas,Operating,5A (41)
OK,63628,5A-2,35.4147,-97.3734,Pipeline Natural Gas,Operating,5A (41)
OK,63628,5B-1,35.4147,-97.3734,Pipeline Natural Gas,Operating,5B (41)
OK,63628,5B-2,35.4147,-97.3734,Pipeline Natural Gas,Operating,5B (41)
TX,63688,CT-1,29.4262,-94.9767,Pipeline Natural Gas,Operating,CTG-1 (60.5)
TX,63688,CT-10,29.4262,-94.9767,Pipeline Natural Gas,Operating,CTG-10 (60.5)
TX,63688,CT-2,29.4262,-94.9767,Pipeline Natural Gas,Operating,CTG-2 (60.5)
TX,63688,CT-3,29.4262,-94.9767,Pipeline Natural Gas,Operating,CTG-3 (60.5)
TX,63688,CT-4,29.4262,-94.9767,Pipeline Natural Gas,Operating,CTG-4 (60.5)
TX,63688,CT-5,29.4262,-94.9767,Pipeline Natural Gas,Operating,CTG-5 (60.5)
TX,63688,CT-6,29.4262,-94.9767,Pipeline Natural Gas,Operating,CTG-6 (60.5)
TX,63688,CT-7,29.4262,-94.9767,Pipeline Natural Gas,Operating,CTG-7 (60.5)
TX,63688,CT-8,29.4262,-94.9767,Pipeline Natural Gas,Operating,CTG-8 (60.5)
TX,63688,CT-9,29.4262,-94.9767,Pipeline Natural Gas,Operating,CTG-9 (60.5)
IL,63931,1,41.3722,-88.2844,Pipeline Natural Gas,Operating,GEN1 (625)
IL,63931,2,41.3722,-88.2844,Pipeline Natural Gas,Operating,GEN2 (625)
TX,64383,CT-1,29.4803,-95.6203,Pipeline Natural Gas,Operating,CTG-1 (60.5)
TX,64383,CT-2,29.4803,-95.6203,Pipeline Natural Gas,Operating,CTG-2 (60.5)
TX,64383,CT-3,29.4803,-95.6203,Pipeline Natural Gas,Operating,CTG-3 (60.5)
TX,64383,CT-4,29.4803,-95.6203,Pipeline Natural Gas,Operating,CTG-4 (60.5)
TX,64383,CT-5,29.4803,-95.6203,Pipeline Natural Gas,Operating,CTG-5 (60.5)
TX,64383,CT-6,29.4803,-95.6203,Pipeline Natural Gas,Operating,CTG-6 (60.5)
TX,64383,CT-7,29.4803,-95.6203,Pipeline Natural Gas,Operating,CTG-7 (60.5)
TX,64383,CT-8,29.4803,-95.6203,Pipeline Natural Gas,Operating,CTG-8 (60.5)
IN,64854,CT1,40.3763,-86.8437,Pipeline Natural Gas,Operating,GTG01 (30.9)
IN,64854,CT2,40.3763,-86.8437,Pipeline Natural Gas,Operating,GTG02 (30.9)
TX,65372,CT-1,29.2286,-95.4311,Pipeline Natural Gas,Operating,CTG-1 (60.5)
TX,65372,CT-2,29.2286,-95.4311,Pipeline Natural Gas,Operating,CTG-2 (60.5)
TX,65372,CT-3,29.2286,-95.4311,Pipeline Natural Gas,Operating,CTG-3 (60.5)
TX,65372,CT-4,29.2286,-95.4311,Pipeline Natural Gas,Operating,CTG-4 (60.5)
TX,65372,CT-5,29.2286,-95.4311,Pipeline Natural Gas,Operating,CTG-5 (60.5)
TX,65372,CT-6,29.2286,-95.4311,Pipeline Natural Gas,Operating,CTG-6 (60.5)
TX,65372,CT-7,29.2286,-95.4311,Pipeline Natural Gas,Operating (Started 10/16/2024),CTG-7 (60.5)
TX,65373,CT-1,29.3642,-95.4351,Pipeline Natural Gas,Operating,CTG-1 (60.5)
TX,65373,CT-2,29.3642,-95.4351,Pipeline Natural Gas,Operating,CTG-2 (60.5)
TX,65373,CT-3,29.3642,-95.4351,Pipeline Natural Gas,Operating,CTG-3 (60.5)
TX,65373,CT-4,29.3642,-95.4351,Pipeline Natural Gas,Operating,CTG-4 (60.5)
TX,65373,CT-5,29.3642,-95.4351,Pipeline Natural Gas,Operating,CTG-5 (60.5)
TX,65373,CT-6,29.3642,-95.4351,Pipeline Natural Gas,Operating,CTG-6 (60.5)
TX,65373,CT-7,29.3642,-95.4351,Pipeline Natural Gas,Operating,CTG-7 (60.5)
TX,65373,CT-8,29.3642,-95.4351,Pipeline Natural Gas,Operating,CTG-8 (60.5)
SC,66600,CT3,33.0163,-79.9285,Pipeline Natural Gas,Operating (Started 08/10/2024),CT1 (65.4)
TX,66604,CT-1,29.8462,-95.0172,Pipeline Natural Gas,Operating (Started 05/20/2024),CTG-1 (60.5)
TX,66604,CT-2,29.8462,-95.0172,Pipeline Natural Gas,Operating (Started 05/20/2024),CTG-2 (60.5)
TX,66604,CT-3,29.8462,-95.0172,Pipeline Natural Gas,Operating (Started 05/23/2024),CTG-3 (60.5)
TX,66604,CT-4,29.8462,-95.0172,Pipeline Natural Gas,Operating (Started 05/20/2024),CTG-4 (60.5)
TX,66604,CT-5,29.8462,-95.0172,Pipeline Natural Gas,Operating (Started 05/22/2024),CTG-5 (60.5)
TX,66604,CT-6,29.8462,-95.0172,Pipeline Natural Gas,Operating (Started 05/22/2024),CTG-6 (60.5)
TX,66604,CT-8,29.8462,-95.0172,Pipeline Natural Gas,Operating (Started 08/09/2024),CTG-8 (60.5)
GA,70454,MAG1,34.3387,-82.8207,Pipeline Natural Gas,Operating,MAG1 (185)
GA,70454,MAG2,34.3387,-82.8207,Pipeline Natural Gas,Operating,MAG2 (185)
DC,880004,3,38.8856,-77.0244,Pipeline Natural Gas,Operating,
DC,880004,4,38.8856,-77.0244,Pipeline Natural Gas,Operating,
DC,880004,5C,38.8856,-77.0244,Pipeline Natural Gas,Operating,"TG2 (5.4), TG1 (5.4)"
PA,880006,1,39.949,-75.1557,Other Oil,Operating,
PA,880006,2,39.949,-75.1557,Other Oil,Operating,
PA,880006,3,39.949,-75.1557,Other Oil,Operating,
PA,880006,4,39.949,-75.1557,Other Oil,Operating,
PA,880007,052,40.0067,-75.0686,Pipeline Natural Gas,Operating,
MA,880023,K1,42.35,-71.0583,Pipeline Natural Gas,Operating,
MA,880023,K2,42.35,-71.0583,Pipeline Natural Gas,Operating,
MA,880023,K3,42.35,-71.0583,Pipeline Natural Gas,Operating,
MA,880023,K4,42.35,-71.0583,Pipeline Natural Gas,Operating,
NY,880024,U28006,42.8158,-73.6728,Pipeline Natural Gas,Operating,
PA,880025,034,39.8228,-75.4033,Process Gas,Operating,
PA,880025,035,39.8228,-75.4033,Process Gas,Operating,
PA,880025,053,39.8228,-75.4033,Process Gas,Operating,
MI,880029,0002,42.165,-83.091,Process Gas,Operating,
OH,880030,B034,41.6786,-83.4539,Process Gas,Operating,
OH,880030,B035,41.6786,-83.4539,Process Gas,Operating,
MI,880031,0401,43.6025,-84.2404,Pipeline Natural Gas,Operating,
MI,880031,0402,43.6025,-84.2404,Pipeline Natural Gas,Operating,
KY,880038,B026,38.375,-82.6042,Process Gas,Operating,
AL,880041,X015,34.6339,-87.0244,Natural Gas,Operating,
OH,880042,P009,39.4968,-84.3901,Other Gas,Operating,
OH,880042,P010,39.4968,-84.3901,Other Gas,Operating,
OH,880042,P011,39.4968,-84.3901,Other Gas,Operating,
OH,880042,P012,39.4968,-84.3901,Other Gas,Operating,
MI,880045,260-03,42.2808,-83.7342,Pipeline Natural Gas,Operating,
MI,880045,260-04,42.2808,-83.7342,Pipeline Natural Gas,Operating,
MI,880045,260-06,42.2808,-83.7342,Pipeline Natural Gas,Operating,
WV,880053,B016,38.3845,-81.7764,Pipeline Natural Gas,Operating,
WV,880053,B017,38.3845,-81.7764,Pipeline Natural Gas,Operating,
KY,880065,01,36.9461,-89.0792,Pipeline Natural Gas,Operating,
KY,880065,02,36.9461,-89.0792,Pipeline Natural Gas,Operating,
IL,880067,BLR15,38.8375,-90.0675,Process Gas,Operating,
IL,880067,BLR16,38.8375,-90.0675,Process Gas,Operating,
IL,880067,BLR17,38.8375,-90.0675,Process Gas,Operating,
IL,880067,BLR19,38.8375,-90.0675,Natural Gas,Operating,
PA,880071,31301,40.4319,-79.085,Pipeline Natural Gas,Operating,
PA,880072,31601,40.3086,-78.1389,Pipeline Natural Gas,Operating,
IL,880076,430B-1,41.6439,-88.0467,Process Gas,Operating,
IL,880076,430B24,41.6439,-88.0467,Process Gas,Operating,
IL,880076,431B25,41.6439,-88.0467,Process Gas,Operating,
TN,880079,34,35.7433,-84.3208,Pipeline Natural Gas,Operating,
TN,880079,35,35.7433,-84.3208,Pipeline Natural Gas,Operating,
TN,880079,37,35.7433,-84.3208,Pipeline Natural Gas,Operating,37 (30.4)
TN,880079,38,35.7433,-84.3208,Pipeline Natural Gas,Operating,38 (30.4)
OH,880083,B026,40.7234,-84.1133,Process Gas,Operating,
IL,880086,6,40.555,-89.6628,Pipeline Natural Gas,Operating (Started 04/01/2024),
IL,880086,UNITE,40.555,-89.6628,Pipeline Natural Gas,Operating,
IL,880086,UNITF,40.555,-89.6628,Pipeline Natural Gas,Operating,
IL,880088,59F-3,39,-87.7222,Process Gas,Operating,
IL,880088,59F-4,39,-87.7222,Process Gas,Operating,
IL,880089,CB706,41.4417,-88.1728,Pipeline Natural Gas,Operating,
VA,880093,10D,37.1815,-77.1621,Pipeline Natural Gas,Operating,
VA,880093,10E,37.1815,-77.1621,Pipeline Natural Gas,Operating,
VA,880093,10F,37.1815,-77.1621,Pipeline Natural Gas,Operating,
PA,880099,01,41.8359,-79.1374,,Operating,
NY,880100,BLR001,40.76,-73.75,Residual Oil,Operating,
NY,880100,BLR002,40.76,-73.75,Residual Oil,Operating,
NY,880100,BLR003,40.76,-73.75,Residual Oil,Operating,
NY,880100,BLR004,40.76,-73.75,Residual Oil,Operating,
PR,880102,1,17.9477,-66.154,Coal,Operating,1 (260)
PR,880102,2,17.9477,-66.154,Coal,Operating,2 (260)
PR,880103,PS1,18.4556,-66.1489,,Operating,GEPS-1 (100)
PR,880103,PS2,18.4556,-66.1489,,Operating,GEPS-2 (100)
PR,880103,PS3,18.4556,-66.1489,,Operating,GEPS-3 (216)
PR,880103,PS4,18.4556,-66.1489,,Operating,GEPS-4 (216)
PR,880104,COS3,18.0009,-66.753,,Operating,GECS-3 (85)
PR,880104,COS4,18.0009,-66.753,,Operating,GECS-4 (85)
PR,880104,COS5,18.0009,-66.753,,Operating,GECS-5 (410)
PR,880104,COS6,18.0009,-66.753,,Operating,GECS-6 (410)
PR,880105,AG1,17.9495,-66.2315,,Operating,GEAG-1 (450)
PR,880105,AG2,17.9495,-66.2315,,Operating,GEAG-2 (450)
PR,880106,SJ10,18.4263,-66.1037,,Operating,GESJ-10 (100)
PR,880106,SJ7,18.4263,-66.1037,,Operating,GESJ-7 (100)
PR,880106,SJ8,18.4263,-66.1037,,Operating,GESJ-8 (100)
PR,880106,SJ9,18.4263,-66.1037,,Operating,GESJ-9 (100)
PA,880107,AB01,39.8076,-75.4239,Other Gas,Operating,
PA,880107,AB03,39.8076,-75.4239,Other Gas,Operating,
PA,880107,AB04,39.8076,-75.4239,Other Gas,Operating,
IN,880108,BLR1,38.6552,-87.1814,Natural Gas,Operating,
IN,880108,BLR2,38.6552,-87.1814,Natural Gas,Operating,
OH,880109,B001,40.5426,-84.1916,Pipeline Natural Gas,Operating,
TN,880110,1,36.5493,-82.6342,Pipeline Natural Gas,Operating,
TN,880110,2,36.5493,-82.6342,Pipeline Natural Gas,Operating,
TN,880110,3,36.5493,-82.6342,Pipeline Natural Gas,Operating,
TN,880110,4,36.5493,-82.6342,Pipeline Natural Gas,Operating,
