market_date,flowgate_nerc_id,constraint_id,constraint_name,branch_name,contingency,hour,shadow_price,constraint_description
12/24/2024,29254.0,438951.0,TMP781_Pittsburg_Semino_345_kV_FTLO_Canadian_Riv,SEMINOLE SEMINOLE A (LN/OKGE/CSWS),PITTSBURG-CANADIAN RIVER 345,00:00,-0.6,
12/24/2024,30334.0,465131.0,TMP854_Maryvil_Braddyvil_161kV_ftlo_North_Boro_O,MRYVL_SJ MRYVLBRADD16_1 1 (LN/MPS/MEC),ORENTDRT - NORTHBORO 345,00:30,-569.2,
12/24/2024,30334.0,465131.0,TMP854_Maryvil_Braddyvil_161kV_ftlo_North_Boro_O,MRYVL_SJ MRYVLBRADD16_1 1 (LN/MPS/MEC),ORENTDRT - NORTHBORO 345,00:35,-488.35,
12/24/2024,30334.0,465131.0,TMP854_Maryvil_Braddyvil_161kV_ftlo_North_Boro_O,MRYVL_SJ MRYVLBRADD16_1 1 (LN/MPS/MEC),ORENTDRT - NORTHBORO 345,00:40,-369.9,
12/24/2024,5701.0,471503.0,FTTXFRFTTXFR,FTTHOMP U1B2 KU1B1 (XF/WAUE/*),FT THOMPSON 345/230 KU1A,01:10,-150.0,
12/24/2024,30334.0,465131.0,TMP854_Maryvil_Braddyvil_161kV_ftlo_North_Boro_O,MRYVL_SJ MRYVLBRADD16_1 1 (LN/MPS/MEC),ORENTDRT - NORTHBORO 345,01:10,-17.93,
12/24/2024,30334.0,465131.0,TMP854_Maryvil_Braddyvil_161kV_ftlo_North_Boro_O,MRYVL_SJ MRYVLBRADD16_1 1 (LN/MPS/MEC),ORENTDRT - NORTHBORO 345,01:15,-1487.4,
12/24/2024,30334.0,465131.0,TMP854_Maryvil_Braddyvil_161kV_ftlo_North_Boro_O,MRYVL_SJ MRYVLBRADD16_1 1 (LN/MPS/MEC),ORENTDRT - NORTHBORO 345,01:20,-743.46,
12/24/2024,29254.0,438951.0,TMP781_Pittsburg_Semino_345_kV_FTLO_Canadian_Riv,SEMINOLE SEMINOLE A (LN/OKGE/CSWS),PITTSBURG-CANADIAN RIVER 345,01:25,-1136.8,
12/24/2024,29254.0,438951.0,TMP781_Pittsburg_Semino_345_kV_FTLO_Canadian_Riv,SEMINOLE SEMINOLE A (LN/OKGE/CSWS),PITTSBURG-CANADIAN RIVER 345,01:30,-12.05,
12/24/2024,29254.0,438951.0,TMP781_Pittsburg_Semino_345_kV_FTLO_Canadian_Riv,SEMINOLE SEMINOLE A (LN/OKGE/CSWS),PITTSBURG-CANADIAN RIVER 345,01:35,-1194.93,
12/24/2024,29254.0,438951.0,TMP781_Pittsburg_Semino_345_kV_FTLO_Canadian_Riv,SEMINOLE SEMINOLE A (LN/OKGE/CSWS),PITTSBURG-CANADIAN RIVER 345,01:40,-18.19,
12/24/2024,29254.0,438951.0,TMP781_Pittsburg_Semino_345_kV_FTLO_Canadian_Riv,SEMINOLE SEMINOLE A (LN/OKGE/CSWS),PITTSBURG-CANADIAN RIVER 345,01:45,-8.4,
12/24/2024,29254.0,438951.0,TMP781_Pittsburg_Semino_345_kV_FTLO_Canadian_Riv,SEMINOLE SEMINOLE A (LN/OKGE/CSWS),PITTSBURG-CANADIAN RIVER 345,01:50,-1.07,
12/24/2024,29254.0,438951.0,TMP781_Pittsburg_Semino_345_kV_FTLO_Canadian_Riv,SEMINOLE SEMINOLE A (LN/OKGE/CSWS),PITTSBURG-CANADIAN RIVER 345,02:00,-0.3,
12/24/2024,30334.0,465131.0,TMP854_Maryvil_Braddyvil_161kV_ftlo_North_Boro_O,MRYVL_SJ MRYVLBRADD16_1 1 (LN/MPS/MEC),ORENTDRT - NORTHBORO 345,02:10,-8.64,
12/24/2024,30334.0,465131.0,TMP854_Maryvil_Braddyvil_161kV_ftlo_North_Boro_O,MRYVL_SJ MRYVLBRADD16_1 1 (LN/MPS/MEC),ORENTDRT - NORTHBORO 345,02:15,-25.69,
12/24/2024,30334.0,465131.0,TMP854_Maryvil_Braddyvil_161kV_ftlo_North_Boro_O,MRYVL_SJ MRYVLBRADD16_1 1 (LN/MPS/MEC),ORENTDRT - NORTHBORO 345,02:20,-40.27,
12/24/2024,30334.0,465131.0,TMP854_Maryvil_Braddyvil_161kV_ftlo_North_Boro_O,MRYVL_SJ MRYVLBRADD16_1 1 (LN/MPS/MEC),ORENTDRT - NORTHBORO 345,02:25,-365.25,
12/24/2024,5701.0,471503.0,FTTXFRFTTXFR,FTTHOMP U1B2 KU1B1 (XF/WAUE/*),FT THOMPSON 345/230 KU1A,05:15,-45.4,
12/24/2024,5701.0,471503.0,FTTXFRFTTXFR,FTTHOMP U1B2 KU1B1 (XF/WAUE/*),FT THOMPSON 345/230 KU1A,05:20,-30.85,
12/24/2024,5701.0,471503.0,FTTXFRFTTXFR,FTTHOMP U1B2 KU1B1 (XF/WAUE/*),FT THOMPSON 345/230 KU1A,06:05,-5.66,
12/24/2024,5701.0,471503.0,FTTXFRFTTXFR,FTTHOMP U1B2 KU1B1 (XF/WAUE/*),FT THOMPSON 345/230 KU1A,06:10,-31.48,
12/24/2024,5701.0,471503.0,FTTXFRFTTXFR,FTTHOMP U1B2 KU1B1 (XF/WAUE/*),FT THOMPSON 345/230 KU1A,06:15,-83.9,
12/24/2024,5701.0,471503.0,FTTXFRFTTXFR,FTTHOMP U1B2 KU1B1 (XF/WAUE/*),FT THOMPSON 345/230 KU1A,06:20,-84.2,
12/24/2024,5701.0,471503.0,FTTXFRFTTXFR,FTTHOMP U1B2 KU1B1 (XF/WAUE/*),FT THOMPSON 345/230 KU1A,06:25,-84.34,
12/24/2024,5701.0,471503.0,FTTXFRFTTXFR,FTTHOMP U1B2 KU1B1 (XF/WAUE/*),FT THOMPSON 345/230 KU1A,06:30,-84.9,
12/24/2024,29254.0,438951.0,TMP781_Pittsburg_Semino_345_kV_FTLO_Canadian_Riv,SEMINOLE SEMINOLE A (LN/OKGE/CSWS),PITTSBURG-CANADIAN RIVER 345,06:30,-0.8,
12/24/2024,5701.0,471503.0,FTTXFRFTTXFR,FTTHOMP U1B2 KU1B1 (XF/WAUE/*),FT THOMPSON 345/230 KU1A,06:35,-83.93,
12/24/2024,29254.0,438951.0,TMP781_Pittsburg_Semino_345_kV_FTLO_Canadian_Riv,SEMINOLE SEMINOLE A (LN/OKGE/CSWS),PITTSBURG-CANADIAN RIVER 345,06:35,-1.2,
12/24/2024,5701.0,471503.0,FTTXFRFTTXFR,FTTHOMP U1B2 KU1B1 (XF/WAUE/*),FT THOMPSON 345/230 KU1A,06:40,-84.22,
12/24/2024,29254.0,438951.0,TMP781_Pittsburg_Semino_345_kV_FTLO_Canadian_Riv,SEMINOLE SEMINOLE A (LN/OKGE/CSWS),PITTSBURG-CANADIAN RIVER 345,06:40,-2.5,
12/24/2024,5701.0,471503.0,FTTXFRFTTXFR,FTTHOMP U1B2 KU1B1 (XF/WAUE/*),FT THOMPSON 345/230 KU1A,06:45,-84.3,
12/24/2024,29254.0,438951.0,TMP781_Pittsburg_Semino_345_kV_FTLO_Canadian_Riv,SEMINOLE SEMINOLE A (LN/OKGE/CSWS),PITTSBURG-CANADIAN RIVER 345,06:45,-1.6,
12/24/2024,5701.0,471503.0,FTTXFRFTTXFR,FTTHOMP U1B2 KU1B1 (XF/WAUE/*),FT THOMPSON 345/230 KU1A,06:50,-84.97,
12/24/2024,29254.0,438951.0,TMP781_Pittsburg_Semino_345_kV_FTLO_Canadian_Riv,SEMINOLE SEMINOLE A (LN/OKGE/CSWS),PITTSBURG-CANADIAN RIVER 345,06:50,-2.8,
12/24/2024,5701.0,471503.0,FTTXFRFTTXFR,FTTHOMP U1B2 KU1B1 (XF/WAUE/*),FT THOMPSON 345/230 KU1A,06:55,-84.65,
12/24/2024,29254.0,438951.0,TMP781_Pittsburg_Semino_345_kV_FTLO_Canadian_Riv,SEMINOLE SEMINOLE A (LN/OKGE/CSWS),PITTSBURG-CANADIAN RIVER 345,06:55,-3.8,
12/24/2024,5701.0,471503.0,FTTXFRFTTXFR,FTTHOMP U1B2 KU1B1 (XF/WAUE/*),FT THOMPSON 345/230 KU1A,07:00,-83.73,
12/24/2024,29254.0,438951.0,TMP781_Pittsburg_Semino_345_kV_FTLO_Canadian_Riv,SEMINOLE SEMINOLE A (LN/OKGE/CSWS),PITTSBURG-CANADIAN RIVER 345,07:00,-3.8,
12/24/2024,5701.0,471503.0,FTTXFRFTTXFR,FTTHOMP U1B2 KU1B1 (XF/WAUE/*),FT THOMPSON 345/230 KU1A,07:05,-83.94,
12/24/2024,29254.0,438951.0,TMP781_Pittsburg_Semino_345_kV_FTLO_Canadian_Riv,SEMINOLE SEMINOLE A (LN/OKGE/CSWS),PITTSBURG-CANADIAN RIVER 345,07:05,-1.4,
12/24/2024,29254.0,438951.0,TMP781_Pittsburg_Semino_345_kV_FTLO_Canadian_Riv,SEMINOLE SEMINOLE A (LN/OKGE/CSWS),PITTSBURG-CANADIAN RIVER 345,07:10,-0.7,
12/24/2024,29254.0,438951.0,TMP781_Pittsburg_Semino_345_kV_FTLO_Canadian_Riv,SEMINOLE SEMINOLE A (LN/OKGE/CSWS),PITTSBURG-CANADIAN RIVER 345,07:35,-0.2,
12/24/2024,29254.0,438951.0,TMP781_Pittsburg_Semino_345_kV_FTLO_Canadian_Riv,SEMINOLE SEMINOLE A (LN/OKGE/CSWS),PITTSBURG-CANADIAN RIVER 345,07:40,-0.4,
12/24/2024,29254.0,438951.0,TMP781_Pittsburg_Semino_345_kV_FTLO_Canadian_Riv,SEMINOLE SEMINOLE A (LN/OKGE/CSWS),PITTSBURG-CANADIAN RIVER 345,07:50,-10.05,
12/24/2024,29254.0,438951.0,TMP781_Pittsburg_Semino_345_kV_FTLO_Canadian_Riv,SEMINOLE SEMINOLE A (LN/OKGE/CSWS),PITTSBURG-CANADIAN RIVER 345,07:55,-20.1,
12/24/2024,29254.0,438951.0,TMP781_Pittsburg_Semino_345_kV_FTLO_Canadian_Riv,SEMINOLE SEMINOLE A (LN/OKGE/CSWS),PITTSBURG-CANADIAN RIVER 345,08:00,-13.1,
12/24/2024,29254.0,438951.0,TMP781_Pittsburg_Semino_345_kV_FTLO_Canadian_Riv,SEMINOLE SEMINOLE A (LN/OKGE/CSWS),PITTSBURG-CANADIAN RIVER 345,08:05,-3.9,
12/24/2024,29254.0,438951.0,TMP781_Pittsburg_Semino_345_kV_FTLO_Canadian_Riv,SEMINOLE SEMINOLE A (LN/OKGE/CSWS),PITTSBURG-CANADIAN RIVER 345,08:10,-1.2,
12/24/2024,29254.0,438951.0,TMP781_Pittsburg_Semino_345_kV_FTLO_Canadian_Riv,SEMINOLE SEMINOLE A (LN/OKGE/CSWS),PITTSBURG-CANADIAN RIVER 345,08:20,-2.25,
12/24/2024,29254.0,438951.0,TMP781_Pittsburg_Semino_345_kV_FTLO_Canadian_Riv,SEMINOLE SEMINOLE A (LN/OKGE/CSWS),PITTSBURG-CANADIAN RIVER 345,08:25,-2.17,
12/24/2024,29254.0,438951.0,TMP781_Pittsburg_Semino_345_kV_FTLO_Canadian_Riv,SEMINOLE SEMINOLE A (LN/OKGE/CSWS),PITTSBURG-CANADIAN RIVER 345,08:30,-0.7,
12/24/2024,29254.0,438951.0,TMP781_Pittsburg_Semino_345_kV_FTLO_Canadian_Riv,SEMINOLE SEMINOLE A (LN/OKGE/CSWS),PITTSBURG-CANADIAN RIVER 345,08:35,-1.5,
12/24/2024,29254.0,438951.0,TMP781_Pittsburg_Semino_345_kV_FTLO_Canadian_Riv,SEMINOLE SEMINOLE A (LN/OKGE/CSWS),PITTSBURG-CANADIAN RIVER 345,08:50,-0.7,
12/24/2024,29254.0,438951.0,TMP781_Pittsburg_Semino_345_kV_FTLO_Canadian_Riv,SEMINOLE SEMINOLE A (LN/OKGE/CSWS),PITTSBURG-CANADIAN RIVER 345,08:55,-6.36,
12/24/2024,29254.0,438951.0,TMP781_Pittsburg_Semino_345_kV_FTLO_Canadian_Riv,SEMINOLE SEMINOLE A (LN/OKGE/CSWS),PITTSBURG-CANADIAN RIVER 345,09:00,-7.5,
12/24/2024,29254.0,438951.0,TMP781_Pittsburg_Semino_345_kV_FTLO_Canadian_Riv,SEMINOLE SEMINOLE A (LN/OKGE/CSWS),PITTSBURG-CANADIAN RIVER 345,09:05,-6.28,
12/24/2024,29254.0,438951.0,TMP781_Pittsburg_Semino_345_kV_FTLO_Canadian_Riv,SEMINOLE SEMINOLE A (LN/OKGE/CSWS),PITTSBURG-CANADIAN RIVER 345,09:15,-1.05,
12/24/2024,29254.0,438951.0,TMP781_Pittsburg_Semino_345_kV_FTLO_Canadian_Riv,SEMINOLE SEMINOLE A (LN/OKGE/CSWS),PITTSBURG-CANADIAN RIVER 345,09:20,-3.49,
12/24/2024,29254.0,438951.0,TMP781_Pittsburg_Semino_345_kV_FTLO_Canadian_Riv,SEMINOLE SEMINOLE A (LN/OKGE/CSWS),PITTSBURG-CANADIAN RIVER 345,09:25,-3.9,
12/24/2024,29254.0,438951.0,TMP781_Pittsburg_Semino_345_kV_FTLO_Canadian_Riv,SEMINOLE SEMINOLE A (LN/OKGE/CSWS),PITTSBURG-CANADIAN RIVER 345,09:30,-2.85,
12/24/2024,29254.0,438951.0,TMP781_Pittsburg_Semino_345_kV_FTLO_Canadian_Riv,SEMINOLE SEMINOLE A (LN/OKGE/CSWS),PITTSBURG-CANADIAN RIVER 345,09:35,-1.5,
12/24/2024,29254.0,438951.0,TMP781_Pittsburg_Semino_345_kV_FTLO_Canadian_Riv,SEMINOLE SEMINOLE A (LN/OKGE/CSWS),PITTSBURG-CANADIAN RIVER 345,09:40,-10.07,
12/24/2024,29254.0,438951.0,TMP781_Pittsburg_Semino_345_kV_FTLO_Canadian_Riv,SEMINOLE SEMINOLE A (LN/OKGE/CSWS),PITTSBURG-CANADIAN RIVER 345,09:45,-3.68,
12/24/2024,29254.0,438951.0,TMP781_Pittsburg_Semino_345_kV_FTLO_Canadian_Riv,SEMINOLE SEMINOLE A (LN/OKGE/CSWS),PITTSBURG-CANADIAN RIVER 345,09:50,-2.6,
12/24/2024,29254.0,438951.0,TMP781_Pittsburg_Semino_345_kV_FTLO_Canadian_Riv,SEMINOLE SEMINOLE A (LN/OKGE/CSWS),PITTSBURG-CANADIAN RIVER 345,09:55,-2.37,
12/24/2024,29254.0,438951.0,TMP781_Pittsburg_Semino_345_kV_FTLO_Canadian_Riv,SEMINOLE SEMINOLE A (LN/OKGE/CSWS),PITTSBURG-CANADIAN RIVER 345,10:00,-9.77,
12/24/2024,29254.0,438951.0,TMP781_Pittsburg_Semino_345_kV_FTLO_Canadian_Riv,SEMINOLE SEMINOLE A (LN/OKGE/CSWS),PITTSBURG-CANADIAN RIVER 345,10:05,-2.95,
12/24/2024,29254.0,438951.0,TMP781_Pittsburg_Semino_345_kV_FTLO_Canadian_Riv,SEMINOLE SEMINOLE A (LN/OKGE/CSWS),PITTSBURG-CANADIAN RIVER 345,10:10,-0.7,
12/24/2024,29254.0,438951.0,TMP781_Pittsburg_Semino_345_kV_FTLO_Canadian_Riv,SEMINOLE SEMINOLE A (LN/OKGE/CSWS),PITTSBURG-CANADIAN RIVER 345,10:25,-1.47,
12/24/2024,29254.0,438951.0,TMP781_Pittsburg_Semino_345_kV_FTLO_Canadian_Riv,SEMINOLE SEMINOLE A (LN/OKGE/CSWS),PITTSBURG-CANADIAN RIVER 345,10:30,-3.78,
12/24/2024,29254.0,438951.0,TMP781_Pittsburg_Semino_345_kV_FTLO_Canadian_Riv,SEMINOLE SEMINOLE A (LN/OKGE/CSWS),PITTSBURG-CANADIAN RIVER 345,10:35,-5.17,
12/24/2024,29254.0,438951.0,TMP781_Pittsburg_Semino_345_kV_FTLO_Canadian_Riv,SEMINOLE SEMINOLE A (LN/OKGE/CSWS),PITTSBURG-CANADIAN RIVER 345,10:40,-14.9,
12/24/2024,29254.0,438951.0,TMP781_Pittsburg_Semino_345_kV_FTLO_Canadian_Riv,SEMINOLE SEMINOLE A (LN/OKGE/CSWS),PITTSBURG-CANADIAN RIVER 345,10:45,-14.9,
12/24/2024,29254.0,438951.0,TMP781_Pittsburg_Semino_345_kV_FTLO_Canadian_Riv,SEMINOLE SEMINOLE A (LN/OKGE/CSWS),PITTSBURG-CANADIAN RIVER 345,10:50,-21.79,
12/24/2024,29254.0,438951.0,TMP781_Pittsburg_Semino_345_kV_FTLO_Canadian_Riv,SEMINOLE SEMINOLE A (LN/OKGE/CSWS),PITTSBURG-CANADIAN RIVER 345,10:55,-16.3,
12/24/2024,29254.0,438951.0,TMP781_Pittsburg_Semino_345_kV_FTLO_Canadian_Riv,SEMINOLE SEMINOLE A (LN/OKGE/CSWS),PITTSBURG-CANADIAN RIVER 345,11:00,-14.98,
12/24/2024,29254.0,438951.0,TMP781_Pittsburg_Semino_345_kV_FTLO_Canadian_Riv,SEMINOLE SEMINOLE A (LN/OKGE/CSWS),PITTSBURG-CANADIAN RIVER 345,11:05,-15.4,
12/24/2024,29254.0,438951.0,TMP781_Pittsburg_Semino_345_kV_FTLO_Canadian_Riv,SEMINOLE SEMINOLE A (LN/OKGE/CSWS),PITTSBURG-CANADIAN RIVER 345,11:10,-5.2,
12/24/2024,29254.0,438951.0,TMP781_Pittsburg_Semino_345_kV_FTLO_Canadian_Riv,SEMINOLE SEMINOLE A (LN/OKGE/CSWS),PITTSBURG-CANADIAN RIVER 345,11:15,-5.4,
12/24/2024,29254.0,438951.0,TMP781_Pittsburg_Semino_345_kV_FTLO_Canadian_Riv,SEMINOLE SEMINOLE A (LN/OKGE/CSWS),PITTSBURG-CANADIAN RIVER 345,11:20,-5.75,
12/24/2024,29254.0,438951.0,TMP781_Pittsburg_Semino_345_kV_FTLO_Canadian_Riv,SEMINOLE SEMINOLE A (LN/OKGE/CSWS),PITTSBURG-CANADIAN RIVER 345,11:25,-6.5,
12/24/2024,29254.0,438951.0,TMP781_Pittsburg_Semino_345_kV_FTLO_Canadian_Riv,SEMINOLE SEMINOLE A (LN/OKGE/CSWS),PITTSBURG-CANADIAN RIVER 345,11:30,-6.55,
12/24/2024,29254.0,438951.0,TMP781_Pittsburg_Semino_345_kV_FTLO_Canadian_Riv,SEMINOLE SEMINOLE A (LN/OKGE/CSWS),PITTSBURG-CANADIAN RIVER 345,11:35,-11.9,
12/24/2024,29254.0,438951.0,TMP781_Pittsburg_Semino_345_kV_FTLO_Canadian_Riv,SEMINOLE SEMINOLE A (LN/OKGE/CSWS),PITTSBURG-CANADIAN RIVER 345,11:40,-15.16,
12/24/2024,29254.0,438951.0,TMP781_Pittsburg_Semino_345_kV_FTLO_Canadian_Riv,SEMINOLE SEMINOLE A (LN/OKGE/CSWS),PITTSBURG-CANADIAN RIVER 345,11:45,-15.16,
12/24/2024,29254.0,438951.0,TMP781_Pittsburg_Semino_345_kV_FTLO_Canadian_Riv,SEMINOLE SEMINOLE A (LN/OKGE/CSWS),PITTSBURG-CANADIAN RIVER 345,11:50,-18.900000000000002,
12/24/2024,29254.0,438951.0,TMP781_Pittsburg_Semino_345_kV_FTLO_Canadian_Riv,SEMINOLE SEMINOLE A (LN/OKGE/CSWS),PITTSBURG-CANADIAN RIVER 345,11:55,-22.57,
12/24/2024,29254.0,438951.0,TMP781_Pittsburg_Semino_345_kV_FTLO_Canadian_Riv,SEMINOLE SEMINOLE A (LN/OKGE/CSWS),PITTSBURG-CANADIAN RIVER 345,12:00,-19.89,
12/24/2024,29254.0,438951.0,TMP781_Pittsburg_Semino_345_kV_FTLO_Canadian_Riv,SEMINOLE SEMINOLE A (LN/OKGE/CSWS),PITTSBURG-CANADIAN RIVER 345,12:05,-19.89,
12/24/2024,29254.0,438951.0,TMP781_Pittsburg_Semino_345_kV_FTLO_Canadian_Riv,SEMINOLE SEMINOLE A (LN/OKGE/CSWS),PITTSBURG-CANADIAN RIVER 345,12:10,-18.400000000000002,
12/24/2024,29254.0,438951.0,TMP781_Pittsburg_Semino_345_kV_FTLO_Canadian_Riv,SEMINOLE SEMINOLE A (LN/OKGE/CSWS),PITTSBURG-CANADIAN RIVER 345,12:15,-17.09,
12/24/2024,29254.0,438951.0,TMP781_Pittsburg_Semino_345_kV_FTLO_Canadian_Riv,SEMINOLE SEMINOLE A (LN/OKGE/CSWS),PITTSBURG-CANADIAN RIVER 345,12:20,-27.5,
12/24/2024,29254.0,438951.0,TMP781_Pittsburg_Semino_345_kV_FTLO_Canadian_Riv,SEMINOLE SEMINOLE A (LN/OKGE/CSWS),PITTSBURG-CANADIAN RIVER 345,12:25,-32.480000000000004,
12/24/2024,29254.0,438951.0,TMP781_Pittsburg_Semino_345_kV_FTLO_Canadian_Riv,SEMINOLE SEMINOLE A (LN/OKGE/CSWS),PITTSBURG-CANADIAN RIVER 345,12:30,-32.480000000000004,
12/24/2024,29254.0,438951.0,TMP781_Pittsburg_Semino_345_kV_FTLO_Canadian_Riv,SEMINOLE SEMINOLE A (LN/OKGE/CSWS),PITTSBURG-CANADIAN RIVER 345,12:35,-23.5,
12/24/2024,29254.0,438951.0,TMP781_Pittsburg_Semino_345_kV_FTLO_Canadian_Riv,SEMINOLE SEMINOLE A (LN/OKGE/CSWS),PITTSBURG-CANADIAN RIVER 345,12:40,-23.1,
12/24/2024,29254.0,438951.0,TMP781_Pittsburg_Semino_345_kV_FTLO_Canadian_Riv,SEMINOLE SEMINOLE A (LN/OKGE/CSWS),PITTSBURG-CANADIAN RIVER 345,12:45,-25.1,
12/24/2024,29254.0,438951.0,TMP781_Pittsburg_Semino_345_kV_FTLO_Canadian_Riv,SEMINOLE SEMINOLE A (LN/OKGE/CSWS),PITTSBURG-CANADIAN RIVER 345,12:50,-29.7,
12/24/2024,29254.0,438951.0,TMP781_Pittsburg_Semino_345_kV_FTLO_Canadian_Riv,SEMINOLE SEMINOLE A (LN/OKGE/CSWS),PITTSBURG-CANADIAN RIVER 345,12:55,-29.8,
12/24/2024,29254.0,438951.0,TMP781_Pittsburg_Semino_345_kV_FTLO_Canadian_Riv,SEMINOLE SEMINOLE A (LN/OKGE/CSWS),PITTSBURG-CANADIAN RIVER 345,13:00,-40.2,
12/24/2024,29254.0,438951.0,TMP781_Pittsburg_Semino_345_kV_FTLO_Canadian_Riv,SEMINOLE SEMINOLE A (LN/OKGE/CSWS),PITTSBURG-CANADIAN RIVER 345,13:05,-21.19,
12/24/2024,29254.0,438951.0,TMP781_Pittsburg_Semino_345_kV_FTLO_Canadian_Riv,SEMINOLE SEMINOLE A (LN/OKGE/CSWS),PITTSBURG-CANADIAN RIVER 345,13:10,-17.3,
12/24/2024,29254.0,438951.0,TMP781_Pittsburg_Semino_345_kV_FTLO_Canadian_Riv,SEMINOLE SEMINOLE A (LN/OKGE/CSWS),PITTSBURG-CANADIAN RIVER 345,13:15,-17.75,
12/24/2024,29254.0,438951.0,TMP781_Pittsburg_Semino_345_kV_FTLO_Canadian_Riv,SEMINOLE SEMINOLE A (LN/OKGE/CSWS),PITTSBURG-CANADIAN RIVER 345,13:20,-15.05,
12/24/2024,29254.0,438951.0,TMP781_Pittsburg_Semino_345_kV_FTLO_Canadian_Riv,SEMINOLE SEMINOLE A (LN/OKGE/CSWS),PITTSBURG-CANADIAN RIVER 345,13:25,-13.89,
12/24/2024,29254.0,438951.0,TMP781_Pittsburg_Semino_345_kV_FTLO_Canadian_Riv,SEMINOLE SEMINOLE A (LN/OKGE/CSWS),PITTSBURG-CANADIAN RIVER 345,13:30,-13.68,
12/24/2024,29254.0,438951.0,TMP781_Pittsburg_Semino_345_kV_FTLO_Canadian_Riv,SEMINOLE SEMINOLE A (LN/OKGE/CSWS),PITTSBURG-CANADIAN RIVER 345,13:35,-13.69,
12/24/2024,29254.0,438951.0,TMP781_Pittsburg_Semino_345_kV_FTLO_Canadian_Riv,SEMINOLE SEMINOLE A (LN/OKGE/CSWS),PITTSBURG-CANADIAN RIVER 345,13:40,-5.3,
12/24/2024,29254.0,438951.0,TMP781_Pittsburg_Semino_345_kV_FTLO_Canadian_Riv,SEMINOLE SEMINOLE A (LN/OKGE/CSWS),PITTSBURG-CANADIAN RIVER 345,13:45,-3.3,
12/24/2024,29254.0,438951.0,TMP781_Pittsburg_Semino_345_kV_FTLO_Canadian_Riv,SEMINOLE SEMINOLE A (LN/OKGE/CSWS),PITTSBURG-CANADIAN RIVER 345,13:50,-3.57,
12/24/2024,29254.0,438951.0,TMP781_Pittsburg_Semino_345_kV_FTLO_Canadian_Riv,SEMINOLE SEMINOLE A (LN/OKGE/CSWS),PITTSBURG-CANADIAN RIVER 345,13:55,-2.8,
12/24/2024,29254.0,438951.0,TMP781_Pittsburg_Semino_345_kV_FTLO_Canadian_Riv,SEMINOLE SEMINOLE A (LN/OKGE/CSWS),PITTSBURG-CANADIAN RIVER 345,14:00,-2.8,
12/24/2024,29254.0,438951.0,TMP781_Pittsburg_Semino_345_kV_FTLO_Canadian_Riv,SEMINOLE SEMINOLE A (LN/OKGE/CSWS),PITTSBURG-CANADIAN RIVER 345,14:10,-6.0,
12/24/2024,29254.0,438951.0,TMP781_Pittsburg_Semino_345_kV_FTLO_Canadian_Riv,SEMINOLE SEMINOLE A (LN/OKGE/CSWS),PITTSBURG-CANADIAN RIVER 345,14:15,-3.78,
12/24/2024,29254.0,438951.0,TMP781_Pittsburg_Semino_345_kV_FTLO_Canadian_Riv,SEMINOLE SEMINOLE A (LN/OKGE/CSWS),PITTSBURG-CANADIAN RIVER 345,14:20,-3.4,
12/24/2024,29254.0,438951.0,TMP781_Pittsburg_Semino_345_kV_FTLO_Canadian_Riv,SEMINOLE SEMINOLE A (LN/OKGE/CSWS),PITTSBURG-CANADIAN RIVER 345,14:25,-3.46,
12/24/2024,29254.0,438951.0,TMP781_Pittsburg_Semino_345_kV_FTLO_Canadian_Riv,SEMINOLE SEMINOLE A (LN/OKGE/CSWS),PITTSBURG-CANADIAN RIVER 345,14:30,-3.45,
12/24/2024,29254.0,438951.0,TMP781_Pittsburg_Semino_345_kV_FTLO_Canadian_Riv,SEMINOLE SEMINOLE A (LN/OKGE/CSWS),PITTSBURG-CANADIAN RIVER 345,14:35,-3.35,
12/24/2024,29254.0,438951.0,TMP781_Pittsburg_Semino_345_kV_FTLO_Canadian_Riv,SEMINOLE SEMINOLE A (LN/OKGE/CSWS),PITTSBURG-CANADIAN RIVER 345,14:40,-3.55,
12/24/2024,29254.0,438951.0,TMP781_Pittsburg_Semino_345_kV_FTLO_Canadian_Riv,SEMINOLE SEMINOLE A (LN/OKGE/CSWS),PITTSBURG-CANADIAN RIVER 345,14:45,-3.6,
12/24/2024,29254.0,438951.0,TMP781_Pittsburg_Semino_345_kV_FTLO_Canadian_Riv,SEMINOLE SEMINOLE A (LN/OKGE/CSWS),PITTSBURG-CANADIAN RIVER 345,14:50,-3.56,
12/24/2024,29254.0,438951.0,TMP781_Pittsburg_Semino_345_kV_FTLO_Canadian_Riv,SEMINOLE SEMINOLE A (LN/OKGE/CSWS),PITTSBURG-CANADIAN RIVER 345,14:55,-3.2,
12/24/2024,29254.0,438951.0,TMP781_Pittsburg_Semino_345_kV_FTLO_Canadian_Riv,SEMINOLE SEMINOLE A (LN/OKGE/CSWS),PITTSBURG-CANADIAN RIVER 345,15:00,-2.7,
12/24/2024,29254.0,438951.0,TMP781_Pittsburg_Semino_345_kV_FTLO_Canadian_Riv,SEMINOLE SEMINOLE A (LN/OKGE/CSWS),PITTSBURG-CANADIAN RIVER 345,15:05,-3.2,
12/24/2024,29254.0,438951.0,TMP781_Pittsburg_Semino_345_kV_FTLO_Canadian_Riv,SEMINOLE SEMINOLE A (LN/OKGE/CSWS),PITTSBURG-CANADIAN RIVER 345,15:10,-3.75,
12/24/2024,29254.0,438951.0,TMP781_Pittsburg_Semino_345_kV_FTLO_Canadian_Riv,SEMINOLE SEMINOLE A (LN/OKGE/CSWS),PITTSBURG-CANADIAN RIVER 345,15:15,-3.0,
12/24/2024,29254.0,438951.0,TMP781_Pittsburg_Semino_345_kV_FTLO_Canadian_Riv,SEMINOLE SEMINOLE A (LN/OKGE/CSWS),PITTSBURG-CANADIAN RIVER 345,15:20,-2.8,
12/24/2024,29254.0,438951.0,TMP781_Pittsburg_Semino_345_kV_FTLO_Canadian_Riv,SEMINOLE SEMINOLE A (LN/OKGE/CSWS),PITTSBURG-CANADIAN RIVER 345,15:25,-2.5,
12/24/2024,29254.0,438951.0,TMP781_Pittsburg_Semino_345_kV_FTLO_Canadian_Riv,SEMINOLE SEMINOLE A (LN/OKGE/CSWS),PITTSBURG-CANADIAN RIVER 345,15:30,-2.3000000000000003,
12/24/2024,29254.0,438951.0,TMP781_Pittsburg_Semino_345_kV_FTLO_Canadian_Riv,SEMINOLE SEMINOLE A (LN/OKGE/CSWS),PITTSBURG-CANADIAN RIVER 345,15:35,-1.1,
12/24/2024,29254.0,438951.0,TMP781_Pittsburg_Semino_345_kV_FTLO_Canadian_Riv,SEMINOLE SEMINOLE A (LN/OKGE/CSWS),PITTSBURG-CANADIAN RIVER 345,15:40,-0.9,
12/24/2024,29254.0,438951.0,TMP781_Pittsburg_Semino_345_kV_FTLO_Canadian_Riv,SEMINOLE SEMINOLE A (LN/OKGE/CSWS),PITTSBURG-CANADIAN RIVER 345,15:45,-0.8,
12/24/2024,29254.0,438951.0,TMP781_Pittsburg_Semino_345_kV_FTLO_Canadian_Riv,SEMINOLE SEMINOLE A (LN/OKGE/CSWS),PITTSBURG-CANADIAN RIVER 345,15:50,-0.9,
12/24/2024,29254.0,438951.0,TMP781_Pittsburg_Semino_345_kV_FTLO_Canadian_Riv,SEMINOLE SEMINOLE A (LN/OKGE/CSWS),PITTSBURG-CANADIAN RIVER 345,16:00,-1.86,
12/24/2024,29254.0,438951.0,TMP781_Pittsburg_Semino_345_kV_FTLO_Canadian_Riv,SEMINOLE SEMINOLE A (LN/OKGE/CSWS),PITTSBURG-CANADIAN RIVER 345,16:05,-2.1,
12/24/2024,29254.0,438951.0,TMP781_Pittsburg_Semino_345_kV_FTLO_Canadian_Riv,SEMINOLE SEMINOLE A (LN/OKGE/CSWS),PITTSBURG-CANADIAN RIVER 345,16:10,-4.2,
12/24/2024,29254.0,438951.0,TMP781_Pittsburg_Semino_345_kV_FTLO_Canadian_Riv,SEMINOLE SEMINOLE A (LN/OKGE/CSWS),PITTSBURG-CANADIAN RIVER 345,16:15,-3.55,
12/24/2024,29254.0,438951.0,TMP781_Pittsburg_Semino_345_kV_FTLO_Canadian_Riv,SEMINOLE SEMINOLE A (LN/OKGE/CSWS),PITTSBURG-CANADIAN RIVER 345,16:20,-3.68,
12/24/2024,29254.0,438951.0,TMP781_Pittsburg_Semino_345_kV_FTLO_Canadian_Riv,SEMINOLE SEMINOLE A (LN/OKGE/CSWS),PITTSBURG-CANADIAN RIVER 345,16:25,-3.68,
12/24/2024,29254.0,438951.0,TMP781_Pittsburg_Semino_345_kV_FTLO_Canadian_Riv,SEMINOLE SEMINOLE A (LN/OKGE/CSWS),PITTSBURG-CANADIAN RIVER 345,16:30,-3.3,
12/24/2024,29254.0,438951.0,TMP781_Pittsburg_Semino_345_kV_FTLO_Canadian_Riv,SEMINOLE SEMINOLE A (LN/OKGE/CSWS),PITTSBURG-CANADIAN RIVER 345,16:35,-3.35,
12/24/2024,29254.0,438951.0,TMP781_Pittsburg_Semino_345_kV_FTLO_Canadian_Riv,SEMINOLE SEMINOLE A (LN/OKGE/CSWS),PITTSBURG-CANADIAN RIVER 345,16:40,-3.08,
12/24/2024,29254.0,438951.0,TMP781_Pittsburg_Semino_345_kV_FTLO_Canadian_Riv,SEMINOLE SEMINOLE A (LN/OKGE/CSWS),PITTSBURG-CANADIAN RIVER 345,16:45,-3.45,
12/24/2024,29254.0,438951.0,TMP781_Pittsburg_Semino_345_kV_FTLO_Canadian_Riv,SEMINOLE SEMINOLE A (LN/OKGE/CSWS),PITTSBURG-CANADIAN RIVER 345,16:50,-2.97,
12/24/2024,29254.0,438951.0,TMP781_Pittsburg_Semino_345_kV_FTLO_Canadian_Riv,SEMINOLE SEMINOLE A (LN/OKGE/CSWS),PITTSBURG-CANADIAN RIVER 345,16:55,-2.96,
12/24/2024,29254.0,438951.0,TMP781_Pittsburg_Semino_345_kV_FTLO_Canadian_Riv,SEMINOLE SEMINOLE A (LN/OKGE/CSWS),PITTSBURG-CANADIAN RIVER 345,17:00,-3.0,
12/24/2024,29254.0,438951.0,TMP781_Pittsburg_Semino_345_kV_FTLO_Canadian_Riv,SEMINOLE SEMINOLE A (LN/OKGE/CSWS),PITTSBURG-CANADIAN RIVER 345,17:05,-2.97,
12/24/2024,29254.0,438951.0,TMP781_Pittsburg_Semino_345_kV_FTLO_Canadian_Riv,SEMINOLE SEMINOLE A (LN/OKGE/CSWS),PITTSBURG-CANADIAN RIVER 345,17:10,-2.65,
12/24/2024,29254.0,438951.0,TMP781_Pittsburg_Semino_345_kV_FTLO_Canadian_Riv,SEMINOLE SEMINOLE A (LN/OKGE/CSWS),PITTSBURG-CANADIAN RIVER 345,17:15,-2.8,
12/24/2024,29254.0,438951.0,TMP781_Pittsburg_Semino_345_kV_FTLO_Canadian_Riv,SEMINOLE SEMINOLE A (LN/OKGE/CSWS),PITTSBURG-CANADIAN RIVER 345,17:20,-2.99,
12/24/2024,29254.0,438951.0,TMP781_Pittsburg_Semino_345_kV_FTLO_Canadian_Riv,SEMINOLE SEMINOLE A (LN/OKGE/CSWS),PITTSBURG-CANADIAN RIVER 345,17:25,-3.0,
12/24/2024,29254.0,438951.0,TMP781_Pittsburg_Semino_345_kV_FTLO_Canadian_Riv,SEMINOLE SEMINOLE A (LN/OKGE/CSWS),PITTSBURG-CANADIAN RIVER 345,17:30,-2.98,
12/24/2024,29254.0,438951.0,TMP781_Pittsburg_Semino_345_kV_FTLO_Canadian_Riv,SEMINOLE SEMINOLE A (LN/OKGE/CSWS),PITTSBURG-CANADIAN RIVER 345,17:35,-3.0,
12/24/2024,29254.0,438951.0,TMP781_Pittsburg_Semino_345_kV_FTLO_Canadian_Riv,SEMINOLE SEMINOLE A (LN/OKGE/CSWS),PITTSBURG-CANADIAN RIVER 345,17:40,-3.16,
12/24/2024,29254.0,438951.0,TMP781_Pittsburg_Semino_345_kV_FTLO_Canadian_Riv,SEMINOLE SEMINOLE A (LN/OKGE/CSWS),PITTSBURG-CANADIAN RIVER 345,17:45,-3.2,
12/24/2024,29254.0,438951.0,TMP781_Pittsburg_Semino_345_kV_FTLO_Canadian_Riv,SEMINOLE SEMINOLE A (LN/OKGE/CSWS),PITTSBURG-CANADIAN RIVER 345,17:50,-3.36,
12/24/2024,29254.0,438951.0,TMP781_Pittsburg_Semino_345_kV_FTLO_Canadian_Riv,SEMINOLE SEMINOLE A (LN/OKGE/CSWS),PITTSBURG-CANADIAN RIVER 345,17:55,-3.27,
12/24/2024,29254.0,438951.0,TMP781_Pittsburg_Semino_345_kV_FTLO_Canadian_Riv,SEMINOLE SEMINOLE A (LN/OKGE/CSWS),PITTSBURG-CANADIAN RIVER 345,18:00,-3.1,
12/24/2024,29254.0,438951.0,TMP781_Pittsburg_Semino_345_kV_FTLO_Canadian_Riv,SEMINOLE SEMINOLE A (LN/OKGE/CSWS),PITTSBURG-CANADIAN RIVER 345,18:05,-2.8,
12/24/2024,29254.0,438951.0,TMP781_Pittsburg_Semino_345_kV_FTLO_Canadian_Riv,SEMINOLE SEMINOLE A (LN/OKGE/CSWS),PITTSBURG-CANADIAN RIVER 345,18:10,-2.8,
12/24/2024,29254.0,438951.0,TMP781_Pittsburg_Semino_345_kV_FTLO_Canadian_Riv,SEMINOLE SEMINOLE A (LN/OKGE/CSWS),PITTSBURG-CANADIAN RIVER 345,18:15,-3.5,
12/24/2024,29254.0,438951.0,TMP781_Pittsburg_Semino_345_kV_FTLO_Canadian_Riv,SEMINOLE SEMINOLE A (LN/OKGE/CSWS),PITTSBURG-CANADIAN RIVER 345,18:20,-8.290000000000001,
12/24/2024,29254.0,438951.0,TMP781_Pittsburg_Semino_345_kV_FTLO_Canadian_Riv,SEMINOLE SEMINOLE A (LN/OKGE/CSWS),PITTSBURG-CANADIAN RIVER 345,18:25,-5.17,
12/24/2024,29254.0,438951.0,TMP781_Pittsburg_Semino_345_kV_FTLO_Canadian_Riv,SEMINOLE SEMINOLE A (LN/OKGE/CSWS),PITTSBURG-CANADIAN RIVER 345,18:30,-6.46,
12/24/2024,29254.0,438951.0,TMP781_Pittsburg_Semino_345_kV_FTLO_Canadian_Riv,SEMINOLE SEMINOLE A (LN/OKGE/CSWS),PITTSBURG-CANADIAN RIVER 345,18:35,-4.67,
12/24/2024,29254.0,438951.0,TMP781_Pittsburg_Semino_345_kV_FTLO_Canadian_Riv,SEMINOLE SEMINOLE A (LN/OKGE/CSWS),PITTSBURG-CANADIAN RIVER 345,18:40,-4.67,
12/24/2024,29254.0,438951.0,TMP781_Pittsburg_Semino_345_kV_FTLO_Canadian_Riv,SEMINOLE SEMINOLE A (LN/OKGE/CSWS),PITTSBURG-CANADIAN RIVER 345,18:45,-5.0,
12/24/2024,29254.0,438951.0,TMP781_Pittsburg_Semino_345_kV_FTLO_Canadian_Riv,SEMINOLE SEMINOLE A (LN/OKGE/CSWS),PITTSBURG-CANADIAN RIVER 345,18:50,-4.4,
12/24/2024,29254.0,438951.0,TMP781_Pittsburg_Semino_345_kV_FTLO_Canadian_Riv,SEMINOLE SEMINOLE A (LN/OKGE/CSWS),PITTSBURG-CANADIAN RIVER 345,18:55,-3.8,
12/24/2024,29254.0,438951.0,TMP781_Pittsburg_Semino_345_kV_FTLO_Canadian_Riv,SEMINOLE SEMINOLE A (LN/OKGE/CSWS),PITTSBURG-CANADIAN RIVER 345,19:00,-4.0,
12/24/2024,29254.0,438951.0,TMP781_Pittsburg_Semino_345_kV_FTLO_Canadian_Riv,SEMINOLE SEMINOLE A (LN/OKGE/CSWS),PITTSBURG-CANADIAN RIVER 345,19:05,-11.5,
12/24/2024,29254.0,438951.0,TMP781_Pittsburg_Semino_345_kV_FTLO_Canadian_Riv,SEMINOLE SEMINOLE A (LN/OKGE/CSWS),PITTSBURG-CANADIAN RIVER 345,19:10,-6.8,
12/24/2024,29254.0,438951.0,TMP781_Pittsburg_Semino_345_kV_FTLO_Canadian_Riv,SEMINOLE SEMINOLE A (LN/OKGE/CSWS),PITTSBURG-CANADIAN RIVER 345,19:15,-4.47,
12/24/2024,29254.0,438951.0,TMP781_Pittsburg_Semino_345_kV_FTLO_Canadian_Riv,SEMINOLE SEMINOLE A (LN/OKGE/CSWS),PITTSBURG-CANADIAN RIVER 345,19:20,-4.0600000000000005,
12/24/2024,29254.0,438951.0,TMP781_Pittsburg_Semino_345_kV_FTLO_Canadian_Riv,SEMINOLE SEMINOLE A (LN/OKGE/CSWS),PITTSBURG-CANADIAN RIVER 345,19:25,-2.6,
12/24/2024,29254.0,438951.0,TMP781_Pittsburg_Semino_345_kV_FTLO_Canadian_Riv,SEMINOLE SEMINOLE A (LN/OKGE/CSWS),PITTSBURG-CANADIAN RIVER 345,19:30,-3.4,
12/24/2024,29254.0,438951.0,TMP781_Pittsburg_Semino_345_kV_FTLO_Canadian_Riv,SEMINOLE SEMINOLE A (LN/OKGE/CSWS),PITTSBURG-CANADIAN RIVER 345,19:35,-2.97,
12/24/2024,29254.0,438951.0,TMP781_Pittsburg_Semino_345_kV_FTLO_Canadian_Riv,SEMINOLE SEMINOLE A (LN/OKGE/CSWS),PITTSBURG-CANADIAN RIVER 345,19:40,-4.48,
12/24/2024,29254.0,438951.0,TMP781_Pittsburg_Semino_345_kV_FTLO_Canadian_Riv,SEMINOLE SEMINOLE A (LN/OKGE/CSWS),PITTSBURG-CANADIAN RIVER 345,19:45,-4.2,
12/24/2024,29254.0,438951.0,TMP781_Pittsburg_Semino_345_kV_FTLO_Canadian_Riv,SEMINOLE SEMINOLE A (LN/OKGE/CSWS),PITTSBURG-CANADIAN RIVER 345,19:50,-34.47,
12/24/2024,29254.0,438951.0,TMP781_Pittsburg_Semino_345_kV_FTLO_Canadian_Riv,SEMINOLE SEMINOLE A (LN/OKGE/CSWS),PITTSBURG-CANADIAN RIVER 345,19:55,-17.0,
12/24/2024,29254.0,438951.0,TMP781_Pittsburg_Semino_345_kV_FTLO_Canadian_Riv,SEMINOLE SEMINOLE A (LN/OKGE/CSWS),PITTSBURG-CANADIAN RIVER 345,20:00,-10.49,
12/24/2024,29254.0,438951.0,TMP781_Pittsburg_Semino_345_kV_FTLO_Canadian_Riv,SEMINOLE SEMINOLE A (LN/OKGE/CSWS),PITTSBURG-CANADIAN RIVER 345,20:05,-1.8,
12/24/2024,29254.0,438951.0,TMP781_Pittsburg_Semino_345_kV_FTLO_Canadian_Riv,SEMINOLE SEMINOLE A (LN/OKGE/CSWS),PITTSBURG-CANADIAN RIVER 345,20:10,-5.05,
12/24/2024,29254.0,438951.0,TMP781_Pittsburg_Semino_345_kV_FTLO_Canadian_Riv,SEMINOLE SEMINOLE A (LN/OKGE/CSWS),PITTSBURG-CANADIAN RIVER 345,20:15,-3.06,
12/24/2024,29254.0,438951.0,TMP781_Pittsburg_Semino_345_kV_FTLO_Canadian_Riv,SEMINOLE SEMINOLE A (LN/OKGE/CSWS),PITTSBURG-CANADIAN RIVER 345,20:20,-3.5,
12/24/2024,29254.0,438951.0,TMP781_Pittsburg_Semino_345_kV_FTLO_Canadian_Riv,SEMINOLE SEMINOLE A (LN/OKGE/CSWS),PITTSBURG-CANADIAN RIVER 345,20:25,-0.7,
12/24/2024,29254.0,438951.0,TMP781_Pittsburg_Semino_345_kV_FTLO_Canadian_Riv,SEMINOLE SEMINOLE A (LN/OKGE/CSWS),PITTSBURG-CANADIAN RIVER 345,20:30,-2.36,
12/24/2024,29254.0,438951.0,TMP781_Pittsburg_Semino_345_kV_FTLO_Canadian_Riv,SEMINOLE SEMINOLE A (LN/OKGE/CSWS),PITTSBURG-CANADIAN RIVER 345,20:35,-1.9,
12/24/2024,29254.0,438951.0,TMP781_Pittsburg_Semino_345_kV_FTLO_Canadian_Riv,SEMINOLE SEMINOLE A (LN/OKGE/CSWS),PITTSBURG-CANADIAN RIVER 345,20:40,-2.6,
12/24/2024,29254.0,438951.0,TMP781_Pittsburg_Semino_345_kV_FTLO_Canadian_Riv,SEMINOLE SEMINOLE A (LN/OKGE/CSWS),PITTSBURG-CANADIAN RIVER 345,20:45,-2.6,
12/24/2024,29254.0,438951.0,TMP781_Pittsburg_Semino_345_kV_FTLO_Canadian_Riv,SEMINOLE SEMINOLE A (LN/OKGE/CSWS),PITTSBURG-CANADIAN RIVER 345,20:50,-2.0,
12/24/2024,29254.0,438951.0,TMP781_Pittsburg_Semino_345_kV_FTLO_Canadian_Riv,SEMINOLE SEMINOLE A (LN/OKGE/CSWS),PITTSBURG-CANADIAN RIVER 345,20:55,-2.15,
12/24/2024,29254.0,438951.0,TMP781_Pittsburg_Semino_345_kV_FTLO_Canadian_Riv,SEMINOLE SEMINOLE A (LN/OKGE/CSWS),PITTSBURG-CANADIAN RIVER 345,21:00,-2.15,
12/24/2024,29254.0,438951.0,TMP781_Pittsburg_Semino_345_kV_FTLO_Canadian_Riv,SEMINOLE SEMINOLE A (LN/OKGE/CSWS),PITTSBURG-CANADIAN RIVER 345,21:05,-2.3000000000000003,
12/24/2024,29254.0,438951.0,TMP781_Pittsburg_Semino_345_kV_FTLO_Canadian_Riv,SEMINOLE SEMINOLE A (LN/OKGE/CSWS),PITTSBURG-CANADIAN RIVER 345,21:10,-3.3,
12/24/2024,29254.0,438951.0,TMP781_Pittsburg_Semino_345_kV_FTLO_Canadian_Riv,SEMINOLE SEMINOLE A (LN/OKGE/CSWS),PITTSBURG-CANADIAN RIVER 345,21:15,-2.5,
12/24/2024,29254.0,438951.0,TMP781_Pittsburg_Semino_345_kV_FTLO_Canadian_Riv,SEMINOLE SEMINOLE A (LN/OKGE/CSWS),PITTSBURG-CANADIAN RIVER 345,21:20,-15.7,
12/24/2024,29254.0,438951.0,TMP781_Pittsburg_Semino_345_kV_FTLO_Canadian_Riv,SEMINOLE SEMINOLE A (LN/OKGE/CSWS),PITTSBURG-CANADIAN RIVER 345,21:25,-10.65,
12/24/2024,29254.0,438951.0,TMP781_Pittsburg_Semino_345_kV_FTLO_Canadian_Riv,SEMINOLE SEMINOLE A (LN/OKGE/CSWS),PITTSBURG-CANADIAN RIVER 345,21:30,-5.4,
12/24/2024,29254.0,438951.0,TMP781_Pittsburg_Semino_345_kV_FTLO_Canadian_Riv,SEMINOLE SEMINOLE A (LN/OKGE/CSWS),PITTSBURG-CANADIAN RIVER 345,21:35,-5.37,
12/24/2024,29254.0,438951.0,TMP781_Pittsburg_Semino_345_kV_FTLO_Canadian_Riv,SEMINOLE SEMINOLE A (LN/OKGE/CSWS),PITTSBURG-CANADIAN RIVER 345,21:45,-3.07,
12/24/2024,29254.0,438951.0,TMP781_Pittsburg_Semino_345_kV_FTLO_Canadian_Riv,SEMINOLE SEMINOLE A (LN/OKGE/CSWS),PITTSBURG-CANADIAN RIVER 345,21:50,-5.07,
12/24/2024,29254.0,438951.0,TMP781_Pittsburg_Semino_345_kV_FTLO_Canadian_Riv,SEMINOLE SEMINOLE A (LN/OKGE/CSWS),PITTSBURG-CANADIAN RIVER 345,21:55,-41.9,
12/24/2024,29254.0,438951.0,TMP781_Pittsburg_Semino_345_kV_FTLO_Canadian_Riv,SEMINOLE SEMINOLE A (LN/OKGE/CSWS),PITTSBURG-CANADIAN RIVER 345,22:00,-17.05,
12/24/2024,29254.0,438951.0,TMP781_Pittsburg_Semino_345_kV_FTLO_Canadian_Riv,SEMINOLE SEMINOLE A (LN/OKGE/CSWS),PITTSBURG-CANADIAN RIVER 345,22:05,-8.27,
12/24/2024,29254.0,438951.0,TMP781_Pittsburg_Semino_345_kV_FTLO_Canadian_Riv,SEMINOLE SEMINOLE A (LN/OKGE/CSWS),PITTSBURG-CANADIAN RIVER 345,22:10,-8.2,
12/24/2024,29254.0,438951.0,TMP781_Pittsburg_Semino_345_kV_FTLO_Canadian_Riv,SEMINOLE SEMINOLE A (LN/OKGE/CSWS),PITTSBURG-CANADIAN RIVER 345,22:15,-16.07,
12/24/2024,29254.0,438951.0,TMP781_Pittsburg_Semino_345_kV_FTLO_Canadian_Riv,SEMINOLE SEMINOLE A (LN/OKGE/CSWS),PITTSBURG-CANADIAN RIVER 345,22:20,-37.58,
12/24/2024,29254.0,438951.0,TMP781_Pittsburg_Semino_345_kV_FTLO_Canadian_Riv,SEMINOLE SEMINOLE A (LN/OKGE/CSWS),PITTSBURG-CANADIAN RIVER 345,22:25,-3.2,
12/24/2024,29254.0,438951.0,TMP781_Pittsburg_Semino_345_kV_FTLO_Canadian_Riv,SEMINOLE SEMINOLE A (LN/OKGE/CSWS),PITTSBURG-CANADIAN RIVER 345,22:30,-1.69,
12/24/2024,29254.0,438951.0,TMP781_Pittsburg_Semino_345_kV_FTLO_Canadian_Riv,SEMINOLE SEMINOLE A (LN/OKGE/CSWS),PITTSBURG-CANADIAN RIVER 345,22:35,-1.99,
12/24/2024,29254.0,438951.0,TMP781_Pittsburg_Semino_345_kV_FTLO_Canadian_Riv,SEMINOLE SEMINOLE A (LN/OKGE/CSWS),PITTSBURG-CANADIAN RIVER 345,22:40,-1.4,
12/24/2024,29254.0,438951.0,TMP781_Pittsburg_Semino_345_kV_FTLO_Canadian_Riv,SEMINOLE SEMINOLE A (LN/OKGE/CSWS),PITTSBURG-CANADIAN RIVER 345,22:45,-1.88,
12/24/2024,29254.0,438951.0,TMP781_Pittsburg_Semino_345_kV_FTLO_Canadian_Riv,SEMINOLE SEMINOLE A (LN/OKGE/CSWS),PITTSBURG-CANADIAN RIVER 345,22:50,-2.86,
12/24/2024,29254.0,438951.0,TMP781_Pittsburg_Semino_345_kV_FTLO_Canadian_Riv,SEMINOLE SEMINOLE A (LN/OKGE/CSWS),PITTSBURG-CANADIAN RIVER 345,22:55,-16.95,
12/24/2024,29254.0,438951.0,TMP781_Pittsburg_Semino_345_kV_FTLO_Canadian_Riv,SEMINOLE SEMINOLE A (LN/OKGE/CSWS),PITTSBURG-CANADIAN RIVER 345,23:00,-5.28,
12/24/2024,29254.0,438951.0,TMP781_Pittsburg_Semino_345_kV_FTLO_Canadian_Riv,SEMINOLE SEMINOLE A (LN/OKGE/CSWS),PITTSBURG-CANADIAN RIVER 345,23:05,-4.16,
12/24/2024,29254.0,438951.0,TMP781_Pittsburg_Semino_345_kV_FTLO_Canadian_Riv,SEMINOLE SEMINOLE A (LN/OKGE/CSWS),PITTSBURG-CANADIAN RIVER 345,23:10,-4.6000000000000005,
12/24/2024,29254.0,438951.0,TMP781_Pittsburg_Semino_345_kV_FTLO_Canadian_Riv,SEMINOLE SEMINOLE A (LN/OKGE/CSWS),PITTSBURG-CANADIAN RIVER 345,23:15,-12.19,
12/24/2024,29254.0,438951.0,TMP781_Pittsburg_Semino_345_kV_FTLO_Canadian_Riv,SEMINOLE SEMINOLE A (LN/OKGE/CSWS),PITTSBURG-CANADIAN RIVER 345,23:20,-3.1,
12/24/2024,29254.0,438951.0,TMP781_Pittsburg_Semino_345_kV_FTLO_Canadian_Riv,SEMINOLE SEMINOLE A (LN/OKGE/CSWS),PITTSBURG-CANADIAN RIVER 345,23:25,-3.65,
12/24/2024,29254.0,438951.0,TMP781_Pittsburg_Semino_345_kV_FTLO_Canadian_Riv,SEMINOLE SEMINOLE A (LN/OKGE/CSWS),PITTSBURG-CANADIAN RIVER 345,23:30,-4.3500000000000005,
12/24/2024,29254.0,438951.0,TMP781_Pittsburg_Semino_345_kV_FTLO_Canadian_Riv,SEMINOLE SEMINOLE A (LN/OKGE/CSWS),PITTSBURG-CANADIAN RIVER 345,23:35,-14.27,
12/24/2024,29254.0,438951.0,TMP781_Pittsburg_Semino_345_kV_FTLO_Canadian_Riv,SEMINOLE SEMINOLE A (LN/OKGE/CSWS),PITTSBURG-CANADIAN RIVER 345,23:40,-36.300000000000004,
12/24/2024,29254.0,438951.0,TMP781_Pittsburg_Semino_345_kV_FTLO_Canadian_Riv,SEMINOLE SEMINOLE A (LN/OKGE/CSWS),PITTSBURG-CANADIAN RIVER 345,23:45,-4.7700000000000005,
12/24/2024,29254.0,438951.0,TMP781_Pittsburg_Semino_345_kV_FTLO_Canadian_Riv,SEMINOLE SEMINOLE A (LN/OKGE/CSWS),PITTSBURG-CANADIAN RIVER 345,23:50,-1.6,
12/25/2024,29015.0,3443.0,Duneare_Michigan_City_13839_138kv_flo_Wilton_Cen,DUNEACRE 13839 A (LN/NIPS/NIPS),WILTON CENTER-DUMONT 765 (11215),00:00,-7.5,
12/25/2024,29254.0,438951.0,TMP781_Pittsburg_Semino_345_kV_FTLO_Canadian_Riv,SEMINOLE SEMINOLE A (LN/OKGE/CSWS),PITTSBURG-CANADIAN RIVER 345,00:00,-1.66,
12/25/2024,29254.0,438951.0,TMP781_Pittsburg_Semino_345_kV_FTLO_Canadian_Riv,SEMINOLE SEMINOLE A (LN/OKGE/CSWS),PITTSBURG-CANADIAN RIVER 345,00:05,-1.06,
12/25/2024,29254.0,438951.0,TMP781_Pittsburg_Semino_345_kV_FTLO_Canadian_Riv,SEMINOLE SEMINOLE A (LN/OKGE/CSWS),PITTSBURG-CANADIAN RIVER 345,00:10,-1.4,
12/25/2024,29254.0,438951.0,TMP781_Pittsburg_Semino_345_kV_FTLO_Canadian_Riv,SEMINOLE SEMINOLE A (LN/OKGE/CSWS),PITTSBURG-CANADIAN RIVER 345,00:15,-11.57,
12/25/2024,29254.0,438951.0,TMP781_Pittsburg_Semino_345_kV_FTLO_Canadian_Riv,SEMINOLE SEMINOLE A (LN/OKGE/CSWS),PITTSBURG-CANADIAN RIVER 345,00:20,-3.75,
12/25/2024,29254.0,438951.0,TMP781_Pittsburg_Semino_345_kV_FTLO_Canadian_Riv,SEMINOLE SEMINOLE A (LN/OKGE/CSWS),PITTSBURG-CANADIAN RIVER 345,00:25,-3.1,
12/25/2024,29254.0,438951.0,TMP781_Pittsburg_Semino_345_kV_FTLO_Canadian_Riv,SEMINOLE SEMINOLE A (LN/OKGE/CSWS),PITTSBURG-CANADIAN RIVER 345,00:40,-1.3,
12/25/2024,29254.0,438951.0,TMP781_Pittsburg_Semino_345_kV_FTLO_Canadian_Riv,SEMINOLE SEMINOLE A (LN/OKGE/CSWS),PITTSBURG-CANADIAN RIVER 345,00:45,-1.3,
12/25/2024,29254.0,438951.0,TMP781_Pittsburg_Semino_345_kV_FTLO_Canadian_Riv,SEMINOLE SEMINOLE A (LN/OKGE/CSWS),PITTSBURG-CANADIAN RIVER 345,00:50,-1.9,
12/25/2024,29254.0,438951.0,TMP781_Pittsburg_Semino_345_kV_FTLO_Canadian_Riv,SEMINOLE SEMINOLE A (LN/OKGE/CSWS),PITTSBURG-CANADIAN RIVER 345,00:55,-1.47,
12/25/2024,29254.0,438951.0,TMP781_Pittsburg_Semino_345_kV_FTLO_Canadian_Riv,SEMINOLE SEMINOLE A (LN/OKGE/CSWS),PITTSBURG-CANADIAN RIVER 345,01:00,-1.5,
12/25/2024,29254.0,438951.0,TMP781_Pittsburg_Semino_345_kV_FTLO_Canadian_Riv,SEMINOLE SEMINOLE A (LN/OKGE/CSWS),PITTSBURG-CANADIAN RIVER 345,01:05,-4.3,
12/25/2024,29254.0,438951.0,TMP781_Pittsburg_Semino_345_kV_FTLO_Canadian_Riv,SEMINOLE SEMINOLE A (LN/OKGE/CSWS),PITTSBURG-CANADIAN RIVER 345,01:10,-4.3,
12/25/2024,29254.0,438951.0,TMP781_Pittsburg_Semino_345_kV_FTLO_Canadian_Riv,SEMINOLE SEMINOLE A (LN/OKGE/CSWS),PITTSBURG-CANADIAN RIVER 345,01:15,-3.7,
12/25/2024,29254.0,438951.0,TMP781_Pittsburg_Semino_345_kV_FTLO_Canadian_Riv,SEMINOLE SEMINOLE A (LN/OKGE/CSWS),PITTSBURG-CANADIAN RIVER 345,01:20,-3.9,
12/25/2024,29254.0,438951.0,TMP781_Pittsburg_Semino_345_kV_FTLO_Canadian_Riv,SEMINOLE SEMINOLE A (LN/OKGE/CSWS),PITTSBURG-CANADIAN RIVER 345,01:25,-3.57,
12/25/2024,29254.0,438951.0,TMP781_Pittsburg_Semino_345_kV_FTLO_Canadian_Riv,SEMINOLE SEMINOLE A (LN/OKGE/CSWS),PITTSBURG-CANADIAN RIVER 345,01:30,-3.3,
12/25/2024,29254.0,438951.0,TMP781_Pittsburg_Semino_345_kV_FTLO_Canadian_Riv,SEMINOLE SEMINOLE A (LN/OKGE/CSWS),PITTSBURG-CANADIAN RIVER 345,01:35,-3.36,
12/25/2024,29254.0,438951.0,TMP781_Pittsburg_Semino_345_kV_FTLO_Canadian_Riv,SEMINOLE SEMINOLE A (LN/OKGE/CSWS),PITTSBURG-CANADIAN RIVER 345,01:40,-3.35,
12/25/2024,29254.0,438951.0,TMP781_Pittsburg_Semino_345_kV_FTLO_Canadian_Riv,SEMINOLE SEMINOLE A (LN/OKGE/CSWS),PITTSBURG-CANADIAN RIVER 345,01:45,-3.56,
12/25/2024,29254.0,438951.0,TMP781_Pittsburg_Semino_345_kV_FTLO_Canadian_Riv,SEMINOLE SEMINOLE A (LN/OKGE/CSWS),PITTSBURG-CANADIAN RIVER 345,01:50,-3.5,
12/25/2024,29254.0,438951.0,TMP781_Pittsburg_Semino_345_kV_FTLO_Canadian_Riv,SEMINOLE SEMINOLE A (LN/OKGE/CSWS),PITTSBURG-CANADIAN RIVER 345,01:55,-13.6,
12/25/2024,29254.0,438951.0,TMP781_Pittsburg_Semino_345_kV_FTLO_Canadian_Riv,SEMINOLE SEMINOLE A (LN/OKGE/CSWS),PITTSBURG-CANADIAN RIVER 345,02:00,-24.08,
12/25/2024,29254.0,438951.0,TMP781_Pittsburg_Semino_345_kV_FTLO_Canadian_Riv,SEMINOLE SEMINOLE A (LN/OKGE/CSWS),PITTSBURG-CANADIAN RIVER 345,02:05,-49.4,
12/25/2024,29254.0,438951.0,TMP781_Pittsburg_Semino_345_kV_FTLO_Canadian_Riv,SEMINOLE SEMINOLE A (LN/OKGE/CSWS),PITTSBURG-CANADIAN RIVER 345,02:10,-131.4,
12/25/2024,29254.0,438951.0,TMP781_Pittsburg_Semino_345_kV_FTLO_Canadian_Riv,SEMINOLE SEMINOLE A (LN/OKGE/CSWS),PITTSBURG-CANADIAN RIVER 345,02:15,-131.4,
12/25/2024,29254.0,438951.0,TMP781_Pittsburg_Semino_345_kV_FTLO_Canadian_Riv,SEMINOLE SEMINOLE A (LN/OKGE/CSWS),PITTSBURG-CANADIAN RIVER 345,02:20,-196.79,
12/25/2024,29254.0,438951.0,TMP781_Pittsburg_Semino_345_kV_FTLO_Canadian_Riv,SEMINOLE SEMINOLE A (LN/OKGE/CSWS),PITTSBURG-CANADIAN RIVER 345,02:25,-26.3,
12/25/2024,29254.0,438951.0,TMP781_Pittsburg_Semino_345_kV_FTLO_Canadian_Riv,SEMINOLE SEMINOLE A (LN/OKGE/CSWS),PITTSBURG-CANADIAN RIVER 345,02:30,-22.05,
12/25/2024,29254.0,438951.0,TMP781_Pittsburg_Semino_345_kV_FTLO_Canadian_Riv,SEMINOLE SEMINOLE A (LN/OKGE/CSWS),PITTSBURG-CANADIAN RIVER 345,02:35,-5.1000000000000005,
12/25/2024,29254.0,438951.0,TMP781_Pittsburg_Semino_345_kV_FTLO_Canadian_Riv,SEMINOLE SEMINOLE A (LN/OKGE/CSWS),PITTSBURG-CANADIAN RIVER 345,02:45,-1.8,
12/25/2024,29254.0,438951.0,TMP781_Pittsburg_Semino_345_kV_FTLO_Canadian_Riv,SEMINOLE SEMINOLE A (LN/OKGE/CSWS),PITTSBURG-CANADIAN RIVER 345,02:50,-1.4,
12/25/2024,29254.0,438951.0,TMP781_Pittsburg_Semino_345_kV_FTLO_Canadian_Riv,SEMINOLE SEMINOLE A (LN/OKGE/CSWS),PITTSBURG-CANADIAN RIVER 345,02:55,-1.16,
12/25/2024,29254.0,438951.0,TMP781_Pittsburg_Semino_345_kV_FTLO_Canadian_Riv,SEMINOLE SEMINOLE A (LN/OKGE/CSWS),PITTSBURG-CANADIAN RIVER 345,03:05,-2.39,
12/25/2024,29254.0,438951.0,TMP781_Pittsburg_Semino_345_kV_FTLO_Canadian_Riv,SEMINOLE SEMINOLE A (LN/OKGE/CSWS),PITTSBURG-CANADIAN RIVER 345,03:10,-3.5,
12/25/2024,29254.0,438951.0,TMP781_Pittsburg_Semino_345_kV_FTLO_Canadian_Riv,SEMINOLE SEMINOLE A (LN/OKGE/CSWS),PITTSBURG-CANADIAN RIVER 345,03:15,-2.6,
12/25/2024,29254.0,438951.0,TMP781_Pittsburg_Semino_345_kV_FTLO_Canadian_Riv,SEMINOLE SEMINOLE A (LN/OKGE/CSWS),PITTSBURG-CANADIAN RIVER 345,03:20,-2.16,
12/25/2024,29254.0,438951.0,TMP781_Pittsburg_Semino_345_kV_FTLO_Canadian_Riv,SEMINOLE SEMINOLE A (LN/OKGE/CSWS),PITTSBURG-CANADIAN RIVER 345,03:25,-3.4,
12/25/2024,29254.0,438951.0,TMP781_Pittsburg_Semino_345_kV_FTLO_Canadian_Riv,SEMINOLE SEMINOLE A (LN/OKGE/CSWS),PITTSBURG-CANADIAN RIVER 345,03:30,-2.9,
12/25/2024,29254.0,438951.0,TMP781_Pittsburg_Semino_345_kV_FTLO_Canadian_Riv,SEMINOLE SEMINOLE A (LN/OKGE/CSWS),PITTSBURG-CANADIAN RIVER 345,03:35,-3.49,
12/25/2024,29254.0,438951.0,TMP781_Pittsburg_Semino_345_kV_FTLO_Canadian_Riv,SEMINOLE SEMINOLE A (LN/OKGE/CSWS),PITTSBURG-CANADIAN RIVER 345,03:40,-3.27,
12/25/2024,29254.0,438951.0,TMP781_Pittsburg_Semino_345_kV_FTLO_Canadian_Riv,SEMINOLE SEMINOLE A (LN/OKGE/CSWS),PITTSBURG-CANADIAN RIVER 345,03:45,-3.25,
12/25/2024,29254.0,438951.0,TMP781_Pittsburg_Semino_345_kV_FTLO_Canadian_Riv,SEMINOLE SEMINOLE A (LN/OKGE/CSWS),PITTSBURG-CANADIAN RIVER 345,03:50,-3.45,
12/25/2024,29254.0,438951.0,TMP781_Pittsburg_Semino_345_kV_FTLO_Canadian_Riv,SEMINOLE SEMINOLE A (LN/OKGE/CSWS),PITTSBURG-CANADIAN RIVER 345,03:55,-10.57,
12/25/2024,29254.0,438951.0,TMP781_Pittsburg_Semino_345_kV_FTLO_Canadian_Riv,SEMINOLE SEMINOLE A (LN/OKGE/CSWS),PITTSBURG-CANADIAN RIVER 345,04:00,-3.6,
12/25/2024,29254.0,438951.0,TMP781_Pittsburg_Semino_345_kV_FTLO_Canadian_Riv,SEMINOLE SEMINOLE A (LN/OKGE/CSWS),PITTSBURG-CANADIAN RIVER 345,04:05,-3.65,
12/25/2024,29254.0,438951.0,TMP781_Pittsburg_Semino_345_kV_FTLO_Canadian_Riv,SEMINOLE SEMINOLE A (LN/OKGE/CSWS),PITTSBURG-CANADIAN RIVER 345,04:10,-3.65,
12/25/2024,29254.0,438951.0,TMP781_Pittsburg_Semino_345_kV_FTLO_Canadian_Riv,SEMINOLE SEMINOLE A (LN/OKGE/CSWS),PITTSBURG-CANADIAN RIVER 345,04:15,-8.8,
12/25/2024,29254.0,438951.0,TMP781_Pittsburg_Semino_345_kV_FTLO_Canadian_Riv,SEMINOLE SEMINOLE A (LN/OKGE/CSWS),PITTSBURG-CANADIAN RIVER 345,04:20,-4.59,
12/25/2024,29254.0,438951.0,TMP781_Pittsburg_Semino_345_kV_FTLO_Canadian_Riv,SEMINOLE SEMINOLE A (LN/OKGE/CSWS),PITTSBURG-CANADIAN RIVER 345,04:25,-4.1,
12/25/2024,29254.0,438951.0,TMP781_Pittsburg_Semino_345_kV_FTLO_Canadian_Riv,SEMINOLE SEMINOLE A (LN/OKGE/CSWS),PITTSBURG-CANADIAN RIVER 345,04:30,-3.95,
12/25/2024,29254.0,438951.0,TMP781_Pittsburg_Semino_345_kV_FTLO_Canadian_Riv,SEMINOLE SEMINOLE A (LN/OKGE/CSWS),PITTSBURG-CANADIAN RIVER 345,04:35,-3.7,
12/25/2024,29254.0,438951.0,TMP781_Pittsburg_Semino_345_kV_FTLO_Canadian_Riv,SEMINOLE SEMINOLE A (LN/OKGE/CSWS),PITTSBURG-CANADIAN RIVER 345,04:55,-0.1,
12/25/2024,29254.0,438951.0,TMP781_Pittsburg_Semino_345_kV_FTLO_Canadian_Riv,SEMINOLE SEMINOLE A (LN/OKGE/CSWS),PITTSBURG-CANADIAN RIVER 345,05:20,-0.1,
12/25/2024,29254.0,438951.0,TMP781_Pittsburg_Semino_345_kV_FTLO_Canadian_Riv,SEMINOLE SEMINOLE A (LN/OKGE/CSWS),PITTSBURG-CANADIAN RIVER 345,05:30,-0.1,
12/25/2024,29254.0,438951.0,TMP781_Pittsburg_Semino_345_kV_FTLO_Canadian_Riv,SEMINOLE SEMINOLE A (LN/OKGE/CSWS),PITTSBURG-CANADIAN RIVER 345,05:35,-0.2,
12/25/2024,29254.0,438951.0,TMP781_Pittsburg_Semino_345_kV_FTLO_Canadian_Riv,SEMINOLE SEMINOLE A (LN/OKGE/CSWS),PITTSBURG-CANADIAN RIVER 345,05:40,-0.5,
12/25/2024,29254.0,438951.0,TMP781_Pittsburg_Semino_345_kV_FTLO_Canadian_Riv,SEMINOLE SEMINOLE A (LN/OKGE/CSWS),PITTSBURG-CANADIAN RIVER 345,05:45,-2.1,
12/25/2024,29254.0,438951.0,TMP781_Pittsburg_Semino_345_kV_FTLO_Canadian_Riv,SEMINOLE SEMINOLE A (LN/OKGE/CSWS),PITTSBURG-CANADIAN RIVER 345,05:50,-1.59,
12/25/2024,29254.0,438951.0,TMP781_Pittsburg_Semino_345_kV_FTLO_Canadian_Riv,SEMINOLE SEMINOLE A (LN/OKGE/CSWS),PITTSBURG-CANADIAN RIVER 345,05:55,-1.5,
12/25/2024,29015.0,3443.0,Duneare_Michigan_City_13839_138kv_flo_Wilton_Cen,DUNEACRE 13839 A (LN/NIPS/NIPS),WILTON CENTER-DUMONT 765 (11215),06:00,-178.9,
12/25/2024,29254.0,438951.0,TMP781_Pittsburg_Semino_345_kV_FTLO_Canadian_Riv,SEMINOLE SEMINOLE A (LN/OKGE/CSWS),PITTSBURG-CANADIAN RIVER 345,06:00,-1.85,
12/25/2024,29015.0,3443.0,Duneare_Michigan_City_13839_138kv_flo_Wilton_Cen,DUNEACRE 13839 A (LN/NIPS/NIPS),WILTON CENTER-DUMONT 765 (11215),06:05,-178.9,
12/25/2024,29254.0,438951.0,TMP781_Pittsburg_Semino_345_kV_FTLO_Canadian_Riv,SEMINOLE SEMINOLE A (LN/OKGE/CSWS),PITTSBURG-CANADIAN RIVER 345,06:05,-8.28,
12/25/2024,29015.0,3443.0,Duneare_Michigan_City_13839_138kv_flo_Wilton_Cen,DUNEACRE 13839 A (LN/NIPS/NIPS),WILTON CENTER-DUMONT 765 (11215),06:10,-72.4,
12/25/2024,29254.0,438951.0,TMP781_Pittsburg_Semino_345_kV_FTLO_Canadian_Riv,SEMINOLE SEMINOLE A (LN/OKGE/CSWS),PITTSBURG-CANADIAN RIVER 345,06:10,-8.28,
12/25/2024,29254.0,438951.0,TMP781_Pittsburg_Semino_345_kV_FTLO_Canadian_Riv,SEMINOLE SEMINOLE A (LN/OKGE/CSWS),PITTSBURG-CANADIAN RIVER 345,06:15,-9.38,
12/25/2024,29254.0,438951.0,TMP781_Pittsburg_Semino_345_kV_FTLO_Canadian_Riv,SEMINOLE SEMINOLE A (LN/OKGE/CSWS),PITTSBURG-CANADIAN RIVER 345,06:20,-2.36,
12/25/2024,29254.0,438951.0,TMP781_Pittsburg_Semino_345_kV_FTLO_Canadian_Riv,SEMINOLE SEMINOLE A (LN/OKGE/CSWS),PITTSBURG-CANADIAN RIVER 345,06:25,-2.4,
12/25/2024,29254.0,438951.0,TMP781_Pittsburg_Semino_345_kV_FTLO_Canadian_Riv,SEMINOLE SEMINOLE A (LN/OKGE/CSWS),PITTSBURG-CANADIAN RIVER 345,06:30,-2.19,
12/25/2024,29254.0,438951.0,TMP781_Pittsburg_Semino_345_kV_FTLO_Canadian_Riv,SEMINOLE SEMINOLE A (LN/OKGE/CSWS),PITTSBURG-CANADIAN RIVER 345,06:35,-2.4,
12/25/2024,29254.0,438951.0,TMP781_Pittsburg_Semino_345_kV_FTLO_Canadian_Riv,SEMINOLE SEMINOLE A (LN/OKGE/CSWS),PITTSBURG-CANADIAN RIVER 345,06:40,-2.29,
12/25/2024,29254.0,438951.0,TMP781_Pittsburg_Semino_345_kV_FTLO_Canadian_Riv,SEMINOLE SEMINOLE A (LN/OKGE/CSWS),PITTSBURG-CANADIAN RIVER 345,06:45,-2.68,
12/25/2024,29254.0,438951.0,TMP781_Pittsburg_Semino_345_kV_FTLO_Canadian_Riv,SEMINOLE SEMINOLE A (LN/OKGE/CSWS),PITTSBURG-CANADIAN RIVER 345,06:50,-4.4,
12/25/2024,29015.0,3443.0,Duneare_Michigan_City_13839_138kv_flo_Wilton_Cen,DUNEACRE 13839 A (LN/NIPS/NIPS),WILTON CENTER-DUMONT 765 (11215),06:55,-59.28,
12/25/2024,29254.0,438951.0,TMP781_Pittsburg_Semino_345_kV_FTLO_Canadian_Riv,SEMINOLE SEMINOLE A (LN/OKGE/CSWS),PITTSBURG-CANADIAN RIVER 345,06:55,-2.3000000000000003,
12/25/2024,29015.0,3443.0,Duneare_Michigan_City_13839_138kv_flo_Wilton_Cen,DUNEACRE 13839 A (LN/NIPS/NIPS),WILTON CENTER-DUMONT 765 (11215),07:00,-85.2,
12/25/2024,29254.0,438951.0,TMP781_Pittsburg_Semino_345_kV_FTLO_Canadian_Riv,SEMINOLE SEMINOLE A (LN/OKGE/CSWS),PITTSBURG-CANADIAN RIVER 345,07:00,-2.58,
12/25/2024,29254.0,438951.0,TMP781_Pittsburg_Semino_345_kV_FTLO_Canadian_Riv,SEMINOLE SEMINOLE A (LN/OKGE/CSWS),PITTSBURG-CANADIAN RIVER 345,07:05,-1.77,
12/25/2024,29015.0,3443.0,Duneare_Michigan_City_13839_138kv_flo_Wilton_Cen,DUNEACRE 13839 A (LN/NIPS/NIPS),WILTON CENTER-DUMONT 765 (11215),07:30,-159.6,
12/25/2024,29254.0,438951.0,TMP781_Pittsburg_Semino_345_kV_FTLO_Canadian_Riv,SEMINOLE SEMINOLE A (LN/OKGE/CSWS),PITTSBURG-CANADIAN RIVER 345,07:30,-0.8,
12/25/2024,29015.0,3443.0,Duneare_Michigan_City_13839_138kv_flo_Wilton_Cen,DUNEACRE 13839 A (LN/NIPS/NIPS),WILTON CENTER-DUMONT 765 (11215),07:35,-106.5,
12/25/2024,29254.0,438951.0,TMP781_Pittsburg_Semino_345_kV_FTLO_Canadian_Riv,SEMINOLE SEMINOLE A (LN/OKGE/CSWS),PITTSBURG-CANADIAN RIVER 345,07:35,-0.8,
12/25/2024,29015.0,3443.0,Duneare_Michigan_City_13839_138kv_flo_Wilton_Cen,DUNEACRE 13839 A (LN/NIPS/NIPS),WILTON CENTER-DUMONT 765 (11215),07:40,-106.5,
12/25/2024,29015.0,3443.0,Duneare_Michigan_City_13839_138kv_flo_Wilton_Cen,DUNEACRE 13839 A (LN/NIPS/NIPS),WILTON CENTER-DUMONT 765 (11215),07:45,-136.6,
12/25/2024,29254.0,438951.0,TMP781_Pittsburg_Semino_345_kV_FTLO_Canadian_Riv,SEMINOLE SEMINOLE A (LN/OKGE/CSWS),PITTSBURG-CANADIAN RIVER 345,07:45,-0.2,
12/25/2024,29015.0,3443.0,Duneare_Michigan_City_13839_138kv_flo_Wilton_Cen,DUNEACRE 13839 A (LN/NIPS/NIPS),WILTON CENTER-DUMONT 765 (11215),07:50,-174.0,
12/25/2024,29254.0,438951.0,TMP781_Pittsburg_Semino_345_kV_FTLO_Canadian_Riv,SEMINOLE SEMINOLE A (LN/OKGE/CSWS),PITTSBURG-CANADIAN RIVER 345,07:50,-9.97,
12/25/2024,29015.0,3443.0,Duneare_Michigan_City_13839_138kv_flo_Wilton_Cen,DUNEACRE 13839 A (LN/NIPS/NIPS),WILTON CENTER-DUMONT 765 (11215),07:55,-174.0,
12/25/2024,29254.0,438951.0,TMP781_Pittsburg_Semino_345_kV_FTLO_Canadian_Riv,SEMINOLE SEMINOLE A (LN/OKGE/CSWS),PITTSBURG-CANADIAN RIVER 345,07:55,-9.15,
12/25/2024,29254.0,438951.0,TMP781_Pittsburg_Semino_345_kV_FTLO_Canadian_Riv,SEMINOLE SEMINOLE A (LN/OKGE/CSWS),PITTSBURG-CANADIAN RIVER 345,08:00,-9.15,
12/25/2024,29015.0,3443.0,Duneare_Michigan_City_13839_138kv_flo_Wilton_Cen,DUNEACRE 13839 A (LN/NIPS/NIPS),WILTON CENTER-DUMONT 765 (11215),08:05,-6.93,
12/25/2024,29254.0,438951.0,TMP781_Pittsburg_Semino_345_kV_FTLO_Canadian_Riv,SEMINOLE SEMINOLE A (LN/OKGE/CSWS),PITTSBURG-CANADIAN RIVER 345,08:05,-8.98,
12/25/2024,29015.0,3443.0,Duneare_Michigan_City_13839_138kv_flo_Wilton_Cen,DUNEACRE 13839 A (LN/NIPS/NIPS),WILTON CENTER-DUMONT 765 (11215),08:10,-16.4,
12/25/2024,29254.0,438951.0,TMP781_Pittsburg_Semino_345_kV_FTLO_Canadian_Riv,SEMINOLE SEMINOLE A (LN/OKGE/CSWS),PITTSBURG-CANADIAN RIVER 345,08:10,-3.4,
12/25/2024,29254.0,438951.0,TMP781_Pittsburg_Semino_345_kV_FTLO_Canadian_Riv,SEMINOLE SEMINOLE A (LN/OKGE/CSWS),PITTSBURG-CANADIAN RIVER 345,08:15,-5.25,
12/25/2024,29015.0,3443.0,Duneare_Michigan_City_13839_138kv_flo_Wilton_Cen,DUNEACRE 13839 A (LN/NIPS/NIPS),WILTON CENTER-DUMONT 765 (11215),08:20,-237.5,
12/25/2024,29254.0,438951.0,TMP781_Pittsburg_Semino_345_kV_FTLO_Canadian_Riv,SEMINOLE SEMINOLE A (LN/OKGE/CSWS),PITTSBURG-CANADIAN RIVER 345,08:20,-4.16,
12/25/2024,29015.0,3443.0,Duneare_Michigan_City_13839_138kv_flo_Wilton_Cen,DUNEACRE 13839 A (LN/NIPS/NIPS),WILTON CENTER-DUMONT 765 (11215),08:25,-49.9,
12/25/2024,29254.0,438951.0,TMP781_Pittsburg_Semino_345_kV_FTLO_Canadian_Riv,SEMINOLE SEMINOLE A (LN/OKGE/CSWS),PITTSBURG-CANADIAN RIVER 345,08:25,-4.37,
12/25/2024,29015.0,3443.0,Duneare_Michigan_City_13839_138kv_flo_Wilton_Cen,DUNEACRE 13839 A (LN/NIPS/NIPS),WILTON CENTER-DUMONT 765 (11215),08:30,-49.9,
12/25/2024,29254.0,438951.0,TMP781_Pittsburg_Semino_345_kV_FTLO_Canadian_Riv,SEMINOLE SEMINOLE A (LN/OKGE/CSWS),PITTSBURG-CANADIAN RIVER 345,08:30,-4.3,
12/25/2024,29254.0,438951.0,TMP781_Pittsburg_Semino_345_kV_FTLO_Canadian_Riv,SEMINOLE SEMINOLE A (LN/OKGE/CSWS),PITTSBURG-CANADIAN RIVER 345,08:35,-4.49,
12/25/2024,29015.0,3443.0,Duneare_Michigan_City_13839_138kv_flo_Wilton_Cen,DUNEACRE 13839 A (LN/NIPS/NIPS),WILTON CENTER-DUMONT 765 (11215),08:40,-32.97,
12/25/2024,29254.0,438951.0,TMP781_Pittsburg_Semino_345_kV_FTLO_Canadian_Riv,SEMINOLE SEMINOLE A (LN/OKGE/CSWS),PITTSBURG-CANADIAN RIVER 345,08:40,-5.7,
12/25/2024,29015.0,3443.0,Duneare_Michigan_City_13839_138kv_flo_Wilton_Cen,DUNEACRE 13839 A (LN/NIPS/NIPS),WILTON CENTER-DUMONT 765 (11215),08:45,-25.1,
12/25/2024,29254.0,438951.0,TMP781_Pittsburg_Semino_345_kV_FTLO_Canadian_Riv,SEMINOLE SEMINOLE A (LN/OKGE/CSWS),PITTSBURG-CANADIAN RIVER 345,08:45,-4.2,
12/25/2024,29254.0,438951.0,TMP781_Pittsburg_Semino_345_kV_FTLO_Canadian_Riv,SEMINOLE SEMINOLE A (LN/OKGE/CSWS),PITTSBURG-CANADIAN RIVER 345,08:50,-2.35,
12/25/2024,29254.0,438951.0,TMP781_Pittsburg_Semino_345_kV_FTLO_Canadian_Riv,SEMINOLE SEMINOLE A (LN/OKGE/CSWS),PITTSBURG-CANADIAN RIVER 345,08:55,-5.2,
12/25/2024,29254.0,438951.0,TMP781_Pittsburg_Semino_345_kV_FTLO_Canadian_Riv,SEMINOLE SEMINOLE A (LN/OKGE/CSWS),PITTSBURG-CANADIAN RIVER 345,09:00,-5.08,
12/25/2024,29254.0,438951.0,TMP781_Pittsburg_Semino_345_kV_FTLO_Canadian_Riv,SEMINOLE SEMINOLE A (LN/OKGE/CSWS),PITTSBURG-CANADIAN RIVER 345,09:05,-5.26,
12/25/2024,29254.0,438951.0,TMP781_Pittsburg_Semino_345_kV_FTLO_Canadian_Riv,SEMINOLE SEMINOLE A (LN/OKGE/CSWS),PITTSBURG-CANADIAN RIVER 345,09:10,-5.16,
12/25/2024,29254.0,438951.0,TMP781_Pittsburg_Semino_345_kV_FTLO_Canadian_Riv,SEMINOLE SEMINOLE A (LN/OKGE/CSWS),PITTSBURG-CANADIAN RIVER 345,09:15,-5.96,
12/25/2024,29254.0,438951.0,TMP781_Pittsburg_Semino_345_kV_FTLO_Canadian_Riv,SEMINOLE SEMINOLE A (LN/OKGE/CSWS),PITTSBURG-CANADIAN RIVER 345,09:20,-46.38,
12/25/2024,29254.0,438951.0,TMP781_Pittsburg_Semino_345_kV_FTLO_Canadian_Riv,SEMINOLE SEMINOLE A (LN/OKGE/CSWS),PITTSBURG-CANADIAN RIVER 345,09:25,-68.37,
12/25/2024,29254.0,438951.0,TMP781_Pittsburg_Semino_345_kV_FTLO_Canadian_Riv,SEMINOLE SEMINOLE A (LN/OKGE/CSWS),PITTSBURG-CANADIAN RIVER 345,09:30,-29.69,
12/25/2024,29254.0,438951.0,TMP781_Pittsburg_Semino_345_kV_FTLO_Canadian_Riv,SEMINOLE SEMINOLE A (LN/OKGE/CSWS),PITTSBURG-CANADIAN RIVER 345,09:35,-18.900000000000002,
12/25/2024,29254.0,438951.0,TMP781_Pittsburg_Semino_345_kV_FTLO_Canadian_Riv,SEMINOLE SEMINOLE A (LN/OKGE/CSWS),PITTSBURG-CANADIAN RIVER 345,09:40,-9.0,
12/25/2024,29254.0,438951.0,TMP781_Pittsburg_Semino_345_kV_FTLO_Canadian_Riv,SEMINOLE SEMINOLE A (LN/OKGE/CSWS),PITTSBURG-CANADIAN RIVER 345,09:45,-7.8,
12/25/2024,29254.0,438951.0,TMP781_Pittsburg_Semino_345_kV_FTLO_Canadian_Riv,SEMINOLE SEMINOLE A (LN/OKGE/CSWS),PITTSBURG-CANADIAN RIVER 345,09:50,-7.1,
12/25/2024,29254.0,438951.0,TMP781_Pittsburg_Semino_345_kV_FTLO_Canadian_Riv,SEMINOLE SEMINOLE A (LN/OKGE/CSWS),PITTSBURG-CANADIAN RIVER 345,09:55,-6.1,
12/25/2024,29254.0,438951.0,TMP781_Pittsburg_Semino_345_kV_FTLO_Canadian_Riv,SEMINOLE SEMINOLE A (LN/OKGE/CSWS),PITTSBURG-CANADIAN RIVER 345,10:00,-13.3,
12/25/2024,29254.0,438951.0,TMP781_Pittsburg_Semino_345_kV_FTLO_Canadian_Riv,SEMINOLE SEMINOLE A (LN/OKGE/CSWS),PITTSBURG-CANADIAN RIVER 345,10:05,-11.59,
12/25/2024,29254.0,438951.0,TMP781_Pittsburg_Semino_345_kV_FTLO_Canadian_Riv,SEMINOLE SEMINOLE A (LN/OKGE/CSWS),PITTSBURG-CANADIAN RIVER 345,10:10,-29.09,
12/25/2024,29254.0,438951.0,TMP781_Pittsburg_Semino_345_kV_FTLO_Canadian_Riv,SEMINOLE SEMINOLE A (LN/OKGE/CSWS),PITTSBURG-CANADIAN RIVER 345,10:15,-31.1,
12/25/2024,29254.0,438951.0,TMP781_Pittsburg_Semino_345_kV_FTLO_Canadian_Riv,SEMINOLE SEMINOLE A (LN/OKGE/CSWS),PITTSBURG-CANADIAN RIVER 345,10:20,-31.18,
12/25/2024,29254.0,438951.0,TMP781_Pittsburg_Semino_345_kV_FTLO_Canadian_Riv,SEMINOLE SEMINOLE A (LN/OKGE/CSWS),PITTSBURG-CANADIAN RIVER 345,10:25,-33.57,
12/25/2024,29254.0,438951.0,TMP781_Pittsburg_Semino_345_kV_FTLO_Canadian_Riv,SEMINOLE SEMINOLE A (LN/OKGE/CSWS),PITTSBURG-CANADIAN RIVER 345,10:30,-35.2,
12/25/2024,29254.0,438951.0,TMP781_Pittsburg_Semino_345_kV_FTLO_Canadian_Riv,SEMINOLE SEMINOLE A (LN/OKGE/CSWS),PITTSBURG-CANADIAN RIVER 345,10:35,-76.06,
12/25/2024,29254.0,438951.0,TMP781_Pittsburg_Semino_345_kV_FTLO_Canadian_Riv,SEMINOLE SEMINOLE A (LN/OKGE/CSWS),PITTSBURG-CANADIAN RIVER 345,10:40,-80.15,
12/25/2024,29254.0,438951.0,TMP781_Pittsburg_Semino_345_kV_FTLO_Canadian_Riv,SEMINOLE SEMINOLE A (LN/OKGE/CSWS),PITTSBURG-CANADIAN RIVER 345,10:45,-76.7,
12/25/2024,29254.0,438951.0,TMP781_Pittsburg_Semino_345_kV_FTLO_Canadian_Riv,SEMINOLE SEMINOLE A (LN/OKGE/CSWS),PITTSBURG-CANADIAN RIVER 345,10:50,-63.7,
12/25/2024,29254.0,438951.0,TMP781_Pittsburg_Semino_345_kV_FTLO_Canadian_Riv,SEMINOLE SEMINOLE A (LN/OKGE/CSWS),PITTSBURG-CANADIAN RIVER 345,10:55,-63.7,
12/25/2024,29254.0,438951.0,TMP781_Pittsburg_Semino_345_kV_FTLO_Canadian_Riv,SEMINOLE SEMINOLE A (LN/OKGE/CSWS),PITTSBURG-CANADIAN RIVER 345,11:00,-30.77,
12/25/2024,29254.0,438951.0,TMP781_Pittsburg_Semino_345_kV_FTLO_Canadian_Riv,SEMINOLE SEMINOLE A (LN/OKGE/CSWS),PITTSBURG-CANADIAN RIVER 345,11:05,-27.18,
12/25/2024,29254.0,438951.0,TMP781_Pittsburg_Semino_345_kV_FTLO_Canadian_Riv,SEMINOLE SEMINOLE A (LN/OKGE/CSWS),PITTSBURG-CANADIAN RIVER 345,11:10,-7.2,
12/25/2024,29254.0,438951.0,TMP781_Pittsburg_Semino_345_kV_FTLO_Canadian_Riv,SEMINOLE SEMINOLE A (LN/OKGE/CSWS),PITTSBURG-CANADIAN RIVER 345,11:15,-7.3,
12/25/2024,29254.0,438951.0,TMP781_Pittsburg_Semino_345_kV_FTLO_Canadian_Riv,SEMINOLE SEMINOLE A (LN/OKGE/CSWS),PITTSBURG-CANADIAN RIVER 345,11:20,-8.6,
12/25/2024,29254.0,438951.0,TMP781_Pittsburg_Semino_345_kV_FTLO_Canadian_Riv,SEMINOLE SEMINOLE A (LN/OKGE/CSWS),PITTSBURG-CANADIAN RIVER 345,11:25,-8.8,
12/25/2024,29254.0,438951.0,TMP781_Pittsburg_Semino_345_kV_FTLO_Canadian_Riv,SEMINOLE SEMINOLE A (LN/OKGE/CSWS),PITTSBURG-CANADIAN RIVER 345,11:30,-10.6,
12/25/2024,29254.0,438951.0,TMP781_Pittsburg_Semino_345_kV_FTLO_Canadian_Riv,SEMINOLE SEMINOLE A (LN/OKGE/CSWS),PITTSBURG-CANADIAN RIVER 345,11:35,-13.2,
12/25/2024,29254.0,438951.0,TMP781_Pittsburg_Semino_345_kV_FTLO_Canadian_Riv,SEMINOLE SEMINOLE A (LN/OKGE/CSWS),PITTSBURG-CANADIAN RIVER 345,11:40,-6.96,
12/25/2024,29254.0,438951.0,TMP781_Pittsburg_Semino_345_kV_FTLO_Canadian_Riv,SEMINOLE SEMINOLE A (LN/OKGE/CSWS),PITTSBURG-CANADIAN RIVER 345,11:45,-11.7,
12/25/2024,29254.0,438951.0,TMP781_Pittsburg_Semino_345_kV_FTLO_Canadian_Riv,SEMINOLE SEMINOLE A (LN/OKGE/CSWS),PITTSBURG-CANADIAN RIVER 345,11:50,-15.18,
12/25/2024,29254.0,438951.0,TMP781_Pittsburg_Semino_345_kV_FTLO_Canadian_Riv,SEMINOLE SEMINOLE A (LN/OKGE/CSWS),PITTSBURG-CANADIAN RIVER 345,11:55,-7.76,
12/25/2024,29254.0,438951.0,TMP781_Pittsburg_Semino_345_kV_FTLO_Canadian_Riv,SEMINOLE SEMINOLE A (LN/OKGE/CSWS),PITTSBURG-CANADIAN RIVER 345,12:00,-12.65,
12/25/2024,29254.0,438951.0,TMP781_Pittsburg_Semino_345_kV_FTLO_Canadian_Riv,SEMINOLE SEMINOLE A (LN/OKGE/CSWS),PITTSBURG-CANADIAN RIVER 345,12:05,-19.6,
12/25/2024,29254.0,438951.0,TMP781_Pittsburg_Semino_345_kV_FTLO_Canadian_Riv,SEMINOLE SEMINOLE A (LN/OKGE/CSWS),PITTSBURG-CANADIAN RIVER 345,12:10,-6.2,
12/25/2024,29254.0,438951.0,TMP781_Pittsburg_Semino_345_kV_FTLO_Canadian_Riv,SEMINOLE SEMINOLE A (LN/OKGE/CSWS),PITTSBURG-CANADIAN RIVER 345,12:15,-11.15,
12/25/2024,29254.0,438951.0,TMP781_Pittsburg_Semino_345_kV_FTLO_Canadian_Riv,SEMINOLE SEMINOLE A (LN/OKGE/CSWS),PITTSBURG-CANADIAN RIVER 345,12:20,-13.86,
12/25/2024,29254.0,438951.0,TMP781_Pittsburg_Semino_345_kV_FTLO_Canadian_Riv,SEMINOLE SEMINOLE A (LN/OKGE/CSWS),PITTSBURG-CANADIAN RIVER 345,12:25,-11.87,
12/25/2024,29254.0,438951.0,TMP781_Pittsburg_Semino_345_kV_FTLO_Canadian_Riv,SEMINOLE SEMINOLE A (LN/OKGE/CSWS),PITTSBURG-CANADIAN RIVER 345,12:30,-11.9,
12/25/2024,29254.0,438951.0,TMP781_Pittsburg_Semino_345_kV_FTLO_Canadian_Riv,SEMINOLE SEMINOLE A (LN/OKGE/CSWS),PITTSBURG-CANADIAN RIVER 345,12:35,-48.16,
12/25/2024,29254.0,438951.0,TMP781_Pittsburg_Semino_345_kV_FTLO_Canadian_Riv,SEMINOLE SEMINOLE A (LN/OKGE/CSWS),PITTSBURG-CANADIAN RIVER 345,12:40,-105.49,
12/25/2024,29254.0,438951.0,TMP781_Pittsburg_Semino_345_kV_FTLO_Canadian_Riv,SEMINOLE SEMINOLE A (LN/OKGE/CSWS),PITTSBURG-CANADIAN RIVER 345,12:45,-113.0,
12/25/2024,29254.0,438951.0,TMP781_Pittsburg_Semino_345_kV_FTLO_Canadian_Riv,SEMINOLE SEMINOLE A (LN/OKGE/CSWS),PITTSBURG-CANADIAN RIVER 345,12:50,-106.08,
12/25/2024,29254.0,438951.0,TMP781_Pittsburg_Semino_345_kV_FTLO_Canadian_Riv,SEMINOLE SEMINOLE A (LN/OKGE/CSWS),PITTSBURG-CANADIAN RIVER 345,12:55,-52.7,
12/25/2024,29254.0,438951.0,TMP781_Pittsburg_Semino_345_kV_FTLO_Canadian_Riv,SEMINOLE SEMINOLE A (LN/OKGE/CSWS),PITTSBURG-CANADIAN RIVER 345,13:00,-47.67,
12/25/2024,29254.0,438951.0,TMP781_Pittsburg_Semino_345_kV_FTLO_Canadian_Riv,SEMINOLE SEMINOLE A (LN/OKGE/CSWS),PITTSBURG-CANADIAN RIVER 345,13:05,-28.9,
12/25/2024,29254.0,438951.0,TMP781_Pittsburg_Semino_345_kV_FTLO_Canadian_Riv,SEMINOLE SEMINOLE A (LN/OKGE/CSWS),PITTSBURG-CANADIAN RIVER 345,13:10,-15.0,
12/25/2024,29254.0,438951.0,TMP781_Pittsburg_Semino_345_kV_FTLO_Canadian_Riv,SEMINOLE SEMINOLE A (LN/OKGE/CSWS),PITTSBURG-CANADIAN RIVER 345,13:15,-15.0,
12/25/2024,29254.0,438951.0,TMP781_Pittsburg_Semino_345_kV_FTLO_Canadian_Riv,SEMINOLE SEMINOLE A (LN/OKGE/CSWS),PITTSBURG-CANADIAN RIVER 345,13:20,-5.4,
12/25/2024,29254.0,438951.0,TMP781_Pittsburg_Semino_345_kV_FTLO_Canadian_Riv,SEMINOLE SEMINOLE A (LN/OKGE/CSWS),PITTSBURG-CANADIAN RIVER 345,13:25,-14.98,
12/25/2024,29254.0,438951.0,TMP781_Pittsburg_Semino_345_kV_FTLO_Canadian_Riv,SEMINOLE SEMINOLE A (LN/OKGE/CSWS),PITTSBURG-CANADIAN RIVER 345,13:30,-15.95,
12/25/2024,29254.0,438951.0,TMP781_Pittsburg_Semino_345_kV_FTLO_Canadian_Riv,SEMINOLE SEMINOLE A (LN/OKGE/CSWS),PITTSBURG-CANADIAN RIVER 345,13:35,-5.57,
12/25/2024,29254.0,438951.0,TMP781_Pittsburg_Semino_345_kV_FTLO_Canadian_Riv,SEMINOLE SEMINOLE A (LN/OKGE/CSWS),PITTSBURG-CANADIAN RIVER 345,13:40,-8.1,
12/25/2024,29254.0,438951.0,TMP781_Pittsburg_Semino_345_kV_FTLO_Canadian_Riv,SEMINOLE SEMINOLE A (LN/OKGE/CSWS),PITTSBURG-CANADIAN RIVER 345,13:45,-50.36,
12/25/2024,29254.0,438951.0,TMP781_Pittsburg_Semino_345_kV_FTLO_Canadian_Riv,SEMINOLE SEMINOLE A (LN/OKGE/CSWS),PITTSBURG-CANADIAN RIVER 345,13:50,-115.3,
12/25/2024,29254.0,438951.0,TMP781_Pittsburg_Semino_345_kV_FTLO_Canadian_Riv,SEMINOLE SEMINOLE A (LN/OKGE/CSWS),PITTSBURG-CANADIAN RIVER 345,13:55,-130.4,
12/25/2024,29254.0,438951.0,TMP781_Pittsburg_Semino_345_kV_FTLO_Canadian_Riv,SEMINOLE SEMINOLE A (LN/OKGE/CSWS),PITTSBURG-CANADIAN RIVER 345,14:00,-116.05,
12/25/2024,29254.0,438951.0,TMP781_Pittsburg_Semino_345_kV_FTLO_Canadian_Riv,SEMINOLE SEMINOLE A (LN/OKGE/CSWS),PITTSBURG-CANADIAN RIVER 345,14:05,-83.56,
12/25/2024,29254.0,438951.0,TMP781_Pittsburg_Semino_345_kV_FTLO_Canadian_Riv,SEMINOLE SEMINOLE A (LN/OKGE/CSWS),PITTSBURG-CANADIAN RIVER 345,14:10,-1.59,
12/25/2024,29254.0,438951.0,TMP781_Pittsburg_Semino_345_kV_FTLO_Canadian_Riv,SEMINOLE SEMINOLE A (LN/OKGE/CSWS),PITTSBURG-CANADIAN RIVER 345,14:15,-3.67,
12/25/2024,29254.0,438951.0,TMP781_Pittsburg_Semino_345_kV_FTLO_Canadian_Riv,SEMINOLE SEMINOLE A (LN/OKGE/CSWS),PITTSBURG-CANADIAN RIVER 345,14:20,-3.96,
12/25/2024,29254.0,438951.0,TMP781_Pittsburg_Semino_345_kV_FTLO_Canadian_Riv,SEMINOLE SEMINOLE A (LN/OKGE/CSWS),PITTSBURG-CANADIAN RIVER 345,14:25,-7.0,
12/25/2024,29254.0,438951.0,TMP781_Pittsburg_Semino_345_kV_FTLO_Canadian_Riv,SEMINOLE SEMINOLE A (LN/OKGE/CSWS),PITTSBURG-CANADIAN RIVER 345,14:30,-12.88,
12/25/2024,29254.0,438951.0,TMP781_Pittsburg_Semino_345_kV_FTLO_Canadian_Riv,SEMINOLE SEMINOLE A (LN/OKGE/CSWS),PITTSBURG-CANADIAN RIVER 345,14:35,-2.5,
12/25/2024,29254.0,438951.0,TMP781_Pittsburg_Semino_345_kV_FTLO_Canadian_Riv,SEMINOLE SEMINOLE A (LN/OKGE/CSWS),PITTSBURG-CANADIAN RIVER 345,14:40,-3.2,
12/25/2024,29254.0,438951.0,TMP781_Pittsburg_Semino_345_kV_FTLO_Canadian_Riv,SEMINOLE SEMINOLE A (LN/OKGE/CSWS),PITTSBURG-CANADIAN RIVER 345,14:45,-3.69,
12/25/2024,29254.0,438951.0,TMP781_Pittsburg_Semino_345_kV_FTLO_Canadian_Riv,SEMINOLE SEMINOLE A (LN/OKGE/CSWS),PITTSBURG-CANADIAN RIVER 345,14:50,-5.18,
12/25/2024,29254.0,438951.0,TMP781_Pittsburg_Semino_345_kV_FTLO_Canadian_Riv,SEMINOLE SEMINOLE A (LN/OKGE/CSWS),PITTSBURG-CANADIAN RIVER 345,14:55,-4.4,
12/25/2024,29254.0,438951.0,TMP781_Pittsburg_Semino_345_kV_FTLO_Canadian_Riv,SEMINOLE SEMINOLE A (LN/OKGE/CSWS),PITTSBURG-CANADIAN RIVER 345,15:00,-6.39,
12/25/2024,29254.0,438951.0,TMP781_Pittsburg_Semino_345_kV_FTLO_Canadian_Riv,SEMINOLE SEMINOLE A (LN/OKGE/CSWS),PITTSBURG-CANADIAN RIVER 345,15:05,-7.0,
12/25/2024,29254.0,438951.0,TMP781_Pittsburg_Semino_345_kV_FTLO_Canadian_Riv,SEMINOLE SEMINOLE A (LN/OKGE/CSWS),PITTSBURG-CANADIAN RIVER 345,15:10,-7.0,
12/25/2024,29254.0,438951.0,TMP781_Pittsburg_Semino_345_kV_FTLO_Canadian_Riv,SEMINOLE SEMINOLE A (LN/OKGE/CSWS),PITTSBURG-CANADIAN RIVER 345,15:15,-7.0,
12/25/2024,29254.0,438951.0,TMP781_Pittsburg_Semino_345_kV_FTLO_Canadian_Riv,SEMINOLE SEMINOLE A (LN/OKGE/CSWS),PITTSBURG-CANADIAN RIVER 345,15:20,-6.6,
12/25/2024,29254.0,438951.0,TMP781_Pittsburg_Semino_345_kV_FTLO_Canadian_Riv,SEMINOLE SEMINOLE A (LN/OKGE/CSWS),PITTSBURG-CANADIAN RIVER 345,15:25,-1.89,
12/25/2024,29254.0,438951.0,TMP781_Pittsburg_Semino_345_kV_FTLO_Canadian_Riv,SEMINOLE SEMINOLE A (LN/OKGE/CSWS),PITTSBURG-CANADIAN RIVER 345,15:30,-4.0,
12/25/2024,29254.0,438951.0,TMP781_Pittsburg_Semino_345_kV_FTLO_Canadian_Riv,SEMINOLE SEMINOLE A (LN/OKGE/CSWS),PITTSBURG-CANADIAN RIVER 345,15:35,-8.09,
12/25/2024,29254.0,438951.0,TMP781_Pittsburg_Semino_345_kV_FTLO_Canadian_Riv,SEMINOLE SEMINOLE A (LN/OKGE/CSWS),PITTSBURG-CANADIAN RIVER 345,15:40,-7.7,
12/25/2024,29254.0,438951.0,TMP781_Pittsburg_Semino_345_kV_FTLO_Canadian_Riv,SEMINOLE SEMINOLE A (LN/OKGE/CSWS),PITTSBURG-CANADIAN RIVER 345,15:45,-6.45,
12/25/2024,29254.0,438951.0,TMP781_Pittsburg_Semino_345_kV_FTLO_Canadian_Riv,SEMINOLE SEMINOLE A (LN/OKGE/CSWS),PITTSBURG-CANADIAN RIVER 345,15:50,-6.46,
12/25/2024,29254.0,438951.0,TMP781_Pittsburg_Semino_345_kV_FTLO_Canadian_Riv,SEMINOLE SEMINOLE A (LN/OKGE/CSWS),PITTSBURG-CANADIAN RIVER 345,15:55,-6.5,
12/25/2024,29254.0,438951.0,TMP781_Pittsburg_Semino_345_kV_FTLO_Canadian_Riv,SEMINOLE SEMINOLE A (LN/OKGE/CSWS),PITTSBURG-CANADIAN RIVER 345,16:00,-6.15,
12/25/2024,29254.0,438951.0,TMP781_Pittsburg_Semino_345_kV_FTLO_Canadian_Riv,SEMINOLE SEMINOLE A (LN/OKGE/CSWS),PITTSBURG-CANADIAN RIVER 345,16:05,-5.78,
12/25/2024,29254.0,438951.0,TMP781_Pittsburg_Semino_345_kV_FTLO_Canadian_Riv,SEMINOLE SEMINOLE A (LN/OKGE/CSWS),PITTSBURG-CANADIAN RIVER 345,16:10,-22.0,
12/25/2024,29254.0,438951.0,TMP781_Pittsburg_Semino_345_kV_FTLO_Canadian_Riv,SEMINOLE SEMINOLE A (LN/OKGE/CSWS),PITTSBURG-CANADIAN RIVER 345,16:15,-23.6,
12/25/2024,29254.0,438951.0,TMP781_Pittsburg_Semino_345_kV_FTLO_Canadian_Riv,SEMINOLE SEMINOLE A (LN/OKGE/CSWS),PITTSBURG-CANADIAN RIVER 345,16:20,-11.98,
12/25/2024,29254.0,438951.0,TMP781_Pittsburg_Semino_345_kV_FTLO_Canadian_Riv,SEMINOLE SEMINOLE A (LN/OKGE/CSWS),PITTSBURG-CANADIAN RIVER 345,16:25,-32.2,
12/25/2024,29254.0,438951.0,TMP781_Pittsburg_Semino_345_kV_FTLO_Canadian_Riv,SEMINOLE SEMINOLE A (LN/OKGE/CSWS),PITTSBURG-CANADIAN RIVER 345,16:30,-8.700000000000001,
12/25/2024,29254.0,438951.0,TMP781_Pittsburg_Semino_345_kV_FTLO_Canadian_Riv,SEMINOLE SEMINOLE A (LN/OKGE/CSWS),PITTSBURG-CANADIAN RIVER 345,16:35,-0.7,
12/25/2024,29254.0,438951.0,TMP781_Pittsburg_Semino_345_kV_FTLO_Canadian_Riv,SEMINOLE SEMINOLE A (LN/OKGE/CSWS),PITTSBURG-CANADIAN RIVER 345,16:40,-3.37,
12/25/2024,29254.0,438951.0,TMP781_Pittsburg_Semino_345_kV_FTLO_Canadian_Riv,SEMINOLE SEMINOLE A (LN/OKGE/CSWS),PITTSBURG-CANADIAN RIVER 345,16:50,-5.0600000000000005,
12/25/2024,29254.0,438951.0,TMP781_Pittsburg_Semino_345_kV_FTLO_Canadian_Riv,SEMINOLE SEMINOLE A (LN/OKGE/CSWS),PITTSBURG-CANADIAN RIVER 345,17:00,-1.16,
12/25/2024,29254.0,438951.0,TMP781_Pittsburg_Semino_345_kV_FTLO_Canadian_Riv,SEMINOLE SEMINOLE A (LN/OKGE/CSWS),PITTSBURG-CANADIAN RIVER 345,17:05,-1.16,
12/25/2024,29254.0,438951.0,TMP781_Pittsburg_Semino_345_kV_FTLO_Canadian_Riv,SEMINOLE SEMINOLE A (LN/OKGE/CSWS),PITTSBURG-CANADIAN RIVER 345,17:10,-4.9,
12/25/2024,29254.0,438951.0,TMP781_Pittsburg_Semino_345_kV_FTLO_Canadian_Riv,SEMINOLE SEMINOLE A (LN/OKGE/CSWS),PITTSBURG-CANADIAN RIVER 345,17:15,-3.49,
12/25/2024,29254.0,438951.0,TMP781_Pittsburg_Semino_345_kV_FTLO_Canadian_Riv,SEMINOLE SEMINOLE A (LN/OKGE/CSWS),PITTSBURG-CANADIAN RIVER 345,17:20,-10.1,
12/25/2024,29254.0,438951.0,TMP781_Pittsburg_Semino_345_kV_FTLO_Canadian_Riv,SEMINOLE SEMINOLE A (LN/OKGE/CSWS),PITTSBURG-CANADIAN RIVER 345,17:25,-2.2800000000000002,
12/25/2024,29254.0,438951.0,TMP781_Pittsburg_Semino_345_kV_FTLO_Canadian_Riv,SEMINOLE SEMINOLE A (LN/OKGE/CSWS),PITTSBURG-CANADIAN RIVER 345,17:35,-1.1500000000000001,
12/25/2024,29254.0,438951.0,TMP781_Pittsburg_Semino_345_kV_FTLO_Canadian_Riv,SEMINOLE SEMINOLE A (LN/OKGE/CSWS),PITTSBURG-CANADIAN RIVER 345,17:55,-0.9,
12/25/2024,29254.0,438951.0,TMP781_Pittsburg_Semino_345_kV_FTLO_Canadian_Riv,SEMINOLE SEMINOLE A (LN/OKGE/CSWS),PITTSBURG-CANADIAN RIVER 345,18:00,-1.8,
12/25/2024,29254.0,438951.0,TMP781_Pittsburg_Semino_345_kV_FTLO_Canadian_Riv,SEMINOLE SEMINOLE A (LN/OKGE/CSWS),PITTSBURG-CANADIAN RIVER 345,18:05,-1.8,
12/25/2024,29254.0,438951.0,TMP781_Pittsburg_Semino_345_kV_FTLO_Canadian_Riv,SEMINOLE SEMINOLE A (LN/OKGE/CSWS),PITTSBURG-CANADIAN RIVER 345,18:10,-16.38,
12/25/2024,29254.0,438951.0,TMP781_Pittsburg_Semino_345_kV_FTLO_Canadian_Riv,SEMINOLE SEMINOLE A (LN/OKGE/CSWS),PITTSBURG-CANADIAN RIVER 345,18:15,-15.9,
12/25/2024,29254.0,438951.0,TMP781_Pittsburg_Semino_345_kV_FTLO_Canadian_Riv,SEMINOLE SEMINOLE A (LN/OKGE/CSWS),PITTSBURG-CANADIAN RIVER 345,18:20,-15.9,
12/25/2024,29254.0,438951.0,TMP781_Pittsburg_Semino_345_kV_FTLO_Canadian_Riv,SEMINOLE SEMINOLE A (LN/OKGE/CSWS),PITTSBURG-CANADIAN RIVER 345,18:25,-170.28,
12/25/2024,29254.0,438951.0,TMP781_Pittsburg_Semino_345_kV_FTLO_Canadian_Riv,SEMINOLE SEMINOLE A (LN/OKGE/CSWS),PITTSBURG-CANADIAN RIVER 345,18:30,-15.9,
12/25/2024,29254.0,438951.0,TMP781_Pittsburg_Semino_345_kV_FTLO_Canadian_Riv,SEMINOLE SEMINOLE A (LN/OKGE/CSWS),PITTSBURG-CANADIAN RIVER 345,18:35,-5.98,
12/25/2024,29254.0,438951.0,TMP781_Pittsburg_Semino_345_kV_FTLO_Canadian_Riv,SEMINOLE SEMINOLE A (LN/OKGE/CSWS),PITTSBURG-CANADIAN RIVER 345,18:40,-1.46,
12/25/2024,29254.0,438951.0,TMP781_Pittsburg_Semino_345_kV_FTLO_Canadian_Riv,SEMINOLE SEMINOLE A (LN/OKGE/CSWS),PITTSBURG-CANADIAN RIVER 345,18:45,-4.5,
12/25/2024,29254.0,438951.0,TMP781_Pittsburg_Semino_345_kV_FTLO_Canadian_Riv,SEMINOLE SEMINOLE A (LN/OKGE/CSWS),PITTSBURG-CANADIAN RIVER 345,18:50,-18.7,
12/25/2024,29254.0,438951.0,TMP781_Pittsburg_Semino_345_kV_FTLO_Canadian_Riv,SEMINOLE SEMINOLE A (LN/OKGE/CSWS),PITTSBURG-CANADIAN RIVER 345,18:55,-21.07,
12/25/2024,29254.0,438951.0,TMP781_Pittsburg_Semino_345_kV_FTLO_Canadian_Riv,SEMINOLE SEMINOLE A (LN/OKGE/CSWS),PITTSBURG-CANADIAN RIVER 345,19:00,-21.29,
12/25/2024,29254.0,438951.0,TMP781_Pittsburg_Semino_345_kV_FTLO_Canadian_Riv,SEMINOLE SEMINOLE A (LN/OKGE/CSWS),PITTSBURG-CANADIAN RIVER 345,19:05,-21.9,
12/25/2024,29254.0,438951.0,TMP781_Pittsburg_Semino_345_kV_FTLO_Canadian_Riv,SEMINOLE SEMINOLE A (LN/OKGE/CSWS),PITTSBURG-CANADIAN RIVER 345,19:10,-4.5,
12/25/2024,29254.0,438951.0,TMP781_Pittsburg_Semino_345_kV_FTLO_Canadian_Riv,SEMINOLE SEMINOLE A (LN/OKGE/CSWS),PITTSBURG-CANADIAN RIVER 345,19:15,-3.88,
12/25/2024,29254.0,438951.0,TMP781_Pittsburg_Semino_345_kV_FTLO_Canadian_Riv,SEMINOLE SEMINOLE A (LN/OKGE/CSWS),PITTSBURG-CANADIAN RIVER 345,19:20,-2.7,
12/25/2024,29254.0,438951.0,TMP781_Pittsburg_Semino_345_kV_FTLO_Canadian_Riv,SEMINOLE SEMINOLE A (LN/OKGE/CSWS),PITTSBURG-CANADIAN RIVER 345,19:25,-2.08,
12/25/2024,29254.0,438951.0,TMP781_Pittsburg_Semino_345_kV_FTLO_Canadian_Riv,SEMINOLE SEMINOLE A (LN/OKGE/CSWS),PITTSBURG-CANADIAN RIVER 345,19:30,-2.96,
12/25/2024,29254.0,438951.0,TMP781_Pittsburg_Semino_345_kV_FTLO_Canadian_Riv,SEMINOLE SEMINOLE A (LN/OKGE/CSWS),PITTSBURG-CANADIAN RIVER 345,19:35,-1.35,
12/25/2024,29254.0,438951.0,TMP781_Pittsburg_Semino_345_kV_FTLO_Canadian_Riv,SEMINOLE SEMINOLE A (LN/OKGE/CSWS),PITTSBURG-CANADIAN RIVER 345,19:40,-1.5,
12/25/2024,29254.0,438951.0,TMP781_Pittsburg_Semino_345_kV_FTLO_Canadian_Riv,SEMINOLE SEMINOLE A (LN/OKGE/CSWS),PITTSBURG-CANADIAN RIVER 345,19:45,-2.5,
12/25/2024,29254.0,438951.0,TMP781_Pittsburg_Semino_345_kV_FTLO_Canadian_Riv,SEMINOLE SEMINOLE A (LN/OKGE/CSWS),PITTSBURG-CANADIAN RIVER 345,19:50,-3.6,
12/25/2024,29254.0,438951.0,TMP781_Pittsburg_Semino_345_kV_FTLO_Canadian_Riv,SEMINOLE SEMINOLE A (LN/OKGE/CSWS),PITTSBURG-CANADIAN RIVER 345,19:55,-2.1,
12/25/2024,29254.0,438951.0,TMP781_Pittsburg_Semino_345_kV_FTLO_Canadian_Riv,SEMINOLE SEMINOLE A (LN/OKGE/CSWS),PITTSBURG-CANADIAN RIVER 345,20:00,-9.07,
12/25/2024,29254.0,438951.0,TMP781_Pittsburg_Semino_345_kV_FTLO_Canadian_Riv,SEMINOLE SEMINOLE A (LN/OKGE/CSWS),PITTSBURG-CANADIAN RIVER 345,20:05,-3.19,
12/25/2024,29254.0,438951.0,TMP781_Pittsburg_Semino_345_kV_FTLO_Canadian_Riv,SEMINOLE SEMINOLE A (LN/OKGE/CSWS),PITTSBURG-CANADIAN RIVER 345,20:10,-4.69,
12/25/2024,29254.0,438951.0,TMP781_Pittsburg_Semino_345_kV_FTLO_Canadian_Riv,SEMINOLE SEMINOLE A (LN/OKGE/CSWS),PITTSBURG-CANADIAN RIVER 345,20:15,-3.49,
12/25/2024,29254.0,438951.0,TMP781_Pittsburg_Semino_345_kV_FTLO_Canadian_Riv,SEMINOLE SEMINOLE A (LN/OKGE/CSWS),PITTSBURG-CANADIAN RIVER 345,20:20,-4.07,
12/25/2024,29254.0,438951.0,TMP781_Pittsburg_Semino_345_kV_FTLO_Canadian_Riv,SEMINOLE SEMINOLE A (LN/OKGE/CSWS),PITTSBURG-CANADIAN RIVER 345,20:25,-6.3,
12/25/2024,29254.0,438951.0,TMP781_Pittsburg_Semino_345_kV_FTLO_Canadian_Riv,SEMINOLE SEMINOLE A (LN/OKGE/CSWS),PITTSBURG-CANADIAN RIVER 345,20:30,-12.5,
12/25/2024,29254.0,438951.0,TMP781_Pittsburg_Semino_345_kV_FTLO_Canadian_Riv,SEMINOLE SEMINOLE A (LN/OKGE/CSWS),PITTSBURG-CANADIAN RIVER 345,20:35,-12.6,
12/25/2024,29254.0,438951.0,TMP781_Pittsburg_Semino_345_kV_FTLO_Canadian_Riv,SEMINOLE SEMINOLE A (LN/OKGE/CSWS),PITTSBURG-CANADIAN RIVER 345,20:40,-19.8,
12/25/2024,29254.0,438951.0,TMP781_Pittsburg_Semino_345_kV_FTLO_Canadian_Riv,SEMINOLE SEMINOLE A (LN/OKGE/CSWS),PITTSBURG-CANADIAN RIVER 345,20:45,-19.0,
12/25/2024,29254.0,438951.0,TMP781_Pittsburg_Semino_345_kV_FTLO_Canadian_Riv,SEMINOLE SEMINOLE A (LN/OKGE/CSWS),PITTSBURG-CANADIAN RIVER 345,20:50,-18.7,
12/25/2024,29254.0,438951.0,TMP781_Pittsburg_Semino_345_kV_FTLO_Canadian_Riv,SEMINOLE SEMINOLE A (LN/OKGE/CSWS),PITTSBURG-CANADIAN RIVER 345,20:55,-21.17,
12/25/2024,29254.0,438951.0,TMP781_Pittsburg_Semino_345_kV_FTLO_Canadian_Riv,SEMINOLE SEMINOLE A (LN/OKGE/CSWS),PITTSBURG-CANADIAN RIVER 345,21:00,-20.0,
12/25/2024,29254.0,438951.0,TMP781_Pittsburg_Semino_345_kV_FTLO_Canadian_Riv,SEMINOLE SEMINOLE A (LN/OKGE/CSWS),PITTSBURG-CANADIAN RIVER 345,21:05,-4.89,
12/25/2024,29254.0,438951.0,TMP781_Pittsburg_Semino_345_kV_FTLO_Canadian_Riv,SEMINOLE SEMINOLE A (LN/OKGE/CSWS),PITTSBURG-CANADIAN RIVER 345,21:10,-7.9,
12/25/2024,29254.0,438951.0,TMP781_Pittsburg_Semino_345_kV_FTLO_Canadian_Riv,SEMINOLE SEMINOLE A (LN/OKGE/CSWS),PITTSBURG-CANADIAN RIVER 345,21:15,-4.37,
12/25/2024,29254.0,438951.0,TMP781_Pittsburg_Semino_345_kV_FTLO_Canadian_Riv,SEMINOLE SEMINOLE A (LN/OKGE/CSWS),PITTSBURG-CANADIAN RIVER 345,21:20,-6.07,
12/25/2024,29254.0,438951.0,TMP781_Pittsburg_Semino_345_kV_FTLO_Canadian_Riv,SEMINOLE SEMINOLE A (LN/OKGE/CSWS),PITTSBURG-CANADIAN RIVER 345,21:25,-4.6000000000000005,
12/25/2024,29254.0,438951.0,TMP781_Pittsburg_Semino_345_kV_FTLO_Canadian_Riv,SEMINOLE SEMINOLE A (LN/OKGE/CSWS),PITTSBURG-CANADIAN RIVER 345,21:30,-4.6000000000000005,
12/25/2024,29254.0,438951.0,TMP781_Pittsburg_Semino_345_kV_FTLO_Canadian_Riv,SEMINOLE SEMINOLE A (LN/OKGE/CSWS),PITTSBURG-CANADIAN RIVER 345,21:35,-31.15,
12/25/2024,29254.0,438951.0,TMP781_Pittsburg_Semino_345_kV_FTLO_Canadian_Riv,SEMINOLE SEMINOLE A (LN/OKGE/CSWS),PITTSBURG-CANADIAN RIVER 345,21:40,-34.4,
12/25/2024,29254.0,438951.0,TMP781_Pittsburg_Semino_345_kV_FTLO_Canadian_Riv,SEMINOLE SEMINOLE A (LN/OKGE/CSWS),PITTSBURG-CANADIAN RIVER 345,21:45,-55.0,
12/25/2024,29254.0,438951.0,TMP781_Pittsburg_Semino_345_kV_FTLO_Canadian_Riv,SEMINOLE SEMINOLE A (LN/OKGE/CSWS),PITTSBURG-CANADIAN RIVER 345,21:50,-55.0,
12/25/2024,29254.0,438951.0,TMP781_Pittsburg_Semino_345_kV_FTLO_Canadian_Riv,SEMINOLE SEMINOLE A (LN/OKGE/CSWS),PITTSBURG-CANADIAN RIVER 345,21:55,-26.28,
12/25/2024,29254.0,438951.0,TMP781_Pittsburg_Semino_345_kV_FTLO_Canadian_Riv,SEMINOLE SEMINOLE A (LN/OKGE/CSWS),PITTSBURG-CANADIAN RIVER 345,22:00,-26.8,
12/25/2024,29254.0,438951.0,TMP781_Pittsburg_Semino_345_kV_FTLO_Canadian_Riv,SEMINOLE SEMINOLE A (LN/OKGE/CSWS),PITTSBURG-CANADIAN RIVER 345,22:05,-19.900000000000002,
12/25/2024,29254.0,438951.0,TMP781_Pittsburg_Semino_345_kV_FTLO_Canadian_Riv,SEMINOLE SEMINOLE A (LN/OKGE/CSWS),PITTSBURG-CANADIAN RIVER 345,22:10,-5.1000000000000005,
12/25/2024,29254.0,438951.0,TMP781_Pittsburg_Semino_345_kV_FTLO_Canadian_Riv,SEMINOLE SEMINOLE A (LN/OKGE/CSWS),PITTSBURG-CANADIAN RIVER 345,22:15,-9.77,
12/25/2024,29254.0,438951.0,TMP781_Pittsburg_Semino_345_kV_FTLO_Canadian_Riv,SEMINOLE SEMINOLE A (LN/OKGE/CSWS),PITTSBURG-CANADIAN RIVER 345,22:20,-16.0,
12/25/2024,29015.0,3443.0,Duneare_Michigan_City_13839_138kv_flo_Wilton_Cen,DUNEACRE 13839 A (LN/NIPS/NIPS),WILTON CENTER-DUMONT 765 (11215),22:25,-25.0,
12/25/2024,29254.0,438951.0,TMP781_Pittsburg_Semino_345_kV_FTLO_Canadian_Riv,SEMINOLE SEMINOLE A (LN/OKGE/CSWS),PITTSBURG-CANADIAN RIVER 345,22:25,-20.55,
12/25/2024,29015.0,3443.0,Duneare_Michigan_City_13839_138kv_flo_Wilton_Cen,DUNEACRE 13839 A (LN/NIPS/NIPS),WILTON CENTER-DUMONT 765 (11215),22:30,-224.5,
12/25/2024,29254.0,438951.0,TMP781_Pittsburg_Semino_345_kV_FTLO_Canadian_Riv,SEMINOLE SEMINOLE A (LN/OKGE/CSWS),PITTSBURG-CANADIAN RIVER 345,22:30,-21.19,
12/25/2024,29015.0,3443.0,Duneare_Michigan_City_13839_138kv_flo_Wilton_Cen,DUNEACRE 13839 A (LN/NIPS/NIPS),WILTON CENTER-DUMONT 765 (11215),22:35,-223.5,
12/25/2024,29254.0,438951.0,TMP781_Pittsburg_Semino_345_kV_FTLO_Canadian_Riv,SEMINOLE SEMINOLE A (LN/OKGE/CSWS),PITTSBURG-CANADIAN RIVER 345,22:35,-9.5,
12/25/2024,29015.0,3443.0,Duneare_Michigan_City_13839_138kv_flo_Wilton_Cen,DUNEACRE 13839 A (LN/NIPS/NIPS),WILTON CENTER-DUMONT 765 (11215),22:40,-83.9,
12/25/2024,29254.0,438951.0,TMP781_Pittsburg_Semino_345_kV_FTLO_Canadian_Riv,SEMINOLE SEMINOLE A (LN/OKGE/CSWS),PITTSBURG-CANADIAN RIVER 345,22:40,-3.09,
12/25/2024,29254.0,438951.0,TMP781_Pittsburg_Semino_345_kV_FTLO_Canadian_Riv,SEMINOLE SEMINOLE A (LN/OKGE/CSWS),PITTSBURG-CANADIAN RIVER 345,23:05,-0.2,
12/25/2024,29254.0,438951.0,TMP781_Pittsburg_Semino_345_kV_FTLO_Canadian_Riv,SEMINOLE SEMINOLE A (LN/OKGE/CSWS),PITTSBURG-CANADIAN RIVER 345,23:10,-9.86,
12/25/2024,29254.0,438951.0,TMP781_Pittsburg_Semino_345_kV_FTLO_Canadian_Riv,SEMINOLE SEMINOLE A (LN/OKGE/CSWS),PITTSBURG-CANADIAN RIVER 345,23:15,-330.95,
12/25/2024,29254.0,438951.0,TMP781_Pittsburg_Semino_345_kV_FTLO_Canadian_Riv,SEMINOLE SEMINOLE A (LN/OKGE/CSWS),PITTSBURG-CANADIAN RIVER 345,23:20,-11.2,
12/25/2024,29254.0,438951.0,TMP781_Pittsburg_Semino_345_kV_FTLO_Canadian_Riv,SEMINOLE SEMINOLE A (LN/OKGE/CSWS),PITTSBURG-CANADIAN RIVER 345,23:25,-5.0600000000000005,
12/25/2024,29254.0,438951.0,TMP781_Pittsburg_Semino_345_kV_FTLO_Canadian_Riv,SEMINOLE SEMINOLE A (LN/OKGE/CSWS),PITTSBURG-CANADIAN RIVER 345,23:30,-2.1,
12/25/2024,29254.0,438951.0,TMP781_Pittsburg_Semino_345_kV_FTLO_Canadian_Riv,SEMINOLE SEMINOLE A (LN/OKGE/CSWS),PITTSBURG-CANADIAN RIVER 345,23:35,-0.8,
12/25/2024,29015.0,3443.0,Duneare_Michigan_City_13839_138kv_flo_Wilton_Cen,DUNEACRE 13839 A (LN/NIPS/NIPS),WILTON CENTER-DUMONT 765 (11215),23:40,-108.7,
12/25/2024,29254.0,438951.0,TMP781_Pittsburg_Semino_345_kV_FTLO_Canadian_Riv,SEMINOLE SEMINOLE A (LN/OKGE/CSWS),PITTSBURG-CANADIAN RIVER 345,23:40,-1.97,
12/25/2024,29015.0,3443.0,Duneare_Michigan_City_13839_138kv_flo_Wilton_Cen,DUNEACRE 13839 A (LN/NIPS/NIPS),WILTON CENTER-DUMONT 765 (11215),23:45,-86.98,
12/25/2024,29254.0,438951.0,TMP781_Pittsburg_Semino_345_kV_FTLO_Canadian_Riv,SEMINOLE SEMINOLE A (LN/OKGE/CSWS),PITTSBURG-CANADIAN RIVER 345,23:45,-0.4,
12/25/2024,29015.0,3443.0,Duneare_Michigan_City_13839_138kv_flo_Wilton_Cen,DUNEACRE 13839 A (LN/NIPS/NIPS),WILTON CENTER-DUMONT 765 (11215),23:50,-103.5,
12/25/2024,29254.0,438951.0,TMP781_Pittsburg_Semino_345_kV_FTLO_Canadian_Riv,SEMINOLE SEMINOLE A (LN/OKGE/CSWS),PITTSBURG-CANADIAN RIVER 345,23:50,-0.2,
12/25/2024,29015.0,3443.0,Duneare_Michigan_City_13839_138kv_flo_Wilton_Cen,DUNEACRE 13839 A (LN/NIPS/NIPS),WILTON CENTER-DUMONT 765 (11215),23:55,-168.8,
12/26/2024,2975.0,3545.0,Crete_St_Johns_Tap_345_kV_l_o_Dum_Wi_Cent_765_kV,ST_JOHN 34519 A (LN/NIPS/AEP),WILTON CENTER-DUMONT 765 (11215),00:00,-137.4,
12/26/2024,29015.0,3443.0,Duneare_Michigan_City_13839_138kv_flo_Wilton_Cen,DUNEACRE 13839 A (LN/NIPS/NIPS),WILTON CENTER-DUMONT 765 (11215),00:05,-44.4,
12/26/2024,29254.0,438951.0,TMP781_Pittsburg_Semino_345_kV_FTLO_Canadian_Riv,SEMINOLE SEMINOLE A (LN/OKGE/CSWS),PITTSBURG-CANADIAN RIVER 345,00:05,-1.6,
12/26/2024,29254.0,438951.0,TMP781_Pittsburg_Semino_345_kV_FTLO_Canadian_Riv,SEMINOLE SEMINOLE A (LN/OKGE/CSWS),PITTSBURG-CANADIAN RIVER 345,00:10,-1.6,
12/26/2024,29254.0,438951.0,TMP781_Pittsburg_Semino_345_kV_FTLO_Canadian_Riv,SEMINOLE SEMINOLE A (LN/OKGE/CSWS),PITTSBURG-CANADIAN RIVER 345,00:15,-1.29,
12/26/2024,29254.0,438951.0,TMP781_Pittsburg_Semino_345_kV_FTLO_Canadian_Riv,SEMINOLE SEMINOLE A (LN/OKGE/CSWS),PITTSBURG-CANADIAN RIVER 345,00:20,-0.2,
12/26/2024,29015.0,3443.0,Duneare_Michigan_City_13839_138kv_flo_Wilton_Cen,DUNEACRE 13839 A (LN/NIPS/NIPS),WILTON CENTER-DUMONT 765 (11215),00:25,-59.7,
12/26/2024,29254.0,438951.0,TMP781_Pittsburg_Semino_345_kV_FTLO_Canadian_Riv,SEMINOLE SEMINOLE A (LN/OKGE/CSWS),PITTSBURG-CANADIAN RIVER 345,00:25,-0.3,
12/26/2024,29015.0,3443.0,Duneare_Michigan_City_13839_138kv_flo_Wilton_Cen,DUNEACRE 13839 A (LN/NIPS/NIPS),WILTON CENTER-DUMONT 765 (11215),00:30,-59.7,
12/26/2024,29254.0,438951.0,TMP781_Pittsburg_Semino_345_kV_FTLO_Canadian_Riv,SEMINOLE SEMINOLE A (LN/OKGE/CSWS),PITTSBURG-CANADIAN RIVER 345,00:30,-0.4,
12/26/2024,29015.0,3443.0,Duneare_Michigan_City_13839_138kv_flo_Wilton_Cen,DUNEACRE 13839 A (LN/NIPS/NIPS),WILTON CENTER-DUMONT 765 (11215),00:35,-256.05,
12/26/2024,29254.0,438951.0,TMP781_Pittsburg_Semino_345_kV_FTLO_Canadian_Riv,SEMINOLE SEMINOLE A (LN/OKGE/CSWS),PITTSBURG-CANADIAN RIVER 345,00:35,-0.4,
12/26/2024,29015.0,3443.0,Duneare_Michigan_City_13839_138kv_flo_Wilton_Cen,DUNEACRE 13839 A (LN/NIPS/NIPS),WILTON CENTER-DUMONT 765 (11215),00:40,-183.9,
12/26/2024,29015.0,3443.0,Duneare_Michigan_City_13839_138kv_flo_Wilton_Cen,DUNEACRE 13839 A (LN/NIPS/NIPS),WILTON CENTER-DUMONT 765 (11215),00:45,-60.4,
12/26/2024,29254.0,438951.0,TMP781_Pittsburg_Semino_345_kV_FTLO_Canadian_Riv,SEMINOLE SEMINOLE A (LN/OKGE/CSWS),PITTSBURG-CANADIAN RIVER 345,00:45,-0.4,
12/26/2024,29254.0,438951.0,TMP781_Pittsburg_Semino_345_kV_FTLO_Canadian_Riv,SEMINOLE SEMINOLE A (LN/OKGE/CSWS),PITTSBURG-CANADIAN RIVER 345,00:55,-1.07,
12/26/2024,29254.0,438951.0,TMP781_Pittsburg_Semino_345_kV_FTLO_Canadian_Riv,SEMINOLE SEMINOLE A (LN/OKGE/CSWS),PITTSBURG-CANADIAN RIVER 345,01:00,-18.6,
12/26/2024,29015.0,3443.0,Duneare_Michigan_City_13839_138kv_flo_Wilton_Cen,DUNEACRE 13839 A (LN/NIPS/NIPS),WILTON CENTER-DUMONT 765 (11215),01:05,-50.4,
12/26/2024,29254.0,438951.0,TMP781_Pittsburg_Semino_345_kV_FTLO_Canadian_Riv,SEMINOLE SEMINOLE A (LN/OKGE/CSWS),PITTSBURG-CANADIAN RIVER 345,01:05,-8.700000000000001,
12/26/2024,29015.0,3443.0,Duneare_Michigan_City_13839_138kv_flo_Wilton_Cen,DUNEACRE 13839 A (LN/NIPS/NIPS),WILTON CENTER-DUMONT 765 (11215),01:10,-160.3,
12/26/2024,29015.0,3443.0,Duneare_Michigan_City_13839_138kv_flo_Wilton_Cen,DUNEACRE 13839 A (LN/NIPS/NIPS),WILTON CENTER-DUMONT 765 (11215),01:15,-160.3,
12/26/2024,29015.0,3443.0,Duneare_Michigan_City_13839_138kv_flo_Wilton_Cen,DUNEACRE 13839 A (LN/NIPS/NIPS),WILTON CENTER-DUMONT 765 (11215),01:20,-189.9,
12/26/2024,2975.0,3545.0,Crete_St_Johns_Tap_345_kV_l_o_Dum_Wi_Cent_765_kV,ST_JOHN 34519 A (LN/NIPS/AEP),WILTON CENTER-DUMONT 765 (11215),01:25,-34.4,
12/26/2024,29254.0,438951.0,TMP781_Pittsburg_Semino_345_kV_FTLO_Canadian_Riv,SEMINOLE SEMINOLE A (LN/OKGE/CSWS),PITTSBURG-CANADIAN RIVER 345,01:25,-1.25,
12/26/2024,2975.0,3545.0,Crete_St_Johns_Tap_345_kV_l_o_Dum_Wi_Cent_765_kV,ST_JOHN 34519 A (LN/NIPS/AEP),WILTON CENTER-DUMONT 765 (11215),01:30,-50.7,
12/26/2024,2975.0,3545.0,Crete_St_Johns_Tap_345_kV_l_o_Dum_Wi_Cent_765_kV,ST_JOHN 34519 A (LN/NIPS/AEP),WILTON CENTER-DUMONT 765 (11215),01:40,-19.19,
12/26/2024,2975.0,3545.0,Crete_St_Johns_Tap_345_kV_l_o_Dum_Wi_Cent_765_kV,ST_JOHN 34519 A (LN/NIPS/AEP),WILTON CENTER-DUMONT 765 (11215),01:45,-29.6,
12/26/2024,2975.0,3545.0,Crete_St_Johns_Tap_345_kV_l_o_Dum_Wi_Cent_765_kV,ST_JOHN 34519 A (LN/NIPS/AEP),WILTON CENTER-DUMONT 765 (11215),01:55,-27.1,
12/26/2024,2975.0,3545.0,Crete_St_Johns_Tap_345_kV_l_o_Dum_Wi_Cent_765_kV,ST_JOHN 34519 A (LN/NIPS/AEP),WILTON CENTER-DUMONT 765 (11215),02:00,-31.0,
12/26/2024,2975.0,3545.0,Crete_St_Johns_Tap_345_kV_l_o_Dum_Wi_Cent_765_kV,ST_JOHN 34519 A (LN/NIPS/AEP),WILTON CENTER-DUMONT 765 (11215),02:05,-26.6,
12/26/2024,2975.0,3545.0,Crete_St_Johns_Tap_345_kV_l_o_Dum_Wi_Cent_765_kV,ST_JOHN 34519 A (LN/NIPS/AEP),WILTON CENTER-DUMONT 765 (11215),02:10,-29.1,
12/26/2024,2975.0,3545.0,Crete_St_Johns_Tap_345_kV_l_o_Dum_Wi_Cent_765_kV,ST_JOHN 34519 A (LN/NIPS/AEP),WILTON CENTER-DUMONT 765 (11215),02:20,-13.7,
12/26/2024,29254.0,438951.0,TMP781_Pittsburg_Semino_345_kV_FTLO_Canadian_Riv,SEMINOLE SEMINOLE A (LN/OKGE/CSWS),PITTSBURG-CANADIAN RIVER 345,02:20,-1.98,
12/26/2024,29254.0,438951.0,TMP781_Pittsburg_Semino_345_kV_FTLO_Canadian_Riv,SEMINOLE SEMINOLE A (LN/OKGE/CSWS),PITTSBURG-CANADIAN RIVER 345,02:25,-8.98,
12/26/2024,29254.0,438951.0,TMP781_Pittsburg_Semino_345_kV_FTLO_Canadian_Riv,SEMINOLE SEMINOLE A (LN/OKGE/CSWS),PITTSBURG-CANADIAN RIVER 345,02:30,-2.97,
12/26/2024,29254.0,438951.0,TMP781_Pittsburg_Semino_345_kV_FTLO_Canadian_Riv,SEMINOLE SEMINOLE A (LN/OKGE/CSWS),PITTSBURG-CANADIAN RIVER 345,02:35,-1.4,
12/26/2024,29254.0,438951.0,TMP781_Pittsburg_Semino_345_kV_FTLO_Canadian_Riv,SEMINOLE SEMINOLE A (LN/OKGE/CSWS),PITTSBURG-CANADIAN RIVER 345,02:40,-0.8,
12/26/2024,2975.0,3545.0,Crete_St_Johns_Tap_345_kV_l_o_Dum_Wi_Cent_765_kV,ST_JOHN 34519 A (LN/NIPS/AEP),WILTON CENTER-DUMONT 765 (11215),02:55,-3.32,
12/26/2024,2975.0,3545.0,Crete_St_Johns_Tap_345_kV_l_o_Dum_Wi_Cent_765_kV,ST_JOHN 34519 A (LN/NIPS/AEP),WILTON CENTER-DUMONT 765 (11215),03:00,-5.1000000000000005,
12/26/2024,29254.0,438951.0,TMP781_Pittsburg_Semino_345_kV_FTLO_Canadian_Riv,SEMINOLE SEMINOLE A (LN/OKGE/CSWS),PITTSBURG-CANADIAN RIVER 345,03:00,-2.29,
12/26/2024,29254.0,438951.0,TMP781_Pittsburg_Semino_345_kV_FTLO_Canadian_Riv,SEMINOLE SEMINOLE A (LN/OKGE/CSWS),PITTSBURG-CANADIAN RIVER 345,03:05,-0.4,
12/26/2024,2975.0,3545.0,Crete_St_Johns_Tap_345_kV_l_o_Dum_Wi_Cent_765_kV,ST_JOHN 34519 A (LN/NIPS/AEP),WILTON CENTER-DUMONT 765 (11215),03:10,-3.71,
12/26/2024,2975.0,3545.0,Crete_St_Johns_Tap_345_kV_l_o_Dum_Wi_Cent_765_kV,ST_JOHN 34519 A (LN/NIPS/AEP),WILTON CENTER-DUMONT 765 (11215),03:15,-25.9,
12/26/2024,2975.0,3545.0,Crete_St_Johns_Tap_345_kV_l_o_Dum_Wi_Cent_765_kV,ST_JOHN 34519 A (LN/NIPS/AEP),WILTON CENTER-DUMONT 765 (11215),03:20,-24.2,
12/26/2024,2975.0,3545.0,Crete_St_Johns_Tap_345_kV_l_o_Dum_Wi_Cent_765_kV,ST_JOHN 34519 A (LN/NIPS/AEP),WILTON CENTER-DUMONT 765 (11215),03:25,-24.2,
12/26/2024,2975.0,3545.0,Crete_St_Johns_Tap_345_kV_l_o_Dum_Wi_Cent_765_kV,ST_JOHN 34519 A (LN/NIPS/AEP),WILTON CENTER-DUMONT 765 (11215),03:30,-26.5,
12/26/2024,29254.0,438951.0,TMP781_Pittsburg_Semino_345_kV_FTLO_Canadian_Riv,SEMINOLE SEMINOLE A (LN/OKGE/CSWS),PITTSBURG-CANADIAN RIVER 345,03:40,-1.76,
12/26/2024,29254.0,438951.0,TMP781_Pittsburg_Semino_345_kV_FTLO_Canadian_Riv,SEMINOLE SEMINOLE A (LN/OKGE/CSWS),PITTSBURG-CANADIAN RIVER 345,03:45,-0.7,
12/26/2024,29254.0,438951.0,TMP781_Pittsburg_Semino_345_kV_FTLO_Canadian_Riv,SEMINOLE SEMINOLE A (LN/OKGE/CSWS),PITTSBURG-CANADIAN RIVER 345,03:50,-9.5,
12/26/2024,29254.0,438951.0,TMP781_Pittsburg_Semino_345_kV_FTLO_Canadian_Riv,SEMINOLE SEMINOLE A (LN/OKGE/CSWS),PITTSBURG-CANADIAN RIVER 345,03:55,-1.98,
12/26/2024,2975.0,3545.0,Crete_St_Johns_Tap_345_kV_l_o_Dum_Wi_Cent_765_kV,ST_JOHN 34519 A (LN/NIPS/AEP),WILTON CENTER-DUMONT 765 (11215),04:00,-14.3,
12/26/2024,29254.0,438951.0,TMP781_Pittsburg_Semino_345_kV_FTLO_Canadian_Riv,SEMINOLE SEMINOLE A (LN/OKGE/CSWS),PITTSBURG-CANADIAN RIVER 345,04:00,-5.5,
12/26/2024,2975.0,3545.0,Crete_St_Johns_Tap_345_kV_l_o_Dum_Wi_Cent_765_kV,ST_JOHN 34519 A (LN/NIPS/AEP),WILTON CENTER-DUMONT 765 (11215),04:05,-47.7,
12/26/2024,29254.0,438951.0,TMP781_Pittsburg_Semino_345_kV_FTLO_Canadian_Riv,SEMINOLE SEMINOLE A (LN/OKGE/CSWS),PITTSBURG-CANADIAN RIVER 345,04:05,-1.45,
12/26/2024,2975.0,3545.0,Crete_St_Johns_Tap_345_kV_l_o_Dum_Wi_Cent_765_kV,ST_JOHN 34519 A (LN/NIPS/AEP),WILTON CENTER-DUMONT 765 (11215),04:10,-37.1,
12/26/2024,2975.0,3545.0,Crete_St_Johns_Tap_345_kV_l_o_Dum_Wi_Cent_765_kV,ST_JOHN 34519 A (LN/NIPS/AEP),WILTON CENTER-DUMONT 765 (11215),04:15,-22.8,
12/26/2024,2975.0,3545.0,Crete_St_Johns_Tap_345_kV_l_o_Dum_Wi_Cent_765_kV,ST_JOHN 34519 A (LN/NIPS/AEP),WILTON CENTER-DUMONT 765 (11215),04:20,-29.4,
12/26/2024,29254.0,438951.0,TMP781_Pittsburg_Semino_345_kV_FTLO_Canadian_Riv,SEMINOLE SEMINOLE A (LN/OKGE/CSWS),PITTSBURG-CANADIAN RIVER 345,04:20,-7.6,
12/26/2024,29254.0,438951.0,TMP781_Pittsburg_Semino_345_kV_FTLO_Canadian_Riv,SEMINOLE SEMINOLE A (LN/OKGE/CSWS),PITTSBURG-CANADIAN RIVER 345,04:25,-8.1,
12/26/2024,29254.0,438951.0,TMP781_Pittsburg_Semino_345_kV_FTLO_Canadian_Riv,SEMINOLE SEMINOLE A (LN/OKGE/CSWS),PITTSBURG-CANADIAN RIVER 345,04:30,-16.69,
12/26/2024,29254.0,438951.0,TMP781_Pittsburg_Semino_345_kV_FTLO_Canadian_Riv,SEMINOLE SEMINOLE A (LN/OKGE/CSWS),PITTSBURG-CANADIAN RIVER 345,04:35,-9.5,
12/26/2024,29254.0,438951.0,TMP781_Pittsburg_Semino_345_kV_FTLO_Canadian_Riv,SEMINOLE SEMINOLE A (LN/OKGE/CSWS),PITTSBURG-CANADIAN RIVER 345,04:40,-3.87,
12/26/2024,2975.0,3545.0,Crete_St_Johns_Tap_345_kV_l_o_Dum_Wi_Cent_765_kV,ST_JOHN 34519 A (LN/NIPS/AEP),WILTON CENTER-DUMONT 765 (11215),04:45,-12.1,
12/26/2024,29254.0,438951.0,TMP781_Pittsburg_Semino_345_kV_FTLO_Canadian_Riv,SEMINOLE SEMINOLE A (LN/OKGE/CSWS),PITTSBURG-CANADIAN RIVER 345,04:45,-2.19,
12/26/2024,29254.0,438951.0,TMP781_Pittsburg_Semino_345_kV_FTLO_Canadian_Riv,SEMINOLE SEMINOLE A (LN/OKGE/CSWS),PITTSBURG-CANADIAN RIVER 345,04:50,-1.4,
12/26/2024,2975.0,3545.0,Crete_St_Johns_Tap_345_kV_l_o_Dum_Wi_Cent_765_kV,ST_JOHN 34519 A (LN/NIPS/AEP),WILTON CENTER-DUMONT 765 (11215),04:55,-29.1,
12/26/2024,29254.0,438951.0,TMP781_Pittsburg_Semino_345_kV_FTLO_Canadian_Riv,SEMINOLE SEMINOLE A (LN/OKGE/CSWS),PITTSBURG-CANADIAN RIVER 345,04:55,-2.2600000000000002,
12/26/2024,2975.0,3545.0,Crete_St_Johns_Tap_345_kV_l_o_Dum_Wi_Cent_765_kV,ST_JOHN 34519 A (LN/NIPS/AEP),WILTON CENTER-DUMONT 765 (11215),05:00,-32.6,
12/26/2024,29254.0,438951.0,TMP781_Pittsburg_Semino_345_kV_FTLO_Canadian_Riv,SEMINOLE SEMINOLE A (LN/OKGE/CSWS),PITTSBURG-CANADIAN RIVER 345,05:00,-2.3000000000000003,
12/26/2024,2975.0,3545.0,Crete_St_Johns_Tap_345_kV_l_o_Dum_Wi_Cent_765_kV,ST_JOHN 34519 A (LN/NIPS/AEP),WILTON CENTER-DUMONT 765 (11215),05:05,-59.5,
12/26/2024,2975.0,3545.0,Crete_St_Johns_Tap_345_kV_l_o_Dum_Wi_Cent_765_kV,ST_JOHN 34519 A (LN/NIPS/AEP),WILTON CENTER-DUMONT 765 (11215),05:10,-4.6000000000000005,
12/26/2024,2975.0,3545.0,Crete_St_Johns_Tap_345_kV_l_o_Dum_Wi_Cent_765_kV,ST_JOHN 34519 A (LN/NIPS/AEP),WILTON CENTER-DUMONT 765 (11215),05:15,-34.2,
12/26/2024,2975.0,3545.0,Crete_St_Johns_Tap_345_kV_l_o_Dum_Wi_Cent_765_kV,ST_JOHN 34519 A (LN/NIPS/AEP),WILTON CENTER-DUMONT 765 (11215),05:20,-24.4,
12/26/2024,,345472.0,BASE_FENOCH,INTF: CHARAMB CHARAELSBO11_1 1 (LN/NSP/NSP); CHARAMB CHARAPIPES11_1 1 (LN/NSP/NSP); FENTON TR5 TR5 (XF/NSP/*); NOBLES TR10 TR10_2 (XF/NSP/*); NOBLES TR9 TR9_2 (XF/NSP/*),,05:50,-22.76,
12/26/2024,,345472.0,BASE_FENOCH,INTF: CHARAMB CHARAELSBO11_1 1 (LN/NSP/NSP); CHARAMB CHARAPIPES11_1 1 (LN/NSP/NSP); FENTON TR5 TR5 (XF/NSP/*); NOBLES TR10 TR10_2 (XF/NSP/*); NOBLES TR9 TR9_2 (XF/NSP/*),,05:55,-23.36,
12/26/2024,,345472.0,BASE_FENOCH,INTF: CHARAMB CHARAELSBO11_1 1 (LN/NSP/NSP); CHARAMB CHARAPIPES11_1 1 (LN/NSP/NSP); FENTON TR5 TR5 (XF/NSP/*); NOBLES TR10 TR10_2 (XF/NSP/*); NOBLES TR9 TR9_2 (XF/NSP/*),,06:00,-67.88,
12/26/2024,,345472.0,BASE_FENOCH,INTF: CHARAMB CHARAELSBO11_1 1 (LN/NSP/NSP); CHARAMB CHARAPIPES11_1 1 (LN/NSP/NSP); FENTON TR5 TR5 (XF/NSP/*); NOBLES TR10 TR10_2 (XF/NSP/*); NOBLES TR9 TR9_2 (XF/NSP/*),,06:05,-57.92,
12/26/2024,,345472.0,BASE_FENOCH,INTF: CHARAMB CHARAELSBO11_1 1 (LN/NSP/NSP); CHARAMB CHARAPIPES11_1 1 (LN/NSP/NSP); FENTON TR5 TR5 (XF/NSP/*); NOBLES TR10 TR10_2 (XF/NSP/*); NOBLES TR9 TR9_2 (XF/NSP/*),,06:10,-59.05,
12/26/2024,,345472.0,BASE_FENOCH,INTF: CHARAMB CHARAELSBO11_1 1 (LN/NSP/NSP); CHARAMB CHARAPIPES11_1 1 (LN/NSP/NSP); FENTON TR5 TR5 (XF/NSP/*); NOBLES TR10 TR10_2 (XF/NSP/*); NOBLES TR9 TR9_2 (XF/NSP/*),,06:15,-24.95,
12/26/2024,,345472.0,BASE_FENOCH,INTF: CHARAMB CHARAELSBO11_1 1 (LN/NSP/NSP); CHARAMB CHARAPIPES11_1 1 (LN/NSP/NSP); FENTON TR5 TR5 (XF/NSP/*); NOBLES TR10 TR10_2 (XF/NSP/*); NOBLES TR9 TR9_2 (XF/NSP/*),,06:20,-26.04,
12/26/2024,29254.0,438951.0,TMP781_Pittsburg_Semino_345_kV_FTLO_Canadian_Riv,SEMINOLE SEMINOLE A (LN/OKGE/CSWS),PITTSBURG-CANADIAN RIVER 345,06:20,-1.2,
12/26/2024,,345472.0,BASE_FENOCH,INTF: CHARAMB CHARAELSBO11_1 1 (LN/NSP/NSP); CHARAMB CHARAPIPES11_1 1 (LN/NSP/NSP); FENTON TR5 TR5 (XF/NSP/*); NOBLES TR10 TR10_2 (XF/NSP/*); NOBLES TR9 TR9_2 (XF/NSP/*),,06:25,-58.0,
12/26/2024,29254.0,438951.0,TMP781_Pittsburg_Semino_345_kV_FTLO_Canadian_Riv,SEMINOLE SEMINOLE A (LN/OKGE/CSWS),PITTSBURG-CANADIAN RIVER 345,06:25,-2.9,
12/26/2024,,345472.0,BASE_FENOCH,INTF: CHARAMB CHARAELSBO11_1 1 (LN/NSP/NSP); CHARAMB CHARAPIPES11_1 1 (LN/NSP/NSP); FENTON TR5 TR5 (XF/NSP/*); NOBLES TR10 TR10_2 (XF/NSP/*); NOBLES TR9 TR9_2 (XF/NSP/*),,06:30,-58.51,
12/26/2024,2975.0,3545.0,Crete_St_Johns_Tap_345_kV_l_o_Dum_Wi_Cent_765_kV,ST_JOHN 34519 A (LN/NIPS/AEP),WILTON CENTER-DUMONT 765 (11215),06:30,-17.17,
12/26/2024,29254.0,438951.0,TMP781_Pittsburg_Semino_345_kV_FTLO_Canadian_Riv,SEMINOLE SEMINOLE A (LN/OKGE/CSWS),PITTSBURG-CANADIAN RIVER 345,06:30,-16.86,
12/26/2024,,345472.0,BASE_FENOCH,INTF: CHARAMB CHARAELSBO11_1 1 (LN/NSP/NSP); CHARAMB CHARAPIPES11_1 1 (LN/NSP/NSP); FENTON TR5 TR5 (XF/NSP/*); NOBLES TR10 TR10_2 (XF/NSP/*); NOBLES TR9 TR9_2 (XF/NSP/*),,06:35,-58.63,
12/26/2024,2975.0,3545.0,Crete_St_Johns_Tap_345_kV_l_o_Dum_Wi_Cent_765_kV,ST_JOHN 34519 A (LN/NIPS/AEP),WILTON CENTER-DUMONT 765 (11215),06:35,-9.0,
12/26/2024,29254.0,438951.0,TMP781_Pittsburg_Semino_345_kV_FTLO_Canadian_Riv,SEMINOLE SEMINOLE A (LN/OKGE/CSWS),PITTSBURG-CANADIAN RIVER 345,06:35,-9.200000000000001,
12/26/2024,,345472.0,BASE_FENOCH,INTF: CHARAMB CHARAELSBO11_1 1 (LN/NSP/NSP); CHARAMB CHARAPIPES11_1 1 (LN/NSP/NSP); FENTON TR5 TR5 (XF/NSP/*); NOBLES TR10 TR10_2 (XF/NSP/*); NOBLES TR9 TR9_2 (XF/NSP/*),,06:40,-61.39,
12/26/2024,2975.0,3545.0,Crete_St_Johns_Tap_345_kV_l_o_Dum_Wi_Cent_765_kV,ST_JOHN 34519 A (LN/NIPS/AEP),WILTON CENTER-DUMONT 765 (11215),06:40,-10.1,
12/26/2024,29254.0,438951.0,TMP781_Pittsburg_Semino_345_kV_FTLO_Canadian_Riv,SEMINOLE SEMINOLE A (LN/OKGE/CSWS),PITTSBURG-CANADIAN RIVER 345,06:40,-9.59,
12/26/2024,,345472.0,BASE_FENOCH,INTF: CHARAMB CHARAELSBO11_1 1 (LN/NSP/NSP); CHARAMB CHARAPIPES11_1 1 (LN/NSP/NSP); FENTON TR5 TR5 (XF/NSP/*); NOBLES TR10 TR10_2 (XF/NSP/*); NOBLES TR9 TR9_2 (XF/NSP/*),,06:45,-58.74,
12/26/2024,2975.0,3545.0,Crete_St_Johns_Tap_345_kV_l_o_Dum_Wi_Cent_765_kV,ST_JOHN 34519 A (LN/NIPS/AEP),WILTON CENTER-DUMONT 765 (11215),06:45,-4.3,
12/26/2024,29254.0,438951.0,TMP781_Pittsburg_Semino_345_kV_FTLO_Canadian_Riv,SEMINOLE SEMINOLE A (LN/OKGE/CSWS),PITTSBURG-CANADIAN RIVER 345,06:45,-17.3,
12/26/2024,,345472.0,BASE_FENOCH,INTF: CHARAMB CHARAELSBO11_1 1 (LN/NSP/NSP); CHARAMB CHARAPIPES11_1 1 (LN/NSP/NSP); FENTON TR5 TR5 (XF/NSP/*); NOBLES TR10 TR10_2 (XF/NSP/*); NOBLES TR9 TR9_2 (XF/NSP/*),,06:50,-58.77,
12/26/2024,2975.0,3545.0,Crete_St_Johns_Tap_345_kV_l_o_Dum_Wi_Cent_765_kV,ST_JOHN 34519 A (LN/NIPS/AEP),WILTON CENTER-DUMONT 765 (11215),06:50,-4.3,
12/26/2024,29254.0,438951.0,TMP781_Pittsburg_Semino_345_kV_FTLO_Canadian_Riv,SEMINOLE SEMINOLE A (LN/OKGE/CSWS),PITTSBURG-CANADIAN RIVER 345,06:50,-17.2,
12/26/2024,,345472.0,BASE_FENOCH,INTF: CHARAMB CHARAELSBO11_1 1 (LN/NSP/NSP); CHARAMB CHARAPIPES11_1 1 (LN/NSP/NSP); FENTON TR5 TR5 (XF/NSP/*); NOBLES TR10 TR10_2 (XF/NSP/*); NOBLES TR9 TR9_2 (XF/NSP/*),,06:55,-59.36,
12/26/2024,2975.0,3545.0,Crete_St_Johns_Tap_345_kV_l_o_Dum_Wi_Cent_765_kV,ST_JOHN 34519 A (LN/NIPS/AEP),WILTON CENTER-DUMONT 765 (11215),06:55,-2.4,
12/26/2024,29254.0,438951.0,TMP781_Pittsburg_Semino_345_kV_FTLO_Canadian_Riv,SEMINOLE SEMINOLE A (LN/OKGE/CSWS),PITTSBURG-CANADIAN RIVER 345,06:55,-16.47,
12/26/2024,,345472.0,BASE_FENOCH,INTF: CHARAMB CHARAELSBO11_1 1 (LN/NSP/NSP); CHARAMB CHARAPIPES11_1 1 (LN/NSP/NSP); FENTON TR5 TR5 (XF/NSP/*); NOBLES TR10 TR10_2 (XF/NSP/*); NOBLES TR9 TR9_2 (XF/NSP/*),,07:00,-56.53,
12/26/2024,29254.0,438951.0,TMP781_Pittsburg_Semino_345_kV_FTLO_Canadian_Riv,SEMINOLE SEMINOLE A (LN/OKGE/CSWS),PITTSBURG-CANADIAN RIVER 345,07:00,-19.89,
12/26/2024,,345472.0,BASE_FENOCH,INTF: CHARAMB CHARAELSBO11_1 1 (LN/NSP/NSP); CHARAMB CHARAPIPES11_1 1 (LN/NSP/NSP); FENTON TR5 TR5 (XF/NSP/*); NOBLES TR10 TR10_2 (XF/NSP/*); NOBLES TR9 TR9_2 (XF/NSP/*),,07:05,-56.68,
12/26/2024,2975.0,3545.0,Crete_St_Johns_Tap_345_kV_l_o_Dum_Wi_Cent_765_kV,ST_JOHN 34519 A (LN/NIPS/AEP),WILTON CENTER-DUMONT 765 (11215),07:05,-0.6,
12/26/2024,29254.0,438951.0,TMP781_Pittsburg_Semino_345_kV_FTLO_Canadian_Riv,SEMINOLE SEMINOLE A (LN/OKGE/CSWS),PITTSBURG-CANADIAN RIVER 345,07:05,-19.6,
12/26/2024,,345472.0,BASE_FENOCH,INTF: CHARAMB CHARAELSBO11_1 1 (LN/NSP/NSP); CHARAMB CHARAPIPES11_1 1 (LN/NSP/NSP); FENTON TR5 TR5 (XF/NSP/*); NOBLES TR10 TR10_2 (XF/NSP/*); NOBLES TR9 TR9_2 (XF/NSP/*),,07:10,-57.27,
12/26/2024,29015.0,3443.0,Duneare_Michigan_City_13839_138kv_flo_Wilton_Cen,DUNEACRE 13839 A (LN/NIPS/NIPS),WILTON CENTER-DUMONT 765 (11215),07:10,-164.64,
12/26/2024,,345472.0,BASE_FENOCH,INTF: CHARAMB CHARAELSBO11_1 1 (LN/NSP/NSP); CHARAMB CHARAPIPES11_1 1 (LN/NSP/NSP); FENTON TR5 TR5 (XF/NSP/*); NOBLES TR10 TR10_2 (XF/NSP/*); NOBLES TR9 TR9_2 (XF/NSP/*),,07:15,-55.43,
12/26/2024,29015.0,3443.0,Duneare_Michigan_City_13839_138kv_flo_Wilton_Cen,DUNEACRE 13839 A (LN/NIPS/NIPS),WILTON CENTER-DUMONT 765 (11215),07:15,-207.2,
12/26/2024,29254.0,438951.0,TMP781_Pittsburg_Semino_345_kV_FTLO_Canadian_Riv,SEMINOLE SEMINOLE A (LN/OKGE/CSWS),PITTSBURG-CANADIAN RIVER 345,07:15,-2.0,
12/26/2024,,345472.0,BASE_FENOCH,INTF: CHARAMB CHARAELSBO11_1 1 (LN/NSP/NSP); CHARAMB CHARAPIPES11_1 1 (LN/NSP/NSP); FENTON TR5 TR5 (XF/NSP/*); NOBLES TR10 TR10_2 (XF/NSP/*); NOBLES TR9 TR9_2 (XF/NSP/*),,07:20,-56.87,
12/26/2024,29015.0,3443.0,Duneare_Michigan_City_13839_138kv_flo_Wilton_Cen,DUNEACRE 13839 A (LN/NIPS/NIPS),WILTON CENTER-DUMONT 765 (11215),07:20,-223.0,
12/26/2024,29254.0,438951.0,TMP781_Pittsburg_Semino_345_kV_FTLO_Canadian_Riv,SEMINOLE SEMINOLE A (LN/OKGE/CSWS),PITTSBURG-CANADIAN RIVER 345,07:20,-3.56,
12/26/2024,,345472.0,BASE_FENOCH,INTF: CHARAMB CHARAELSBO11_1 1 (LN/NSP/NSP); CHARAMB CHARAPIPES11_1 1 (LN/NSP/NSP); FENTON TR5 TR5 (XF/NSP/*); NOBLES TR10 TR10_2 (XF/NSP/*); NOBLES TR9 TR9_2 (XF/NSP/*),,07:25,-57.62,
12/26/2024,2975.0,3545.0,Crete_St_Johns_Tap_345_kV_l_o_Dum_Wi_Cent_765_kV,ST_JOHN 34519 A (LN/NIPS/AEP),WILTON CENTER-DUMONT 765 (11215),07:25,-14.76,
12/26/2024,29254.0,438951.0,TMP781_Pittsburg_Semino_345_kV_FTLO_Canadian_Riv,SEMINOLE SEMINOLE A (LN/OKGE/CSWS),PITTSBURG-CANADIAN RIVER 345,07:25,-14.39,
12/26/2024,,345472.0,BASE_FENOCH,INTF: CHARAMB CHARAELSBO11_1 1 (LN/NSP/NSP); CHARAMB CHARAPIPES11_1 1 (LN/NSP/NSP); FENTON TR5 TR5 (XF/NSP/*); NOBLES TR10 TR10_2 (XF/NSP/*); NOBLES TR9 TR9_2 (XF/NSP/*),,07:30,-24.23,
12/26/2024,2975.0,3545.0,Crete_St_Johns_Tap_345_kV_l_o_Dum_Wi_Cent_765_kV,ST_JOHN 34519 A (LN/NIPS/AEP),WILTON CENTER-DUMONT 765 (11215),07:30,-22.1,
12/26/2024,29254.0,438951.0,TMP781_Pittsburg_Semino_345_kV_FTLO_Canadian_Riv,SEMINOLE SEMINOLE A (LN/OKGE/CSWS),PITTSBURG-CANADIAN RIVER 345,07:30,-9.9,
12/26/2024,,345472.0,BASE_FENOCH,INTF: CHARAMB CHARAELSBO11_1 1 (LN/NSP/NSP); CHARAMB CHARAPIPES11_1 1 (LN/NSP/NSP); FENTON TR5 TR5 (XF/NSP/*); NOBLES TR10 TR10_2 (XF/NSP/*); NOBLES TR9 TR9_2 (XF/NSP/*),,07:35,-24.93,
12/26/2024,2975.0,3545.0,Crete_St_Johns_Tap_345_kV_l_o_Dum_Wi_Cent_765_kV,ST_JOHN 34519 A (LN/NIPS/AEP),WILTON CENTER-DUMONT 765 (11215),07:35,-22.1,
12/26/2024,29254.0,438951.0,TMP781_Pittsburg_Semino_345_kV_FTLO_Canadian_Riv,SEMINOLE SEMINOLE A (LN/OKGE/CSWS),PITTSBURG-CANADIAN RIVER 345,07:35,-9.1,
12/26/2024,,345472.0,BASE_FENOCH,INTF: CHARAMB CHARAELSBO11_1 1 (LN/NSP/NSP); CHARAMB CHARAPIPES11_1 1 (LN/NSP/NSP); FENTON TR5 TR5 (XF/NSP/*); NOBLES TR10 TR10_2 (XF/NSP/*); NOBLES TR9 TR9_2 (XF/NSP/*),,07:40,-58.73,
12/26/2024,29254.0,438951.0,TMP781_Pittsburg_Semino_345_kV_FTLO_Canadian_Riv,SEMINOLE SEMINOLE A (LN/OKGE/CSWS),PITTSBURG-CANADIAN RIVER 345,07:40,-15.7,
12/26/2024,,345472.0,BASE_FENOCH,INTF: CHARAMB CHARAELSBO11_1 1 (LN/NSP/NSP); CHARAMB CHARAPIPES11_1 1 (LN/NSP/NSP); FENTON TR5 TR5 (XF/NSP/*); NOBLES TR10 TR10_2 (XF/NSP/*); NOBLES TR9 TR9_2 (XF/NSP/*),,07:45,-26.25,
12/26/2024,29254.0,438951.0,TMP781_Pittsburg_Semino_345_kV_FTLO_Canadian_Riv,SEMINOLE SEMINOLE A (LN/OKGE/CSWS),PITTSBURG-CANADIAN RIVER 345,07:45,-15.89,
12/26/2024,,345472.0,BASE_FENOCH,INTF: CHARAMB CHARAELSBO11_1 1 (LN/NSP/NSP); CHARAMB CHARAPIPES11_1 1 (LN/NSP/NSP); FENTON TR5 TR5 (XF/NSP/*); NOBLES TR10 TR10_2 (XF/NSP/*); NOBLES TR9 TR9_2 (XF/NSP/*),,07:50,-25.6,
12/26/2024,2975.0,3545.0,Crete_St_Johns_Tap_345_kV_l_o_Dum_Wi_Cent_765_kV,ST_JOHN 34519 A (LN/NIPS/AEP),WILTON CENTER-DUMONT 765 (11215),07:50,-2.0,
12/26/2024,29254.0,438951.0,TMP781_Pittsburg_Semino_345_kV_FTLO_Canadian_Riv,SEMINOLE SEMINOLE A (LN/OKGE/CSWS),PITTSBURG-CANADIAN RIVER 345,07:50,-15.16,
12/26/2024,,345472.0,BASE_FENOCH,INTF: CHARAMB CHARAELSBO11_1 1 (LN/NSP/NSP); CHARAMB CHARAPIPES11_1 1 (LN/NSP/NSP); FENTON TR5 TR5 (XF/NSP/*); NOBLES TR10 TR10_2 (XF/NSP/*); NOBLES TR9 TR9_2 (XF/NSP/*),,07:55,-58.14,
12/26/2024,29254.0,438951.0,TMP781_Pittsburg_Semino_345_kV_FTLO_Canadian_Riv,SEMINOLE SEMINOLE A (LN/OKGE/CSWS),PITTSBURG-CANADIAN RIVER 345,07:55,-15.4,
12/26/2024,,345472.0,BASE_FENOCH,INTF: CHARAMB CHARAELSBO11_1 1 (LN/NSP/NSP); CHARAMB CHARAPIPES11_1 1 (LN/NSP/NSP); FENTON TR5 TR5 (XF/NSP/*); NOBLES TR10 TR10_2 (XF/NSP/*); NOBLES TR9 TR9_2 (XF/NSP/*),,08:00,-55.14,
12/26/2024,29254.0,438951.0,TMP781_Pittsburg_Semino_345_kV_FTLO_Canadian_Riv,SEMINOLE SEMINOLE A (LN/OKGE/CSWS),PITTSBURG-CANADIAN RIVER 345,08:00,-15.75,
12/26/2024,,345472.0,BASE_FENOCH,INTF: CHARAMB CHARAELSBO11_1 1 (LN/NSP/NSP); CHARAMB CHARAPIPES11_1 1 (LN/NSP/NSP); FENTON TR5 TR5 (XF/NSP/*); NOBLES TR10 TR10_2 (XF/NSP/*); NOBLES TR9 TR9_2 (XF/NSP/*),,08:05,-56.8,
12/26/2024,29254.0,438951.0,TMP781_Pittsburg_Semino_345_kV_FTLO_Canadian_Riv,SEMINOLE SEMINOLE A (LN/OKGE/CSWS),PITTSBURG-CANADIAN RIVER 345,08:05,-15.5,
12/26/2024,,345472.0,BASE_FENOCH,INTF: CHARAMB CHARAELSBO11_1 1 (LN/NSP/NSP); CHARAMB CHARAPIPES11_1 1 (LN/NSP/NSP); FENTON TR5 TR5 (XF/NSP/*); NOBLES TR10 TR10_2 (XF/NSP/*); NOBLES TR9 TR9_2 (XF/NSP/*),,08:10,-56.81,
12/26/2024,29254.0,438951.0,TMP781_Pittsburg_Semino_345_kV_FTLO_Canadian_Riv,SEMINOLE SEMINOLE A (LN/OKGE/CSWS),PITTSBURG-CANADIAN RIVER 345,08:10,-15.5,
12/26/2024,,345472.0,BASE_FENOCH,INTF: CHARAMB CHARAELSBO11_1 1 (LN/NSP/NSP); CHARAMB CHARAPIPES11_1 1 (LN/NSP/NSP); FENTON TR5 TR5 (XF/NSP/*); NOBLES TR10 TR10_2 (XF/NSP/*); NOBLES TR9 TR9_2 (XF/NSP/*),,08:15,-57.57,
12/26/2024,29254.0,438951.0,TMP781_Pittsburg_Semino_345_kV_FTLO_Canadian_Riv,SEMINOLE SEMINOLE A (LN/OKGE/CSWS),PITTSBURG-CANADIAN RIVER 345,08:15,-11.79,
12/26/2024,,345472.0,BASE_FENOCH,INTF: CHARAMB CHARAELSBO11_1 1 (LN/NSP/NSP); CHARAMB CHARAPIPES11_1 1 (LN/NSP/NSP); FENTON TR5 TR5 (XF/NSP/*); NOBLES TR10 TR10_2 (XF/NSP/*); NOBLES TR9 TR9_2 (XF/NSP/*),,08:20,-57.56,
12/26/2024,29254.0,438951.0,TMP781_Pittsburg_Semino_345_kV_FTLO_Canadian_Riv,SEMINOLE SEMINOLE A (LN/OKGE/CSWS),PITTSBURG-CANADIAN RIVER 345,08:20,-7.75,
12/26/2024,,345472.0,BASE_FENOCH,INTF: CHARAMB CHARAELSBO11_1 1 (LN/NSP/NSP); CHARAMB CHARAPIPES11_1 1 (LN/NSP/NSP); FENTON TR5 TR5 (XF/NSP/*); NOBLES TR10 TR10_2 (XF/NSP/*); NOBLES TR9 TR9_2 (XF/NSP/*),,08:25,-61.09,
12/26/2024,29254.0,438951.0,TMP781_Pittsburg_Semino_345_kV_FTLO_Canadian_Riv,SEMINOLE SEMINOLE A (LN/OKGE/CSWS),PITTSBURG-CANADIAN RIVER 345,08:25,-11.6,
12/26/2024,,345472.0,BASE_FENOCH,INTF: CHARAMB CHARAELSBO11_1 1 (LN/NSP/NSP); CHARAMB CHARAPIPES11_1 1 (LN/NSP/NSP); FENTON TR5 TR5 (XF/NSP/*); NOBLES TR10 TR10_2 (XF/NSP/*); NOBLES TR9 TR9_2 (XF/NSP/*),,08:30,-61.74,
12/26/2024,29254.0,438951.0,TMP781_Pittsburg_Semino_345_kV_FTLO_Canadian_Riv,SEMINOLE SEMINOLE A (LN/OKGE/CSWS),PITTSBURG-CANADIAN RIVER 345,08:30,-3.37,
12/26/2024,,345472.0,BASE_FENOCH,INTF: CHARAMB CHARAELSBO11_1 1 (LN/NSP/NSP); CHARAMB CHARAPIPES11_1 1 (LN/NSP/NSP); FENTON TR5 TR5 (XF/NSP/*); NOBLES TR10 TR10_2 (XF/NSP/*); NOBLES TR9 TR9_2 (XF/NSP/*),,08:35,-58.2,
12/26/2024,,345472.0,BASE_FENOCH,INTF: CHARAMB CHARAELSBO11_1 1 (LN/NSP/NSP); CHARAMB CHARAPIPES11_1 1 (LN/NSP/NSP); FENTON TR5 TR5 (XF/NSP/*); NOBLES TR10 TR10_2 (XF/NSP/*); NOBLES TR9 TR9_2 (XF/NSP/*),,08:40,-58.38,
12/26/2024,,345472.0,BASE_FENOCH,INTF: CHARAMB CHARAELSBO11_1 1 (LN/NSP/NSP); CHARAMB CHARAPIPES11_1 1 (LN/NSP/NSP); FENTON TR5 TR5 (XF/NSP/*); NOBLES TR10 TR10_2 (XF/NSP/*); NOBLES TR9 TR9_2 (XF/NSP/*),,08:45,-58.37,
12/26/2024,,345472.0,BASE_FENOCH,INTF: CHARAMB CHARAELSBO11_1 1 (LN/NSP/NSP); CHARAMB CHARAPIPES11_1 1 (LN/NSP/NSP); FENTON TR5 TR5 (XF/NSP/*); NOBLES TR10 TR10_2 (XF/NSP/*); NOBLES TR9 TR9_2 (XF/NSP/*),,08:50,-58.31,
12/26/2024,,345472.0,BASE_FENOCH,INTF: CHARAMB CHARAELSBO11_1 1 (LN/NSP/NSP); CHARAMB CHARAPIPES11_1 1 (LN/NSP/NSP); FENTON TR5 TR5 (XF/NSP/*); NOBLES TR10 TR10_2 (XF/NSP/*); NOBLES TR9 TR9_2 (XF/NSP/*),,08:55,-58.35,
12/26/2024,,345472.0,BASE_FENOCH,INTF: CHARAMB CHARAELSBO11_1 1 (LN/NSP/NSP); CHARAMB CHARAPIPES11_1 1 (LN/NSP/NSP); FENTON TR5 TR5 (XF/NSP/*); NOBLES TR10 TR10_2 (XF/NSP/*); NOBLES TR9 TR9_2 (XF/NSP/*),,09:00,-57.63,
12/26/2024,,345472.0,BASE_FENOCH,INTF: CHARAMB CHARAELSBO11_1 1 (LN/NSP/NSP); CHARAMB CHARAPIPES11_1 1 (LN/NSP/NSP); FENTON TR5 TR5 (XF/NSP/*); NOBLES TR10 TR10_2 (XF/NSP/*); NOBLES TR9 TR9_2 (XF/NSP/*),,09:05,-57.7,
12/26/2024,,345472.0,BASE_FENOCH,INTF: CHARAMB CHARAELSBO11_1 1 (LN/NSP/NSP); CHARAMB CHARAPIPES11_1 1 (LN/NSP/NSP); FENTON TR5 TR5 (XF/NSP/*); NOBLES TR10 TR10_2 (XF/NSP/*); NOBLES TR9 TR9_2 (XF/NSP/*),,09:10,-57.99,
12/26/2024,,345472.0,BASE_FENOCH,INTF: CHARAMB CHARAELSBO11_1 1 (LN/NSP/NSP); CHARAMB CHARAPIPES11_1 1 (LN/NSP/NSP); FENTON TR5 TR5 (XF/NSP/*); NOBLES TR10 TR10_2 (XF/NSP/*); NOBLES TR9 TR9_2 (XF/NSP/*),,09:15,-58.68,
12/26/2024,29254.0,438951.0,TMP781_Pittsburg_Semino_345_kV_FTLO_Canadian_Riv,SEMINOLE SEMINOLE A (LN/OKGE/CSWS),PITTSBURG-CANADIAN RIVER 345,09:15,-2.69,
12/26/2024,,345472.0,BASE_FENOCH,INTF: CHARAMB CHARAELSBO11_1 1 (LN/NSP/NSP); CHARAMB CHARAPIPES11_1 1 (LN/NSP/NSP); FENTON TR5 TR5 (XF/NSP/*); NOBLES TR10 TR10_2 (XF/NSP/*); NOBLES TR9 TR9_2 (XF/NSP/*),,09:20,-58.31,
12/26/2024,29254.0,438951.0,TMP781_Pittsburg_Semino_345_kV_FTLO_Canadian_Riv,SEMINOLE SEMINOLE A (LN/OKGE/CSWS),PITTSBURG-CANADIAN RIVER 345,09:20,-3.39,
12/26/2024,,345472.0,BASE_FENOCH,INTF: CHARAMB CHARAELSBO11_1 1 (LN/NSP/NSP); CHARAMB CHARAPIPES11_1 1 (LN/NSP/NSP); FENTON TR5 TR5 (XF/NSP/*); NOBLES TR10 TR10_2 (XF/NSP/*); NOBLES TR9 TR9_2 (XF/NSP/*),,09:25,-58.1,
12/26/2024,29254.0,438951.0,TMP781_Pittsburg_Semino_345_kV_FTLO_Canadian_Riv,SEMINOLE SEMINOLE A (LN/OKGE/CSWS),PITTSBURG-CANADIAN RIVER 345,09:25,-4.2,
12/26/2024,,345472.0,BASE_FENOCH,INTF: CHARAMB CHARAELSBO11_1 1 (LN/NSP/NSP); CHARAMB CHARAPIPES11_1 1 (LN/NSP/NSP); FENTON TR5 TR5 (XF/NSP/*); NOBLES TR10 TR10_2 (XF/NSP/*); NOBLES TR9 TR9_2 (XF/NSP/*),,09:30,-59.2,
12/26/2024,29254.0,438951.0,TMP781_Pittsburg_Semino_345_kV_FTLO_Canadian_Riv,SEMINOLE SEMINOLE A (LN/OKGE/CSWS),PITTSBURG-CANADIAN RIVER 345,09:30,-4.08,
12/26/2024,,345472.0,BASE_FENOCH,INTF: CHARAMB CHARAELSBO11_1 1 (LN/NSP/NSP); CHARAMB CHARAPIPES11_1 1 (LN/NSP/NSP); FENTON TR5 TR5 (XF/NSP/*); NOBLES TR10 TR10_2 (XF/NSP/*); NOBLES TR9 TR9_2 (XF/NSP/*),,09:35,-58.77,
12/26/2024,29254.0,438951.0,TMP781_Pittsburg_Semino_345_kV_FTLO_Canadian_Riv,SEMINOLE SEMINOLE A (LN/OKGE/CSWS),PITTSBURG-CANADIAN RIVER 345,09:35,-3.5,
12/26/2024,,345472.0,BASE_FENOCH,INTF: CHARAMB CHARAELSBO11_1 1 (LN/NSP/NSP); CHARAMB CHARAPIPES11_1 1 (LN/NSP/NSP); FENTON TR5 TR5 (XF/NSP/*); NOBLES TR10 TR10_2 (XF/NSP/*); NOBLES TR9 TR9_2 (XF/NSP/*),,09:40,-24.41,
12/26/2024,29254.0,438951.0,TMP781_Pittsburg_Semino_345_kV_FTLO_Canadian_Riv,SEMINOLE SEMINOLE A (LN/OKGE/CSWS),PITTSBURG-CANADIAN RIVER 345,09:40,-3.5,
12/26/2024,,345472.0,BASE_FENOCH,INTF: CHARAMB CHARAELSBO11_1 1 (LN/NSP/NSP); CHARAMB CHARAPIPES11_1 1 (LN/NSP/NSP); FENTON TR5 TR5 (XF/NSP/*); NOBLES TR10 TR10_2 (XF/NSP/*); NOBLES TR9 TR9_2 (XF/NSP/*),,09:45,-24.61,
12/26/2024,29254.0,438951.0,TMP781_Pittsburg_Semino_345_kV_FTLO_Canadian_Riv,SEMINOLE SEMINOLE A (LN/OKGE/CSWS),PITTSBURG-CANADIAN RIVER 345,09:45,-2.39,
12/26/2024,,345472.0,BASE_FENOCH,INTF: CHARAMB CHARAELSBO11_1 1 (LN/NSP/NSP); CHARAMB CHARAPIPES11_1 1 (LN/NSP/NSP); FENTON TR5 TR5 (XF/NSP/*); NOBLES TR10 TR10_2 (XF/NSP/*); NOBLES TR9 TR9_2 (XF/NSP/*),,09:50,-26.58,
12/26/2024,29254.0,438951.0,TMP781_Pittsburg_Semino_345_kV_FTLO_Canadian_Riv,SEMINOLE SEMINOLE A (LN/OKGE/CSWS),PITTSBURG-CANADIAN RIVER 345,09:50,-2.77,
12/26/2024,,345472.0,BASE_FENOCH,INTF: CHARAMB CHARAELSBO11_1 1 (LN/NSP/NSP); CHARAMB CHARAPIPES11_1 1 (LN/NSP/NSP); FENTON TR5 TR5 (XF/NSP/*); NOBLES TR10 TR10_2 (XF/NSP/*); NOBLES TR9 TR9_2 (XF/NSP/*),,09:55,-58.64,
12/26/2024,29254.0,438951.0,TMP781_Pittsburg_Semino_345_kV_FTLO_Canadian_Riv,SEMINOLE SEMINOLE A (LN/OKGE/CSWS),PITTSBURG-CANADIAN RIVER 345,09:55,-2.89,
12/26/2024,,345472.0,BASE_FENOCH,INTF: CHARAMB CHARAELSBO11_1 1 (LN/NSP/NSP); CHARAMB CHARAPIPES11_1 1 (LN/NSP/NSP); FENTON TR5 TR5 (XF/NSP/*); NOBLES TR10 TR10_2 (XF/NSP/*); NOBLES TR9 TR9_2 (XF/NSP/*),,10:00,-61.08,
12/26/2024,29254.0,438951.0,TMP781_Pittsburg_Semino_345_kV_FTLO_Canadian_Riv,SEMINOLE SEMINOLE A (LN/OKGE/CSWS),PITTSBURG-CANADIAN RIVER 345,10:00,-2.9,
12/26/2024,,345472.0,BASE_FENOCH,INTF: CHARAMB CHARAELSBO11_1 1 (LN/NSP/NSP); CHARAMB CHARAPIPES11_1 1 (LN/NSP/NSP); FENTON TR5 TR5 (XF/NSP/*); NOBLES TR10 TR10_2 (XF/NSP/*); NOBLES TR9 TR9_2 (XF/NSP/*),,10:05,-37.61,
12/26/2024,29254.0,438951.0,TMP781_Pittsburg_Semino_345_kV_FTLO_Canadian_Riv,SEMINOLE SEMINOLE A (LN/OKGE/CSWS),PITTSBURG-CANADIAN RIVER 345,10:05,-2.4,
12/26/2024,,345472.0,BASE_FENOCH,INTF: CHARAMB CHARAELSBO11_1 1 (LN/NSP/NSP); CHARAMB CHARAPIPES11_1 1 (LN/NSP/NSP); FENTON TR5 TR5 (XF/NSP/*); NOBLES TR10 TR10_2 (XF/NSP/*); NOBLES TR9 TR9_2 (XF/NSP/*),,10:10,-47.69,
12/26/2024,29254.0,438951.0,TMP781_Pittsburg_Semino_345_kV_FTLO_Canadian_Riv,SEMINOLE SEMINOLE A (LN/OKGE/CSWS),PITTSBURG-CANADIAN RIVER 345,10:10,-1.26,
12/26/2024,,345472.0,BASE_FENOCH,INTF: CHARAMB CHARAELSBO11_1 1 (LN/NSP/NSP); CHARAMB CHARAPIPES11_1 1 (LN/NSP/NSP); FENTON TR5 TR5 (XF/NSP/*); NOBLES TR10 TR10_2 (XF/NSP/*); NOBLES TR9 TR9_2 (XF/NSP/*),,10:15,-27.97,
12/26/2024,29254.0,438951.0,TMP781_Pittsburg_Semino_345_kV_FTLO_Canadian_Riv,SEMINOLE SEMINOLE A (LN/OKGE/CSWS),PITTSBURG-CANADIAN RIVER 345,10:15,-1.2,
12/26/2024,,345472.0,BASE_FENOCH,INTF: CHARAMB CHARAELSBO11_1 1 (LN/NSP/NSP); CHARAMB CHARAPIPES11_1 1 (LN/NSP/NSP); FENTON TR5 TR5 (XF/NSP/*); NOBLES TR10 TR10_2 (XF/NSP/*); NOBLES TR9 TR9_2 (XF/NSP/*),,10:20,-27.38,
12/26/2024,29254.0,438951.0,TMP781_Pittsburg_Semino_345_kV_FTLO_Canadian_Riv,SEMINOLE SEMINOLE A (LN/OKGE/CSWS),PITTSBURG-CANADIAN RIVER 345,10:20,-2.1,
12/26/2024,,345472.0,BASE_FENOCH,INTF: CHARAMB CHARAELSBO11_1 1 (LN/NSP/NSP); CHARAMB CHARAPIPES11_1 1 (LN/NSP/NSP); FENTON TR5 TR5 (XF/NSP/*); NOBLES TR10 TR10_2 (XF/NSP/*); NOBLES TR9 TR9_2 (XF/NSP/*),,10:25,-25.2,
12/26/2024,29254.0,438951.0,TMP781_Pittsburg_Semino_345_kV_FTLO_Canadian_Riv,SEMINOLE SEMINOLE A (LN/OKGE/CSWS),PITTSBURG-CANADIAN RIVER 345,10:25,-2.2600000000000002,
12/26/2024,,345472.0,BASE_FENOCH,INTF: CHARAMB CHARAELSBO11_1 1 (LN/NSP/NSP); CHARAMB CHARAPIPES11_1 1 (LN/NSP/NSP); FENTON TR5 TR5 (XF/NSP/*); NOBLES TR10 TR10_2 (XF/NSP/*); NOBLES TR9 TR9_2 (XF/NSP/*),,10:30,-25.23,
12/26/2024,29254.0,438951.0,TMP781_Pittsburg_Semino_345_kV_FTLO_Canadian_Riv,SEMINOLE SEMINOLE A (LN/OKGE/CSWS),PITTSBURG-CANADIAN RIVER 345,10:30,-2.4,
12/26/2024,,345472.0,BASE_FENOCH,INTF: CHARAMB CHARAELSBO11_1 1 (LN/NSP/NSP); CHARAMB CHARAPIPES11_1 1 (LN/NSP/NSP); FENTON TR5 TR5 (XF/NSP/*); NOBLES TR10 TR10_2 (XF/NSP/*); NOBLES TR9 TR9_2 (XF/NSP/*),,10:35,-26.47,
12/26/2024,29254.0,438951.0,TMP781_Pittsburg_Semino_345_kV_FTLO_Canadian_Riv,SEMINOLE SEMINOLE A (LN/OKGE/CSWS),PITTSBURG-CANADIAN RIVER 345,10:35,-3.88,
12/26/2024,,345472.0,BASE_FENOCH,INTF: CHARAMB CHARAELSBO11_1 1 (LN/NSP/NSP); CHARAMB CHARAPIPES11_1 1 (LN/NSP/NSP); FENTON TR5 TR5 (XF/NSP/*); NOBLES TR10 TR10_2 (XF/NSP/*); NOBLES TR9 TR9_2 (XF/NSP/*),,10:40,-26.24,
12/26/2024,29254.0,438951.0,TMP781_Pittsburg_Semino_345_kV_FTLO_Canadian_Riv,SEMINOLE SEMINOLE A (LN/OKGE/CSWS),PITTSBURG-CANADIAN RIVER 345,10:40,-15.57,
12/26/2024,,345472.0,BASE_FENOCH,INTF: CHARAMB CHARAELSBO11_1 1 (LN/NSP/NSP); CHARAMB CHARAPIPES11_1 1 (LN/NSP/NSP); FENTON TR5 TR5 (XF/NSP/*); NOBLES TR10 TR10_2 (XF/NSP/*); NOBLES TR9 TR9_2 (XF/NSP/*),,10:45,-25.24,
12/26/2024,30825.0,229670.0,Batesvil_Batesvil_115kV_FLO_Batesvil_LS_Power_23,BATSV5 BATSV5_BATSV73 A (LN/EMBA/TVA),BATESVILLE-L S POWER 230,10:45,-0.82,
12/26/2024,29254.0,438951.0,TMP781_Pittsburg_Semino_345_kV_FTLO_Canadian_Riv,SEMINOLE SEMINOLE A (LN/OKGE/CSWS),PITTSBURG-CANADIAN RIVER 345,10:45,-15.16,
12/26/2024,,345472.0,BASE_FENOCH,INTF: CHARAMB CHARAELSBO11_1 1 (LN/NSP/NSP); CHARAMB CHARAPIPES11_1 1 (LN/NSP/NSP); FENTON TR5 TR5 (XF/NSP/*); NOBLES TR10 TR10_2 (XF/NSP/*); NOBLES TR9 TR9_2 (XF/NSP/*),,10:50,-26.53,
12/26/2024,30825.0,229670.0,Batesvil_Batesvil_115kV_FLO_Batesvil_LS_Power_23,BATSV5 BATSV5_BATSV73 A (LN/EMBA/TVA),BATESVILLE-L S POWER 230,10:50,-0.47,
12/26/2024,29254.0,438951.0,TMP781_Pittsburg_Semino_345_kV_FTLO_Canadian_Riv,SEMINOLE SEMINOLE A (LN/OKGE/CSWS),PITTSBURG-CANADIAN RIVER 345,10:50,-16.18,
12/26/2024,,345472.0,BASE_FENOCH,INTF: CHARAMB CHARAELSBO11_1 1 (LN/NSP/NSP); CHARAMB CHARAPIPES11_1 1 (LN/NSP/NSP); FENTON TR5 TR5 (XF/NSP/*); NOBLES TR10 TR10_2 (XF/NSP/*); NOBLES TR9 TR9_2 (XF/NSP/*),,10:55,-29.46,
12/26/2024,30825.0,229670.0,Batesvil_Batesvil_115kV_FLO_Batesvil_LS_Power_23,BATSV5 BATSV5_BATSV73 A (LN/EMBA/TVA),BATESVILLE-L S POWER 230,10:55,-1.38,
12/26/2024,29254.0,438951.0,TMP781_Pittsburg_Semino_345_kV_FTLO_Canadian_Riv,SEMINOLE SEMINOLE A (LN/OKGE/CSWS),PITTSBURG-CANADIAN RIVER 345,10:55,-13.68,
12/26/2024,,345472.0,BASE_FENOCH,INTF: CHARAMB CHARAELSBO11_1 1 (LN/NSP/NSP); CHARAMB CHARAPIPES11_1 1 (LN/NSP/NSP); FENTON TR5 TR5 (XF/NSP/*); NOBLES TR10 TR10_2 (XF/NSP/*); NOBLES TR9 TR9_2 (XF/NSP/*),,11:00,-63.94000000000001,
12/26/2024,30825.0,229670.0,Batesvil_Batesvil_115kV_FLO_Batesvil_LS_Power_23,BATSV5 BATSV5_BATSV73 A (LN/EMBA/TVA),BATESVILLE-L S POWER 230,11:00,-1.98,
12/26/2024,29254.0,438951.0,TMP781_Pittsburg_Semino_345_kV_FTLO_Canadian_Riv,SEMINOLE SEMINOLE A (LN/OKGE/CSWS),PITTSBURG-CANADIAN RIVER 345,11:00,-10.9,
12/26/2024,,345472.0,BASE_FENOCH,INTF: CHARAMB CHARAELSBO11_1 1 (LN/NSP/NSP); CHARAMB CHARAPIPES11_1 1 (LN/NSP/NSP); FENTON TR5 TR5 (XF/NSP/*); NOBLES TR10 TR10_2 (XF/NSP/*); NOBLES TR9 TR9_2 (XF/NSP/*),,11:05,-43.16,
12/26/2024,30825.0,229670.0,Batesvil_Batesvil_115kV_FLO_Batesvil_LS_Power_23,BATSV5 BATSV5_BATSV73 A (LN/EMBA/TVA),BATESVILLE-L S POWER 230,11:05,-19.45,
12/26/2024,29254.0,438951.0,TMP781_Pittsburg_Semino_345_kV_FTLO_Canadian_Riv,SEMINOLE SEMINOLE A (LN/OKGE/CSWS),PITTSBURG-CANADIAN RIVER 345,11:05,-6.5,
12/26/2024,,345472.0,BASE_FENOCH,INTF: CHARAMB CHARAELSBO11_1 1 (LN/NSP/NSP); CHARAMB CHARAPIPES11_1 1 (LN/NSP/NSP); FENTON TR5 TR5 (XF/NSP/*); NOBLES TR10 TR10_2 (XF/NSP/*); NOBLES TR9 TR9_2 (XF/NSP/*),,11:10,-31.6,
12/26/2024,30825.0,229670.0,Batesvil_Batesvil_115kV_FLO_Batesvil_LS_Power_23,BATSV5 BATSV5_BATSV73 A (LN/EMBA/TVA),BATESVILLE-L S POWER 230,11:10,-3.05,
12/26/2024,29254.0,438951.0,TMP781_Pittsburg_Semino_345_kV_FTLO_Canadian_Riv,SEMINOLE SEMINOLE A (LN/OKGE/CSWS),PITTSBURG-CANADIAN RIVER 345,11:10,-6.5,
12/26/2024,,345472.0,BASE_FENOCH,INTF: CHARAMB CHARAELSBO11_1 1 (LN/NSP/NSP); CHARAMB CHARAPIPES11_1 1 (LN/NSP/NSP); FENTON TR5 TR5 (XF/NSP/*); NOBLES TR10 TR10_2 (XF/NSP/*); NOBLES TR9 TR9_2 (XF/NSP/*),,11:15,-33.8,
12/26/2024,29254.0,438951.0,TMP781_Pittsburg_Semino_345_kV_FTLO_Canadian_Riv,SEMINOLE SEMINOLE A (LN/OKGE/CSWS),PITTSBURG-CANADIAN RIVER 345,11:15,-4.18,
12/26/2024,,345472.0,BASE_FENOCH,INTF: CHARAMB CHARAELSBO11_1 1 (LN/NSP/NSP); CHARAMB CHARAPIPES11_1 1 (LN/NSP/NSP); FENTON TR5 TR5 (XF/NSP/*); NOBLES TR10 TR10_2 (XF/NSP/*); NOBLES TR9 TR9_2 (XF/NSP/*),,11:20,-31.99,
12/26/2024,29254.0,438951.0,TMP781_Pittsburg_Semino_345_kV_FTLO_Canadian_Riv,SEMINOLE SEMINOLE A (LN/OKGE/CSWS),PITTSBURG-CANADIAN RIVER 345,11:20,-4.59,
12/26/2024,,345472.0,BASE_FENOCH,INTF: CHARAMB CHARAELSBO11_1 1 (LN/NSP/NSP); CHARAMB CHARAPIPES11_1 1 (LN/NSP/NSP); FENTON TR5 TR5 (XF/NSP/*); NOBLES TR10 TR10_2 (XF/NSP/*); NOBLES TR9 TR9_2 (XF/NSP/*),,11:25,-30.96,
12/26/2024,29254.0,438951.0,TMP781_Pittsburg_Semino_345_kV_FTLO_Canadian_Riv,SEMINOLE SEMINOLE A (LN/OKGE/CSWS),PITTSBURG-CANADIAN RIVER 345,11:25,-5.9,
12/26/2024,,345472.0,BASE_FENOCH,INTF: CHARAMB CHARAELSBO11_1 1 (LN/NSP/NSP); CHARAMB CHARAPIPES11_1 1 (LN/NSP/NSP); FENTON TR5 TR5 (XF/NSP/*); NOBLES TR10 TR10_2 (XF/NSP/*); NOBLES TR9 TR9_2 (XF/NSP/*),,11:30,-30.0,
12/26/2024,29254.0,438951.0,TMP781_Pittsburg_Semino_345_kV_FTLO_Canadian_Riv,SEMINOLE SEMINOLE A (LN/OKGE/CSWS),PITTSBURG-CANADIAN RIVER 345,11:30,-5.88,
12/26/2024,,345472.0,BASE_FENOCH,INTF: CHARAMB CHARAELSBO11_1 1 (LN/NSP/NSP); CHARAMB CHARAPIPES11_1 1 (LN/NSP/NSP); FENTON TR5 TR5 (XF/NSP/*); NOBLES TR10 TR10_2 (XF/NSP/*); NOBLES TR9 TR9_2 (XF/NSP/*),,11:35,-31.55,
12/26/2024,29254.0,438951.0,TMP781_Pittsburg_Semino_345_kV_FTLO_Canadian_Riv,SEMINOLE SEMINOLE A (LN/OKGE/CSWS),PITTSBURG-CANADIAN RIVER 345,11:35,-6.79,
12/26/2024,,345472.0,BASE_FENOCH,INTF: CHARAMB CHARAELSBO11_1 1 (LN/NSP/NSP); CHARAMB CHARAPIPES11_1 1 (LN/NSP/NSP); FENTON TR5 TR5 (XF/NSP/*); NOBLES TR10 TR10_2 (XF/NSP/*); NOBLES TR9 TR9_2 (XF/NSP/*),,11:40,-32.64,
12/26/2024,29254.0,438951.0,TMP781_Pittsburg_Semino_345_kV_FTLO_Canadian_Riv,SEMINOLE SEMINOLE A (LN/OKGE/CSWS),PITTSBURG-CANADIAN RIVER 345,11:40,-13.7,
12/26/2024,,345472.0,BASE_FENOCH,INTF: CHARAMB CHARAELSBO11_1 1 (LN/NSP/NSP); CHARAMB CHARAPIPES11_1 1 (LN/NSP/NSP); FENTON TR5 TR5 (XF/NSP/*); NOBLES TR10 TR10_2 (XF/NSP/*); NOBLES TR9 TR9_2 (XF/NSP/*),,11:45,-31.86,
12/26/2024,25833.0,271628.0,SplitRock_TR11_FLO_SplitRock_TR10_345_115,SPLIT_R TR11 TR11 (XF/NSP/*),SPLIT ROCK 345/115 TR10,11:45,-10.22,
12/26/2024,29254.0,438951.0,TMP781_Pittsburg_Semino_345_kV_FTLO_Canadian_Riv,SEMINOLE SEMINOLE A (LN/OKGE/CSWS),PITTSBURG-CANADIAN RIVER 345,11:45,-13.58,
12/26/2024,,345472.0,BASE_FENOCH,INTF: CHARAMB CHARAELSBO11_1 1 (LN/NSP/NSP); CHARAMB CHARAPIPES11_1 1 (LN/NSP/NSP); FENTON TR5 TR5 (XF/NSP/*); NOBLES TR10 TR10_2 (XF/NSP/*); NOBLES TR9 TR9_2 (XF/NSP/*),,11:50,-27.72,
12/26/2024,29254.0,438951.0,TMP781_Pittsburg_Semino_345_kV_FTLO_Canadian_Riv,SEMINOLE SEMINOLE A (LN/OKGE/CSWS),PITTSBURG-CANADIAN RIVER 345,11:50,-12.7,
12/26/2024,,345472.0,BASE_FENOCH,INTF: CHARAMB CHARAELSBO11_1 1 (LN/NSP/NSP); CHARAMB CHARAPIPES11_1 1 (LN/NSP/NSP); FENTON TR5 TR5 (XF/NSP/*); NOBLES TR10 TR10_2 (XF/NSP/*); NOBLES TR9 TR9_2 (XF/NSP/*),,11:55,-27.4,
12/26/2024,29254.0,438951.0,TMP781_Pittsburg_Semino_345_kV_FTLO_Canadian_Riv,SEMINOLE SEMINOLE A (LN/OKGE/CSWS),PITTSBURG-CANADIAN RIVER 345,11:55,-10.1,
12/26/2024,,345472.0,BASE_FENOCH,INTF: CHARAMB CHARAELSBO11_1 1 (LN/NSP/NSP); CHARAMB CHARAPIPES11_1 1 (LN/NSP/NSP); FENTON TR5 TR5 (XF/NSP/*); NOBLES TR10 TR10_2 (XF/NSP/*); NOBLES TR9 TR9_2 (XF/NSP/*),,12:00,-26.93,
12/26/2024,29254.0,438951.0,TMP781_Pittsburg_Semino_345_kV_FTLO_Canadian_Riv,SEMINOLE SEMINOLE A (LN/OKGE/CSWS),PITTSBURG-CANADIAN RIVER 345,12:00,-8.06,
12/26/2024,,345472.0,BASE_FENOCH,INTF: CHARAMB CHARAELSBO11_1 1 (LN/NSP/NSP); CHARAMB CHARAPIPES11_1 1 (LN/NSP/NSP); FENTON TR5 TR5 (XF/NSP/*); NOBLES TR10 TR10_2 (XF/NSP/*); NOBLES TR9 TR9_2 (XF/NSP/*),,12:05,-31.38,
12/26/2024,30825.0,229670.0,Batesvil_Batesvil_115kV_FLO_Batesvil_LS_Power_23,BATSV5 BATSV5_BATSV73 A (LN/EMBA/TVA),BATESVILLE-L S POWER 230,12:05,-2.72,
12/26/2024,29254.0,438951.0,TMP781_Pittsburg_Semino_345_kV_FTLO_Canadian_Riv,SEMINOLE SEMINOLE A (LN/OKGE/CSWS),PITTSBURG-CANADIAN RIVER 345,12:05,-13.1,
12/26/2024,,345472.0,BASE_FENOCH,INTF: CHARAMB CHARAELSBO11_1 1 (LN/NSP/NSP); CHARAMB CHARAPIPES11_1 1 (LN/NSP/NSP); FENTON TR5 TR5 (XF/NSP/*); NOBLES TR10 TR10_2 (XF/NSP/*); NOBLES TR9 TR9_2 (XF/NSP/*),,12:10,-62.87,
12/26/2024,29254.0,438951.0,TMP781_Pittsburg_Semino_345_kV_FTLO_Canadian_Riv,SEMINOLE SEMINOLE A (LN/OKGE/CSWS),PITTSBURG-CANADIAN RIVER 345,12:10,-10.88,
12/26/2024,,345472.0,BASE_FENOCH,INTF: CHARAMB CHARAELSBO11_1 1 (LN/NSP/NSP); CHARAMB CHARAPIPES11_1 1 (LN/NSP/NSP); FENTON TR5 TR5 (XF/NSP/*); NOBLES TR10 TR10_2 (XF/NSP/*); NOBLES TR9 TR9_2 (XF/NSP/*),,12:15,-66.38,
12/26/2024,29254.0,438951.0,TMP781_Pittsburg_Semino_345_kV_FTLO_Canadian_Riv,SEMINOLE SEMINOLE A (LN/OKGE/CSWS),PITTSBURG-CANADIAN RIVER 345,12:15,-21.6,
12/26/2024,,345472.0,BASE_FENOCH,INTF: CHARAMB CHARAELSBO11_1 1 (LN/NSP/NSP); CHARAMB CHARAPIPES11_1 1 (LN/NSP/NSP); FENTON TR5 TR5 (XF/NSP/*); NOBLES TR10 TR10_2 (XF/NSP/*); NOBLES TR9 TR9_2 (XF/NSP/*),,12:20,-63.88,
12/26/2024,29254.0,438951.0,TMP781_Pittsburg_Semino_345_kV_FTLO_Canadian_Riv,SEMINOLE SEMINOLE A (LN/OKGE/CSWS),PITTSBURG-CANADIAN RIVER 345,12:20,-20.5,
12/26/2024,,345472.0,BASE_FENOCH,INTF: CHARAMB CHARAELSBO11_1 1 (LN/NSP/NSP); CHARAMB CHARAPIPES11_1 1 (LN/NSP/NSP); FENTON TR5 TR5 (XF/NSP/*); NOBLES TR10 TR10_2 (XF/NSP/*); NOBLES TR9 TR9_2 (XF/NSP/*),,12:25,-65.77,
12/26/2024,29254.0,438951.0,TMP781_Pittsburg_Semino_345_kV_FTLO_Canadian_Riv,SEMINOLE SEMINOLE A (LN/OKGE/CSWS),PITTSBURG-CANADIAN RIVER 345,12:25,-6.6,
12/26/2024,,345472.0,BASE_FENOCH,INTF: CHARAMB CHARAELSBO11_1 1 (LN/NSP/NSP); CHARAMB CHARAPIPES11_1 1 (LN/NSP/NSP); FENTON TR5 TR5 (XF/NSP/*); NOBLES TR10 TR10_2 (XF/NSP/*); NOBLES TR9 TR9_2 (XF/NSP/*),,12:30,-65.45,
12/26/2024,29254.0,438951.0,TMP781_Pittsburg_Semino_345_kV_FTLO_Canadian_Riv,SEMINOLE SEMINOLE A (LN/OKGE/CSWS),PITTSBURG-CANADIAN RIVER 345,12:30,-7.95,
12/26/2024,,345472.0,BASE_FENOCH,INTF: CHARAMB CHARAELSBO11_1 1 (LN/NSP/NSP); CHARAMB CHARAPIPES11_1 1 (LN/NSP/NSP); FENTON TR5 TR5 (XF/NSP/*); NOBLES TR10 TR10_2 (XF/NSP/*); NOBLES TR9 TR9_2 (XF/NSP/*),,12:35,-65.71000000000001,
12/26/2024,29254.0,438951.0,TMP781_Pittsburg_Semino_345_kV_FTLO_Canadian_Riv,SEMINOLE SEMINOLE A (LN/OKGE/CSWS),PITTSBURG-CANADIAN RIVER 345,12:35,-46.07,
12/26/2024,,345472.0,BASE_FENOCH,INTF: CHARAMB CHARAELSBO11_1 1 (LN/NSP/NSP); CHARAMB CHARAPIPES11_1 1 (LN/NSP/NSP); FENTON TR5 TR5 (XF/NSP/*); NOBLES TR10 TR10_2 (XF/NSP/*); NOBLES TR9 TR9_2 (XF/NSP/*),,12:40,-67.47,
12/26/2024,29254.0,438951.0,TMP781_Pittsburg_Semino_345_kV_FTLO_Canadian_Riv,SEMINOLE SEMINOLE A (LN/OKGE/CSWS),PITTSBURG-CANADIAN RIVER 345,12:40,-25.6,
12/26/2024,,345472.0,BASE_FENOCH,INTF: CHARAMB CHARAELSBO11_1 1 (LN/NSP/NSP); CHARAMB CHARAPIPES11_1 1 (LN/NSP/NSP); FENTON TR5 TR5 (XF/NSP/*); NOBLES TR10 TR10_2 (XF/NSP/*); NOBLES TR9 TR9_2 (XF/NSP/*),,12:45,-62.25,
12/26/2024,29254.0,438951.0,TMP781_Pittsburg_Semino_345_kV_FTLO_Canadian_Riv,SEMINOLE SEMINOLE A (LN/OKGE/CSWS),PITTSBURG-CANADIAN RIVER 345,12:45,-40.65,
12/26/2024,,345472.0,BASE_FENOCH,INTF: CHARAMB CHARAELSBO11_1 1 (LN/NSP/NSP); CHARAMB CHARAPIPES11_1 1 (LN/NSP/NSP); FENTON TR5 TR5 (XF/NSP/*); NOBLES TR10 TR10_2 (XF/NSP/*); NOBLES TR9 TR9_2 (XF/NSP/*),,12:50,-62.01,
12/26/2024,29254.0,438951.0,TMP781_Pittsburg_Semino_345_kV_FTLO_Canadian_Riv,SEMINOLE SEMINOLE A (LN/OKGE/CSWS),PITTSBURG-CANADIAN RIVER 345,12:50,-22.19,
12/26/2024,,345472.0,BASE_FENOCH,INTF: CHARAMB CHARAELSBO11_1 1 (LN/NSP/NSP); CHARAMB CHARAPIPES11_1 1 (LN/NSP/NSP); FENTON TR5 TR5 (XF/NSP/*); NOBLES TR10 TR10_2 (XF/NSP/*); NOBLES TR9 TR9_2 (XF/NSP/*),,12:55,-61.66,
12/26/2024,29254.0,438951.0,TMP781_Pittsburg_Semino_345_kV_FTLO_Canadian_Riv,SEMINOLE SEMINOLE A (LN/OKGE/CSWS),PITTSBURG-CANADIAN RIVER 345,12:55,-6.95,
12/26/2024,,345472.0,BASE_FENOCH,INTF: CHARAMB CHARAELSBO11_1 1 (LN/NSP/NSP); CHARAMB CHARAPIPES11_1 1 (LN/NSP/NSP); FENTON TR5 TR5 (XF/NSP/*); NOBLES TR10 TR10_2 (XF/NSP/*); NOBLES TR9 TR9_2 (XF/NSP/*),,13:00,-63.2,
12/26/2024,29254.0,438951.0,TMP781_Pittsburg_Semino_345_kV_FTLO_Canadian_Riv,SEMINOLE SEMINOLE A (LN/OKGE/CSWS),PITTSBURG-CANADIAN RIVER 345,13:00,-6.5,
12/26/2024,,345472.0,BASE_FENOCH,INTF: CHARAMB CHARAELSBO11_1 1 (LN/NSP/NSP); CHARAMB CHARAPIPES11_1 1 (LN/NSP/NSP); FENTON TR5 TR5 (XF/NSP/*); NOBLES TR10 TR10_2 (XF/NSP/*); NOBLES TR9 TR9_2 (XF/NSP/*),,13:05,-64.98,
12/26/2024,29254.0,438951.0,TMP781_Pittsburg_Semino_345_kV_FTLO_Canadian_Riv,SEMINOLE SEMINOLE A (LN/OKGE/CSWS),PITTSBURG-CANADIAN RIVER 345,13:05,-6.2,
12/26/2024,,345472.0,BASE_FENOCH,INTF: CHARAMB CHARAELSBO11_1 1 (LN/NSP/NSP); CHARAMB CHARAPIPES11_1 1 (LN/NSP/NSP); FENTON TR5 TR5 (XF/NSP/*); NOBLES TR10 TR10_2 (XF/NSP/*); NOBLES TR9 TR9_2 (XF/NSP/*),,13:10,-62.02,
12/26/2024,29254.0,438951.0,TMP781_Pittsburg_Semino_345_kV_FTLO_Canadian_Riv,SEMINOLE SEMINOLE A (LN/OKGE/CSWS),PITTSBURG-CANADIAN RIVER 345,13:10,-6.18,
12/26/2024,,345472.0,BASE_FENOCH,INTF: CHARAMB CHARAELSBO11_1 1 (LN/NSP/NSP); CHARAMB CHARAPIPES11_1 1 (LN/NSP/NSP); FENTON TR5 TR5 (XF/NSP/*); NOBLES TR10 TR10_2 (XF/NSP/*); NOBLES TR9 TR9_2 (XF/NSP/*),,13:15,-63.41,
12/26/2024,29254.0,438951.0,TMP781_Pittsburg_Semino_345_kV_FTLO_Canadian_Riv,SEMINOLE SEMINOLE A (LN/OKGE/CSWS),PITTSBURG-CANADIAN RIVER 345,13:15,-13.65,
12/26/2024,,345472.0,BASE_FENOCH,INTF: CHARAMB CHARAELSBO11_1 1 (LN/NSP/NSP); CHARAMB CHARAPIPES11_1 1 (LN/NSP/NSP); FENTON TR5 TR5 (XF/NSP/*); NOBLES TR10 TR10_2 (XF/NSP/*); NOBLES TR9 TR9_2 (XF/NSP/*),,13:20,-64.45,
12/26/2024,29254.0,438951.0,TMP781_Pittsburg_Semino_345_kV_FTLO_Canadian_Riv,SEMINOLE SEMINOLE A (LN/OKGE/CSWS),PITTSBURG-CANADIAN RIVER 345,13:20,-24.8,
12/26/2024,,345472.0,BASE_FENOCH,INTF: CHARAMB CHARAELSBO11_1 1 (LN/NSP/NSP); CHARAMB CHARAPIPES11_1 1 (LN/NSP/NSP); FENTON TR5 TR5 (XF/NSP/*); NOBLES TR10 TR10_2 (XF/NSP/*); NOBLES TR9 TR9_2 (XF/NSP/*),,13:25,-26.65,
12/26/2024,29254.0,438951.0,TMP781_Pittsburg_Semino_345_kV_FTLO_Canadian_Riv,SEMINOLE SEMINOLE A (LN/OKGE/CSWS),PITTSBURG-CANADIAN RIVER 345,13:25,-20.05,
12/26/2024,,345472.0,BASE_FENOCH,INTF: CHARAMB CHARAELSBO11_1 1 (LN/NSP/NSP); CHARAMB CHARAPIPES11_1 1 (LN/NSP/NSP); FENTON TR5 TR5 (XF/NSP/*); NOBLES TR10 TR10_2 (XF/NSP/*); NOBLES TR9 TR9_2 (XF/NSP/*),,13:30,-29.48,
12/26/2024,29254.0,438951.0,TMP781_Pittsburg_Semino_345_kV_FTLO_Canadian_Riv,SEMINOLE SEMINOLE A (LN/OKGE/CSWS),PITTSBURG-CANADIAN RIVER 345,13:30,-16.56,
12/26/2024,,345472.0,BASE_FENOCH,INTF: CHARAMB CHARAELSBO11_1 1 (LN/NSP/NSP); CHARAMB CHARAPIPES11_1 1 (LN/NSP/NSP); FENTON TR5 TR5 (XF/NSP/*); NOBLES TR10 TR10_2 (XF/NSP/*); NOBLES TR9 TR9_2 (XF/NSP/*),,13:35,-28.47,
12/26/2024,29254.0,438951.0,TMP781_Pittsburg_Semino_345_kV_FTLO_Canadian_Riv,SEMINOLE SEMINOLE A (LN/OKGE/CSWS),PITTSBURG-CANADIAN RIVER 345,13:35,-10.1,
12/26/2024,,345472.0,BASE_FENOCH,INTF: CHARAMB CHARAELSBO11_1 1 (LN/NSP/NSP); CHARAMB CHARAPIPES11_1 1 (LN/NSP/NSP); FENTON TR5 TR5 (XF/NSP/*); NOBLES TR10 TR10_2 (XF/NSP/*); NOBLES TR9 TR9_2 (XF/NSP/*),,13:40,-26.83,
12/26/2024,29254.0,438951.0,TMP781_Pittsburg_Semino_345_kV_FTLO_Canadian_Riv,SEMINOLE SEMINOLE A (LN/OKGE/CSWS),PITTSBURG-CANADIAN RIVER 345,13:40,-10.1,
12/26/2024,,345472.0,BASE_FENOCH,INTF: CHARAMB CHARAELSBO11_1 1 (LN/NSP/NSP); CHARAMB CHARAPIPES11_1 1 (LN/NSP/NSP); FENTON TR5 TR5 (XF/NSP/*); NOBLES TR10 TR10_2 (XF/NSP/*); NOBLES TR9 TR9_2 (XF/NSP/*),,13:45,-26.15,
12/26/2024,29254.0,438951.0,TMP781_Pittsburg_Semino_345_kV_FTLO_Canadian_Riv,SEMINOLE SEMINOLE A (LN/OKGE/CSWS),PITTSBURG-CANADIAN RIVER 345,13:45,-7.87,
12/26/2024,,345472.0,BASE_FENOCH,INTF: CHARAMB CHARAELSBO11_1 1 (LN/NSP/NSP); CHARAMB CHARAPIPES11_1 1 (LN/NSP/NSP); FENTON TR5 TR5 (XF/NSP/*); NOBLES TR10 TR10_2 (XF/NSP/*); NOBLES TR9 TR9_2 (XF/NSP/*),,13:50,-26.1,
12/26/2024,29254.0,438951.0,TMP781_Pittsburg_Semino_345_kV_FTLO_Canadian_Riv,SEMINOLE SEMINOLE A (LN/OKGE/CSWS),PITTSBURG-CANADIAN RIVER 345,13:50,-7.1,
12/26/2024,,345472.0,BASE_FENOCH,INTF: CHARAMB CHARAELSBO11_1 1 (LN/NSP/NSP); CHARAMB CHARAPIPES11_1 1 (LN/NSP/NSP); FENTON TR5 TR5 (XF/NSP/*); NOBLES TR10 TR10_2 (XF/NSP/*); NOBLES TR9 TR9_2 (XF/NSP/*),,13:55,-25.94,
12/26/2024,29254.0,438951.0,TMP781_Pittsburg_Semino_345_kV_FTLO_Canadian_Riv,SEMINOLE SEMINOLE A (LN/OKGE/CSWS),PITTSBURG-CANADIAN RIVER 345,13:55,-6.67,
12/26/2024,,345472.0,BASE_FENOCH,INTF: CHARAMB CHARAELSBO11_1 1 (LN/NSP/NSP); CHARAMB CHARAPIPES11_1 1 (LN/NSP/NSP); FENTON TR5 TR5 (XF/NSP/*); NOBLES TR10 TR10_2 (XF/NSP/*); NOBLES TR9 TR9_2 (XF/NSP/*),,14:00,-26.7,
12/26/2024,29254.0,438951.0,TMP781_Pittsburg_Semino_345_kV_FTLO_Canadian_Riv,SEMINOLE SEMINOLE A (LN/OKGE/CSWS),PITTSBURG-CANADIAN RIVER 345,14:00,-6.18,
12/26/2024,,345472.0,BASE_FENOCH,INTF: CHARAMB CHARAELSBO11_1 1 (LN/NSP/NSP); CHARAMB CHARAPIPES11_1 1 (LN/NSP/NSP); FENTON TR5 TR5 (XF/NSP/*); NOBLES TR10 TR10_2 (XF/NSP/*); NOBLES TR9 TR9_2 (XF/NSP/*),,14:05,-26.66,
12/26/2024,29254.0,438951.0,TMP781_Pittsburg_Semino_345_kV_FTLO_Canadian_Riv,SEMINOLE SEMINOLE A (LN/OKGE/CSWS),PITTSBURG-CANADIAN RIVER 345,14:05,-5.87,
12/26/2024,,345472.0,BASE_FENOCH,INTF: CHARAMB CHARAELSBO11_1 1 (LN/NSP/NSP); CHARAMB CHARAPIPES11_1 1 (LN/NSP/NSP); FENTON TR5 TR5 (XF/NSP/*); NOBLES TR10 TR10_2 (XF/NSP/*); NOBLES TR9 TR9_2 (XF/NSP/*),,14:10,-27.02,
12/26/2024,29254.0,438951.0,TMP781_Pittsburg_Semino_345_kV_FTLO_Canadian_Riv,SEMINOLE SEMINOLE A (LN/OKGE/CSWS),PITTSBURG-CANADIAN RIVER 345,14:10,-5.75,
12/26/2024,,345472.0,BASE_FENOCH,INTF: CHARAMB CHARAELSBO11_1 1 (LN/NSP/NSP); CHARAMB CHARAPIPES11_1 1 (LN/NSP/NSP); FENTON TR5 TR5 (XF/NSP/*); NOBLES TR10 TR10_2 (XF/NSP/*); NOBLES TR9 TR9_2 (XF/NSP/*),,14:15,-29.06,
12/26/2024,29254.0,438951.0,TMP781_Pittsburg_Semino_345_kV_FTLO_Canadian_Riv,SEMINOLE SEMINOLE A (LN/OKGE/CSWS),PITTSBURG-CANADIAN RIVER 345,14:15,-5.1000000000000005,
12/26/2024,,345472.0,BASE_FENOCH,INTF: CHARAMB CHARAELSBO11_1 1 (LN/NSP/NSP); CHARAMB CHARAPIPES11_1 1 (LN/NSP/NSP); FENTON TR5 TR5 (XF/NSP/*); NOBLES TR10 TR10_2 (XF/NSP/*); NOBLES TR9 TR9_2 (XF/NSP/*),,14:20,-28.29,
12/26/2024,29254.0,438951.0,TMP781_Pittsburg_Semino_345_kV_FTLO_Canadian_Riv,SEMINOLE SEMINOLE A (LN/OKGE/CSWS),PITTSBURG-CANADIAN RIVER 345,14:20,-5.2,
12/26/2024,,345472.0,BASE_FENOCH,INTF: CHARAMB CHARAELSBO11_1 1 (LN/NSP/NSP); CHARAMB CHARAPIPES11_1 1 (LN/NSP/NSP); FENTON TR5 TR5 (XF/NSP/*); NOBLES TR10 TR10_2 (XF/NSP/*); NOBLES TR9 TR9_2 (XF/NSP/*),,14:25,-28.97,
12/26/2024,29254.0,438951.0,TMP781_Pittsburg_Semino_345_kV_FTLO_Canadian_Riv,SEMINOLE SEMINOLE A (LN/OKGE/CSWS),PITTSBURG-CANADIAN RIVER 345,14:25,-5.1000000000000005,
12/26/2024,,345472.0,BASE_FENOCH,INTF: CHARAMB CHARAELSBO11_1 1 (LN/NSP/NSP); CHARAMB CHARAPIPES11_1 1 (LN/NSP/NSP); FENTON TR5 TR5 (XF/NSP/*); NOBLES TR10 TR10_2 (XF/NSP/*); NOBLES TR9 TR9_2 (XF/NSP/*),,14:30,-28.61,
12/26/2024,29254.0,438951.0,TMP781_Pittsburg_Semino_345_kV_FTLO_Canadian_Riv,SEMINOLE SEMINOLE A (LN/OKGE/CSWS),PITTSBURG-CANADIAN RIVER 345,14:30,-5.1000000000000005,
12/26/2024,,345472.0,BASE_FENOCH,INTF: CHARAMB CHARAELSBO11_1 1 (LN/NSP/NSP); CHARAMB CHARAPIPES11_1 1 (LN/NSP/NSP); FENTON TR5 TR5 (XF/NSP/*); NOBLES TR10 TR10_2 (XF/NSP/*); NOBLES TR9 TR9_2 (XF/NSP/*),,14:35,-29.39,
12/26/2024,29254.0,438951.0,TMP781_Pittsburg_Semino_345_kV_FTLO_Canadian_Riv,SEMINOLE SEMINOLE A (LN/OKGE/CSWS),PITTSBURG-CANADIAN RIVER 345,14:35,-4.78,
12/26/2024,,345472.0,BASE_FENOCH,INTF: CHARAMB CHARAELSBO11_1 1 (LN/NSP/NSP); CHARAMB CHARAPIPES11_1 1 (LN/NSP/NSP); FENTON TR5 TR5 (XF/NSP/*); NOBLES TR10 TR10_2 (XF/NSP/*); NOBLES TR9 TR9_2 (XF/NSP/*),,14:40,-29.08,
12/26/2024,29254.0,438951.0,TMP781_Pittsburg_Semino_345_kV_FTLO_Canadian_Riv,SEMINOLE SEMINOLE A (LN/OKGE/CSWS),PITTSBURG-CANADIAN RIVER 345,14:40,-5.69,
12/26/2024,29254.0,438951.0,TMP781_Pittsburg_Semino_345_kV_FTLO_Canadian_Riv,SEMINOLE SEMINOLE A (LN/OKGE/CSWS),PITTSBURG-CANADIAN RIVER 345,14:45,-5.36,
12/26/2024,29254.0,438951.0,TMP781_Pittsburg_Semino_345_kV_FTLO_Canadian_Riv,SEMINOLE SEMINOLE A (LN/OKGE/CSWS),PITTSBURG-CANADIAN RIVER 345,14:50,-4.95,
12/26/2024,29254.0,438951.0,TMP781_Pittsburg_Semino_345_kV_FTLO_Canadian_Riv,SEMINOLE SEMINOLE A (LN/OKGE/CSWS),PITTSBURG-CANADIAN RIVER 345,14:55,-3.9,
12/26/2024,29254.0,438951.0,TMP781_Pittsburg_Semino_345_kV_FTLO_Canadian_Riv,SEMINOLE SEMINOLE A (LN/OKGE/CSWS),PITTSBURG-CANADIAN RIVER 345,15:00,-4.6000000000000005,
12/26/2024,29254.0,438951.0,TMP781_Pittsburg_Semino_345_kV_FTLO_Canadian_Riv,SEMINOLE SEMINOLE A (LN/OKGE/CSWS),PITTSBURG-CANADIAN RIVER 345,15:05,-5.37,
12/26/2024,29254.0,438951.0,TMP781_Pittsburg_Semino_345_kV_FTLO_Canadian_Riv,SEMINOLE SEMINOLE A (LN/OKGE/CSWS),PITTSBURG-CANADIAN RIVER 345,15:10,-7.66,
12/26/2024,29254.0,438951.0,TMP781_Pittsburg_Semino_345_kV_FTLO_Canadian_Riv,SEMINOLE SEMINOLE A (LN/OKGE/CSWS),PITTSBURG-CANADIAN RIVER 345,15:15,-8.45,
12/26/2024,29254.0,438951.0,TMP781_Pittsburg_Semino_345_kV_FTLO_Canadian_Riv,SEMINOLE SEMINOLE A (LN/OKGE/CSWS),PITTSBURG-CANADIAN RIVER 345,15:20,-6.15,
12/26/2024,29254.0,438951.0,TMP781_Pittsburg_Semino_345_kV_FTLO_Canadian_Riv,SEMINOLE SEMINOLE A (LN/OKGE/CSWS),PITTSBURG-CANADIAN RIVER 345,15:25,-5.5,
12/26/2024,29254.0,438951.0,TMP781_Pittsburg_Semino_345_kV_FTLO_Canadian_Riv,SEMINOLE SEMINOLE A (LN/OKGE/CSWS),PITTSBURG-CANADIAN RIVER 345,15:30,-5.08,
12/26/2024,29254.0,438951.0,TMP781_Pittsburg_Semino_345_kV_FTLO_Canadian_Riv,SEMINOLE SEMINOLE A (LN/OKGE/CSWS),PITTSBURG-CANADIAN RIVER 345,15:35,-3.3,
12/26/2024,29254.0,438951.0,TMP781_Pittsburg_Semino_345_kV_FTLO_Canadian_Riv,SEMINOLE SEMINOLE A (LN/OKGE/CSWS),PITTSBURG-CANADIAN RIVER 345,15:40,-1.69,
12/26/2024,29254.0,438951.0,TMP781_Pittsburg_Semino_345_kV_FTLO_Canadian_Riv,SEMINOLE SEMINOLE A (LN/OKGE/CSWS),PITTSBURG-CANADIAN RIVER 345,15:45,-1.7,
12/26/2024,29254.0,438951.0,TMP781_Pittsburg_Semino_345_kV_FTLO_Canadian_Riv,SEMINOLE SEMINOLE A (LN/OKGE/CSWS),PITTSBURG-CANADIAN RIVER 345,15:50,-1.78,
12/26/2024,29254.0,438951.0,TMP781_Pittsburg_Semino_345_kV_FTLO_Canadian_Riv,SEMINOLE SEMINOLE A (LN/OKGE/CSWS),PITTSBURG-CANADIAN RIVER 345,15:55,-2.0,
12/26/2024,29254.0,438951.0,TMP781_Pittsburg_Semino_345_kV_FTLO_Canadian_Riv,SEMINOLE SEMINOLE A (LN/OKGE/CSWS),PITTSBURG-CANADIAN RIVER 345,16:00,-2.85,
12/26/2024,29254.0,438951.0,TMP781_Pittsburg_Semino_345_kV_FTLO_Canadian_Riv,SEMINOLE SEMINOLE A (LN/OKGE/CSWS),PITTSBURG-CANADIAN RIVER 345,16:05,-3.07,
12/26/2024,29254.0,438951.0,TMP781_Pittsburg_Semino_345_kV_FTLO_Canadian_Riv,SEMINOLE SEMINOLE A (LN/OKGE/CSWS),PITTSBURG-CANADIAN RIVER 345,16:10,-3.2,
12/26/2024,29254.0,438951.0,TMP781_Pittsburg_Semino_345_kV_FTLO_Canadian_Riv,SEMINOLE SEMINOLE A (LN/OKGE/CSWS),PITTSBURG-CANADIAN RIVER 345,16:15,-2.8,
12/26/2024,29254.0,438951.0,TMP781_Pittsburg_Semino_345_kV_FTLO_Canadian_Riv,SEMINOLE SEMINOLE A (LN/OKGE/CSWS),PITTSBURG-CANADIAN RIVER 345,16:20,-2.8,
12/26/2024,29254.0,438951.0,TMP781_Pittsburg_Semino_345_kV_FTLO_Canadian_Riv,SEMINOLE SEMINOLE A (LN/OKGE/CSWS),PITTSBURG-CANADIAN RIVER 345,16:25,-1.86,
12/26/2024,29254.0,438951.0,TMP781_Pittsburg_Semino_345_kV_FTLO_Canadian_Riv,SEMINOLE SEMINOLE A (LN/OKGE/CSWS),PITTSBURG-CANADIAN RIVER 345,16:30,-2.3000000000000003,
12/26/2024,29254.0,438951.0,TMP781_Pittsburg_Semino_345_kV_FTLO_Canadian_Riv,SEMINOLE SEMINOLE A (LN/OKGE/CSWS),PITTSBURG-CANADIAN RIVER 345,16:35,-2.6,
12/26/2024,29254.0,438951.0,TMP781_Pittsburg_Semino_345_kV_FTLO_Canadian_Riv,SEMINOLE SEMINOLE A (LN/OKGE/CSWS),PITTSBURG-CANADIAN RIVER 345,16:40,-2.6,
12/26/2024,30825.0,229670.0,Batesvil_Batesvil_115kV_FLO_Batesvil_LS_Power_23,BATSV5 BATSV5_BATSV73 A (LN/EMBA/TVA),BATESVILLE-L S POWER 230,16:45,-0.66,
12/26/2024,29254.0,438951.0,TMP781_Pittsburg_Semino_345_kV_FTLO_Canadian_Riv,SEMINOLE SEMINOLE A (LN/OKGE/CSWS),PITTSBURG-CANADIAN RIVER 345,16:45,-2.5,
12/26/2024,30825.0,229670.0,Batesvil_Batesvil_115kV_FLO_Batesvil_LS_Power_23,BATSV5 BATSV5_BATSV73 A (LN/EMBA/TVA),BATESVILLE-L S POWER 230,16:50,-3.73,
12/26/2024,29254.0,438951.0,TMP781_Pittsburg_Semino_345_kV_FTLO_Canadian_Riv,SEMINOLE SEMINOLE A (LN/OKGE/CSWS),PITTSBURG-CANADIAN RIVER 345,16:50,-2.1,
12/26/2024,30825.0,229670.0,Batesvil_Batesvil_115kV_FLO_Batesvil_LS_Power_23,BATSV5 BATSV5_BATSV73 A (LN/EMBA/TVA),BATESVILLE-L S POWER 230,16:55,-1.56,
12/26/2024,29254.0,438951.0,TMP781_Pittsburg_Semino_345_kV_FTLO_Canadian_Riv,SEMINOLE SEMINOLE A (LN/OKGE/CSWS),PITTSBURG-CANADIAN RIVER 345,16:55,-2.3000000000000003,
12/26/2024,29254.0,438951.0,TMP781_Pittsburg_Semino_345_kV_FTLO_Canadian_Riv,SEMINOLE SEMINOLE A (LN/OKGE/CSWS),PITTSBURG-CANADIAN RIVER 345,17:00,-2.58,
12/26/2024,29254.0,438951.0,TMP781_Pittsburg_Semino_345_kV_FTLO_Canadian_Riv,SEMINOLE SEMINOLE A (LN/OKGE/CSWS),PITTSBURG-CANADIAN RIVER 345,17:05,-2.58,
12/26/2024,30825.0,229670.0,Batesvil_Batesvil_115kV_FLO_Batesvil_LS_Power_23,BATSV5 BATSV5_BATSV73 A (LN/EMBA/TVA),BATESVILLE-L S POWER 230,17:10,-2.38,
12/26/2024,29254.0,438951.0,TMP781_Pittsburg_Semino_345_kV_FTLO_Canadian_Riv,SEMINOLE SEMINOLE A (LN/OKGE/CSWS),PITTSBURG-CANADIAN RIVER 345,17:10,-2.39,
12/26/2024,30825.0,229670.0,Batesvil_Batesvil_115kV_FLO_Batesvil_LS_Power_23,BATSV5 BATSV5_BATSV73 A (LN/EMBA/TVA),BATESVILLE-L S POWER 230,17:15,-4.23,
12/26/2024,29254.0,438951.0,TMP781_Pittsburg_Semino_345_kV_FTLO_Canadian_Riv,SEMINOLE SEMINOLE A (LN/OKGE/CSWS),PITTSBURG-CANADIAN RIVER 345,17:15,-2.4,
12/26/2024,30825.0,229670.0,Batesvil_Batesvil_115kV_FLO_Batesvil_LS_Power_23,BATSV5 BATSV5_BATSV73 A (LN/EMBA/TVA),BATESVILLE-L S POWER 230,17:20,-4.83,
12/26/2024,29254.0,438951.0,TMP781_Pittsburg_Semino_345_kV_FTLO_Canadian_Riv,SEMINOLE SEMINOLE A (LN/OKGE/CSWS),PITTSBURG-CANADIAN RIVER 345,17:20,-3.8,
12/26/2024,30825.0,229670.0,Batesvil_Batesvil_115kV_FLO_Batesvil_LS_Power_23,BATSV5 BATSV5_BATSV73 A (LN/EMBA/TVA),BATESVILLE-L S POWER 230,17:25,-2.82,
12/26/2024,29254.0,438951.0,TMP781_Pittsburg_Semino_345_kV_FTLO_Canadian_Riv,SEMINOLE SEMINOLE A (LN/OKGE/CSWS),PITTSBURG-CANADIAN RIVER 345,17:25,-5.8,
12/26/2024,30825.0,229670.0,Batesvil_Batesvil_115kV_FLO_Batesvil_LS_Power_23,BATSV5 BATSV5_BATSV73 A (LN/EMBA/TVA),BATESVILLE-L S POWER 230,17:30,-2.81,
12/26/2024,29254.0,438951.0,TMP781_Pittsburg_Semino_345_kV_FTLO_Canadian_Riv,SEMINOLE SEMINOLE A (LN/OKGE/CSWS),PITTSBURG-CANADIAN RIVER 345,17:30,-4.5600000000000005,
12/26/2024,30825.0,229670.0,Batesvil_Batesvil_115kV_FLO_Batesvil_LS_Power_23,BATSV5 BATSV5_BATSV73 A (LN/EMBA/TVA),BATESVILLE-L S POWER 230,17:35,-1.85,
12/26/2024,29254.0,438951.0,TMP781_Pittsburg_Semino_345_kV_FTLO_Canadian_Riv,SEMINOLE SEMINOLE A (LN/OKGE/CSWS),PITTSBURG-CANADIAN RIVER 345,17:35,-3.9,
12/26/2024,30825.0,229670.0,Batesvil_Batesvil_115kV_FLO_Batesvil_LS_Power_23,BATSV5 BATSV5_BATSV73 A (LN/EMBA/TVA),BATESVILLE-L S POWER 230,17:40,-0.94,
12/26/2024,29254.0,438951.0,TMP781_Pittsburg_Semino_345_kV_FTLO_Canadian_Riv,SEMINOLE SEMINOLE A (LN/OKGE/CSWS),PITTSBURG-CANADIAN RIVER 345,17:40,-3.99,
12/26/2024,30825.0,229670.0,Batesvil_Batesvil_115kV_FLO_Batesvil_LS_Power_23,BATSV5 BATSV5_BATSV73 A (LN/EMBA/TVA),BATESVILLE-L S POWER 230,17:45,-1.87,
12/26/2024,29254.0,438951.0,TMP781_Pittsburg_Semino_345_kV_FTLO_Canadian_Riv,SEMINOLE SEMINOLE A (LN/OKGE/CSWS),PITTSBURG-CANADIAN RIVER 345,17:45,-3.2,
12/26/2024,30825.0,229670.0,Batesvil_Batesvil_115kV_FLO_Batesvil_LS_Power_23,BATSV5 BATSV5_BATSV73 A (LN/EMBA/TVA),BATESVILLE-L S POWER 230,17:50,-2.69,
12/26/2024,29254.0,438951.0,TMP781_Pittsburg_Semino_345_kV_FTLO_Canadian_Riv,SEMINOLE SEMINOLE A (LN/OKGE/CSWS),PITTSBURG-CANADIAN RIVER 345,17:50,-3.9,
12/26/2024,29254.0,438951.0,TMP781_Pittsburg_Semino_345_kV_FTLO_Canadian_Riv,SEMINOLE SEMINOLE A (LN/OKGE/CSWS),PITTSBURG-CANADIAN RIVER 345,17:55,-3.75,
12/26/2024,29254.0,438951.0,TMP781_Pittsburg_Semino_345_kV_FTLO_Canadian_Riv,SEMINOLE SEMINOLE A (LN/OKGE/CSWS),PITTSBURG-CANADIAN RIVER 345,18:00,-4.18,
12/26/2024,29254.0,438951.0,TMP781_Pittsburg_Semino_345_kV_FTLO_Canadian_Riv,SEMINOLE SEMINOLE A (LN/OKGE/CSWS),PITTSBURG-CANADIAN RIVER 345,18:05,-3.8,
12/26/2024,30825.0,229670.0,Batesvil_Batesvil_115kV_FLO_Batesvil_LS_Power_23,BATSV5 BATSV5_BATSV73 A (LN/EMBA/TVA),BATESVILLE-L S POWER 230,18:10,-9.71,
12/26/2024,29254.0,438951.0,TMP781_Pittsburg_Semino_345_kV_FTLO_Canadian_Riv,SEMINOLE SEMINOLE A (LN/OKGE/CSWS),PITTSBURG-CANADIAN RIVER 345,18:10,-4.0,
12/26/2024,30825.0,229670.0,Batesvil_Batesvil_115kV_FLO_Batesvil_LS_Power_23,BATSV5 BATSV5_BATSV73 A (LN/EMBA/TVA),BATESVILLE-L S POWER 230,18:15,-31.55,
12/26/2024,29254.0,438951.0,TMP781_Pittsburg_Semino_345_kV_FTLO_Canadian_Riv,SEMINOLE SEMINOLE A (LN/OKGE/CSWS),PITTSBURG-CANADIAN RIVER 345,18:15,-3.1,
12/26/2024,30825.0,229670.0,Batesvil_Batesvil_115kV_FLO_Batesvil_LS_Power_23,BATSV5 BATSV5_BATSV73 A (LN/EMBA/TVA),BATESVILLE-L S POWER 230,18:20,-10.85,
12/26/2024,29254.0,438951.0,TMP781_Pittsburg_Semino_345_kV_FTLO_Canadian_Riv,SEMINOLE SEMINOLE A (LN/OKGE/CSWS),PITTSBURG-CANADIAN RIVER 345,18:20,-2.9,
12/26/2024,30825.0,229670.0,Batesvil_Batesvil_115kV_FLO_Batesvil_LS_Power_23,BATSV5 BATSV5_BATSV73 A (LN/EMBA/TVA),BATESVILLE-L S POWER 230,18:25,-1.12,
12/26/2024,29254.0,438951.0,TMP781_Pittsburg_Semino_345_kV_FTLO_Canadian_Riv,SEMINOLE SEMINOLE A (LN/OKGE/CSWS),PITTSBURG-CANADIAN RIVER 345,18:25,-3.4,
12/26/2024,30825.0,229670.0,Batesvil_Batesvil_115kV_FLO_Batesvil_LS_Power_23,BATSV5 BATSV5_BATSV73 A (LN/EMBA/TVA),BATESVILLE-L S POWER 230,18:30,-0.68,
12/26/2024,29254.0,438951.0,TMP781_Pittsburg_Semino_345_kV_FTLO_Canadian_Riv,SEMINOLE SEMINOLE A (LN/OKGE/CSWS),PITTSBURG-CANADIAN RIVER 345,18:30,-3.2,
12/26/2024,30825.0,229670.0,Batesvil_Batesvil_115kV_FLO_Batesvil_LS_Power_23,BATSV5 BATSV5_BATSV73 A (LN/EMBA/TVA),BATESVILLE-L S POWER 230,18:35,-0.58,
12/26/2024,29254.0,438951.0,TMP781_Pittsburg_Semino_345_kV_FTLO_Canadian_Riv,SEMINOLE SEMINOLE A (LN/OKGE/CSWS),PITTSBURG-CANADIAN RIVER 345,18:35,-18.5,
12/26/2024,29254.0,438951.0,TMP781_Pittsburg_Semino_345_kV_FTLO_Canadian_Riv,SEMINOLE SEMINOLE A (LN/OKGE/CSWS),PITTSBURG-CANADIAN RIVER 345,18:40,-18.29,
12/26/2024,29254.0,438951.0,TMP781_Pittsburg_Semino_345_kV_FTLO_Canadian_Riv,SEMINOLE SEMINOLE A (LN/OKGE/CSWS),PITTSBURG-CANADIAN RIVER 345,18:45,-10.27,
12/26/2024,30825.0,229670.0,Batesvil_Batesvil_115kV_FLO_Batesvil_LS_Power_23,BATSV5 BATSV5_BATSV73 A (LN/EMBA/TVA),BATESVILLE-L S POWER 230,18:50,-3.62,
12/26/2024,29254.0,438951.0,TMP781_Pittsburg_Semino_345_kV_FTLO_Canadian_Riv,SEMINOLE SEMINOLE A (LN/OKGE/CSWS),PITTSBURG-CANADIAN RIVER 345,18:50,-10.9,
12/26/2024,30825.0,229670.0,Batesvil_Batesvil_115kV_FLO_Batesvil_LS_Power_23,BATSV5 BATSV5_BATSV73 A (LN/EMBA/TVA),BATESVILLE-L S POWER 230,18:55,-1.38,
12/26/2024,29254.0,438951.0,TMP781_Pittsburg_Semino_345_kV_FTLO_Canadian_Riv,SEMINOLE SEMINOLE A (LN/OKGE/CSWS),PITTSBURG-CANADIAN RIVER 345,18:55,-5.19,
12/26/2024,30825.0,229670.0,Batesvil_Batesvil_115kV_FLO_Batesvil_LS_Power_23,BATSV5 BATSV5_BATSV73 A (LN/EMBA/TVA),BATESVILLE-L S POWER 230,19:00,-1.8,
12/26/2024,29254.0,438951.0,TMP781_Pittsburg_Semino_345_kV_FTLO_Canadian_Riv,SEMINOLE SEMINOLE A (LN/OKGE/CSWS),PITTSBURG-CANADIAN RIVER 345,19:00,-28.89,
12/26/2024,30825.0,229670.0,Batesvil_Batesvil_115kV_FLO_Batesvil_LS_Power_23,BATSV5 BATSV5_BATSV73 A (LN/EMBA/TVA),BATESVILLE-L S POWER 230,19:05,-2.14,
12/26/2024,2975.0,3545.0,Crete_St_Johns_Tap_345_kV_l_o_Dum_Wi_Cent_765_kV,ST_JOHN 34519 A (LN/NIPS/AEP),WILTON CENTER-DUMONT 765 (11215),19:05,-19.0,
12/26/2024,29254.0,438951.0,TMP781_Pittsburg_Semino_345_kV_FTLO_Canadian_Riv,SEMINOLE SEMINOLE A (LN/OKGE/CSWS),PITTSBURG-CANADIAN RIVER 345,19:05,-17.650000000000002,
12/26/2024,30825.0,229670.0,Batesvil_Batesvil_115kV_FLO_Batesvil_LS_Power_23,BATSV5 BATSV5_BATSV73 A (LN/EMBA/TVA),BATESVILLE-L S POWER 230,19:10,-1.12,
12/26/2024,2975.0,3545.0,Crete_St_Johns_Tap_345_kV_l_o_Dum_Wi_Cent_765_kV,ST_JOHN 34519 A (LN/NIPS/AEP),WILTON CENTER-DUMONT 765 (11215),19:10,-18.1,
12/26/2024,29254.0,438951.0,TMP781_Pittsburg_Semino_345_kV_FTLO_Canadian_Riv,SEMINOLE SEMINOLE A (LN/OKGE/CSWS),PITTSBURG-CANADIAN RIVER 345,19:10,-23.0,
12/26/2024,30825.0,229670.0,Batesvil_Batesvil_115kV_FLO_Batesvil_LS_Power_23,BATSV5 BATSV5_BATSV73 A (LN/EMBA/TVA),BATESVILLE-L S POWER 230,19:15,-5.15,
12/26/2024,2975.0,3545.0,Crete_St_Johns_Tap_345_kV_l_o_Dum_Wi_Cent_765_kV,ST_JOHN 34519 A (LN/NIPS/AEP),WILTON CENTER-DUMONT 765 (11215),19:15,-47.1,
12/26/2024,30825.0,229670.0,Batesvil_Batesvil_115kV_FLO_Batesvil_LS_Power_23,BATSV5 BATSV5_BATSV73 A (LN/EMBA/TVA),BATESVILLE-L S POWER 230,19:20,-2.45,
12/26/2024,2975.0,3545.0,Crete_St_Johns_Tap_345_kV_l_o_Dum_Wi_Cent_765_kV,ST_JOHN 34519 A (LN/NIPS/AEP),WILTON CENTER-DUMONT 765 (11215),19:20,-40.5,
12/26/2024,30825.0,229670.0,Batesvil_Batesvil_115kV_FLO_Batesvil_LS_Power_23,BATSV5 BATSV5_BATSV73 A (LN/EMBA/TVA),BATESVILLE-L S POWER 230,19:25,-4.98,
12/26/2024,2975.0,3545.0,Crete_St_Johns_Tap_345_kV_l_o_Dum_Wi_Cent_765_kV,ST_JOHN 34519 A (LN/NIPS/AEP),WILTON CENTER-DUMONT 765 (11215),19:25,-73.4,
12/26/2024,30825.0,229670.0,Batesvil_Batesvil_115kV_FLO_Batesvil_LS_Power_23,BATSV5 BATSV5_BATSV73 A (LN/EMBA/TVA),BATESVILLE-L S POWER 230,19:30,-7.98,
12/26/2024,2975.0,3545.0,Crete_St_Johns_Tap_345_kV_l_o_Dum_Wi_Cent_765_kV,ST_JOHN 34519 A (LN/NIPS/AEP),WILTON CENTER-DUMONT 765 (11215),19:30,-88.11,
12/26/2024,29254.0,438951.0,TMP781_Pittsburg_Semino_345_kV_FTLO_Canadian_Riv,SEMINOLE SEMINOLE A (LN/OKGE/CSWS),PITTSBURG-CANADIAN RIVER 345,19:30,-20.26,
12/26/2024,30825.0,229670.0,Batesvil_Batesvil_115kV_FLO_Batesvil_LS_Power_23,BATSV5 BATSV5_BATSV73 A (LN/EMBA/TVA),BATESVILLE-L S POWER 230,19:35,-11.73,
12/26/2024,2975.0,3545.0,Crete_St_Johns_Tap_345_kV_l_o_Dum_Wi_Cent_765_kV,ST_JOHN 34519 A (LN/NIPS/AEP),WILTON CENTER-DUMONT 765 (11215),19:35,-42.8,
12/26/2024,29254.0,438951.0,TMP781_Pittsburg_Semino_345_kV_FTLO_Canadian_Riv,SEMINOLE SEMINOLE A (LN/OKGE/CSWS),PITTSBURG-CANADIAN RIVER 345,19:35,-20.1,
12/26/2024,30825.0,229670.0,Batesvil_Batesvil_115kV_FLO_Batesvil_LS_Power_23,BATSV5 BATSV5_BATSV73 A (LN/EMBA/TVA),BATESVILLE-L S POWER 230,19:40,-4.94,
12/26/2024,2975.0,3545.0,Crete_St_Johns_Tap_345_kV_l_o_Dum_Wi_Cent_765_kV,ST_JOHN 34519 A (LN/NIPS/AEP),WILTON CENTER-DUMONT 765 (11215),19:40,-54.5,
12/26/2024,,390693.0,NSP34X15_NOBLES_TR9_TR9_2,NOBLES TR9 TR9_2 (XF/NSP/*),NOBLES 345/115 TR10,19:40,-22.42,
12/26/2024,29254.0,438951.0,TMP781_Pittsburg_Semino_345_kV_FTLO_Canadian_Riv,SEMINOLE SEMINOLE A (LN/OKGE/CSWS),PITTSBURG-CANADIAN RIVER 345,19:40,-19.0,
12/26/2024,30825.0,229670.0,Batesvil_Batesvil_115kV_FLO_Batesvil_LS_Power_23,BATSV5 BATSV5_BATSV73 A (LN/EMBA/TVA),BATESVILLE-L S POWER 230,19:45,-6.06,
12/26/2024,2975.0,3545.0,Crete_St_Johns_Tap_345_kV_l_o_Dum_Wi_Cent_765_kV,ST_JOHN 34519 A (LN/NIPS/AEP),WILTON CENTER-DUMONT 765 (11215),19:45,-54.5,
12/26/2024,,390693.0,NSP34X15_NOBLES_TR9_TR9_2,NOBLES TR9 TR9_2 (XF/NSP/*),NOBLES 345/115 TR10,19:45,-22.89,
12/26/2024,29254.0,438951.0,TMP781_Pittsburg_Semino_345_kV_FTLO_Canadian_Riv,SEMINOLE SEMINOLE A (LN/OKGE/CSWS),PITTSBURG-CANADIAN RIVER 345,19:45,-17.400000000000002,
12/26/2024,,390693.0,NSP34X15_NOBLES_TR9_TR9_2,NOBLES TR9 TR9_2 (XF/NSP/*),NOBLES 345/115 TR10,19:50,-23.68,
12/26/2024,29254.0,438951.0,TMP781_Pittsburg_Semino_345_kV_FTLO_Canadian_Riv,SEMINOLE SEMINOLE A (LN/OKGE/CSWS),PITTSBURG-CANADIAN RIVER 345,19:50,-15.9,
12/26/2024,2975.0,3545.0,Crete_St_Johns_Tap_345_kV_l_o_Dum_Wi_Cent_765_kV,ST_JOHN 34519 A (LN/NIPS/AEP),WILTON CENTER-DUMONT 765 (11215),19:55,-10.95,
12/26/2024,,390693.0,NSP34X15_NOBLES_TR9_TR9_2,NOBLES TR9 TR9_2 (XF/NSP/*),NOBLES 345/115 TR10,19:55,-21.95,
12/26/2024,30825.0,229670.0,Batesvil_Batesvil_115kV_FLO_Batesvil_LS_Power_23,BATSV5 BATSV5_BATSV73 A (LN/EMBA/TVA),BATESVILLE-L S POWER 230,20:00,-6.45,
12/26/2024,2975.0,3545.0,Crete_St_Johns_Tap_345_kV_l_o_Dum_Wi_Cent_765_kV,ST_JOHN 34519 A (LN/NIPS/AEP),WILTON CENTER-DUMONT 765 (11215),20:00,-60.3,
12/26/2024,,390693.0,NSP34X15_NOBLES_TR9_TR9_2,NOBLES TR9 TR9_2 (XF/NSP/*),NOBLES 345/115 TR10,20:00,-22.68,
12/26/2024,30825.0,229670.0,Batesvil_Batesvil_115kV_FLO_Batesvil_LS_Power_23,BATSV5 BATSV5_BATSV73 A (LN/EMBA/TVA),BATESVILLE-L S POWER 230,20:05,-3.78,
12/26/2024,2975.0,3545.0,Crete_St_Johns_Tap_345_kV_l_o_Dum_Wi_Cent_765_kV,ST_JOHN 34519 A (LN/NIPS/AEP),WILTON CENTER-DUMONT 765 (11215),20:05,-45.6,
12/26/2024,,390693.0,NSP34X15_NOBLES_TR9_TR9_2,NOBLES TR9 TR9_2 (XF/NSP/*),NOBLES 345/115 TR10,20:05,-22.62,
12/26/2024,30825.0,229670.0,Batesvil_Batesvil_115kV_FLO_Batesvil_LS_Power_23,BATSV5 BATSV5_BATSV73 A (LN/EMBA/TVA),BATESVILLE-L S POWER 230,20:10,-3.69,
12/26/2024,2975.0,3545.0,Crete_St_Johns_Tap_345_kV_l_o_Dum_Wi_Cent_765_kV,ST_JOHN 34519 A (LN/NIPS/AEP),WILTON CENTER-DUMONT 765 (11215),20:10,-53.5,
12/26/2024,,390693.0,NSP34X15_NOBLES_TR9_TR9_2,NOBLES TR9 TR9_2 (XF/NSP/*),NOBLES 345/115 TR10,20:10,-25.79,
12/26/2024,30825.0,229670.0,Batesvil_Batesvil_115kV_FLO_Batesvil_LS_Power_23,BATSV5 BATSV5_BATSV73 A (LN/EMBA/TVA),BATESVILLE-L S POWER 230,20:15,-4.55,
12/26/2024,2975.0,3545.0,Crete_St_Johns_Tap_345_kV_l_o_Dum_Wi_Cent_765_kV,ST_JOHN 34519 A (LN/NIPS/AEP),WILTON CENTER-DUMONT 765 (11215),20:15,-62.5,
12/26/2024,,390693.0,NSP34X15_NOBLES_TR9_TR9_2,NOBLES TR9 TR9_2 (XF/NSP/*),NOBLES 345/115 TR10,20:15,-25.1,
12/26/2024,30825.0,229670.0,Batesvil_Batesvil_115kV_FLO_Batesvil_LS_Power_23,BATSV5 BATSV5_BATSV73 A (LN/EMBA/TVA),BATESVILLE-L S POWER 230,20:20,-3.85,
12/26/2024,2975.0,3545.0,Crete_St_Johns_Tap_345_kV_l_o_Dum_Wi_Cent_765_kV,ST_JOHN 34519 A (LN/NIPS/AEP),WILTON CENTER-DUMONT 765 (11215),20:20,-58.9,
12/26/2024,,390693.0,NSP34X15_NOBLES_TR9_TR9_2,NOBLES TR9 TR9_2 (XF/NSP/*),NOBLES 345/115 TR10,20:20,-25.17,
12/26/2024,30825.0,229670.0,Batesvil_Batesvil_115kV_FLO_Batesvil_LS_Power_23,BATSV5 BATSV5_BATSV73 A (LN/EMBA/TVA),BATESVILLE-L S POWER 230,20:25,-3.41,
12/26/2024,2975.0,3545.0,Crete_St_Johns_Tap_345_kV_l_o_Dum_Wi_Cent_765_kV,ST_JOHN 34519 A (LN/NIPS/AEP),WILTON CENTER-DUMONT 765 (11215),20:25,-58.9,
12/26/2024,,390693.0,NSP34X15_NOBLES_TR9_TR9_2,NOBLES TR9 TR9_2 (XF/NSP/*),NOBLES 345/115 TR10,20:25,-24.96,
12/26/2024,30825.0,229670.0,Batesvil_Batesvil_115kV_FLO_Batesvil_LS_Power_23,BATSV5 BATSV5_BATSV73 A (LN/EMBA/TVA),BATESVILLE-L S POWER 230,20:30,-4.91,
12/26/2024,2975.0,3545.0,Crete_St_Johns_Tap_345_kV_l_o_Dum_Wi_Cent_765_kV,ST_JOHN 34519 A (LN/NIPS/AEP),WILTON CENTER-DUMONT 765 (11215),20:30,-82.6,
12/26/2024,,390693.0,NSP34X15_NOBLES_TR9_TR9_2,NOBLES TR9 TR9_2 (XF/NSP/*),NOBLES 345/115 TR10,20:30,-19.56,
12/26/2024,,390693.0,NSP34X15_NOBLES_TR9_TR9_2,NOBLES TR9 TR9_2 (XF/NSP/*),NOBLES 345/115 TR10,20:35,-20.6,
12/26/2024,29254.0,438951.0,TMP781_Pittsburg_Semino_345_kV_FTLO_Canadian_Riv,SEMINOLE SEMINOLE A (LN/OKGE/CSWS),PITTSBURG-CANADIAN RIVER 345,20:35,-2.7,
12/26/2024,30825.0,229670.0,Batesvil_Batesvil_115kV_FLO_Batesvil_LS_Power_23,BATSV5 BATSV5_BATSV73 A (LN/EMBA/TVA),BATESVILLE-L S POWER 230,20:40,-38.24,
12/26/2024,2569.0,417569.0,Stateline_WolfLake138_flo_Burnham_Munster345,7_STATE STATE17WOL13_1 1 (LN/CE/NIPS),BURNHAM-MUNSTER 345 (34504),20:40,-2000.0,
12/26/2024,29254.0,438951.0,TMP781_Pittsburg_Semino_345_kV_FTLO_Canadian_Riv,SEMINOLE SEMINOLE A (LN/OKGE/CSWS),PITTSBURG-CANADIAN RIVER 345,20:40,-2.25,
12/26/2024,30825.0,229670.0,Batesvil_Batesvil_115kV_FLO_Batesvil_LS_Power_23,BATSV5 BATSV5_BATSV73 A (LN/EMBA/TVA),BATESVILLE-L S POWER 230,20:45,-1.74,
12/26/2024,2569.0,417569.0,Stateline_WolfLake138_flo_Burnham_Munster345,7_STATE STATE17WOL13_1 1 (LN/CE/NIPS),BURNHAM-MUNSTER 345 (34504),20:45,-198.25,
12/26/2024,30825.0,229670.0,Batesvil_Batesvil_115kV_FLO_Batesvil_LS_Power_23,BATSV5 BATSV5_BATSV73 A (LN/EMBA/TVA),BATESVILLE-L S POWER 230,20:50,-7.34,
12/26/2024,,390693.0,NSP34X15_NOBLES_TR9_TR9_2,NOBLES TR9 TR9_2 (XF/NSP/*),NOBLES 345/115 TR10,20:50,-20.58,
12/26/2024,2569.0,417569.0,Stateline_WolfLake138_flo_Burnham_Munster345,7_STATE STATE17WOL13_1 1 (LN/CE/NIPS),BURNHAM-MUNSTER 345 (34504),20:50,-332.4,
12/26/2024,30825.0,229670.0,Batesvil_Batesvil_115kV_FLO_Batesvil_LS_Power_23,BATSV5 BATSV5_BATSV73 A (LN/EMBA/TVA),BATESVILLE-L S POWER 230,20:55,-1.91,
12/26/2024,2569.0,417569.0,Stateline_WolfLake138_flo_Burnham_Munster345,7_STATE STATE17WOL13_1 1 (LN/CE/NIPS),BURNHAM-MUNSTER 345 (34504),20:55,-204.8,
12/26/2024,2569.0,417569.0,Stateline_WolfLake138_flo_Burnham_Munster345,7_STATE STATE17WOL13_1 1 (LN/CE/NIPS),BURNHAM-MUNSTER 345 (34504),21:00,-81.60000000000001,
12/26/2024,29254.0,438951.0,TMP781_Pittsburg_Semino_345_kV_FTLO_Canadian_Riv,SEMINOLE SEMINOLE A (LN/OKGE/CSWS),PITTSBURG-CANADIAN RIVER 345,21:00,-1.8,
12/26/2024,2569.0,417569.0,Stateline_WolfLake138_flo_Burnham_Munster345,7_STATE STATE17WOL13_1 1 (LN/CE/NIPS),BURNHAM-MUNSTER 345 (34504),21:05,-81.60000000000001,
12/26/2024,29254.0,438951.0,TMP781_Pittsburg_Semino_345_kV_FTLO_Canadian_Riv,SEMINOLE SEMINOLE A (LN/OKGE/CSWS),PITTSBURG-CANADIAN RIVER 345,21:05,-3.97,
12/26/2024,30825.0,229670.0,Batesvil_Batesvil_115kV_FLO_Batesvil_LS_Power_23,BATSV5 BATSV5_BATSV73 A (LN/EMBA/TVA),BATESVILLE-L S POWER 230,21:10,-5.11,
12/26/2024,2569.0,417569.0,Stateline_WolfLake138_flo_Burnham_Munster345,7_STATE STATE17WOL13_1 1 (LN/CE/NIPS),BURNHAM-MUNSTER 345 (34504),21:10,-258.3,
12/26/2024,29254.0,438951.0,TMP781_Pittsburg_Semino_345_kV_FTLO_Canadian_Riv,SEMINOLE SEMINOLE A (LN/OKGE/CSWS),PITTSBURG-CANADIAN RIVER 345,21:10,-4.2,
12/26/2024,30825.0,229670.0,Batesvil_Batesvil_115kV_FLO_Batesvil_LS_Power_23,BATSV5 BATSV5_BATSV73 A (LN/EMBA/TVA),BATESVILLE-L S POWER 230,21:15,-45.74,
12/26/2024,2569.0,417569.0,Stateline_WolfLake138_flo_Burnham_Munster345,7_STATE STATE17WOL13_1 1 (LN/CE/NIPS),BURNHAM-MUNSTER 345 (34504),21:15,-1217.2,
12/26/2024,29254.0,438951.0,TMP781_Pittsburg_Semino_345_kV_FTLO_Canadian_Riv,SEMINOLE SEMINOLE A (LN/OKGE/CSWS),PITTSBURG-CANADIAN RIVER 345,21:15,-4.16,
12/26/2024,30825.0,229670.0,Batesvil_Batesvil_115kV_FLO_Batesvil_LS_Power_23,BATSV5 BATSV5_BATSV73 A (LN/EMBA/TVA),BATESVILLE-L S POWER 230,21:20,-13.68,
12/26/2024,2569.0,417569.0,Stateline_WolfLake138_flo_Burnham_Munster345,7_STATE STATE17WOL13_1 1 (LN/CE/NIPS),BURNHAM-MUNSTER 345 (34504),21:20,-495.51,
12/26/2024,29254.0,438951.0,TMP781_Pittsburg_Semino_345_kV_FTLO_Canadian_Riv,SEMINOLE SEMINOLE A (LN/OKGE/CSWS),PITTSBURG-CANADIAN RIVER 345,21:20,-2.17,
12/26/2024,30825.0,229670.0,Batesvil_Batesvil_115kV_FLO_Batesvil_LS_Power_23,BATSV5 BATSV5_BATSV73 A (LN/EMBA/TVA),BATESVILLE-L S POWER 230,21:25,-25.56,
12/26/2024,2569.0,417569.0,Stateline_WolfLake138_flo_Burnham_Munster345,7_STATE STATE17WOL13_1 1 (LN/CE/NIPS),BURNHAM-MUNSTER 345 (34504),21:25,-827.7,
12/26/2024,29254.0,438951.0,TMP781_Pittsburg_Semino_345_kV_FTLO_Canadian_Riv,SEMINOLE SEMINOLE A (LN/OKGE/CSWS),PITTSBURG-CANADIAN RIVER 345,21:25,-3.68,
12/26/2024,30825.0,229670.0,Batesvil_Batesvil_115kV_FLO_Batesvil_LS_Power_23,BATSV5 BATSV5_BATSV73 A (LN/EMBA/TVA),BATESVILLE-L S POWER 230,21:30,-26.62,
12/26/2024,2569.0,417569.0,Stateline_WolfLake138_flo_Burnham_Munster345,7_STATE STATE17WOL13_1 1 (LN/CE/NIPS),BURNHAM-MUNSTER 345 (34504),21:30,-827.7,
12/26/2024,29254.0,438951.0,TMP781_Pittsburg_Semino_345_kV_FTLO_Canadian_Riv,SEMINOLE SEMINOLE A (LN/OKGE/CSWS),PITTSBURG-CANADIAN RIVER 345,21:30,-3.2,
12/26/2024,29254.0,438951.0,TMP781_Pittsburg_Semino_345_kV_FTLO_Canadian_Riv,SEMINOLE SEMINOLE A (LN/OKGE/CSWS),PITTSBURG-CANADIAN RIVER 345,21:35,-3.59,
12/26/2024,29254.0,438951.0,TMP781_Pittsburg_Semino_345_kV_FTLO_Canadian_Riv,SEMINOLE SEMINOLE A (LN/OKGE/CSWS),PITTSBURG-CANADIAN RIVER 345,21:40,-4.09,
12/26/2024,26016.0,1531.0,TEMP39_LN_Tekamho_Sub_1226_161_kV_FTLO_Raun_Fort,TEKAMHO TEKAMSUB1216_1 1 (LN/OPPD/OPPD),FORT CALHOUN-RAUN 345,21:45,-95.97,
12/26/2024,29254.0,438951.0,TMP781_Pittsburg_Semino_345_kV_FTLO_Canadian_Riv,SEMINOLE SEMINOLE A (LN/OKGE/CSWS),PITTSBURG-CANADIAN RIVER 345,21:45,-3.79,
12/26/2024,30825.0,229670.0,Batesvil_Batesvil_115kV_FLO_Batesvil_LS_Power_23,BATSV5 BATSV5_BATSV73 A (LN/EMBA/TVA),BATESVILLE-L S POWER 230,21:50,-6.85,
12/26/2024,2569.0,417569.0,Stateline_WolfLake138_flo_Burnham_Munster345,7_STATE STATE17WOL13_1 1 (LN/CE/NIPS),BURNHAM-MUNSTER 345 (34504),21:50,-119.57,
12/26/2024,26016.0,1531.0,TEMP39_LN_Tekamho_Sub_1226_161_kV_FTLO_Raun_Fort,TEKAMHO TEKAMSUB1216_1 1 (LN/OPPD/OPPD),FORT CALHOUN-RAUN 345,21:50,-431.09,
12/26/2024,29254.0,438951.0,TMP781_Pittsburg_Semino_345_kV_FTLO_Canadian_Riv,SEMINOLE SEMINOLE A (LN/OKGE/CSWS),PITTSBURG-CANADIAN RIVER 345,21:50,-3.3,
12/26/2024,30825.0,229670.0,Batesvil_Batesvil_115kV_FLO_Batesvil_LS_Power_23,BATSV5 BATSV5_BATSV73 A (LN/EMBA/TVA),BATESVILLE-L S POWER 230,21:55,-7.88,
12/26/2024,2569.0,417569.0,Stateline_WolfLake138_flo_Burnham_Munster345,7_STATE STATE17WOL13_1 1 (LN/CE/NIPS),BURNHAM-MUNSTER 345 (34504),21:55,-950.5,
12/26/2024,26016.0,1531.0,TEMP39_LN_Tekamho_Sub_1226_161_kV_FTLO_Raun_Fort,TEKAMHO TEKAMSUB1216_1 1 (LN/OPPD/OPPD),FORT CALHOUN-RAUN 345,21:55,-116.34,
12/26/2024,29254.0,438951.0,TMP781_Pittsburg_Semino_345_kV_FTLO_Canadian_Riv,SEMINOLE SEMINOLE A (LN/OKGE/CSWS),PITTSBURG-CANADIAN RIVER 345,21:55,-3.4,
12/26/2024,2569.0,417569.0,Stateline_WolfLake138_flo_Burnham_Munster345,7_STATE STATE17WOL13_1 1 (LN/CE/NIPS),BURNHAM-MUNSTER 345 (34504),22:00,-950.5,
12/26/2024,26016.0,1531.0,TEMP39_LN_Tekamho_Sub_1226_161_kV_FTLO_Raun_Fort,TEKAMHO TEKAMSUB1216_1 1 (LN/OPPD/OPPD),FORT CALHOUN-RAUN 345,22:00,-214.1,
12/26/2024,29254.0,438951.0,TMP781_Pittsburg_Semino_345_kV_FTLO_Canadian_Riv,SEMINOLE SEMINOLE A (LN/OKGE/CSWS),PITTSBURG-CANADIAN RIVER 345,22:00,-3.3,
12/26/2024,2569.0,417569.0,Stateline_WolfLake138_flo_Burnham_Munster345,7_STATE STATE17WOL13_1 1 (LN/CE/NIPS),BURNHAM-MUNSTER 345 (34504),22:05,-460.4,
12/26/2024,29254.0,438951.0,TMP781_Pittsburg_Semino_345_kV_FTLO_Canadian_Riv,SEMINOLE SEMINOLE A (LN/OKGE/CSWS),PITTSBURG-CANADIAN RIVER 345,22:05,-3.8,
12/26/2024,2569.0,417569.0,Stateline_WolfLake138_flo_Burnham_Munster345,7_STATE STATE17WOL13_1 1 (LN/CE/NIPS),BURNHAM-MUNSTER 345 (34504),22:10,-248.0,
12/26/2024,29254.0,438951.0,TMP781_Pittsburg_Semino_345_kV_FTLO_Canadian_Riv,SEMINOLE SEMINOLE A (LN/OKGE/CSWS),PITTSBURG-CANADIAN RIVER 345,22:10,-1.1,
12/26/2024,2975.0,3545.0,Crete_St_Johns_Tap_345_kV_l_o_Dum_Wi_Cent_765_kV,ST_JOHN 34519 A (LN/NIPS/AEP),WILTON CENTER-DUMONT 765 (11215),22:15,-39.36,
12/26/2024,2569.0,417569.0,Stateline_WolfLake138_flo_Burnham_Munster345,7_STATE STATE17WOL13_1 1 (LN/CE/NIPS),BURNHAM-MUNSTER 345 (34504),22:15,-248.0,
12/26/2024,2975.0,3545.0,Crete_St_Johns_Tap_345_kV_l_o_Dum_Wi_Cent_765_kV,ST_JOHN 34519 A (LN/NIPS/AEP),WILTON CENTER-DUMONT 765 (11215),22:20,-79.9,
12/26/2024,29254.0,438951.0,TMP781_Pittsburg_Semino_345_kV_FTLO_Canadian_Riv,SEMINOLE SEMINOLE A (LN/OKGE/CSWS),PITTSBURG-CANADIAN RIVER 345,22:20,-0.5,
12/26/2024,2569.0,417569.0,Stateline_WolfLake138_flo_Burnham_Munster345,7_STATE STATE17WOL13_1 1 (LN/CE/NIPS),BURNHAM-MUNSTER 345 (34504),22:25,-799.0,
12/26/2024,29254.0,438951.0,TMP781_Pittsburg_Semino_345_kV_FTLO_Canadian_Riv,SEMINOLE SEMINOLE A (LN/OKGE/CSWS),PITTSBURG-CANADIAN RIVER 345,22:25,-0.8,
12/26/2024,2569.0,417569.0,Stateline_WolfLake138_flo_Burnham_Munster345,7_STATE STATE17WOL13_1 1 (LN/CE/NIPS),BURNHAM-MUNSTER 345 (34504),22:30,-799.0,
12/26/2024,29254.0,438951.0,TMP781_Pittsburg_Semino_345_kV_FTLO_Canadian_Riv,SEMINOLE SEMINOLE A (LN/OKGE/CSWS),PITTSBURG-CANADIAN RIVER 345,22:30,-0.4,
12/26/2024,2569.0,417569.0,Stateline_WolfLake138_flo_Burnham_Munster345,7_STATE STATE17WOL13_1 1 (LN/CE/NIPS),BURNHAM-MUNSTER 345 (34504),22:35,-949.7,
12/26/2024,29254.0,438951.0,TMP781_Pittsburg_Semino_345_kV_FTLO_Canadian_Riv,SEMINOLE SEMINOLE A (LN/OKGE/CSWS),PITTSBURG-CANADIAN RIVER 345,22:35,-0.9,
12/26/2024,2569.0,417569.0,Stateline_WolfLake138_flo_Burnham_Munster345,7_STATE STATE17WOL13_1 1 (LN/CE/NIPS),BURNHAM-MUNSTER 345 (34504),22:40,-985.7,
12/26/2024,2569.0,417569.0,Stateline_WolfLake138_flo_Burnham_Munster345,7_STATE STATE17WOL13_1 1 (LN/CE/NIPS),BURNHAM-MUNSTER 345 (34504),22:45,-951.6,
12/26/2024,2569.0,417569.0,Stateline_WolfLake138_flo_Burnham_Munster345,7_STATE STATE17WOL13_1 1 (LN/CE/NIPS),BURNHAM-MUNSTER 345 (34504),22:50,-282.5,
12/26/2024,2975.0,3545.0,Crete_St_Johns_Tap_345_kV_l_o_Dum_Wi_Cent_765_kV,ST_JOHN 34519 A (LN/NIPS/AEP),WILTON CENTER-DUMONT 765 (11215),22:55,-9.700000000000001,
12/26/2024,29254.0,438951.0,TMP781_Pittsburg_Semino_345_kV_FTLO_Canadian_Riv,SEMINOLE SEMINOLE A (LN/OKGE/CSWS),PITTSBURG-CANADIAN RIVER 345,22:55,-1.26,
12/26/2024,2569.0,417569.0,Stateline_WolfLake138_flo_Burnham_Munster345,7_STATE STATE17WOL13_1 1 (LN/CE/NIPS),BURNHAM-MUNSTER 345 (34504),23:00,-167.9,
12/26/2024,29254.0,438951.0,TMP781_Pittsburg_Semino_345_kV_FTLO_Canadian_Riv,SEMINOLE SEMINOLE A (LN/OKGE/CSWS),PITTSBURG-CANADIAN RIVER 345,23:00,-1.1500000000000001,
12/26/2024,2975.0,3545.0,Crete_St_Johns_Tap_345_kV_l_o_Dum_Wi_Cent_765_kV,ST_JOHN 34519 A (LN/NIPS/AEP),WILTON CENTER-DUMONT 765 (11215),23:05,-8.24,
12/26/2024,29254.0,438951.0,TMP781_Pittsburg_Semino_345_kV_FTLO_Canadian_Riv,SEMINOLE SEMINOLE A (LN/OKGE/CSWS),PITTSBURG-CANADIAN RIVER 345,23:05,-0.6,
12/26/2024,2975.0,3545.0,Crete_St_Johns_Tap_345_kV_l_o_Dum_Wi_Cent_765_kV,ST_JOHN 34519 A (LN/NIPS/AEP),WILTON CENTER-DUMONT 765 (11215),23:10,-78.60000000000001,
12/26/2024,29254.0,438951.0,TMP781_Pittsburg_Semino_345_kV_FTLO_Canadian_Riv,SEMINOLE SEMINOLE A (LN/OKGE/CSWS),PITTSBURG-CANADIAN RIVER 345,23:10,-1.16,
12/26/2024,30825.0,229670.0,Batesvil_Batesvil_115kV_FLO_Batesvil_LS_Power_23,BATSV5 BATSV5_BATSV73 A (LN/EMBA/TVA),BATESVILLE-L S POWER 230,23:15,-1.19,
12/26/2024,2975.0,3545.0,Crete_St_Johns_Tap_345_kV_l_o_Dum_Wi_Cent_765_kV,ST_JOHN 34519 A (LN/NIPS/AEP),WILTON CENTER-DUMONT 765 (11215),23:15,-73.60000000000001,
12/26/2024,29254.0,438951.0,TMP781_Pittsburg_Semino_345_kV_FTLO_Canadian_Riv,SEMINOLE SEMINOLE A (LN/OKGE/CSWS),PITTSBURG-CANADIAN RIVER 345,23:15,-1.6,
12/26/2024,2975.0,3545.0,Crete_St_Johns_Tap_345_kV_l_o_Dum_Wi_Cent_765_kV,ST_JOHN 34519 A (LN/NIPS/AEP),WILTON CENTER-DUMONT 765 (11215),23:20,-73.60000000000001,
12/26/2024,2569.0,417569.0,Stateline_WolfLake138_flo_Burnham_Munster345,7_STATE STATE17WOL13_1 1 (LN/CE/NIPS),BURNHAM-MUNSTER 345 (34504),23:25,-302.5,
12/26/2024,2569.0,417569.0,Stateline_WolfLake138_flo_Burnham_Munster345,7_STATE STATE17WOL13_1 1 (LN/CE/NIPS),BURNHAM-MUNSTER 345 (34504),23:30,-949.9,
12/26/2024,30825.0,229670.0,Batesvil_Batesvil_115kV_FLO_Batesvil_LS_Power_23,BATSV5 BATSV5_BATSV73 A (LN/EMBA/TVA),BATESVILLE-L S POWER 230,23:35,-6.19,
12/26/2024,2569.0,417569.0,Stateline_WolfLake138_flo_Burnham_Munster345,7_STATE STATE17WOL13_1 1 (LN/CE/NIPS),BURNHAM-MUNSTER 345 (34504),23:35,-573.7,
12/26/2024,2569.0,417569.0,Stateline_WolfLake138_flo_Burnham_Munster345,7_STATE STATE17WOL13_1 1 (LN/CE/NIPS),BURNHAM-MUNSTER 345 (34504),23:40,-164.4,
12/26/2024,2569.0,417569.0,Stateline_WolfLake138_flo_Burnham_Munster345,7_STATE STATE17WOL13_1 1 (LN/CE/NIPS),BURNHAM-MUNSTER 345 (34504),23:45,-97.7,
12/26/2024,2569.0,417569.0,Stateline_WolfLake138_flo_Burnham_Munster345,7_STATE STATE17WOL13_1 1 (LN/CE/NIPS),BURNHAM-MUNSTER 345 (34504),23:50,-78.3,
12/26/2024,2975.0,3545.0,Crete_St_Johns_Tap_345_kV_l_o_Dum_Wi_Cent_765_kV,ST_JOHN 34519 A (LN/NIPS/AEP),WILTON CENTER-DUMONT 765 (11215),23:55,-14.1,
12/27/2024,,162444.0,AMI13179_REYNOLD4_13857_A,REYNOLD4 13857 A (LN/NIPS/NIPS),WATSEKA - SHELDON SOUTH 138,00:00,-17.57,
12/27/2024,30825.0,229670.0,Batesvil_Batesvil_115kV_FLO_Batesvil_LS_Power_23,BATSV5 BATSV5_BATSV73 A (LN/EMBA/TVA),BATESVILLE-L S POWER 230,00:00,-2.5,
12/27/2024,2569.0,417569.0,Stateline_WolfLake138_flo_Burnham_Munster345,7_STATE STATE17WOL13_1 1 (LN/CE/NIPS),BURNHAM-MUNSTER 345 (34504),00:00,-59.0,
12/27/2024,2975.0,3545.0,Crete_St_Johns_Tap_345_kV_l_o_Dum_Wi_Cent_765_kV,ST_JOHN 34519 A (LN/NIPS/AEP),WILTON CENTER-DUMONT 765 (11215),00:05,-65.7,
12/27/2024,,390693.0,NSP34X15_NOBLES_TR9_TR9_2,NOBLES TR9 TR9_2 (XF/NSP/*),NOBLES 345/115 TR10,00:10,-17.79,
12/27/2024,2569.0,417569.0,Stateline_WolfLake138_flo_Burnham_Munster345,7_STATE STATE17WOL13_1 1 (LN/CE/NIPS),BURNHAM-MUNSTER 345 (34504),00:10,-234.43,
12/27/2024,2569.0,417569.0,Stateline_WolfLake138_flo_Burnham_Munster345,7_STATE STATE17WOL13_1 1 (LN/CE/NIPS),BURNHAM-MUNSTER 345 (34504),00:15,-933.2,
12/27/2024,2975.0,3545.0,Crete_St_Johns_Tap_345_kV_l_o_Dum_Wi_Cent_765_kV,ST_JOHN 34519 A (LN/NIPS/AEP),WILTON CENTER-DUMONT 765 (11215),00:20,-65.1,
12/27/2024,2975.0,3545.0,Crete_St_Johns_Tap_345_kV_l_o_Dum_Wi_Cent_765_kV,ST_JOHN 34519 A (LN/NIPS/AEP),WILTON CENTER-DUMONT 765 (11215),00:25,-148.6,
12/27/2024,2569.0,417569.0,Stateline_WolfLake138_flo_Burnham_Munster345,7_STATE STATE17WOL13_1 1 (LN/CE/NIPS),BURNHAM-MUNSTER 345 (34504),00:25,-17.0,
12/27/2024,2569.0,417569.0,Stateline_WolfLake138_flo_Burnham_Munster345,7_STATE STATE17WOL13_1 1 (LN/CE/NIPS),BURNHAM-MUNSTER 345 (34504),00:30,-647.0,
12/27/2024,2569.0,417569.0,Stateline_WolfLake138_flo_Burnham_Munster345,7_STATE STATE17WOL13_1 1 (LN/CE/NIPS),BURNHAM-MUNSTER 345 (34504),00:35,-647.0,
12/27/2024,2975.0,3545.0,Crete_St_Johns_Tap_345_kV_l_o_Dum_Wi_Cent_765_kV,ST_JOHN 34519 A (LN/NIPS/AEP),WILTON CENTER-DUMONT 765 (11215),00:40,-30.5,
12/27/2024,2975.0,3545.0,Crete_St_Johns_Tap_345_kV_l_o_Dum_Wi_Cent_765_kV,ST_JOHN 34519 A (LN/NIPS/AEP),WILTON CENTER-DUMONT 765 (11215),00:45,-30.5,
12/27/2024,2975.0,3545.0,Crete_St_Johns_Tap_345_kV_l_o_Dum_Wi_Cent_765_kV,ST_JOHN 34519 A (LN/NIPS/AEP),WILTON CENTER-DUMONT 765 (11215),00:50,-30.6,
12/27/2024,2975.0,3545.0,Crete_St_Johns_Tap_345_kV_l_o_Dum_Wi_Cent_765_kV,ST_JOHN 34519 A (LN/NIPS/AEP),WILTON CENTER-DUMONT 765 (11215),00:55,-39.4,
12/27/2024,2569.0,417569.0,Stateline_WolfLake138_flo_Burnham_Munster345,7_STATE STATE17WOL13_1 1 (LN/CE/NIPS),BURNHAM-MUNSTER 345 (34504),01:00,-309.43,
12/27/2024,30825.0,229670.0,Batesvil_Batesvil_115kV_FLO_Batesvil_LS_Power_23,BATSV5 BATSV5_BATSV73 A (LN/EMBA/TVA),BATESVILLE-L S POWER 230,01:05,-4.12,
12/27/2024,2569.0,417569.0,Stateline_WolfLake138_flo_Burnham_Munster345,7_STATE STATE17WOL13_1 1 (LN/CE/NIPS),BURNHAM-MUNSTER 345 (34504),01:05,-599.3000000000001,
12/27/2024,30825.0,229670.0,Batesvil_Batesvil_115kV_FLO_Batesvil_LS_Power_23,BATSV5 BATSV5_BATSV73 A (LN/EMBA/TVA),BATESVILLE-L S POWER 230,01:10,-16.27,
12/27/2024,2569.0,417569.0,Stateline_WolfLake138_flo_Burnham_Munster345,7_STATE STATE17WOL13_1 1 (LN/CE/NIPS),BURNHAM-MUNSTER 345 (34504),01:10,-925.4,
12/27/2024,2569.0,417569.0,Stateline_WolfLake138_flo_Burnham_Munster345,7_STATE STATE17WOL13_1 1 (LN/CE/NIPS),BURNHAM-MUNSTER 345 (34504),01:15,-177.57,
12/27/2024,2569.0,417569.0,Stateline_WolfLake138_flo_Burnham_Munster345,7_STATE STATE17WOL13_1 1 (LN/CE/NIPS),BURNHAM-MUNSTER 345 (34504),01:20,-204.2,
12/27/2024,2975.0,3545.0,Crete_St_Johns_Tap_345_kV_l_o_Dum_Wi_Cent_765_kV,ST_JOHN 34519 A (LN/NIPS/AEP),WILTON CENTER-DUMONT 765 (11215),01:30,-22.72,
12/27/2024,2975.0,3545.0,Crete_St_Johns_Tap_345_kV_l_o_Dum_Wi_Cent_765_kV,ST_JOHN 34519 A (LN/NIPS/AEP),WILTON CENTER-DUMONT 765 (11215),01:35,-17.1,
12/27/2024,2569.0,417569.0,Stateline_WolfLake138_flo_Burnham_Munster345,7_STATE STATE17WOL13_1 1 (LN/CE/NIPS),BURNHAM-MUNSTER 345 (34504),01:40,-507.0,
12/27/2024,2569.0,417569.0,Stateline_WolfLake138_flo_Burnham_Munster345,7_STATE STATE17WOL13_1 1 (LN/CE/NIPS),BURNHAM-MUNSTER 345 (34504),01:45,-728.2,
12/27/2024,30825.0,229670.0,Batesvil_Batesvil_115kV_FLO_Batesvil_LS_Power_23,BATSV5 BATSV5_BATSV73 A (LN/EMBA/TVA),BATESVILLE-L S POWER 230,01:50,-0.86,
12/27/2024,2569.0,417569.0,Stateline_WolfLake138_flo_Burnham_Munster345,7_STATE STATE17WOL13_1 1 (LN/CE/NIPS),BURNHAM-MUNSTER 345 (34504),01:50,-713.39,
12/27/2024,2569.0,417569.0,Stateline_WolfLake138_flo_Burnham_Munster345,7_STATE STATE17WOL13_1 1 (LN/CE/NIPS),BURNHAM-MUNSTER 345 (34504),01:55,-249.2,
12/27/2024,2569.0,417569.0,Stateline_WolfLake138_flo_Burnham_Munster345,7_STATE STATE17WOL13_1 1 (LN/CE/NIPS),BURNHAM-MUNSTER 345 (34504),02:00,-196.9,
12/27/2024,2975.0,3545.0,Crete_St_Johns_Tap_345_kV_l_o_Dum_Wi_Cent_765_kV,ST_JOHN 34519 A (LN/NIPS/AEP),WILTON CENTER-DUMONT 765 (11215),02:10,-6.1,
12/27/2024,2975.0,3545.0,Crete_St_Johns_Tap_345_kV_l_o_Dum_Wi_Cent_765_kV,ST_JOHN 34519 A (LN/NIPS/AEP),WILTON CENTER-DUMONT 765 (11215),02:15,-6.1,
12/27/2024,2975.0,3545.0,Crete_St_Johns_Tap_345_kV_l_o_Dum_Wi_Cent_765_kV,ST_JOHN 34519 A (LN/NIPS/AEP),WILTON CENTER-DUMONT 765 (11215),02:20,-17.2,
12/27/2024,30825.0,229670.0,Batesvil_Batesvil_115kV_FLO_Batesvil_LS_Power_23,BATSV5 BATSV5_BATSV73 A (LN/EMBA/TVA),BATESVILLE-L S POWER 230,02:25,-0.83,
12/27/2024,29015.0,3443.0,Duneare_Michigan_City_13839_138kv_flo_Wilton_Cen,DUNEACRE 13839 A (LN/NIPS/NIPS),WILTON CENTER-DUMONT 765 (11215),02:25,-1742.9,
12/27/2024,2569.0,417569.0,Stateline_WolfLake138_flo_Burnham_Munster345,7_STATE STATE17WOL13_1 1 (LN/CE/NIPS),BURNHAM-MUNSTER 345 (34504),02:30,-319.78000000000003,
12/27/2024,30825.0,229670.0,Batesvil_Batesvil_115kV_FLO_Batesvil_LS_Power_23,BATSV5 BATSV5_BATSV73 A (LN/EMBA/TVA),BATESVILLE-L S POWER 230,02:35,-16.740000000000002,
12/27/2024,2569.0,417569.0,Stateline_WolfLake138_flo_Burnham_Munster345,7_STATE STATE17WOL13_1 1 (LN/CE/NIPS),BURNHAM-MUNSTER 345 (34504),02:35,-1233.2,
12/27/2024,30825.0,229670.0,Batesvil_Batesvil_115kV_FLO_Batesvil_LS_Power_23,BATSV5 BATSV5_BATSV73 A (LN/EMBA/TVA),BATESVILLE-L S POWER 230,02:40,-1.91,
12/27/2024,2569.0,417569.0,Stateline_WolfLake138_flo_Burnham_Munster345,7_STATE STATE17WOL13_1 1 (LN/CE/NIPS),BURNHAM-MUNSTER 345 (34504),02:40,-303.01,
12/27/2024,2975.0,3545.0,Crete_St_Johns_Tap_345_kV_l_o_Dum_Wi_Cent_765_kV,ST_JOHN 34519 A (LN/NIPS/AEP),WILTON CENTER-DUMONT 765 (11215),02:45,-26.79,
12/27/2024,2975.0,3545.0,Crete_St_Johns_Tap_345_kV_l_o_Dum_Wi_Cent_765_kV,ST_JOHN 34519 A (LN/NIPS/AEP),WILTON CENTER-DUMONT 765 (11215),02:50,-16.2,
12/27/2024,,284758.0,ALW16085_MAYTAG3_MAYTAARORA69_1_1,MAYTAG3 MAYTAARORA69_1 1 (LN/ALTW/ALTW),JASPER-NEWTON 161,02:55,-1.87,
12/27/2024,2975.0,3545.0,Crete_St_Johns_Tap_345_kV_l_o_Dum_Wi_Cent_765_kV,ST_JOHN 34519 A (LN/NIPS/AEP),WILTON CENTER-DUMONT 765 (11215),02:55,-11.7,
12/27/2024,2975.0,3545.0,Crete_St_Johns_Tap_345_kV_l_o_Dum_Wi_Cent_765_kV,ST_JOHN 34519 A (LN/NIPS/AEP),WILTON CENTER-DUMONT 765 (11215),03:00,-12.0,
12/27/2024,2569.0,417569.0,Stateline_WolfLake138_flo_Burnham_Munster345,7_STATE STATE17WOL13_1 1 (LN/CE/NIPS),BURNHAM-MUNSTER 345 (34504),03:00,-83.5,
12/27/2024,2569.0,417569.0,Stateline_WolfLake138_flo_Burnham_Munster345,7_STATE STATE17WOL13_1 1 (LN/CE/NIPS),BURNHAM-MUNSTER 345 (34504),03:05,-851.3,
12/27/2024,2569.0,417569.0,Stateline_WolfLake138_flo_Burnham_Munster345,7_STATE STATE17WOL13_1 1 (LN/CE/NIPS),BURNHAM-MUNSTER 345 (34504),03:10,-848.2,
12/27/2024,29015.0,3443.0,Duneare_Michigan_City_13839_138kv_flo_Wilton_Cen,DUNEACRE 13839 A (LN/NIPS/NIPS),WILTON CENTER-DUMONT 765 (11215),03:15,-312.34000000000003,
12/27/2024,30825.0,229670.0,Batesvil_Batesvil_115kV_FLO_Batesvil_LS_Power_23,BATSV5 BATSV5_BATSV73 A (LN/EMBA/TVA),BATESVILLE-L S POWER 230,03:20,-9.35,
12/27/2024,29015.0,3443.0,Duneare_Michigan_City_13839_138kv_flo_Wilton_Cen,DUNEACRE 13839 A (LN/NIPS/NIPS),WILTON CENTER-DUMONT 765 (11215),03:20,-1730.6,
12/27/2024,29015.0,3443.0,Duneare_Michigan_City_13839_138kv_flo_Wilton_Cen,DUNEACRE 13839 A (LN/NIPS/NIPS),WILTON CENTER-DUMONT 765 (11215),03:25,-415.34,
12/27/2024,2975.0,3545.0,Crete_St_Johns_Tap_345_kV_l_o_Dum_Wi_Cent_765_kV,ST_JOHN 34519 A (LN/NIPS/AEP),WILTON CENTER-DUMONT 765 (11215),03:30,-32.5,
12/27/2024,2569.0,417569.0,Stateline_WolfLake138_flo_Burnham_Munster345,7_STATE STATE17WOL13_1 1 (LN/CE/NIPS),BURNHAM-MUNSTER 345 (34504),03:35,-879.7,
12/27/2024,2569.0,417569.0,Stateline_WolfLake138_flo_Burnham_Munster345,7_STATE STATE17WOL13_1 1 (LN/CE/NIPS),BURNHAM-MUNSTER 345 (34504),03:40,-852.5,
12/27/2024,2569.0,417569.0,Stateline_WolfLake138_flo_Burnham_Munster345,7_STATE STATE17WOL13_1 1 (LN/CE/NIPS),BURNHAM-MUNSTER 345 (34504),03:45,-853.1,
12/27/2024,2569.0,417569.0,Stateline_WolfLake138_flo_Burnham_Munster345,7_STATE STATE17WOL13_1 1 (LN/CE/NIPS),BURNHAM-MUNSTER 345 (34504),03:50,-312.40000000000003,
12/27/2024,2569.0,417569.0,Stateline_WolfLake138_flo_Burnham_Munster345,7_STATE STATE17WOL13_1 1 (LN/CE/NIPS),BURNHAM-MUNSTER 345 (34504),03:55,-169.6,
12/27/2024,2569.0,417569.0,Stateline_WolfLake138_flo_Burnham_Munster345,7_STATE STATE17WOL13_1 1 (LN/CE/NIPS),BURNHAM-MUNSTER 345 (34504),04:00,-169.6,
12/27/2024,2569.0,417569.0,Stateline_WolfLake138_flo_Burnham_Munster345,7_STATE STATE17WOL13_1 1 (LN/CE/NIPS),BURNHAM-MUNSTER 345 (34504),04:05,-120.5,
12/27/2024,2569.0,417569.0,Stateline_WolfLake138_flo_Burnham_Munster345,7_STATE STATE17WOL13_1 1 (LN/CE/NIPS),BURNHAM-MUNSTER 345 (34504),04:10,-471.6,
12/27/2024,2569.0,417569.0,Stateline_WolfLake138_flo_Burnham_Munster345,7_STATE STATE17WOL13_1 1 (LN/CE/NIPS),BURNHAM-MUNSTER 345 (34504),04:15,-471.6,
12/27/2024,2569.0,417569.0,Stateline_WolfLake138_flo_Burnham_Munster345,7_STATE STATE17WOL13_1 1 (LN/CE/NIPS),BURNHAM-MUNSTER 345 (34504),04:20,-875.8,
12/27/2024,2975.0,3545.0,Crete_St_Johns_Tap_345_kV_l_o_Dum_Wi_Cent_765_kV,ST_JOHN 34519 A (LN/NIPS/AEP),WILTON CENTER-DUMONT 765 (11215),04:25,-36.9,
12/27/2024,2975.0,3545.0,Crete_St_Johns_Tap_345_kV_l_o_Dum_Wi_Cent_765_kV,ST_JOHN 34519 A (LN/NIPS/AEP),WILTON CENTER-DUMONT 765 (11215),04:30,-43.8,
12/27/2024,,284758.0,ALW16085_MAYTAG3_MAYTAARORA69_1_1,MAYTAG3 MAYTAARORA69_1 1 (LN/ALTW/ALTW),JASPER-NEWTON 161,04:40,-12.99,
12/27/2024,,284758.0,ALW16085_MAYTAG3_MAYTAARORA69_1_1,MAYTAG3 MAYTAARORA69_1 1 (LN/ALTW/ALTW),JASPER-NEWTON 161,04:45,-19.8,
12/27/2024,,284758.0,ALW16085_MAYTAG3_MAYTAARORA69_1_1,MAYTAG3 MAYTAARORA69_1 1 (LN/ALTW/ALTW),JASPER-NEWTON 161,04:50,-8.05,
12/27/2024,2569.0,417569.0,Stateline_WolfLake138_flo_Burnham_Munster345,7_STATE STATE17WOL13_1 1 (LN/CE/NIPS),BURNHAM-MUNSTER 345 (34504),04:50,-152.70000000000002,
12/27/2024,2569.0,417569.0,Stateline_WolfLake138_flo_Burnham_Munster345,7_STATE STATE17WOL13_1 1 (LN/CE/NIPS),BURNHAM-MUNSTER 345 (34504),04:55,-1266.0,
12/27/2024,2569.0,417569.0,Stateline_WolfLake138_flo_Burnham_Munster345,7_STATE STATE17WOL13_1 1 (LN/CE/NIPS),BURNHAM-MUNSTER 345 (34504),05:00,-1131.3,
12/27/2024,7009.0,348956.0,ONT_FRONTIER,INTF: BECK2 BP76_PAXBE 1 (LN/ONT/NYISO); BECK2 PA27_NIXBE 1 (LN/ONT/NYISO); BECK2 PA301_NIXBE 1 (LN/ONT/NYISO); BECK2 PA302_NIXBE 1 (LN/ONT/NYISO),,05:05,-678.51,
12/27/2024,7009.0,348956.0,ONT_FRONTIER,INTF: BECK2 BP76_PAXBE 1 (LN/ONT/NYISO); BECK2 PA27_NIXBE 1 (LN/ONT/NYISO); BECK2 PA301_NIXBE 1 (LN/ONT/NYISO); BECK2 PA302_NIXBE 1 (LN/ONT/NYISO),,05:10,-406.0,
12/27/2024,7009.0,348956.0,ONT_FRONTIER,INTF: BECK2 BP76_PAXBE 1 (LN/ONT/NYISO); BECK2 PA27_NIXBE 1 (LN/ONT/NYISO); BECK2 PA301_NIXBE 1 (LN/ONT/NYISO); BECK2 PA302_NIXBE 1 (LN/ONT/NYISO),,05:15,-763.76,
12/27/2024,,284758.0,ALW16085_MAYTAG3_MAYTAARORA69_1_1,MAYTAG3 MAYTAARORA69_1 1 (LN/ALTW/ALTW),JASPER-NEWTON 161,05:20,-4.7700000000000005,
12/27/2024,7009.0,348956.0,ONT_FRONTIER,INTF: BECK2 BP76_PAXBE 1 (LN/ONT/NYISO); BECK2 PA27_NIXBE 1 (LN/ONT/NYISO); BECK2 PA301_NIXBE 1 (LN/ONT/NYISO); BECK2 PA302_NIXBE 1 (LN/ONT/NYISO),,05:20,-708.38,
12/27/2024,,284758.0,ALW16085_MAYTAG3_MAYTAARORA69_1_1,MAYTAG3 MAYTAARORA69_1 1 (LN/ALTW/ALTW),JASPER-NEWTON 161,05:25,-291.91,
12/27/2024,7009.0,348956.0,ONT_FRONTIER,INTF: BECK2 BP76_PAXBE 1 (LN/ONT/NYISO); BECK2 PA27_NIXBE 1 (LN/ONT/NYISO); BECK2 PA301_NIXBE 1 (LN/ONT/NYISO); BECK2 PA302_NIXBE 1 (LN/ONT/NYISO),,05:25,-488.85,
12/27/2024,2569.0,417569.0,Stateline_WolfLake138_flo_Burnham_Munster345,7_STATE STATE17WOL13_1 1 (LN/CE/NIPS),BURNHAM-MUNSTER 345 (34504),05:25,-123.6,
12/27/2024,7009.0,348956.0,ONT_FRONTIER,INTF: BECK2 BP76_PAXBE 1 (LN/ONT/NYISO); BECK2 PA27_NIXBE 1 (LN/ONT/NYISO); BECK2 PA301_NIXBE 1 (LN/ONT/NYISO); BECK2 PA302_NIXBE 1 (LN/ONT/NYISO),,05:30,-591.38,
12/27/2024,2569.0,417569.0,Stateline_WolfLake138_flo_Burnham_Munster345,7_STATE STATE17WOL13_1 1 (LN/CE/NIPS),BURNHAM-MUNSTER 345 (34504),05:30,-435.7,
12/27/2024,7009.0,348956.0,ONT_FRONTIER,INTF: BECK2 BP76_PAXBE 1 (LN/ONT/NYISO); BECK2 PA27_NIXBE 1 (LN/ONT/NYISO); BECK2 PA301_NIXBE 1 (LN/ONT/NYISO); BECK2 PA302_NIXBE 1 (LN/ONT/NYISO),,05:35,-1125.46,
12/27/2024,2569.0,417569.0,Stateline_WolfLake138_flo_Burnham_Munster345,7_STATE STATE17WOL13_1 1 (LN/CE/NIPS),BURNHAM-MUNSTER 345 (34504),05:35,-1350.8,
12/27/2024,7009.0,348956.0,ONT_FRONTIER,INTF: BECK2 BP76_PAXBE 1 (LN/ONT/NYISO); BECK2 PA27_NIXBE 1 (LN/ONT/NYISO); BECK2 PA301_NIXBE 1 (LN/ONT/NYISO); BECK2 PA302_NIXBE 1 (LN/ONT/NYISO),,05:40,-908.74,
12/27/2024,2569.0,417569.0,Stateline_WolfLake138_flo_Burnham_Munster345,7_STATE STATE17WOL13_1 1 (LN/CE/NIPS),BURNHAM-MUNSTER 345 (34504),05:40,-1293.4,
12/27/2024,7009.0,348956.0,ONT_FRONTIER,INTF: BECK2 BP76_PAXBE 1 (LN/ONT/NYISO); BECK2 PA27_NIXBE 1 (LN/ONT/NYISO); BECK2 PA301_NIXBE 1 (LN/ONT/NYISO); BECK2 PA302_NIXBE 1 (LN/ONT/NYISO),,05:45,-316.68,
12/27/2024,7009.0,348956.0,ONT_FRONTIER,INTF: BECK2 BP76_PAXBE 1 (LN/ONT/NYISO); BECK2 PA27_NIXBE 1 (LN/ONT/NYISO); BECK2 PA301_NIXBE 1 (LN/ONT/NYISO); BECK2 PA302_NIXBE 1 (LN/ONT/NYISO),,05:50,-323.1,
12/27/2024,,284758.0,ALW16085_MAYTAG3_MAYTAARORA69_1_1,MAYTAG3 MAYTAARORA69_1 1 (LN/ALTW/ALTW),JASPER-NEWTON 161,05:55,-21.74,
12/27/2024,7009.0,348956.0,ONT_FRONTIER,INTF: BECK2 BP76_PAXBE 1 (LN/ONT/NYISO); BECK2 PA27_NIXBE 1 (LN/ONT/NYISO); BECK2 PA301_NIXBE 1 (LN/ONT/NYISO); BECK2 PA302_NIXBE 1 (LN/ONT/NYISO),,05:55,-329.61,
12/27/2024,2569.0,417569.0,Stateline_WolfLake138_flo_Burnham_Munster345,7_STATE STATE17WOL13_1 1 (LN/CE/NIPS),BURNHAM-MUNSTER 345 (34504),05:55,-28.2,
12/27/2024,,284758.0,ALW16085_MAYTAG3_MAYTAARORA69_1_1,MAYTAG3 MAYTAARORA69_1 1 (LN/ALTW/ALTW),JASPER-NEWTON 161,06:00,-11.88,
12/27/2024,7009.0,348956.0,ONT_FRONTIER,INTF: BECK2 BP76_PAXBE 1 (LN/ONT/NYISO); BECK2 PA27_NIXBE 1 (LN/ONT/NYISO); BECK2 PA301_NIXBE 1 (LN/ONT/NYISO); BECK2 PA302_NIXBE 1 (LN/ONT/NYISO),,06:00,-345.09,
12/27/2024,2569.0,417569.0,Stateline_WolfLake138_flo_Burnham_Munster345,7_STATE STATE17WOL13_1 1 (LN/CE/NIPS),BURNHAM-MUNSTER 345 (34504),06:00,-58.0,
12/27/2024,,284758.0,ALW16085_MAYTAG3_MAYTAARORA69_1_1,MAYTAG3 MAYTAARORA69_1 1 (LN/ALTW/ALTW),JASPER-NEWTON 161,06:05,-10.76,
12/27/2024,30825.0,229670.0,Batesvil_Batesvil_115kV_FLO_Batesvil_LS_Power_23,BATSV5 BATSV5_BATSV73 A (LN/EMBA/TVA),BATESVILLE-L S POWER 230,06:05,-6.24,
12/27/2024,2569.0,417569.0,Stateline_WolfLake138_flo_Burnham_Munster345,7_STATE STATE17WOL13_1 1 (LN/CE/NIPS),BURNHAM-MUNSTER 345 (34504),06:05,-847.1,
12/27/2024,,284758.0,ALW16085_MAYTAG3_MAYTAARORA69_1_1,MAYTAG3 MAYTAARORA69_1 1 (LN/ALTW/ALTW),JASPER-NEWTON 161,06:10,-41.37,
12/27/2024,30825.0,229670.0,Batesvil_Batesvil_115kV_FLO_Batesvil_LS_Power_23,BATSV5 BATSV5_BATSV73 A (LN/EMBA/TVA),BATESVILLE-L S POWER 230,06:10,-3.46,
12/27/2024,2569.0,417569.0,Stateline_WolfLake138_flo_Burnham_Munster345,7_STATE STATE17WOL13_1 1 (LN/CE/NIPS),BURNHAM-MUNSTER 345 (34504),06:10,-855.0,
12/27/2024,,284758.0,ALW16085_MAYTAG3_MAYTAARORA69_1_1,MAYTAG3 MAYTAARORA69_1 1 (LN/ALTW/ALTW),JASPER-NEWTON 161,06:15,-66.44,
12/27/2024,30825.0,229670.0,Batesvil_Batesvil_115kV_FLO_Batesvil_LS_Power_23,BATSV5 BATSV5_BATSV73 A (LN/EMBA/TVA),BATESVILLE-L S POWER 230,06:15,-5.49,
12/27/2024,2569.0,417569.0,Stateline_WolfLake138_flo_Burnham_Munster345,7_STATE STATE17WOL13_1 1 (LN/CE/NIPS),BURNHAM-MUNSTER 345 (34504),06:15,-855.0,
12/27/2024,2569.0,417569.0,Stateline_WolfLake138_flo_Burnham_Munster345,7_STATE STATE17WOL13_1 1 (LN/CE/NIPS),BURNHAM-MUNSTER 345 (34504),06:20,-464.82,
12/27/2024,,284758.0,ALW16085_MAYTAG3_MAYTAARORA69_1_1,MAYTAG3 MAYTAARORA69_1 1 (LN/ALTW/ALTW),JASPER-NEWTON 161,06:25,-84.59,
12/27/2024,,284758.0,ALW16085_MAYTAG3_MAYTAARORA69_1_1,MAYTAG3 MAYTAARORA69_1 1 (LN/ALTW/ALTW),JASPER-NEWTON 161,06:35,-106.09,
12/27/2024,,284758.0,ALW16085_MAYTAG3_MAYTAARORA69_1_1,MAYTAG3 MAYTAARORA69_1 1 (LN/ALTW/ALTW),JASPER-NEWTON 161,06:40,-94.21,
12/27/2024,,284758.0,ALW16085_MAYTAG3_MAYTAARORA69_1_1,MAYTAG3 MAYTAARORA69_1 1 (LN/ALTW/ALTW),JASPER-NEWTON 161,06:45,-85.49,
12/27/2024,30825.0,229670.0,Batesvil_Batesvil_115kV_FLO_Batesvil_LS_Power_23,BATSV5 BATSV5_BATSV73 A (LN/EMBA/TVA),BATESVILLE-L S POWER 230,06:45,-0.4,
12/27/2024,2569.0,417569.0,Stateline_WolfLake138_flo_Burnham_Munster345,7_STATE STATE17WOL13_1 1 (LN/CE/NIPS),BURNHAM-MUNSTER 345 (34504),06:45,-518.9,
12/27/2024,,284758.0,ALW16085_MAYTAG3_MAYTAARORA69_1_1,MAYTAG3 MAYTAARORA69_1 1 (LN/ALTW/ALTW),JASPER-NEWTON 161,06:50,-98.19,
12/27/2024,30825.0,229670.0,Batesvil_Batesvil_115kV_FLO_Batesvil_LS_Power_23,BATSV5 BATSV5_BATSV73 A (LN/EMBA/TVA),BATESVILLE-L S POWER 230,06:50,-1.55,
12/27/2024,2569.0,417569.0,Stateline_WolfLake138_flo_Burnham_Munster345,7_STATE STATE17WOL13_1 1 (LN/CE/NIPS),BURNHAM-MUNSTER 345 (34504),06:50,-191.6,
12/27/2024,30825.0,229670.0,Batesvil_Batesvil_115kV_FLO_Batesvil_LS_Power_23,BATSV5 BATSV5_BATSV73 A (LN/EMBA/TVA),BATESVILLE-L S POWER 230,06:55,-26.46,
12/27/2024,2569.0,417569.0,Stateline_WolfLake138_flo_Burnham_Munster345,7_STATE STATE17WOL13_1 1 (LN/CE/NIPS),BURNHAM-MUNSTER 345 (34504),06:55,-1356.2,
12/27/2024,,284758.0,ALW16085_MAYTAG3_MAYTAARORA69_1_1,MAYTAG3 MAYTAARORA69_1 1 (LN/ALTW/ALTW),JASPER-NEWTON 161,07:00,-23.67,
12/27/2024,30825.0,229670.0,Batesvil_Batesvil_115kV_FLO_Batesvil_LS_Power_23,BATSV5 BATSV5_BATSV73 A (LN/EMBA/TVA),BATESVILLE-L S POWER 230,07:00,-2.65,
12/27/2024,2569.0,417569.0,Stateline_WolfLake138_flo_Burnham_Munster345,7_STATE STATE17WOL13_1 1 (LN/CE/NIPS),BURNHAM-MUNSTER 345 (34504),07:00,-251.7,
12/27/2024,,284758.0,ALW16085_MAYTAG3_MAYTAARORA69_1_1,MAYTAG3 MAYTAARORA69_1 1 (LN/ALTW/ALTW),JASPER-NEWTON 161,07:05,-93.66,
12/27/2024,30825.0,229670.0,Batesvil_Batesvil_115kV_FLO_Batesvil_LS_Power_23,BATSV5 BATSV5_BATSV73 A (LN/EMBA/TVA),BATESVILLE-L S POWER 230,07:05,-34.33,
12/27/2024,7009.0,348956.0,ONT_FRONTIER,INTF: BECK2 BP76_PAXBE 1 (LN/ONT/NYISO); BECK2 PA27_NIXBE 1 (LN/ONT/NYISO); BECK2 PA301_NIXBE 1 (LN/ONT/NYISO); BECK2 PA302_NIXBE 1 (LN/ONT/NYISO),,07:05,-993.22,
12/27/2024,,284758.0,ALW16085_MAYTAG3_MAYTAARORA69_1_1,MAYTAG3 MAYTAARORA69_1 1 (LN/ALTW/ALTW),JASPER-NEWTON 161,07:10,-64.35,
12/27/2024,7009.0,348956.0,ONT_FRONTIER,INTF: BECK2 BP76_PAXBE 1 (LN/ONT/NYISO); BECK2 PA27_NIXBE 1 (LN/ONT/NYISO); BECK2 PA301_NIXBE 1 (LN/ONT/NYISO); BECK2 PA302_NIXBE 1 (LN/ONT/NYISO),,07:10,-521.41,
12/27/2024,,284758.0,ALW16085_MAYTAG3_MAYTAARORA69_1_1,MAYTAG3 MAYTAARORA69_1 1 (LN/ALTW/ALTW),JASPER-NEWTON 161,07:15,-14.61,
12/27/2024,30825.0,229670.0,Batesvil_Batesvil_115kV_FLO_Batesvil_LS_Power_23,BATSV5 BATSV5_BATSV73 A (LN/EMBA/TVA),BATESVILLE-L S POWER 230,07:15,-19.97,
12/27/2024,7009.0,348956.0,ONT_FRONTIER,INTF: BECK2 BP76_PAXBE 1 (LN/ONT/NYISO); BECK2 PA27_NIXBE 1 (LN/ONT/NYISO); BECK2 PA301_NIXBE 1 (LN/ONT/NYISO); BECK2 PA302_NIXBE 1 (LN/ONT/NYISO),,07:15,-592.95,
12/27/2024,,284758.0,ALW16085_MAYTAG3_MAYTAARORA69_1_1,MAYTAG3 MAYTAARORA69_1 1 (LN/ALTW/ALTW),JASPER-NEWTON 161,07:20,-40.83,
12/27/2024,7009.0,348956.0,ONT_FRONTIER,INTF: BECK2 BP76_PAXBE 1 (LN/ONT/NYISO); BECK2 PA27_NIXBE 1 (LN/ONT/NYISO); BECK2 PA301_NIXBE 1 (LN/ONT/NYISO); BECK2 PA302_NIXBE 1 (LN/ONT/NYISO),,07:20,-1486.74,
12/27/2024,,284758.0,ALW16085_MAYTAG3_MAYTAARORA69_1_1,MAYTAG3 MAYTAARORA69_1 1 (LN/ALTW/ALTW),JASPER-NEWTON 161,07:25,-18.69,
12/27/2024,7009.0,348956.0,ONT_FRONTIER,INTF: BECK2 BP76_PAXBE 1 (LN/ONT/NYISO); BECK2 PA27_NIXBE 1 (LN/ONT/NYISO); BECK2 PA301_NIXBE 1 (LN/ONT/NYISO); BECK2 PA302_NIXBE 1 (LN/ONT/NYISO),,07:25,-1396.49,
12/27/2024,2569.0,417569.0,Stateline_WolfLake138_flo_Burnham_Munster345,7_STATE STATE17WOL13_1 1 (LN/CE/NIPS),BURNHAM-MUNSTER 345 (34504),07:25,-1155.7,
12/27/2024,,284758.0,ALW16085_MAYTAG3_MAYTAARORA69_1_1,MAYTAG3 MAYTAARORA69_1 1 (LN/ALTW/ALTW),JASPER-NEWTON 161,07:30,-46.68,
12/27/2024,7009.0,348956.0,ONT_FRONTIER,INTF: BECK2 BP76_PAXBE 1 (LN/ONT/NYISO); BECK2 PA27_NIXBE 1 (LN/ONT/NYISO); BECK2 PA301_NIXBE 1 (LN/ONT/NYISO); BECK2 PA302_NIXBE 1 (LN/ONT/NYISO),,07:30,-1224.8,
12/27/2024,2569.0,417569.0,Stateline_WolfLake138_flo_Burnham_Munster345,7_STATE STATE17WOL13_1 1 (LN/CE/NIPS),BURNHAM-MUNSTER 345 (34504),07:30,-810.0,
12/27/2024,7009.0,348956.0,ONT_FRONTIER,INTF: BECK2 BP76_PAXBE 1 (LN/ONT/NYISO); BECK2 PA27_NIXBE 1 (LN/ONT/NYISO); BECK2 PA301_NIXBE 1 (LN/ONT/NYISO); BECK2 PA302_NIXBE 1 (LN/ONT/NYISO),,07:35,-1311.55,
12/27/2024,2569.0,417569.0,Stateline_WolfLake138_flo_Burnham_Munster345,7_STATE STATE17WOL13_1 1 (LN/CE/NIPS),BURNHAM-MUNSTER 345 (34504),07:35,-941.2,
12/27/2024,7009.0,348956.0,ONT_FRONTIER,INTF: BECK2 BP76_PAXBE 1 (LN/ONT/NYISO); BECK2 PA27_NIXBE 1 (LN/ONT/NYISO); BECK2 PA301_NIXBE 1 (LN/ONT/NYISO); BECK2 PA302_NIXBE 1 (LN/ONT/NYISO),,07:40,-1996.43,
12/27/2024,2569.0,417569.0,Stateline_WolfLake138_flo_Burnham_Munster345,7_STATE STATE17WOL13_1 1 (LN/CE/NIPS),BURNHAM-MUNSTER 345 (34504),07:40,-928.8,
12/27/2024,7009.0,348956.0,ONT_FRONTIER,INTF: BECK2 BP76_PAXBE 1 (LN/ONT/NYISO); BECK2 PA27_NIXBE 1 (LN/ONT/NYISO); BECK2 PA301_NIXBE 1 (LN/ONT/NYISO); BECK2 PA302_NIXBE 1 (LN/ONT/NYISO),,07:45,-747.51,
12/27/2024,2569.0,417569.0,Stateline_WolfLake138_flo_Burnham_Munster345,7_STATE STATE17WOL13_1 1 (LN/CE/NIPS),BURNHAM-MUNSTER 345 (34504),07:45,-152.6,
12/27/2024,2975.0,3545.0,Crete_St_Johns_Tap_345_kV_l_o_Dum_Wi_Cent_765_kV,ST_JOHN 34519 A (LN/NIPS/AEP),WILTON CENTER-DUMONT 765 (11215),07:50,-37.800000000000004,
12/27/2024,7009.0,348956.0,ONT_FRONTIER,INTF: BECK2 BP76_PAXBE 1 (LN/ONT/NYISO); BECK2 PA27_NIXBE 1 (LN/ONT/NYISO); BECK2 PA301_NIXBE 1 (LN/ONT/NYISO); BECK2 PA302_NIXBE 1 (LN/ONT/NYISO),,07:50,-716.51,
12/27/2024,7009.0,348956.0,ONT_FRONTIER,INTF: BECK2 BP76_PAXBE 1 (LN/ONT/NYISO); BECK2 PA27_NIXBE 1 (LN/ONT/NYISO); BECK2 PA301_NIXBE 1 (LN/ONT/NYISO); BECK2 PA302_NIXBE 1 (LN/ONT/NYISO),,07:55,-657.17,
12/27/2024,2569.0,417569.0,Stateline_WolfLake138_flo_Burnham_Munster345,7_STATE STATE17WOL13_1 1 (LN/CE/NIPS),BURNHAM-MUNSTER 345 (34504),07:55,-165.2,
12/27/2024,7009.0,348956.0,ONT_FRONTIER,INTF: BECK2 BP76_PAXBE 1 (LN/ONT/NYISO); BECK2 PA27_NIXBE 1 (LN/ONT/NYISO); BECK2 PA301_NIXBE 1 (LN/ONT/NYISO); BECK2 PA302_NIXBE 1 (LN/ONT/NYISO),,08:00,-751.11,
12/27/2024,2569.0,417569.0,Stateline_WolfLake138_flo_Burnham_Munster345,7_STATE STATE17WOL13_1 1 (LN/CE/NIPS),BURNHAM-MUNSTER 345 (34504),08:00,-291.2,
12/27/2024,2569.0,417569.0,Stateline_WolfLake138_flo_Burnham_Munster345,7_STATE STATE17WOL13_1 1 (LN/CE/NIPS),BURNHAM-MUNSTER 345 (34504),08:05,-1518.86,
12/27/2024,2569.0,417569.0,Stateline_WolfLake138_flo_Burnham_Munster345,7_STATE STATE17WOL13_1 1 (LN/CE/NIPS),BURNHAM-MUNSTER 345 (34504),08:10,-1154.9,
12/27/2024,2975.0,3545.0,Crete_St_Johns_Tap_345_kV_l_o_Dum_Wi_Cent_765_kV,ST_JOHN 34519 A (LN/NIPS/AEP),WILTON CENTER-DUMONT 765 (11215),08:20,-71.5,
12/27/2024,2569.0,417569.0,Stateline_WolfLake138_flo_Burnham_Munster345,7_STATE STATE17WOL13_1 1 (LN/CE/NIPS),BURNHAM-MUNSTER 345 (34504),08:35,-38.82,
12/27/2024,2569.0,417569.0,Stateline_WolfLake138_flo_Burnham_Munster345,7_STATE STATE17WOL13_1 1 (LN/CE/NIPS),BURNHAM-MUNSTER 345 (34504),08:45,-143.20000000000002,
12/27/2024,2569.0,417569.0,Stateline_WolfLake138_flo_Burnham_Munster345,7_STATE STATE17WOL13_1 1 (LN/CE/NIPS),BURNHAM-MUNSTER 345 (34504),08:55,-129.13,
12/27/2024,2569.0,417569.0,Stateline_WolfLake138_flo_Burnham_Munster345,7_STATE STATE17WOL13_1 1 (LN/CE/NIPS),BURNHAM-MUNSTER 345 (34504),09:00,-180.9,
12/27/2024,,284758.0,ALW16085_MAYTAG3_MAYTAARORA69_1_1,MAYTAG3 MAYTAARORA69_1 1 (LN/ALTW/ALTW),JASPER-NEWTON 161,09:05,-28.69,
12/27/2024,2569.0,417569.0,Stateline_WolfLake138_flo_Burnham_Munster345,7_STATE STATE17WOL13_1 1 (LN/CE/NIPS),BURNHAM-MUNSTER 345 (34504),09:05,-150.08,
12/27/2024,,284758.0,ALW16085_MAYTAG3_MAYTAARORA69_1_1,MAYTAG3 MAYTAARORA69_1 1 (LN/ALTW/ALTW),JASPER-NEWTON 161,09:10,-8.71,
12/27/2024,2569.0,417569.0,Stateline_WolfLake138_flo_Burnham_Munster345,7_STATE STATE17WOL13_1 1 (LN/CE/NIPS),BURNHAM-MUNSTER 345 (34504),09:10,-372.1,
12/27/2024,2569.0,417569.0,Stateline_WolfLake138_flo_Burnham_Munster345,7_STATE STATE17WOL13_1 1 (LN/CE/NIPS),BURNHAM-MUNSTER 345 (34504),09:15,-25.71,
12/27/2024,30825.0,229670.0,Batesvil_Batesvil_115kV_FLO_Batesvil_LS_Power_23,BATSV5 BATSV5_BATSV73 A (LN/EMBA/TVA),BATESVILLE-L S POWER 230,09:20,-4.62,
12/27/2024,2569.0,417569.0,Stateline_WolfLake138_flo_Burnham_Munster345,7_STATE STATE17WOL13_1 1 (LN/CE/NIPS),BURNHAM-MUNSTER 345 (34504),09:20,-267.8,
12/27/2024,,284758.0,ALW16085_MAYTAG3_MAYTAARORA69_1_1,MAYTAG3 MAYTAARORA69_1 1 (LN/ALTW/ALTW),JASPER-NEWTON 161,09:25,-56.75,
12/27/2024,30825.0,229670.0,Batesvil_Batesvil_115kV_FLO_Batesvil_LS_Power_23,BATSV5 BATSV5_BATSV73 A (LN/EMBA/TVA),BATESVILLE-L S POWER 230,09:30,-0.53,
12/27/2024,2569.0,417569.0,Stateline_WolfLake138_flo_Burnham_Munster345,7_STATE STATE17WOL13_1 1 (LN/CE/NIPS),BURNHAM-MUNSTER 345 (34504),09:40,-51.72,
12/27/2024,30825.0,229670.0,Batesvil_Batesvil_115kV_FLO_Batesvil_LS_Power_23,BATSV5 BATSV5_BATSV73 A (LN/EMBA/TVA),BATESVILLE-L S POWER 230,09:45,-4.29,
12/27/2024,2569.0,417569.0,Stateline_WolfLake138_flo_Burnham_Munster345,7_STATE STATE17WOL13_1 1 (LN/CE/NIPS),BURNHAM-MUNSTER 345 (34504),09:45,-223.7,
12/27/2024,2569.0,417569.0,Stateline_WolfLake138_flo_Burnham_Munster345,7_STATE STATE17WOL13_1 1 (LN/CE/NIPS),BURNHAM-MUNSTER 345 (34504),09:50,-390.8,
12/27/2024,30825.0,229670.0,Batesvil_Batesvil_115kV_FLO_Batesvil_LS_Power_23,BATSV5 BATSV5_BATSV73 A (LN/EMBA/TVA),BATESVILLE-L S POWER 230,09:55,-6.3,
12/27/2024,2569.0,417569.0,Stateline_WolfLake138_flo_Burnham_Munster345,7_STATE STATE17WOL13_1 1 (LN/CE/NIPS),BURNHAM-MUNSTER 345 (34504),09:55,-238.5,
12/27/2024,2569.0,417569.0,Stateline_WolfLake138_flo_Burnham_Munster345,7_STATE STATE17WOL13_1 1 (LN/CE/NIPS),BURNHAM-MUNSTER 345 (34504),10:00,-230.1,
12/27/2024,2569.0,417569.0,Stateline_WolfLake138_flo_Burnham_Munster345,7_STATE STATE17WOL13_1 1 (LN/CE/NIPS),BURNHAM-MUNSTER 345 (34504),10:40,-83.37,
12/27/2024,30825.0,229670.0,Batesvil_Batesvil_115kV_FLO_Batesvil_LS_Power_23,BATSV5 BATSV5_BATSV73 A (LN/EMBA/TVA),BATESVILLE-L S POWER 230,10:45,-1.1,
12/27/2024,2569.0,417569.0,Stateline_WolfLake138_flo_Burnham_Munster345,7_STATE STATE17WOL13_1 1 (LN/CE/NIPS),BURNHAM-MUNSTER 345 (34504),10:45,-107.7,
12/27/2024,30825.0,229670.0,Batesvil_Batesvil_115kV_FLO_Batesvil_LS_Power_23,BATSV5 BATSV5_BATSV73 A (LN/EMBA/TVA),BATESVILLE-L S POWER 230,10:50,-2.07,
12/27/2024,2569.0,417569.0,Stateline_WolfLake138_flo_Burnham_Munster345,7_STATE STATE17WOL13_1 1 (LN/CE/NIPS),BURNHAM-MUNSTER 345 (34504),10:50,-107.7,
12/27/2024,30825.0,229670.0,Batesvil_Batesvil_115kV_FLO_Batesvil_LS_Power_23,BATSV5 BATSV5_BATSV73 A (LN/EMBA/TVA),BATESVILLE-L S POWER 230,10:55,-1.4,
12/27/2024,2569.0,417569.0,Stateline_WolfLake138_flo_Burnham_Munster345,7_STATE STATE17WOL13_1 1 (LN/CE/NIPS),BURNHAM-MUNSTER 345 (34504),10:55,-129.4,
12/27/2024,30825.0,229670.0,Batesvil_Batesvil_115kV_FLO_Batesvil_LS_Power_23,BATSV5 BATSV5_BATSV73 A (LN/EMBA/TVA),BATESVILLE-L S POWER 230,11:00,-4.92,
12/27/2024,29254.0,438951.0,TMP781_Pittsburg_Semino_345_kV_FTLO_Canadian_Riv,SEMINOLE SEMINOLE A (LN/OKGE/CSWS),PITTSBURG-CANADIAN RIVER 345,11:00,-2.2800000000000002,
12/27/2024,30825.0,229670.0,Batesvil_Batesvil_115kV_FLO_Batesvil_LS_Power_23,BATSV5 BATSV5_BATSV73 A (LN/EMBA/TVA),BATESVILLE-L S POWER 230,11:05,-17.56,
12/27/2024,30825.0,229670.0,Batesvil_Batesvil_115kV_FLO_Batesvil_LS_Power_23,BATSV5 BATSV5_BATSV73 A (LN/EMBA/TVA),BATESVILLE-L S POWER 230,11:10,-13.51,
12/27/2024,29254.0,438951.0,TMP781_Pittsburg_Semino_345_kV_FTLO_Canadian_Riv,SEMINOLE SEMINOLE A (LN/OKGE/CSWS),PITTSBURG-CANADIAN RIVER 345,11:10,-0.6,
12/27/2024,30825.0,229670.0,Batesvil_Batesvil_115kV_FLO_Batesvil_LS_Power_23,BATSV5 BATSV5_BATSV73 A (LN/EMBA/TVA),BATESVILLE-L S POWER 230,11:15,-4.8500000000000005,
12/27/2024,29254.0,438951.0,TMP781_Pittsburg_Semino_345_kV_FTLO_Canadian_Riv,SEMINOLE SEMINOLE A (LN/OKGE/CSWS),PITTSBURG-CANADIAN RIVER 345,11:15,-1.6,
12/27/2024,30825.0,229670.0,Batesvil_Batesvil_115kV_FLO_Batesvil_LS_Power_23,BATSV5 BATSV5_BATSV73 A (LN/EMBA/TVA),BATESVILLE-L S POWER 230,11:20,-1.88,
12/27/2024,29254.0,438951.0,TMP781_Pittsburg_Semino_345_kV_FTLO_Canadian_Riv,SEMINOLE SEMINOLE A (LN/OKGE/CSWS),PITTSBURG-CANADIAN RIVER 345,11:20,-2.08,
12/27/2024,30825.0,229670.0,Batesvil_Batesvil_115kV_FLO_Batesvil_LS_Power_23,BATSV5 BATSV5_BATSV73 A (LN/EMBA/TVA),BATESVILLE-L S POWER 230,11:25,-2.24,
12/27/2024,29254.0,438951.0,TMP781_Pittsburg_Semino_345_kV_FTLO_Canadian_Riv,SEMINOLE SEMINOLE A (LN/OKGE/CSWS),PITTSBURG-CANADIAN RIVER 345,11:25,-2.2,
12/27/2024,30825.0,229670.0,Batesvil_Batesvil_115kV_FLO_Batesvil_LS_Power_23,BATSV5 BATSV5_BATSV73 A (LN/EMBA/TVA),BATESVILLE-L S POWER 230,11:30,-1.19,
12/27/2024,29254.0,438951.0,TMP781_Pittsburg_Semino_345_kV_FTLO_Canadian_Riv,SEMINOLE SEMINOLE A (LN/OKGE/CSWS),PITTSBURG-CANADIAN RIVER 345,11:30,-2.49,
12/27/2024,2569.0,417569.0,Stateline_WolfLake138_flo_Burnham_Munster345,7_STATE STATE17WOL13_1 1 (LN/CE/NIPS),BURNHAM-MUNSTER 345 (34504),11:35,-68.8,
12/27/2024,29254.0,438951.0,TMP781_Pittsburg_Semino_345_kV_FTLO_Canadian_Riv,SEMINOLE SEMINOLE A (LN/OKGE/CSWS),PITTSBURG-CANADIAN RIVER 345,11:35,-2.07,
12/27/2024,2569.0,417569.0,Stateline_WolfLake138_flo_Burnham_Munster345,7_STATE STATE17WOL13_1 1 (LN/CE/NIPS),BURNHAM-MUNSTER 345 (34504),11:40,-4.3,
12/27/2024,29254.0,438951.0,TMP781_Pittsburg_Semino_345_kV_FTLO_Canadian_Riv,SEMINOLE SEMINOLE A (LN/OKGE/CSWS),PITTSBURG-CANADIAN RIVER 345,11:40,-2.0,
12/27/2024,30825.0,229670.0,Batesvil_Batesvil_115kV_FLO_Batesvil_LS_Power_23,BATSV5 BATSV5_BATSV73 A (LN/EMBA/TVA),BATESVILLE-L S POWER 230,11:45,-1.16,
12/27/2024,29254.0,438951.0,TMP781_Pittsburg_Semino_345_kV_FTLO_Canadian_Riv,SEMINOLE SEMINOLE A (LN/OKGE/CSWS),PITTSBURG-CANADIAN RIVER 345,11:45,-2.05,
12/27/2024,29254.0,438951.0,TMP781_Pittsburg_Semino_345_kV_FTLO_Canadian_Riv,SEMINOLE SEMINOLE A (LN/OKGE/CSWS),PITTSBURG-CANADIAN RIVER 345,11:50,-1.96,
12/27/2024,30825.0,229670.0,Batesvil_Batesvil_115kV_FLO_Batesvil_LS_Power_23,BATSV5 BATSV5_BATSV73 A (LN/EMBA/TVA),BATESVILLE-L S POWER 230,11:55,-0.52,
12/27/2024,29254.0,438951.0,TMP781_Pittsburg_Semino_345_kV_FTLO_Canadian_Riv,SEMINOLE SEMINOLE A (LN/OKGE/CSWS),PITTSBURG-CANADIAN RIVER 345,11:55,-1.88,
12/27/2024,29254.0,438951.0,TMP781_Pittsburg_Semino_345_kV_FTLO_Canadian_Riv,SEMINOLE SEMINOLE A (LN/OKGE/CSWS),PITTSBURG-CANADIAN RIVER 345,12:00,-2.15,
12/27/2024,29254.0,438951.0,TMP781_Pittsburg_Semino_345_kV_FTLO_Canadian_Riv,SEMINOLE SEMINOLE A (LN/OKGE/CSWS),PITTSBURG-CANADIAN RIVER 345,12:05,-2.15,
12/27/2024,30825.0,229670.0,Batesvil_Batesvil_115kV_FLO_Batesvil_LS_Power_23,BATSV5 BATSV5_BATSV73 A (LN/EMBA/TVA),BATESVILLE-L S POWER 230,12:50,-2.47,
12/27/2024,30825.0,229670.0,Batesvil_Batesvil_115kV_FLO_Batesvil_LS_Power_23,BATSV5 BATSV5_BATSV73 A (LN/EMBA/TVA),BATESVILLE-L S POWER 230,12:55,-3.48,
12/27/2024,30825.0,229670.0,Batesvil_Batesvil_115kV_FLO_Batesvil_LS_Power_23,BATSV5 BATSV5_BATSV73 A (LN/EMBA/TVA),BATESVILLE-L S POWER 230,13:00,-0.76,
12/27/2024,30825.0,229670.0,Batesvil_Batesvil_115kV_FLO_Batesvil_LS_Power_23,BATSV5 BATSV5_BATSV73 A (LN/EMBA/TVA),BATESVILLE-L S POWER 230,13:25,-6.56,
12/27/2024,30825.0,229670.0,Batesvil_Batesvil_115kV_FLO_Batesvil_LS_Power_23,BATSV5 BATSV5_BATSV73 A (LN/EMBA/TVA),BATESVILLE-L S POWER 230,13:40,-0.33,
12/27/2024,30825.0,229670.0,Batesvil_Batesvil_115kV_FLO_Batesvil_LS_Power_23,BATSV5 BATSV5_BATSV73 A (LN/EMBA/TVA),BATESVILLE-L S POWER 230,13:45,-1.32,
12/27/2024,29254.0,438951.0,TMP781_Pittsburg_Semino_345_kV_FTLO_Canadian_Riv,SEMINOLE SEMINOLE A (LN/OKGE/CSWS),PITTSBURG-CANADIAN RIVER 345,15:15,-0.4,
12/27/2024,29254.0,438951.0,TMP781_Pittsburg_Semino_345_kV_FTLO_Canadian_Riv,SEMINOLE SEMINOLE A (LN/OKGE/CSWS),PITTSBURG-CANADIAN RIVER 345,15:55,-0.2,
12/27/2024,29254.0,438951.0,TMP781_Pittsburg_Semino_345_kV_FTLO_Canadian_Riv,SEMINOLE SEMINOLE A (LN/OKGE/CSWS),PITTSBURG-CANADIAN RIVER 345,16:10,-1.1,
12/27/2024,29254.0,438951.0,TMP781_Pittsburg_Semino_345_kV_FTLO_Canadian_Riv,SEMINOLE SEMINOLE A (LN/OKGE/CSWS),PITTSBURG-CANADIAN RIVER 345,16:15,-1.2,
12/27/2024,29254.0,438951.0,TMP781_Pittsburg_Semino_345_kV_FTLO_Canadian_Riv,SEMINOLE SEMINOLE A (LN/OKGE/CSWS),PITTSBURG-CANADIAN RIVER 345,16:20,-0.7,
12/27/2024,29254.0,438951.0,TMP781_Pittsburg_Semino_345_kV_FTLO_Canadian_Riv,SEMINOLE SEMINOLE A (LN/OKGE/CSWS),PITTSBURG-CANADIAN RIVER 345,16:25,-1170.2,
12/27/2024,29254.0,438951.0,TMP781_Pittsburg_Semino_345_kV_FTLO_Canadian_Riv,SEMINOLE SEMINOLE A (LN/OKGE/CSWS),PITTSBURG-CANADIAN RIVER 345,16:30,-3.0,
12/27/2024,29254.0,438951.0,TMP781_Pittsburg_Semino_345_kV_FTLO_Canadian_Riv,SEMINOLE SEMINOLE A (LN/OKGE/CSWS),PITTSBURG-CANADIAN RIVER 345,16:35,-1.6,
12/27/2024,29254.0,438951.0,TMP781_Pittsburg_Semino_345_kV_FTLO_Canadian_Riv,SEMINOLE SEMINOLE A (LN/OKGE/CSWS),PITTSBURG-CANADIAN RIVER 345,16:40,-1.5,
12/27/2024,30825.0,229670.0,Batesvil_Batesvil_115kV_FLO_Batesvil_LS_Power_23,BATSV5 BATSV5_BATSV73 A (LN/EMBA/TVA),BATESVILLE-L S POWER 230,16:45,-1.37,
12/27/2024,29254.0,438951.0,TMP781_Pittsburg_Semino_345_kV_FTLO_Canadian_Riv,SEMINOLE SEMINOLE A (LN/OKGE/CSWS),PITTSBURG-CANADIAN RIVER 345,16:45,-1.3,
12/27/2024,30825.0,229670.0,Batesvil_Batesvil_115kV_FLO_Batesvil_LS_Power_23,BATSV5 BATSV5_BATSV73 A (LN/EMBA/TVA),BATESVILLE-L S POWER 230,16:50,-2.11,
12/27/2024,29254.0,438951.0,TMP781_Pittsburg_Semino_345_kV_FTLO_Canadian_Riv,SEMINOLE SEMINOLE A (LN/OKGE/CSWS),PITTSBURG-CANADIAN RIVER 345,16:50,-0.8,
12/27/2024,30825.0,229670.0,Batesvil_Batesvil_115kV_FLO_Batesvil_LS_Power_23,BATSV5 BATSV5_BATSV73 A (LN/EMBA/TVA),BATESVILLE-L S POWER 230,16:55,-3.19,
12/27/2024,29254.0,438951.0,TMP781_Pittsburg_Semino_345_kV_FTLO_Canadian_Riv,SEMINOLE SEMINOLE A (LN/OKGE/CSWS),PITTSBURG-CANADIAN RIVER 345,16:55,-0.4,
12/27/2024,30825.0,229670.0,Batesvil_Batesvil_115kV_FLO_Batesvil_LS_Power_23,BATSV5 BATSV5_BATSV73 A (LN/EMBA/TVA),BATESVILLE-L S POWER 230,17:00,-0.12,
12/27/2024,29254.0,438951.0,TMP781_Pittsburg_Semino_345_kV_FTLO_Canadian_Riv,SEMINOLE SEMINOLE A (LN/OKGE/CSWS),PITTSBURG-CANADIAN RIVER 345,17:00,-0.8,
12/27/2024,30825.0,229670.0,Batesvil_Batesvil_115kV_FLO_Batesvil_LS_Power_23,BATSV5 BATSV5_BATSV73 A (LN/EMBA/TVA),BATESVILLE-L S POWER 230,17:05,-1.89,
12/27/2024,29254.0,438951.0,TMP781_Pittsburg_Semino_345_kV_FTLO_Canadian_Riv,SEMINOLE SEMINOLE A (LN/OKGE/CSWS),PITTSBURG-CANADIAN RIVER 345,17:05,-0.7,
12/27/2024,30825.0,229670.0,Batesvil_Batesvil_115kV_FLO_Batesvil_LS_Power_23,BATSV5 BATSV5_BATSV73 A (LN/EMBA/TVA),BATESVILLE-L S POWER 230,17:10,-4.01,
12/27/2024,29254.0,438951.0,TMP781_Pittsburg_Semino_345_kV_FTLO_Canadian_Riv,SEMINOLE SEMINOLE A (LN/OKGE/CSWS),PITTSBURG-CANADIAN RIVER 345,17:10,-1.79,
12/27/2024,30825.0,229670.0,Batesvil_Batesvil_115kV_FLO_Batesvil_LS_Power_23,BATSV5 BATSV5_BATSV73 A (LN/EMBA/TVA),BATESVILLE-L S POWER 230,17:15,-6.56,
12/27/2024,29254.0,438951.0,TMP781_Pittsburg_Semino_345_kV_FTLO_Canadian_Riv,SEMINOLE SEMINOLE A (LN/OKGE/CSWS),PITTSBURG-CANADIAN RIVER 345,17:15,-1.6,
12/27/2024,30825.0,229670.0,Batesvil_Batesvil_115kV_FLO_Batesvil_LS_Power_23,BATSV5 BATSV5_BATSV73 A (LN/EMBA/TVA),BATESVILLE-L S POWER 230,17:20,-5.69,
12/27/2024,29254.0,438951.0,TMP781_Pittsburg_Semino_345_kV_FTLO_Canadian_Riv,SEMINOLE SEMINOLE A (LN/OKGE/CSWS),PITTSBURG-CANADIAN RIVER 345,17:20,-1.7,
12/27/2024,30825.0,229670.0,Batesvil_Batesvil_115kV_FLO_Batesvil_LS_Power_23,BATSV5 BATSV5_BATSV73 A (LN/EMBA/TVA),BATESVILLE-L S POWER 230,17:25,-4.78,
12/27/2024,29254.0,438951.0,TMP781_Pittsburg_Semino_345_kV_FTLO_Canadian_Riv,SEMINOLE SEMINOLE A (LN/OKGE/CSWS),PITTSBURG-CANADIAN RIVER 345,17:25,-1.9,
12/27/2024,30825.0,229670.0,Batesvil_Batesvil_115kV_FLO_Batesvil_LS_Power_23,BATSV5 BATSV5_BATSV73 A (LN/EMBA/TVA),BATESVILLE-L S POWER 230,17:30,-6.24,
12/27/2024,29254.0,438951.0,TMP781_Pittsburg_Semino_345_kV_FTLO_Canadian_Riv,SEMINOLE SEMINOLE A (LN/OKGE/CSWS),PITTSBURG-CANADIAN RIVER 345,17:30,-3.0,
12/27/2024,30825.0,229670.0,Batesvil_Batesvil_115kV_FLO_Batesvil_LS_Power_23,BATSV5 BATSV5_BATSV73 A (LN/EMBA/TVA),BATESVILLE-L S POWER 230,17:35,-4.36,
12/27/2024,29254.0,438951.0,TMP781_Pittsburg_Semino_345_kV_FTLO_Canadian_Riv,SEMINOLE SEMINOLE A (LN/OKGE/CSWS),PITTSBURG-CANADIAN RIVER 345,17:35,-2.3000000000000003,
12/27/2024,30825.0,229670.0,Batesvil_Batesvil_115kV_FLO_Batesvil_LS_Power_23,BATSV5 BATSV5_BATSV73 A (LN/EMBA/TVA),BATESVILLE-L S POWER 230,17:40,-10.36,
12/27/2024,29254.0,438951.0,TMP781_Pittsburg_Semino_345_kV_FTLO_Canadian_Riv,SEMINOLE SEMINOLE A (LN/OKGE/CSWS),PITTSBURG-CANADIAN RIVER 345,17:40,-1.97,
12/27/2024,30825.0,229670.0,Batesvil_Batesvil_115kV_FLO_Batesvil_LS_Power_23,BATSV5 BATSV5_BATSV73 A (LN/EMBA/TVA),BATESVILLE-L S POWER 230,17:45,-11.99,
12/27/2024,29254.0,438951.0,TMP781_Pittsburg_Semino_345_kV_FTLO_Canadian_Riv,SEMINOLE SEMINOLE A (LN/OKGE/CSWS),PITTSBURG-CANADIAN RIVER 345,17:45,-2.0,
12/27/2024,30825.0,229670.0,Batesvil_Batesvil_115kV_FLO_Batesvil_LS_Power_23,BATSV5 BATSV5_BATSV73 A (LN/EMBA/TVA),BATESVILLE-L S POWER 230,17:50,-8.48,
12/27/2024,29254.0,438951.0,TMP781_Pittsburg_Semino_345_kV_FTLO_Canadian_Riv,SEMINOLE SEMINOLE A (LN/OKGE/CSWS),PITTSBURG-CANADIAN RIVER 345,17:50,-15.15,
12/27/2024,30825.0,229670.0,Batesvil_Batesvil_115kV_FLO_Batesvil_LS_Power_23,BATSV5 BATSV5_BATSV73 A (LN/EMBA/TVA),BATESVILLE-L S POWER 230,17:55,-10.43,
12/27/2024,29254.0,438951.0,TMP781_Pittsburg_Semino_345_kV_FTLO_Canadian_Riv,SEMINOLE SEMINOLE A (LN/OKGE/CSWS),PITTSBURG-CANADIAN RIVER 345,17:55,-2.76,
12/27/2024,30825.0,229670.0,Batesvil_Batesvil_115kV_FLO_Batesvil_LS_Power_23,BATSV5 BATSV5_BATSV73 A (LN/EMBA/TVA),BATESVILLE-L S POWER 230,18:00,-8.18,
12/27/2024,29254.0,438951.0,TMP781_Pittsburg_Semino_345_kV_FTLO_Canadian_Riv,SEMINOLE SEMINOLE A (LN/OKGE/CSWS),PITTSBURG-CANADIAN RIVER 345,18:00,-0.6,
12/27/2024,30825.0,229670.0,Batesvil_Batesvil_115kV_FLO_Batesvil_LS_Power_23,BATSV5 BATSV5_BATSV73 A (LN/EMBA/TVA),BATESVILLE-L S POWER 230,18:05,-6.37,
12/27/2024,30825.0,229670.0,Batesvil_Batesvil_115kV_FLO_Batesvil_LS_Power_23,BATSV5 BATSV5_BATSV73 A (LN/EMBA/TVA),BATESVILLE-L S POWER 230,18:10,-7.4,
12/27/2024,30825.0,229670.0,Batesvil_Batesvil_115kV_FLO_Batesvil_LS_Power_23,BATSV5 BATSV5_BATSV73 A (LN/EMBA/TVA),BATESVILLE-L S POWER 230,18:15,-6.85,
12/27/2024,30825.0,229670.0,Batesvil_Batesvil_115kV_FLO_Batesvil_LS_Power_23,BATSV5 BATSV5_BATSV73 A (LN/EMBA/TVA),BATESVILLE-L S POWER 230,18:20,-6.23,
12/27/2024,29254.0,438951.0,TMP781_Pittsburg_Semino_345_kV_FTLO_Canadian_Riv,SEMINOLE SEMINOLE A (LN/OKGE/CSWS),PITTSBURG-CANADIAN RIVER 345,18:20,-11.35,
12/27/2024,30825.0,229670.0,Batesvil_Batesvil_115kV_FLO_Batesvil_LS_Power_23,BATSV5 BATSV5_BATSV73 A (LN/EMBA/TVA),BATESVILLE-L S POWER 230,18:25,-15.78,
12/27/2024,29254.0,438951.0,TMP781_Pittsburg_Semino_345_kV_FTLO_Canadian_Riv,SEMINOLE SEMINOLE A (LN/OKGE/CSWS),PITTSBURG-CANADIAN RIVER 345,18:25,-4.87,
12/27/2024,30825.0,229670.0,Batesvil_Batesvil_115kV_FLO_Batesvil_LS_Power_23,BATSV5 BATSV5_BATSV73 A (LN/EMBA/TVA),BATESVILLE-L S POWER 230,18:30,-6.18,
12/27/2024,29254.0,438951.0,TMP781_Pittsburg_Semino_345_kV_FTLO_Canadian_Riv,SEMINOLE SEMINOLE A (LN/OKGE/CSWS),PITTSBURG-CANADIAN RIVER 345,18:30,-3.95,
12/27/2024,30825.0,229670.0,Batesvil_Batesvil_115kV_FLO_Batesvil_LS_Power_23,BATSV5 BATSV5_BATSV73 A (LN/EMBA/TVA),BATESVILLE-L S POWER 230,18:35,-7.22,
12/27/2024,29254.0,438951.0,TMP781_Pittsburg_Semino_345_kV_FTLO_Canadian_Riv,SEMINOLE SEMINOLE A (LN/OKGE/CSWS),PITTSBURG-CANADIAN RIVER 345,18:35,-4.15,
12/27/2024,30825.0,229670.0,Batesvil_Batesvil_115kV_FLO_Batesvil_LS_Power_23,BATSV5 BATSV5_BATSV73 A (LN/EMBA/TVA),BATESVILLE-L S POWER 230,18:40,-7.4,
12/27/2024,29254.0,438951.0,TMP781_Pittsburg_Semino_345_kV_FTLO_Canadian_Riv,SEMINOLE SEMINOLE A (LN/OKGE/CSWS),PITTSBURG-CANADIAN RIVER 345,18:40,-3.45,
12/27/2024,30825.0,229670.0,Batesvil_Batesvil_115kV_FLO_Batesvil_LS_Power_23,BATSV5 BATSV5_BATSV73 A (LN/EMBA/TVA),BATESVILLE-L S POWER 230,18:45,-6.41,
12/27/2024,29254.0,438951.0,TMP781_Pittsburg_Semino_345_kV_FTLO_Canadian_Riv,SEMINOLE SEMINOLE A (LN/OKGE/CSWS),PITTSBURG-CANADIAN RIVER 345,18:45,-1.8,
12/27/2024,30825.0,229670.0,Batesvil_Batesvil_115kV_FLO_Batesvil_LS_Power_23,BATSV5 BATSV5_BATSV73 A (LN/EMBA/TVA),BATESVILLE-L S POWER 230,18:50,-7.23,
12/27/2024,30825.0,229670.0,Batesvil_Batesvil_115kV_FLO_Batesvil_LS_Power_23,BATSV5 BATSV5_BATSV73 A (LN/EMBA/TVA),BATESVILLE-L S POWER 230,18:55,-6.84,
12/27/2024,30825.0,229670.0,Batesvil_Batesvil_115kV_FLO_Batesvil_LS_Power_23,BATSV5 BATSV5_BATSV73 A (LN/EMBA/TVA),BATESVILLE-L S POWER 230,19:00,-7.08,
12/27/2024,30825.0,229670.0,Batesvil_Batesvil_115kV_FLO_Batesvil_LS_Power_23,BATSV5 BATSV5_BATSV73 A (LN/EMBA/TVA),BATESVILLE-L S POWER 230,19:05,-8.4,
12/27/2024,30825.0,229670.0,Batesvil_Batesvil_115kV_FLO_Batesvil_LS_Power_23,BATSV5 BATSV5_BATSV73 A (LN/EMBA/TVA),BATESVILLE-L S POWER 230,19:10,-6.87,
12/27/2024,30825.0,229670.0,Batesvil_Batesvil_115kV_FLO_Batesvil_LS_Power_23,BATSV5 BATSV5_BATSV73 A (LN/EMBA/TVA),BATESVILLE-L S POWER 230,19:15,-6.94,
12/27/2024,30825.0,229670.0,Batesvil_Batesvil_115kV_FLO_Batesvil_LS_Power_23,BATSV5 BATSV5_BATSV73 A (LN/EMBA/TVA),BATESVILLE-L S POWER 230,19:20,-9.52,
12/27/2024,30825.0,229670.0,Batesvil_Batesvil_115kV_FLO_Batesvil_LS_Power_23,BATSV5 BATSV5_BATSV73 A (LN/EMBA/TVA),BATESVILLE-L S POWER 230,19:25,-5.55,
12/27/2024,30825.0,229670.0,Batesvil_Batesvil_115kV_FLO_Batesvil_LS_Power_23,BATSV5 BATSV5_BATSV73 A (LN/EMBA/TVA),BATESVILLE-L S POWER 230,19:30,-6.62,
12/27/2024,30825.0,229670.0,Batesvil_Batesvil_115kV_FLO_Batesvil_LS_Power_23,BATSV5 BATSV5_BATSV73 A (LN/EMBA/TVA),BATESVILLE-L S POWER 230,19:35,-5.64,
12/27/2024,30825.0,229670.0,Batesvil_Batesvil_115kV_FLO_Batesvil_LS_Power_23,BATSV5 BATSV5_BATSV73 A (LN/EMBA/TVA),BATESVILLE-L S POWER 230,19:40,-4.03,
12/27/2024,,162444.0,AMI13179_REYNOLD4_13857_A,REYNOLD4 13857 A (LN/NIPS/NIPS),WATSEKA - SHELDON SOUTH 138,19:45,-11.72,
12/27/2024,30825.0,229670.0,Batesvil_Batesvil_115kV_FLO_Batesvil_LS_Power_23,BATSV5 BATSV5_BATSV73 A (LN/EMBA/TVA),BATESVILLE-L S POWER 230,19:45,-4.95,
12/27/2024,,162444.0,AMI13179_REYNOLD4_13857_A,REYNOLD4 13857 A (LN/NIPS/NIPS),WATSEKA - SHELDON SOUTH 138,19:50,-11.74,
12/27/2024,30825.0,229670.0,Batesvil_Batesvil_115kV_FLO_Batesvil_LS_Power_23,BATSV5 BATSV5_BATSV73 A (LN/EMBA/TVA),BATESVILLE-L S POWER 230,19:50,-4.99,
12/27/2024,,162444.0,AMI13179_REYNOLD4_13857_A,REYNOLD4 13857 A (LN/NIPS/NIPS),WATSEKA - SHELDON SOUTH 138,19:55,-12.24,
12/27/2024,30825.0,229670.0,Batesvil_Batesvil_115kV_FLO_Batesvil_LS_Power_23,BATSV5 BATSV5_BATSV73 A (LN/EMBA/TVA),BATESVILLE-L S POWER 230,19:55,-5.77,
12/27/2024,,162444.0,AMI13179_REYNOLD4_13857_A,REYNOLD4 13857 A (LN/NIPS/NIPS),WATSEKA - SHELDON SOUTH 138,20:00,-13.0,
12/27/2024,30825.0,229670.0,Batesvil_Batesvil_115kV_FLO_Batesvil_LS_Power_23,BATSV5 BATSV5_BATSV73 A (LN/EMBA/TVA),BATESVILLE-L S POWER 230,20:00,-7.17,
12/27/2024,,162444.0,AMI13179_REYNOLD4_13857_A,REYNOLD4 13857 A (LN/NIPS/NIPS),WATSEKA - SHELDON SOUTH 138,20:05,-17.32,
12/27/2024,30825.0,229670.0,Batesvil_Batesvil_115kV_FLO_Batesvil_LS_Power_23,BATSV5 BATSV5_BATSV73 A (LN/EMBA/TVA),BATESVILLE-L S POWER 230,20:05,-13.92,
12/27/2024,,162444.0,AMI13179_REYNOLD4_13857_A,REYNOLD4 13857 A (LN/NIPS/NIPS),WATSEKA - SHELDON SOUTH 138,20:10,-13.07,
12/27/2024,30825.0,229670.0,Batesvil_Batesvil_115kV_FLO_Batesvil_LS_Power_23,BATSV5 BATSV5_BATSV73 A (LN/EMBA/TVA),BATESVILLE-L S POWER 230,20:10,-7.17,
12/27/2024,,162444.0,AMI13179_REYNOLD4_13857_A,REYNOLD4 13857 A (LN/NIPS/NIPS),WATSEKA - SHELDON SOUTH 138,20:15,-14.19,
12/27/2024,30825.0,229670.0,Batesvil_Batesvil_115kV_FLO_Batesvil_LS_Power_23,BATSV5 BATSV5_BATSV73 A (LN/EMBA/TVA),BATESVILLE-L S POWER 230,20:15,-4.26,
12/27/2024,,162444.0,AMI13179_REYNOLD4_13857_A,REYNOLD4 13857 A (LN/NIPS/NIPS),WATSEKA - SHELDON SOUTH 138,20:20,-21.81,
12/27/2024,30825.0,229670.0,Batesvil_Batesvil_115kV_FLO_Batesvil_LS_Power_23,BATSV5 BATSV5_BATSV73 A (LN/EMBA/TVA),BATESVILLE-L S POWER 230,20:20,-5.4,
12/27/2024,,162444.0,AMI13179_REYNOLD4_13857_A,REYNOLD4 13857 A (LN/NIPS/NIPS),WATSEKA - SHELDON SOUTH 138,20:25,-10.94,
12/27/2024,30825.0,229670.0,Batesvil_Batesvil_115kV_FLO_Batesvil_LS_Power_23,BATSV5 BATSV5_BATSV73 A (LN/EMBA/TVA),BATESVILLE-L S POWER 230,20:25,-3.37,
12/27/2024,,162444.0,AMI13179_REYNOLD4_13857_A,REYNOLD4 13857 A (LN/NIPS/NIPS),WATSEKA - SHELDON SOUTH 138,20:30,-11.06,
12/27/2024,,162444.0,AMI13179_REYNOLD4_13857_A,REYNOLD4 13857 A (LN/NIPS/NIPS),WATSEKA - SHELDON SOUTH 138,20:35,-10.82,
12/27/2024,30825.0,229670.0,Batesvil_Batesvil_115kV_FLO_Batesvil_LS_Power_23,BATSV5 BATSV5_BATSV73 A (LN/EMBA/TVA),BATESVILLE-L S POWER 230,20:35,-3.53,
12/27/2024,,162444.0,AMI13179_REYNOLD4_13857_A,REYNOLD4 13857 A (LN/NIPS/NIPS),WATSEKA - SHELDON SOUTH 138,20:40,-11.04,
12/27/2024,30825.0,229670.0,Batesvil_Batesvil_115kV_FLO_Batesvil_LS_Power_23,BATSV5 BATSV5_BATSV73 A (LN/EMBA/TVA),BATESVILLE-L S POWER 230,20:40,-3.92,
12/27/2024,,162444.0,AMI13179_REYNOLD4_13857_A,REYNOLD4 13857 A (LN/NIPS/NIPS),WATSEKA - SHELDON SOUTH 138,20:45,-11.64,
12/27/2024,30825.0,229670.0,Batesvil_Batesvil_115kV_FLO_Batesvil_LS_Power_23,BATSV5 BATSV5_BATSV73 A (LN/EMBA/TVA),BATESVILLE-L S POWER 230,20:45,-4.58,
12/27/2024,2569.0,417569.0,Stateline_WolfLake138_flo_Burnham_Munster345,7_STATE STATE17WOL13_1 1 (LN/CE/NIPS),BURNHAM-MUNSTER 345 (34504),20:45,-18.400000000000002,
12/27/2024,,196784.0,BASE_REYNOLD4_13857_A,REYNOLD4 13857 A (LN/NIPS/NIPS),,20:50,-18.68,
12/27/2024,30825.0,229670.0,Batesvil_Batesvil_115kV_FLO_Batesvil_LS_Power_23,BATSV5 BATSV5_BATSV73 A (LN/EMBA/TVA),BATESVILLE-L S POWER 230,20:50,-4.82,
12/27/2024,2569.0,417569.0,Stateline_WolfLake138_flo_Burnham_Munster345,7_STATE STATE17WOL13_1 1 (LN/CE/NIPS),BURNHAM-MUNSTER 345 (34504),20:50,-88.4,
12/27/2024,,196784.0,BASE_REYNOLD4_13857_A,REYNOLD4 13857 A (LN/NIPS/NIPS),,20:55,-17.71,
12/27/2024,30825.0,229670.0,Batesvil_Batesvil_115kV_FLO_Batesvil_LS_Power_23,BATSV5 BATSV5_BATSV73 A (LN/EMBA/TVA),BATESVILLE-L S POWER 230,20:55,-4.62,
12/27/2024,2569.0,417569.0,Stateline_WolfLake138_flo_Burnham_Munster345,7_STATE STATE17WOL13_1 1 (LN/CE/NIPS),BURNHAM-MUNSTER 345 (34504),20:55,-58.1,
12/27/2024,,196784.0,BASE_REYNOLD4_13857_A,REYNOLD4 13857 A (LN/NIPS/NIPS),,21:00,-15.54,
12/27/2024,30825.0,229670.0,Batesvil_Batesvil_115kV_FLO_Batesvil_LS_Power_23,BATSV5 BATSV5_BATSV73 A (LN/EMBA/TVA),BATESVILLE-L S POWER 230,21:00,-3.67,
12/27/2024,2569.0,417569.0,Stateline_WolfLake138_flo_Burnham_Munster345,7_STATE STATE17WOL13_1 1 (LN/CE/NIPS),BURNHAM-MUNSTER 345 (34504),21:00,-7.4,
12/27/2024,,162444.0,AMI13179_REYNOLD4_13857_A,REYNOLD4 13857 A (LN/NIPS/NIPS),WATSEKA - SHELDON SOUTH 138,21:05,-19.72,
12/27/2024,30825.0,229670.0,Batesvil_Batesvil_115kV_FLO_Batesvil_LS_Power_23,BATSV5 BATSV5_BATSV73 A (LN/EMBA/TVA),BATESVILLE-L S POWER 230,21:05,-2.29,
12/27/2024,2569.0,417569.0,Stateline_WolfLake138_flo_Burnham_Munster345,7_STATE STATE17WOL13_1 1 (LN/CE/NIPS),BURNHAM-MUNSTER 345 (34504),21:05,-94.8,
12/27/2024,,196784.0,BASE_REYNOLD4_13857_A,REYNOLD4 13857 A (LN/NIPS/NIPS),,21:10,-37.5,
12/27/2024,,162444.0,AMI13179_REYNOLD4_13857_A,REYNOLD4 13857 A (LN/NIPS/NIPS),WATSEKA - SHELDON SOUTH 138,21:15,-20.44,
12/27/2024,,196784.0,BASE_REYNOLD4_13857_A,REYNOLD4 13857 A (LN/NIPS/NIPS),,21:20,-28.14,
12/27/2024,,196784.0,BASE_REYNOLD4_13857_A,REYNOLD4 13857 A (LN/NIPS/NIPS),,21:25,-27.16,
12/27/2024,,196784.0,BASE_REYNOLD4_13857_A,REYNOLD4 13857 A (LN/NIPS/NIPS),,21:30,-28.75,
12/27/2024,2569.0,417569.0,Stateline_WolfLake138_flo_Burnham_Munster345,7_STATE STATE17WOL13_1 1 (LN/CE/NIPS),BURNHAM-MUNSTER 345 (34504),21:30,-85.4,
12/27/2024,,196784.0,BASE_REYNOLD4_13857_A,REYNOLD4 13857 A (LN/NIPS/NIPS),,21:35,-64.57000000000001,
12/27/2024,30825.0,229670.0,Batesvil_Batesvil_115kV_FLO_Batesvil_LS_Power_23,BATSV5 BATSV5_BATSV73 A (LN/EMBA/TVA),BATESVILLE-L S POWER 230,21:35,-4.26,
12/27/2024,2569.0,417569.0,Stateline_WolfLake138_flo_Burnham_Munster345,7_STATE STATE17WOL13_1 1 (LN/CE/NIPS),BURNHAM-MUNSTER 345 (34504),21:35,-891.0,
12/27/2024,,162444.0,AMI13179_REYNOLD4_13857_A,REYNOLD4 13857 A (LN/NIPS/NIPS),WATSEKA - SHELDON SOUTH 138,21:40,-20.43,
12/27/2024,30825.0,229670.0,Batesvil_Batesvil_115kV_FLO_Batesvil_LS_Power_23,BATSV5 BATSV5_BATSV73 A (LN/EMBA/TVA),BATESVILLE-L S POWER 230,21:40,-0.4,
12/27/2024,2569.0,417569.0,Stateline_WolfLake138_flo_Burnham_Munster345,7_STATE STATE17WOL13_1 1 (LN/CE/NIPS),BURNHAM-MUNSTER 345 (34504),21:40,-118.42,
12/27/2024,,162444.0,AMI13179_REYNOLD4_13857_A,REYNOLD4 13857 A (LN/NIPS/NIPS),WATSEKA - SHELDON SOUTH 138,21:45,-16.57,
12/27/2024,30825.0,229670.0,Batesvil_Batesvil_115kV_FLO_Batesvil_LS_Power_23,BATSV5 BATSV5_BATSV73 A (LN/EMBA/TVA),BATESVILLE-L S POWER 230,21:45,-2.17,
12/27/2024,2569.0,417569.0,Stateline_WolfLake138_flo_Burnham_Munster345,7_STATE STATE17WOL13_1 1 (LN/CE/NIPS),BURNHAM-MUNSTER 345 (34504),21:45,-112.3,
12/27/2024,,162444.0,AMI13179_REYNOLD4_13857_A,REYNOLD4 13857 A (LN/NIPS/NIPS),WATSEKA - SHELDON SOUTH 138,21:50,-15.07,
12/27/2024,30825.0,229670.0,Batesvil_Batesvil_115kV_FLO_Batesvil_LS_Power_23,BATSV5 BATSV5_BATSV73 A (LN/EMBA/TVA),BATESVILLE-L S POWER 230,21:50,-1.53,
12/27/2024,2569.0,417569.0,Stateline_WolfLake138_flo_Burnham_Munster345,7_STATE STATE17WOL13_1 1 (LN/CE/NIPS),BURNHAM-MUNSTER 345 (34504),21:50,-49.0,
12/27/2024,,162444.0,AMI13179_REYNOLD4_13857_A,REYNOLD4 13857 A (LN/NIPS/NIPS),WATSEKA - SHELDON SOUTH 138,21:55,-17.240000000000002,
12/27/2024,,162444.0,AMI13179_REYNOLD4_13857_A,REYNOLD4 13857 A (LN/NIPS/NIPS),WATSEKA - SHELDON SOUTH 138,22:00,-19.23,
12/27/2024,30825.0,229670.0,Batesvil_Batesvil_115kV_FLO_Batesvil_LS_Power_23,BATSV5 BATSV5_BATSV73 A (LN/EMBA/TVA),BATESVILLE-L S POWER 230,22:00,-2.86,
12/27/2024,,162444.0,AMI13179_REYNOLD4_13857_A,REYNOLD4 13857 A (LN/NIPS/NIPS),WATSEKA - SHELDON SOUTH 138,22:05,-20.01,
12/27/2024,,196784.0,BASE_REYNOLD4_13857_A,REYNOLD4 13857 A (LN/NIPS/NIPS),,22:10,-35.13,
12/27/2024,,196784.0,BASE_REYNOLD4_13857_A,REYNOLD4 13857 A (LN/NIPS/NIPS),,22:15,-39.96,
12/27/2024,2569.0,417569.0,Stateline_WolfLake138_flo_Burnham_Munster345,7_STATE STATE17WOL13_1 1 (LN/CE/NIPS),BURNHAM-MUNSTER 345 (34504),22:15,-161.06,
12/27/2024,,196784.0,BASE_REYNOLD4_13857_A,REYNOLD4 13857 A (LN/NIPS/NIPS),,22:20,-38.34,
12/27/2024,30825.0,229670.0,Batesvil_Batesvil_115kV_FLO_Batesvil_LS_Power_23,BATSV5 BATSV5_BATSV73 A (LN/EMBA/TVA),BATESVILLE-L S POWER 230,22:20,-1.87,
12/27/2024,2569.0,417569.0,Stateline_WolfLake138_flo_Burnham_Munster345,7_STATE STATE17WOL13_1 1 (LN/CE/NIPS),BURNHAM-MUNSTER 345 (34504),22:20,-128.9,
12/27/2024,,162444.0,AMI13179_REYNOLD4_13857_A,REYNOLD4 13857 A (LN/NIPS/NIPS),WATSEKA - SHELDON SOUTH 138,22:25,-19.64,
12/27/2024,2569.0,417569.0,Stateline_WolfLake138_flo_Burnham_Munster345,7_STATE STATE17WOL13_1 1 (LN/CE/NIPS),BURNHAM-MUNSTER 345 (34504),22:25,-141.8,
12/27/2024,,162444.0,AMI13179_REYNOLD4_13857_A,REYNOLD4 13857 A (LN/NIPS/NIPS),WATSEKA - SHELDON SOUTH 138,22:30,-17.76,
12/27/2024,30825.0,229670.0,Batesvil_Batesvil_115kV_FLO_Batesvil_LS_Power_23,BATSV5 BATSV5_BATSV73 A (LN/EMBA/TVA),BATESVILLE-L S POWER 230,22:30,-4.61,
12/27/2024,2569.0,417569.0,Stateline_WolfLake138_flo_Burnham_Munster345,7_STATE STATE17WOL13_1 1 (LN/CE/NIPS),BURNHAM-MUNSTER 345 (34504),22:30,-101.2,
12/27/2024,,162444.0,AMI13179_REYNOLD4_13857_A,REYNOLD4 13857 A (LN/NIPS/NIPS),WATSEKA - SHELDON SOUTH 138,22:35,-16.71,
12/27/2024,30825.0,229670.0,Batesvil_Batesvil_115kV_FLO_Batesvil_LS_Power_23,BATSV5 BATSV5_BATSV73 A (LN/EMBA/TVA),BATESVILLE-L S POWER 230,22:35,-0.28,
12/27/2024,,162444.0,AMI13179_REYNOLD4_13857_A,REYNOLD4 13857 A (LN/NIPS/NIPS),WATSEKA - SHELDON SOUTH 138,22:40,-18.61,
12/27/2024,30825.0,229670.0,Batesvil_Batesvil_115kV_FLO_Batesvil_LS_Power_23,BATSV5 BATSV5_BATSV73 A (LN/EMBA/TVA),BATESVILLE-L S POWER 230,22:40,-1.66,
12/27/2024,,196784.0,BASE_REYNOLD4_13857_A,REYNOLD4 13857 A (LN/NIPS/NIPS),,22:45,-34.84,
12/27/2024,30825.0,229670.0,Batesvil_Batesvil_115kV_FLO_Batesvil_LS_Power_23,BATSV5 BATSV5_BATSV73 A (LN/EMBA/TVA),BATESVILLE-L S POWER 230,22:45,-1.6,
12/27/2024,2569.0,417569.0,Stateline_WolfLake138_flo_Burnham_Munster345,7_STATE STATE17WOL13_1 1 (LN/CE/NIPS),BURNHAM-MUNSTER 345 (34504),22:45,-7.28,
12/27/2024,,196784.0,BASE_REYNOLD4_13857_A,REYNOLD4 13857 A (LN/NIPS/NIPS),,22:50,-53.31,
12/27/2024,30825.0,229670.0,Batesvil_Batesvil_115kV_FLO_Batesvil_LS_Power_23,BATSV5 BATSV5_BATSV73 A (LN/EMBA/TVA),BATESVILLE-L S POWER 230,22:50,-11.8,
12/27/2024,2569.0,417569.0,Stateline_WolfLake138_flo_Burnham_Munster345,7_STATE STATE17WOL13_1 1 (LN/CE/NIPS),BURNHAM-MUNSTER 345 (34504),22:50,-393.3,
12/27/2024,,162444.0,AMI13179_REYNOLD4_13857_A,REYNOLD4 13857 A (LN/NIPS/NIPS),WATSEKA - SHELDON SOUTH 138,22:55,-39.38,
12/27/2024,30825.0,229670.0,Batesvil_Batesvil_115kV_FLO_Batesvil_LS_Power_23,BATSV5 BATSV5_BATSV73 A (LN/EMBA/TVA),BATESVILLE-L S POWER 230,22:55,-19.52,
12/27/2024,2569.0,417569.0,Stateline_WolfLake138_flo_Burnham_Munster345,7_STATE STATE17WOL13_1 1 (LN/CE/NIPS),BURNHAM-MUNSTER 345 (34504),22:55,-967.9,
12/27/2024,,162444.0,AMI13179_REYNOLD4_13857_A,REYNOLD4 13857 A (LN/NIPS/NIPS),WATSEKA - SHELDON SOUTH 138,23:00,-29.93,
12/27/2024,30825.0,229670.0,Batesvil_Batesvil_115kV_FLO_Batesvil_LS_Power_23,BATSV5 BATSV5_BATSV73 A (LN/EMBA/TVA),BATESVILLE-L S POWER 230,23:00,-9.870000000000001,
12/27/2024,2569.0,417569.0,Stateline_WolfLake138_flo_Burnham_Munster345,7_STATE STATE17WOL13_1 1 (LN/CE/NIPS),BURNHAM-MUNSTER 345 (34504),23:00,-594.7,
12/27/2024,,162444.0,AMI13179_REYNOLD4_13857_A,REYNOLD4 13857 A (LN/NIPS/NIPS),WATSEKA - SHELDON SOUTH 138,23:05,-25.88,
12/27/2024,30825.0,229670.0,Batesvil_Batesvil_115kV_FLO_Batesvil_LS_Power_23,BATSV5 BATSV5_BATSV73 A (LN/EMBA/TVA),BATESVILLE-L S POWER 230,23:05,-5.42,
12/27/2024,2569.0,417569.0,Stateline_WolfLake138_flo_Burnham_Munster345,7_STATE STATE17WOL13_1 1 (LN/CE/NIPS),BURNHAM-MUNSTER 345 (34504),23:05,-444.4,
12/27/2024,,162444.0,AMI13179_REYNOLD4_13857_A,REYNOLD4 13857 A (LN/NIPS/NIPS),WATSEKA - SHELDON SOUTH 138,23:10,-15.11,
12/27/2024,30825.0,229670.0,Batesvil_Batesvil_115kV_FLO_Batesvil_LS_Power_23,BATSV5 BATSV5_BATSV73 A (LN/EMBA/TVA),BATESVILLE-L S POWER 230,23:10,-3.67,
12/27/2024,,162444.0,AMI13179_REYNOLD4_13857_A,REYNOLD4 13857 A (LN/NIPS/NIPS),WATSEKA - SHELDON SOUTH 138,23:15,-11.78,
12/27/2024,30825.0,229670.0,Batesvil_Batesvil_115kV_FLO_Batesvil_LS_Power_23,BATSV5 BATSV5_BATSV73 A (LN/EMBA/TVA),BATESVILLE-L S POWER 230,23:15,-0.27,
12/27/2024,,162444.0,AMI13179_REYNOLD4_13857_A,REYNOLD4 13857 A (LN/NIPS/NIPS),WATSEKA - SHELDON SOUTH 138,23:20,-14.91,
12/27/2024,30825.0,229670.0,Batesvil_Batesvil_115kV_FLO_Batesvil_LS_Power_23,BATSV5 BATSV5_BATSV73 A (LN/EMBA/TVA),BATESVILLE-L S POWER 230,23:20,-0.09,
12/27/2024,,162444.0,AMI13179_REYNOLD4_13857_A,REYNOLD4 13857 A (LN/NIPS/NIPS),WATSEKA - SHELDON SOUTH 138,23:25,-17.78,
12/27/2024,2569.0,417569.0,Stateline_WolfLake138_flo_Burnham_Munster345,7_STATE STATE17WOL13_1 1 (LN/CE/NIPS),BURNHAM-MUNSTER 345 (34504),23:25,-68.9,
12/27/2024,,162444.0,AMI13179_REYNOLD4_13857_A,REYNOLD4 13857 A (LN/NIPS/NIPS),WATSEKA - SHELDON SOUTH 138,23:30,-18.34,
12/27/2024,30825.0,229670.0,Batesvil_Batesvil_115kV_FLO_Batesvil_LS_Power_23,BATSV5 BATSV5_BATSV73 A (LN/EMBA/TVA),BATESVILLE-L S POWER 230,23:30,-0.1,
12/27/2024,2569.0,417569.0,Stateline_WolfLake138_flo_Burnham_Munster345,7_STATE STATE17WOL13_1 1 (LN/CE/NIPS),BURNHAM-MUNSTER 345 (34504),23:30,-76.10000000000001,
12/27/2024,,162444.0,AMI13179_REYNOLD4_13857_A,REYNOLD4 13857 A (LN/NIPS/NIPS),WATSEKA - SHELDON SOUTH 138,23:35,-26.0,
12/27/2024,30825.0,229670.0,Batesvil_Batesvil_115kV_FLO_Batesvil_LS_Power_23,BATSV5 BATSV5_BATSV73 A (LN/EMBA/TVA),BATESVILLE-L S POWER 230,23:35,-8.81,
12/27/2024,2569.0,417569.0,Stateline_WolfLake138_flo_Burnham_Munster345,7_STATE STATE17WOL13_1 1 (LN/CE/NIPS),BURNHAM-MUNSTER 345 (34504),23:35,-339.9,
12/27/2024,,162444.0,AMI13179_REYNOLD4_13857_A,REYNOLD4 13857 A (LN/NIPS/NIPS),WATSEKA - SHELDON SOUTH 138,23:40,-19.02,
12/27/2024,30825.0,229670.0,Batesvil_Batesvil_115kV_FLO_Batesvil_LS_Power_23,BATSV5 BATSV5_BATSV73 A (LN/EMBA/TVA),BATESVILLE-L S POWER 230,23:40,-1.65,
12/27/2024,2569.0,417569.0,Stateline_WolfLake138_flo_Burnham_Munster345,7_STATE STATE17WOL13_1 1 (LN/CE/NIPS),BURNHAM-MUNSTER 345 (34504),23:40,-63.8,
12/27/2024,,162444.0,AMI13179_REYNOLD4_13857_A,REYNOLD4 13857 A (LN/NIPS/NIPS),WATSEKA - SHELDON SOUTH 138,23:45,-18.61,
12/27/2024,30825.0,229670.0,Batesvil_Batesvil_115kV_FLO_Batesvil_LS_Power_23,BATSV5 BATSV5_BATSV73 A (LN/EMBA/TVA),BATESVILLE-L S POWER 230,23:45,-1.01,
12/27/2024,2569.0,417569.0,Stateline_WolfLake138_flo_Burnham_Munster345,7_STATE STATE17WOL13_1 1 (LN/CE/NIPS),BURNHAM-MUNSTER 345 (34504),23:45,-56.3,
12/27/2024,,162444.0,AMI13179_REYNOLD4_13857_A,REYNOLD4 13857 A (LN/NIPS/NIPS),WATSEKA - SHELDON SOUTH 138,23:50,-18.59,
12/27/2024,30825.0,229670.0,Batesvil_Batesvil_115kV_FLO_Batesvil_LS_Power_23,BATSV5 BATSV5_BATSV73 A (LN/EMBA/TVA),BATESVILLE-L S POWER 230,23:50,-0.46,
12/27/2024,2569.0,417569.0,Stateline_WolfLake138_flo_Burnham_Munster345,7_STATE STATE17WOL13_1 1 (LN/CE/NIPS),BURNHAM-MUNSTER 345 (34504),23:50,-84.6,
12/27/2024,,162444.0,AMI13179_REYNOLD4_13857_A,REYNOLD4 13857 A (LN/NIPS/NIPS),WATSEKA - SHELDON SOUTH 138,23:55,-19.0,
12/27/2024,30825.0,229670.0,Batesvil_Batesvil_115kV_FLO_Batesvil_LS_Power_23,BATSV5 BATSV5_BATSV73 A (LN/EMBA/TVA),BATESVILLE-L S POWER 230,23:55,-1.26,
12/27/2024,2569.0,417569.0,Stateline_WolfLake138_flo_Burnham_Munster345,7_STATE STATE17WOL13_1 1 (LN/CE/NIPS),BURNHAM-MUNSTER 345 (34504),23:55,-84.6,
12/28/2024,,222730.0,EAEE011_RSTE_RUSTON_VIENNA3_A,RSTE RUSTON_VIENNA3 A (LN/LAGN/EES),STERLINGTON - EL DORADO 500,00:00,-34.82,
12/28/2024,,162444.0,AMI13179_REYNOLD4_13857_A,REYNOLD4 13857 A (LN/NIPS/NIPS),WATSEKA - SHELDON SOUTH 138,00:05,-19.26,
12/28/2024,,196784.0,BASE_REYNOLD4_13857_A,REYNOLD4 13857 A (LN/NIPS/NIPS),,00:05,-5.47,
12/28/2024,30825.0,229670.0,Batesvil_Batesvil_115kV_FLO_Batesvil_LS_Power_23,BATSV5 BATSV5_BATSV73 A (LN/EMBA/TVA),BATESVILLE-L S POWER 230,00:05,-4.86,
12/28/2024,2569.0,417569.0,Stateline_WolfLake138_flo_Burnham_Munster345,7_STATE STATE17WOL13_1 1 (LN/CE/NIPS),BURNHAM-MUNSTER 345 (34504),00:05,-339.2,
12/28/2024,,162444.0,AMI13179_REYNOLD4_13857_A,REYNOLD4 13857 A (LN/NIPS/NIPS),WATSEKA - SHELDON SOUTH 138,00:10,-16.59,
12/28/2024,30825.0,229670.0,Batesvil_Batesvil_115kV_FLO_Batesvil_LS_Power_23,BATSV5 BATSV5_BATSV73 A (LN/EMBA/TVA),BATESVILLE-L S POWER 230,00:10,-1.85,
12/28/2024,2569.0,417569.0,Stateline_WolfLake138_flo_Burnham_Munster345,7_STATE STATE17WOL13_1 1 (LN/CE/NIPS),BURNHAM-MUNSTER 345 (34504),00:10,-11.5,
12/28/2024,,162444.0,AMI13179_REYNOLD4_13857_A,REYNOLD4 13857 A (LN/NIPS/NIPS),WATSEKA - SHELDON SOUTH 138,00:15,-16.96,
12/28/2024,30825.0,229670.0,Batesvil_Batesvil_115kV_FLO_Batesvil_LS_Power_23,BATSV5 BATSV5_BATSV73 A (LN/EMBA/TVA),BATESVILLE-L S POWER 230,00:15,-2.4,
12/28/2024,,162444.0,AMI13179_REYNOLD4_13857_A,REYNOLD4 13857 A (LN/NIPS/NIPS),WATSEKA - SHELDON SOUTH 138,00:20,-20.36,
12/28/2024,30825.0,229670.0,Batesvil_Batesvil_115kV_FLO_Batesvil_LS_Power_23,BATSV5 BATSV5_BATSV73 A (LN/EMBA/TVA),BATESVILLE-L S POWER 230,00:20,-5.72,
12/28/2024,2569.0,417569.0,Stateline_WolfLake138_flo_Burnham_Munster345,7_STATE STATE17WOL13_1 1 (LN/CE/NIPS),BURNHAM-MUNSTER 345 (34504),00:20,-147.14000000000001,
12/28/2024,,162444.0,AMI13179_REYNOLD4_13857_A,REYNOLD4 13857 A (LN/NIPS/NIPS),WATSEKA - SHELDON SOUTH 138,00:25,-17.17,
12/28/2024,30825.0,229670.0,Batesvil_Batesvil_115kV_FLO_Batesvil_LS_Power_23,BATSV5 BATSV5_BATSV73 A (LN/EMBA/TVA),BATESVILLE-L S POWER 230,00:25,-3.31,
12/28/2024,,162444.0,AMI13179_REYNOLD4_13857_A,REYNOLD4 13857 A (LN/NIPS/NIPS),WATSEKA - SHELDON SOUTH 138,00:30,-16.73,
12/28/2024,30825.0,229670.0,Batesvil_Batesvil_115kV_FLO_Batesvil_LS_Power_23,BATSV5 BATSV5_BATSV73 A (LN/EMBA/TVA),BATESVILLE-L S POWER 230,00:30,-2.14,
12/28/2024,,162444.0,AMI13179_REYNOLD4_13857_A,REYNOLD4 13857 A (LN/NIPS/NIPS),WATSEKA - SHELDON SOUTH 138,00:35,-16.12,
12/28/2024,30825.0,229670.0,Batesvil_Batesvil_115kV_FLO_Batesvil_LS_Power_23,BATSV5 BATSV5_BATSV73 A (LN/EMBA/TVA),BATESVILLE-L S POWER 230,00:35,-0.93,
12/28/2024,,162444.0,AMI13179_REYNOLD4_13857_A,REYNOLD4 13857 A (LN/NIPS/NIPS),WATSEKA - SHELDON SOUTH 138,00:40,-13.57,
12/28/2024,30825.0,229670.0,Batesvil_Batesvil_115kV_FLO_Batesvil_LS_Power_23,BATSV5 BATSV5_BATSV73 A (LN/EMBA/TVA),BATESVILLE-L S POWER 230,00:40,-2.18,
12/28/2024,,162444.0,AMI13179_REYNOLD4_13857_A,REYNOLD4 13857 A (LN/NIPS/NIPS),WATSEKA - SHELDON SOUTH 138,00:45,-6.93,
12/28/2024,30825.0,229670.0,Batesvil_Batesvil_115kV_FLO_Batesvil_LS_Power_23,BATSV5 BATSV5_BATSV73 A (LN/EMBA/TVA),BATESVILLE-L S POWER 230,00:45,-0.75,
12/28/2024,,162444.0,AMI13179_REYNOLD4_13857_A,REYNOLD4 13857 A (LN/NIPS/NIPS),WATSEKA - SHELDON SOUTH 138,00:50,-8.53,
12/28/2024,30825.0,229670.0,Batesvil_Batesvil_115kV_FLO_Batesvil_LS_Power_23,BATSV5 BATSV5_BATSV73 A (LN/EMBA/TVA),BATESVILLE-L S POWER 230,00:50,-1.24,
12/28/2024,,162444.0,AMI13179_REYNOLD4_13857_A,REYNOLD4 13857 A (LN/NIPS/NIPS),WATSEKA - SHELDON SOUTH 138,00:55,-15.99,
12/28/2024,30825.0,229670.0,Batesvil_Batesvil_115kV_FLO_Batesvil_LS_Power_23,BATSV5 BATSV5_BATSV73 A (LN/EMBA/TVA),BATESVILLE-L S POWER 230,00:55,-0.56,
12/28/2024,,196784.0,BASE_REYNOLD4_13857_A,REYNOLD4 13857 A (LN/NIPS/NIPS),,01:00,-31.35,
12/28/2024,30825.0,229670.0,Batesvil_Batesvil_115kV_FLO_Batesvil_LS_Power_23,BATSV5 BATSV5_BATSV73 A (LN/EMBA/TVA),BATESVILLE-L S POWER 230,01:00,-2.14,
12/28/2024,,162444.0,AMI13179_REYNOLD4_13857_A,REYNOLD4 13857 A (LN/NIPS/NIPS),WATSEKA - SHELDON SOUTH 138,01:05,-13.96,
12/28/2024,30825.0,229670.0,Batesvil_Batesvil_115kV_FLO_Batesvil_LS_Power_23,BATSV5 BATSV5_BATSV73 A (LN/EMBA/TVA),BATESVILLE-L S POWER 230,01:05,-1.8,
12/28/2024,,196784.0,BASE_REYNOLD4_13857_A,REYNOLD4 13857 A (LN/NIPS/NIPS),,01:10,-17.82,
12/28/2024,30825.0,229670.0,Batesvil_Batesvil_115kV_FLO_Batesvil_LS_Power_23,BATSV5 BATSV5_BATSV73 A (LN/EMBA/TVA),BATESVILLE-L S POWER 230,01:10,-2.1,
12/28/2024,2569.0,417569.0,Stateline_WolfLake138_flo_Burnham_Munster345,7_STATE STATE17WOL13_1 1 (LN/CE/NIPS),BURNHAM-MUNSTER 345 (34504),01:10,-73.3,
12/28/2024,,162444.0,AMI13179_REYNOLD4_13857_A,REYNOLD4 13857 A (LN/NIPS/NIPS),WATSEKA - SHELDON SOUTH 138,01:15,-13.49,
12/28/2024,30825.0,229670.0,Batesvil_Batesvil_115kV_FLO_Batesvil_LS_Power_23,BATSV5 BATSV5_BATSV73 A (LN/EMBA/TVA),BATESVILLE-L S POWER 230,01:15,-2.19,
12/28/2024,2569.0,417569.0,Stateline_WolfLake138_flo_Burnham_Munster345,7_STATE STATE17WOL13_1 1 (LN/CE/NIPS),BURNHAM-MUNSTER 345 (34504),01:15,-73.3,
12/28/2024,,162444.0,AMI13179_REYNOLD4_13857_A,REYNOLD4 13857 A (LN/NIPS/NIPS),WATSEKA - SHELDON SOUTH 138,01:20,-18.34,
12/28/2024,30825.0,229670.0,Batesvil_Batesvil_115kV_FLO_Batesvil_LS_Power_23,BATSV5 BATSV5_BATSV73 A (LN/EMBA/TVA),BATESVILLE-L S POWER 230,01:20,-2.17,
12/28/2024,2569.0,417569.0,Stateline_WolfLake138_flo_Burnham_Munster345,7_STATE STATE17WOL13_1 1 (LN/CE/NIPS),BURNHAM-MUNSTER 345 (34504),01:20,-235.59,
12/28/2024,,162444.0,AMI13179_REYNOLD4_13857_A,REYNOLD4 13857 A (LN/NIPS/NIPS),WATSEKA - SHELDON SOUTH 138,01:25,-15.46,
12/28/2024,30825.0,229670.0,Batesvil_Batesvil_115kV_FLO_Batesvil_LS_Power_23,BATSV5 BATSV5_BATSV73 A (LN/EMBA/TVA),BATESVILLE-L S POWER 230,01:25,-0.3,
12/28/2024,,162444.0,AMI13179_REYNOLD4_13857_A,REYNOLD4 13857 A (LN/NIPS/NIPS),WATSEKA - SHELDON SOUTH 138,01:30,-16.63,
12/28/2024,30825.0,229670.0,Batesvil_Batesvil_115kV_FLO_Batesvil_LS_Power_23,BATSV5 BATSV5_BATSV73 A (LN/EMBA/TVA),BATESVILLE-L S POWER 230,01:30,-1.89,
12/28/2024,,162444.0,AMI13179_REYNOLD4_13857_A,REYNOLD4 13857 A (LN/NIPS/NIPS),WATSEKA - SHELDON SOUTH 138,01:35,-16.07,
12/28/2024,30825.0,229670.0,Batesvil_Batesvil_115kV_FLO_Batesvil_LS_Power_23,BATSV5 BATSV5_BATSV73 A (LN/EMBA/TVA),BATESVILLE-L S POWER 230,01:35,-0.89,
12/28/2024,,162444.0,AMI13179_REYNOLD4_13857_A,REYNOLD4 13857 A (LN/NIPS/NIPS),WATSEKA - SHELDON SOUTH 138,01:40,-16.6,
12/28/2024,30825.0,229670.0,Batesvil_Batesvil_115kV_FLO_Batesvil_LS_Power_23,BATSV5 BATSV5_BATSV73 A (LN/EMBA/TVA),BATESVILLE-L S POWER 230,01:40,-1.73,
12/28/2024,,196784.0,BASE_REYNOLD4_13857_A,REYNOLD4 13857 A (LN/NIPS/NIPS),,01:45,-31.0,
12/28/2024,30825.0,229670.0,Batesvil_Batesvil_115kV_FLO_Batesvil_LS_Power_23,BATSV5 BATSV5_BATSV73 A (LN/EMBA/TVA),BATESVILLE-L S POWER 230,01:45,-1.62,
12/28/2024,,196784.0,BASE_REYNOLD4_13857_A,REYNOLD4 13857 A (LN/NIPS/NIPS),,01:50,-37.5,
12/28/2024,30825.0,229670.0,Batesvil_Batesvil_115kV_FLO_Batesvil_LS_Power_23,BATSV5 BATSV5_BATSV73 A (LN/EMBA/TVA),BATESVILLE-L S POWER 230,01:50,-1.76,
12/28/2024,2569.0,417569.0,Stateline_WolfLake138_flo_Burnham_Munster345,7_STATE STATE17WOL13_1 1 (LN/CE/NIPS),BURNHAM-MUNSTER 345 (34504),01:50,-292.63,
12/28/2024,,196784.0,BASE_REYNOLD4_13857_A,REYNOLD4 13857 A (LN/NIPS/NIPS),,01:55,-39.64,
12/28/2024,30825.0,229670.0,Batesvil_Batesvil_115kV_FLO_Batesvil_LS_Power_23,BATSV5 BATSV5_BATSV73 A (LN/EMBA/TVA),BATESVILLE-L S POWER 230,01:55,-1.77,
12/28/2024,2569.0,417569.0,Stateline_WolfLake138_flo_Burnham_Munster345,7_STATE STATE17WOL13_1 1 (LN/CE/NIPS),BURNHAM-MUNSTER 345 (34504),01:55,-387.7,
12/28/2024,,162444.0,AMI13179_REYNOLD4_13857_A,REYNOLD4 13857 A (LN/NIPS/NIPS),WATSEKA - SHELDON SOUTH 138,02:00,-26.86,
12/28/2024,2569.0,417569.0,Stateline_WolfLake138_flo_Burnham_Munster345,7_STATE STATE17WOL13_1 1 (LN/CE/NIPS),BURNHAM-MUNSTER 345 (34504),02:00,-812.49,
12/28/2024,,162444.0,AMI13179_REYNOLD4_13857_A,REYNOLD4 13857 A (LN/NIPS/NIPS),WATSEKA - SHELDON SOUTH 138,02:05,-15.36,
12/28/2024,,162444.0,AMI13179_REYNOLD4_13857_A,REYNOLD4 13857 A (LN/NIPS/NIPS),WATSEKA - SHELDON SOUTH 138,02:10,-20.19,
12/28/2024,2569.0,417569.0,Stateline_WolfLake138_flo_Burnham_Munster345,7_STATE STATE17WOL13_1 1 (LN/CE/NIPS),BURNHAM-MUNSTER 345 (34504),02:10,-336.4,
12/28/2024,,162444.0,AMI13179_REYNOLD4_13857_A,REYNOLD4 13857 A (LN/NIPS/NIPS),WATSEKA - SHELDON SOUTH 138,02:15,-13.96,
12/28/2024,,162444.0,AMI13179_REYNOLD4_13857_A,REYNOLD4 13857 A (LN/NIPS/NIPS),WATSEKA - SHELDON SOUTH 138,02:20,-15.76,
12/28/2024,30825.0,229670.0,Batesvil_Batesvil_115kV_FLO_Batesvil_LS_Power_23,BATSV5 BATSV5_BATSV73 A (LN/EMBA/TVA),BATESVILLE-L S POWER 230,02:20,-0.91,
12/28/2024,,162444.0,AMI13179_REYNOLD4_13857_A,REYNOLD4 13857 A (LN/NIPS/NIPS),WATSEKA - SHELDON SOUTH 138,02:25,-15.23,
12/28/2024,30825.0,229670.0,Batesvil_Batesvil_115kV_FLO_Batesvil_LS_Power_23,BATSV5 BATSV5_BATSV73 A (LN/EMBA/TVA),BATESVILLE-L S POWER 230,02:25,-1.62,
12/28/2024,2569.0,417569.0,Stateline_WolfLake138_flo_Burnham_Munster345,7_STATE STATE17WOL13_1 1 (LN/CE/NIPS),BURNHAM-MUNSTER 345 (34504),02:25,-29.2,
12/28/2024,,196784.0,BASE_REYNOLD4_13857_A,REYNOLD4 13857 A (LN/NIPS/NIPS),,02:30,-21.23,
12/28/2024,30825.0,229670.0,Batesvil_Batesvil_115kV_FLO_Batesvil_LS_Power_23,BATSV5 BATSV5_BATSV73 A (LN/EMBA/TVA),BATESVILLE-L S POWER 230,02:30,-0.88,
12/28/2024,2569.0,417569.0,Stateline_WolfLake138_flo_Burnham_Munster345,7_STATE STATE17WOL13_1 1 (LN/CE/NIPS),BURNHAM-MUNSTER 345 (34504),02:30,-20.1,
12/28/2024,,196784.0,BASE_REYNOLD4_13857_A,REYNOLD4 13857 A (LN/NIPS/NIPS),,02:35,-39.2,
12/28/2024,30825.0,229670.0,Batesvil_Batesvil_115kV_FLO_Batesvil_LS_Power_23,BATSV5 BATSV5_BATSV73 A (LN/EMBA/TVA),BATESVILLE-L S POWER 230,02:35,-0.82,
12/28/2024,2569.0,417569.0,Stateline_WolfLake138_flo_Burnham_Munster345,7_STATE STATE17WOL13_1 1 (LN/CE/NIPS),BURNHAM-MUNSTER 345 (34504),02:35,-412.0,
12/28/2024,,196784.0,BASE_REYNOLD4_13857_A,REYNOLD4 13857 A (LN/NIPS/NIPS),,02:40,-25.33,
12/28/2024,2569.0,417569.0,Stateline_WolfLake138_flo_Burnham_Munster345,7_STATE STATE17WOL13_1 1 (LN/CE/NIPS),BURNHAM-MUNSTER 345 (34504),02:40,-407.8,
12/28/2024,,196784.0,BASE_REYNOLD4_13857_A,REYNOLD4 13857 A (LN/NIPS/NIPS),,02:45,-17.61,
12/28/2024,2569.0,417569.0,Stateline_WolfLake138_flo_Burnham_Munster345,7_STATE STATE17WOL13_1 1 (LN/CE/NIPS),BURNHAM-MUNSTER 345 (34504),02:45,-407.0,
12/28/2024,,162444.0,AMI13179_REYNOLD4_13857_A,REYNOLD4 13857 A (LN/NIPS/NIPS),WATSEKA - SHELDON SOUTH 138,02:50,-9.35,
12/28/2024,,162444.0,AMI13179_REYNOLD4_13857_A,REYNOLD4 13857 A (LN/NIPS/NIPS),WATSEKA - SHELDON SOUTH 138,02:55,-14.97,
12/28/2024,,162444.0,AMI13179_REYNOLD4_13857_A,REYNOLD4 13857 A (LN/NIPS/NIPS),WATSEKA - SHELDON SOUTH 138,03:00,-18.57,
12/28/2024,2569.0,417569.0,Stateline_WolfLake138_flo_Burnham_Munster345,7_STATE STATE17WOL13_1 1 (LN/CE/NIPS),BURNHAM-MUNSTER 345 (34504),03:00,-400.0,
12/28/2024,,162444.0,AMI13179_REYNOLD4_13857_A,REYNOLD4 13857 A (LN/NIPS/NIPS),WATSEKA - SHELDON SOUTH 138,03:05,-7.02,
12/28/2024,2569.0,417569.0,Stateline_WolfLake138_flo_Burnham_Munster345,7_STATE STATE17WOL13_1 1 (LN/CE/NIPS),BURNHAM-MUNSTER 345 (34504),03:05,-41.7,
12/28/2024,,162444.0,AMI13179_REYNOLD4_13857_A,REYNOLD4 13857 A (LN/NIPS/NIPS),WATSEKA - SHELDON SOUTH 138,03:10,-12.05,
12/28/2024,2569.0,417569.0,Stateline_WolfLake138_flo_Burnham_Munster345,7_STATE STATE17WOL13_1 1 (LN/CE/NIPS),BURNHAM-MUNSTER 345 (34504),03:10,-416.7,
12/28/2024,,162444.0,AMI13179_REYNOLD4_13857_A,REYNOLD4 13857 A (LN/NIPS/NIPS),WATSEKA - SHELDON SOUTH 138,03:15,-7.4,
12/28/2024,,162444.0,AMI13179_REYNOLD4_13857_A,REYNOLD4 13857 A (LN/NIPS/NIPS),WATSEKA - SHELDON SOUTH 138,03:20,-14.57,
12/28/2024,,162444.0,AMI13179_REYNOLD4_13857_A,REYNOLD4 13857 A (LN/NIPS/NIPS),WATSEKA - SHELDON SOUTH 138,03:25,-15.41,
12/28/2024,2569.0,417569.0,Stateline_WolfLake138_flo_Burnham_Munster345,7_STATE STATE17WOL13_1 1 (LN/CE/NIPS),BURNHAM-MUNSTER 345 (34504),03:25,-28.1,
12/28/2024,,162444.0,AMI13179_REYNOLD4_13857_A,REYNOLD4 13857 A (LN/NIPS/NIPS),WATSEKA - SHELDON SOUTH 138,03:30,-5.05,
12/28/2024,,162444.0,AMI13179_REYNOLD4_13857_A,REYNOLD4 13857 A (LN/NIPS/NIPS),WATSEKA - SHELDON SOUTH 138,03:35,-10.38,
12/28/2024,2569.0,417569.0,Stateline_WolfLake138_flo_Burnham_Munster345,7_STATE STATE17WOL13_1 1 (LN/CE/NIPS),BURNHAM-MUNSTER 345 (34504),03:35,-313.7,
12/28/2024,,162444.0,AMI13179_REYNOLD4_13857_A,REYNOLD4 13857 A (LN/NIPS/NIPS),WATSEKA - SHELDON SOUTH 138,03:40,-5.85,
12/28/2024,2569.0,417569.0,Stateline_WolfLake138_flo_Burnham_Munster345,7_STATE STATE17WOL13_1 1 (LN/CE/NIPS),BURNHAM-MUNSTER 345 (34504),03:40,-33.5,
12/28/2024,,162444.0,AMI13179_REYNOLD4_13857_A,REYNOLD4 13857 A (LN/NIPS/NIPS),WATSEKA - SHELDON SOUTH 138,03:45,-5.62,
12/28/2024,2569.0,417569.0,Stateline_WolfLake138_flo_Burnham_Munster345,7_STATE STATE17WOL13_1 1 (LN/CE/NIPS),BURNHAM-MUNSTER 345 (34504),03:45,-20.0,
12/28/2024,,162444.0,AMI13179_REYNOLD4_13857_A,REYNOLD4 13857 A (LN/NIPS/NIPS),WATSEKA - SHELDON SOUTH 138,03:50,-11.74,
12/28/2024,2569.0,417569.0,Stateline_WolfLake138_flo_Burnham_Munster345,7_STATE STATE17WOL13_1 1 (LN/CE/NIPS),BURNHAM-MUNSTER 345 (34504),03:50,-402.2,
12/28/2024,,162444.0,AMI13179_REYNOLD4_13857_A,REYNOLD4 13857 A (LN/NIPS/NIPS),WATSEKA - SHELDON SOUTH 138,03:55,-7.98,
12/28/2024,2569.0,417569.0,Stateline_WolfLake138_flo_Burnham_Munster345,7_STATE STATE17WOL13_1 1 (LN/CE/NIPS),BURNHAM-MUNSTER 345 (34504),03:55,-185.37,
12/28/2024,,162444.0,AMI13179_REYNOLD4_13857_A,REYNOLD4 13857 A (LN/NIPS/NIPS),WATSEKA - SHELDON SOUTH 138,04:00,-4.61,
12/28/2024,,162444.0,AMI13179_REYNOLD4_13857_A,REYNOLD4 13857 A (LN/NIPS/NIPS),WATSEKA - SHELDON SOUTH 138,04:05,-5.55,
12/28/2024,2569.0,417569.0,Stateline_WolfLake138_flo_Burnham_Munster345,7_STATE STATE17WOL13_1 1 (LN/CE/NIPS),BURNHAM-MUNSTER 345 (34504),04:05,-25.5,
12/28/2024,,162444.0,AMI13179_REYNOLD4_13857_A,REYNOLD4 13857 A (LN/NIPS/NIPS),WATSEKA - SHELDON SOUTH 138,04:10,-9.59,
12/28/2024,,162444.0,AMI13179_REYNOLD4_13857_A,REYNOLD4 13857 A (LN/NIPS/NIPS),WATSEKA - SHELDON SOUTH 138,04:15,-5.64,
12/28/2024,,162444.0,AMI13179_REYNOLD4_13857_A,REYNOLD4 13857 A (LN/NIPS/NIPS),WATSEKA - SHELDON SOUTH 138,04:20,-5.55,
12/28/2024,,162444.0,AMI13179_REYNOLD4_13857_A,REYNOLD4 13857 A (LN/NIPS/NIPS),WATSEKA - SHELDON SOUTH 138,04:25,-6.07,
12/28/2024,2569.0,417569.0,Stateline_WolfLake138_flo_Burnham_Munster345,7_STATE STATE17WOL13_1 1 (LN/CE/NIPS),BURNHAM-MUNSTER 345 (34504),04:25,-25.38,
12/28/2024,,162444.0,AMI13179_REYNOLD4_13857_A,REYNOLD4 13857 A (LN/NIPS/NIPS),WATSEKA - SHELDON SOUTH 138,04:30,-5.98,
12/28/2024,2569.0,417569.0,Stateline_WolfLake138_flo_Burnham_Munster345,7_STATE STATE17WOL13_1 1 (LN/CE/NIPS),BURNHAM-MUNSTER 345 (34504),04:30,-22.2,
12/28/2024,,162444.0,AMI13179_REYNOLD4_13857_A,REYNOLD4 13857 A (LN/NIPS/NIPS),WATSEKA - SHELDON SOUTH 138,04:35,-6.49,
12/28/2024,30825.0,229670.0,Batesvil_Batesvil_115kV_FLO_Batesvil_LS_Power_23,BATSV5 BATSV5_BATSV73 A (LN/EMBA/TVA),BATESVILLE-L S POWER 230,04:35,-0.2,
12/28/2024,2569.0,417569.0,Stateline_WolfLake138_flo_Burnham_Munster345,7_STATE STATE17WOL13_1 1 (LN/CE/NIPS),BURNHAM-MUNSTER 345 (34504),04:35,-40.9,
12/28/2024,,162444.0,AMI13179_REYNOLD4_13857_A,REYNOLD4 13857 A (LN/NIPS/NIPS),WATSEKA - SHELDON SOUTH 138,04:40,-12.74,
12/28/2024,2569.0,417569.0,Stateline_WolfLake138_flo_Burnham_Munster345,7_STATE STATE17WOL13_1 1 (LN/CE/NIPS),BURNHAM-MUNSTER 345 (34504),04:40,-411.9,
12/28/2024,,162444.0,AMI13179_REYNOLD4_13857_A,REYNOLD4 13857 A (LN/NIPS/NIPS),WATSEKA - SHELDON SOUTH 138,04:45,-11.33,
12/28/2024,,162444.0,AMI13179_REYNOLD4_13857_A,REYNOLD4 13857 A (LN/NIPS/NIPS),WATSEKA - SHELDON SOUTH 138,04:50,-15.4,
12/28/2024,,162444.0,AMI13179_REYNOLD4_13857_A,REYNOLD4 13857 A (LN/NIPS/NIPS),WATSEKA - SHELDON SOUTH 138,04:55,-5.91,
12/28/2024,,162444.0,AMI13179_REYNOLD4_13857_A,REYNOLD4 13857 A (LN/NIPS/NIPS),WATSEKA - SHELDON SOUTH 138,05:00,-5.99,
12/28/2024,,162444.0,AMI13179_REYNOLD4_13857_A,REYNOLD4 13857 A (LN/NIPS/NIPS),WATSEKA - SHELDON SOUTH 138,05:05,-5.79,
12/28/2024,,162444.0,AMI13179_REYNOLD4_13857_A,REYNOLD4 13857 A (LN/NIPS/NIPS),WATSEKA - SHELDON SOUTH 138,05:10,-5.91,
12/28/2024,,162444.0,AMI13179_REYNOLD4_13857_A,REYNOLD4 13857 A (LN/NIPS/NIPS),WATSEKA - SHELDON SOUTH 138,05:15,-6.34,
12/28/2024,30825.0,229670.0,Batesvil_Batesvil_115kV_FLO_Batesvil_LS_Power_23,BATSV5 BATSV5_BATSV73 A (LN/EMBA/TVA),BATESVILLE-L S POWER 230,05:15,-0.66,
12/28/2024,,162444.0,AMI13179_REYNOLD4_13857_A,REYNOLD4 13857 A (LN/NIPS/NIPS),WATSEKA - SHELDON SOUTH 138,05:20,-6.61,
12/28/2024,30825.0,229670.0,Batesvil_Batesvil_115kV_FLO_Batesvil_LS_Power_23,BATSV5 BATSV5_BATSV73 A (LN/EMBA/TVA),BATESVILLE-L S POWER 230,05:20,-0.73,
12/28/2024,,162444.0,AMI13179_REYNOLD4_13857_A,REYNOLD4 13857 A (LN/NIPS/NIPS),WATSEKA - SHELDON SOUTH 138,05:25,-7.17,
12/28/2024,30825.0,229670.0,Batesvil_Batesvil_115kV_FLO_Batesvil_LS_Power_23,BATSV5 BATSV5_BATSV73 A (LN/EMBA/TVA),BATESVILLE-L S POWER 230,05:25,-1.58,
12/28/2024,,162444.0,AMI13179_REYNOLD4_13857_A,REYNOLD4 13857 A (LN/NIPS/NIPS),WATSEKA - SHELDON SOUTH 138,05:30,-8.43,
12/28/2024,30825.0,229670.0,Batesvil_Batesvil_115kV_FLO_Batesvil_LS_Power_23,BATSV5 BATSV5_BATSV73 A (LN/EMBA/TVA),BATESVILLE-L S POWER 230,05:30,-0.83,
12/28/2024,,162444.0,AMI13179_REYNOLD4_13857_A,REYNOLD4 13857 A (LN/NIPS/NIPS),WATSEKA - SHELDON SOUTH 138,05:35,-8.59,
12/28/2024,30825.0,229670.0,Batesvil_Batesvil_115kV_FLO_Batesvil_LS_Power_23,BATSV5 BATSV5_BATSV73 A (LN/EMBA/TVA),BATESVILLE-L S POWER 230,05:35,-2.23,
12/28/2024,,162444.0,AMI13179_REYNOLD4_13857_A,REYNOLD4 13857 A (LN/NIPS/NIPS),WATSEKA - SHELDON SOUTH 138,05:40,-8.65,
12/28/2024,30825.0,229670.0,Batesvil_Batesvil_115kV_FLO_Batesvil_LS_Power_23,BATSV5 BATSV5_BATSV73 A (LN/EMBA/TVA),BATESVILLE-L S POWER 230,05:40,-1.98,
12/28/2024,2569.0,417569.0,Stateline_WolfLake138_flo_Burnham_Munster345,7_STATE STATE17WOL13_1 1 (LN/CE/NIPS),BURNHAM-MUNSTER 345 (34504),05:40,-57.1,
12/28/2024,,162444.0,AMI13179_REYNOLD4_13857_A,REYNOLD4 13857 A (LN/NIPS/NIPS),WATSEKA - SHELDON SOUTH 138,05:45,-7.69,
12/28/2024,30825.0,229670.0,Batesvil_Batesvil_115kV_FLO_Batesvil_LS_Power_23,BATSV5 BATSV5_BATSV73 A (LN/EMBA/TVA),BATESVILLE-L S POWER 230,05:45,-1.81,
12/28/2024,,162444.0,AMI13179_REYNOLD4_13857_A,REYNOLD4 13857 A (LN/NIPS/NIPS),WATSEKA - SHELDON SOUTH 138,05:50,-7.55,
12/28/2024,30825.0,229670.0,Batesvil_Batesvil_115kV_FLO_Batesvil_LS_Power_23,BATSV5 BATSV5_BATSV73 A (LN/EMBA/TVA),BATESVILLE-L S POWER 230,05:50,-1.33,
12/28/2024,,162444.0,AMI13179_REYNOLD4_13857_A,REYNOLD4 13857 A (LN/NIPS/NIPS),WATSEKA - SHELDON SOUTH 138,05:55,-7.38,
12/28/2024,30825.0,229670.0,Batesvil_Batesvil_115kV_FLO_Batesvil_LS_Power_23,BATSV5 BATSV5_BATSV73 A (LN/EMBA/TVA),BATESVILLE-L S POWER 230,05:55,-1.5,
12/28/2024,30825.0,229670.0,Batesvil_Batesvil_115kV_FLO_Batesvil_LS_Power_23,BATSV5 BATSV5_BATSV73 A (LN/EMBA/TVA),BATESVILLE-L S POWER 230,06:00,-1.9,
12/28/2024,30825.0,229670.0,Batesvil_Batesvil_115kV_FLO_Batesvil_LS_Power_23,BATSV5 BATSV5_BATSV73 A (LN/EMBA/TVA),BATESVILLE-L S POWER 230,06:05,-1.63,
12/28/2024,30825.0,229670.0,Batesvil_Batesvil_115kV_FLO_Batesvil_LS_Power_23,BATSV5 BATSV5_BATSV73 A (LN/EMBA/TVA),BATESVILLE-L S POWER 230,06:10,-1.75,
12/28/2024,30825.0,229670.0,Batesvil_Batesvil_115kV_FLO_Batesvil_LS_Power_23,BATSV5 BATSV5_BATSV73 A (LN/EMBA/TVA),BATESVILLE-L S POWER 230,06:15,-2.54,
12/28/2024,30825.0,229670.0,Batesvil_Batesvil_115kV_FLO_Batesvil_LS_Power_23,BATSV5 BATSV5_BATSV73 A (LN/EMBA/TVA),BATESVILLE-L S POWER 230,06:20,-2.13,
12/28/2024,30825.0,229670.0,Batesvil_Batesvil_115kV_FLO_Batesvil_LS_Power_23,BATSV5 BATSV5_BATSV73 A (LN/EMBA/TVA),BATESVILLE-L S POWER 230,06:25,-3.23,
12/28/2024,30825.0,229670.0,Batesvil_Batesvil_115kV_FLO_Batesvil_LS_Power_23,BATSV5 BATSV5_BATSV73 A (LN/EMBA/TVA),BATESVILLE-L S POWER 230,06:30,-2.4,
12/28/2024,30825.0,229670.0,Batesvil_Batesvil_115kV_FLO_Batesvil_LS_Power_23,BATSV5 BATSV5_BATSV73 A (LN/EMBA/TVA),BATESVILLE-L S POWER 230,06:35,-2.14,
12/28/2024,,162444.0,AMI13179_REYNOLD4_13857_A,REYNOLD4 13857 A (LN/NIPS/NIPS),WATSEKA - SHELDON SOUTH 138,06:40,-7.39,
12/28/2024,30825.0,229670.0,Batesvil_Batesvil_115kV_FLO_Batesvil_LS_Power_23,BATSV5 BATSV5_BATSV73 A (LN/EMBA/TVA),BATESVILLE-L S POWER 230,06:40,-2.73,
12/28/2024,,162444.0,AMI13179_REYNOLD4_13857_A,REYNOLD4 13857 A (LN/NIPS/NIPS),WATSEKA - SHELDON SOUTH 138,06:45,-7.67,
12/28/2024,30825.0,229670.0,Batesvil_Batesvil_115kV_FLO_Batesvil_LS_Power_23,BATSV5 BATSV5_BATSV73 A (LN/EMBA/TVA),BATESVILLE-L S POWER 230,06:45,-3.21,
12/28/2024,,162444.0,AMI13179_REYNOLD4_13857_A,REYNOLD4 13857 A (LN/NIPS/NIPS),WATSEKA - SHELDON SOUTH 138,06:50,-7.54,
12/28/2024,30825.0,229670.0,Batesvil_Batesvil_115kV_FLO_Batesvil_LS_Power_23,BATSV5 BATSV5_BATSV73 A (LN/EMBA/TVA),BATESVILLE-L S POWER 230,06:50,-2.7,
12/28/2024,,162444.0,AMI13179_REYNOLD4_13857_A,REYNOLD4 13857 A (LN/NIPS/NIPS),WATSEKA - SHELDON SOUTH 138,06:55,-17.43,
12/28/2024,30825.0,229670.0,Batesvil_Batesvil_115kV_FLO_Batesvil_LS_Power_23,BATSV5 BATSV5_BATSV73 A (LN/EMBA/TVA),BATESVILLE-L S POWER 230,06:55,-2.7,
12/28/2024,,162444.0,AMI13179_REYNOLD4_13857_A,REYNOLD4 13857 A (LN/NIPS/NIPS),WATSEKA - SHELDON SOUTH 138,07:00,-17.42,
12/28/2024,30825.0,229670.0,Batesvil_Batesvil_115kV_FLO_Batesvil_LS_Power_23,BATSV5 BATSV5_BATSV73 A (LN/EMBA/TVA),BATESVILLE-L S POWER 230,07:00,-2.18,
12/28/2024,,162444.0,AMI13179_REYNOLD4_13857_A,REYNOLD4 13857 A (LN/NIPS/NIPS),WATSEKA - SHELDON SOUTH 138,07:05,-17.88,
12/28/2024,30825.0,229670.0,Batesvil_Batesvil_115kV_FLO_Batesvil_LS_Power_23,BATSV5 BATSV5_BATSV73 A (LN/EMBA/TVA),BATESVILLE-L S POWER 230,07:05,-2.6,
12/28/2024,,162444.0,AMI13179_REYNOLD4_13857_A,REYNOLD4 13857 A (LN/NIPS/NIPS),WATSEKA - SHELDON SOUTH 138,07:10,-10.65,
12/28/2024,30825.0,229670.0,Batesvil_Batesvil_115kV_FLO_Batesvil_LS_Power_23,BATSV5 BATSV5_BATSV73 A (LN/EMBA/TVA),BATESVILLE-L S POWER 230,07:10,-6.65,
12/28/2024,,162444.0,AMI13179_REYNOLD4_13857_A,REYNOLD4 13857 A (LN/NIPS/NIPS),WATSEKA - SHELDON SOUTH 138,07:15,-8.48,
12/28/2024,30825.0,229670.0,Batesvil_Batesvil_115kV_FLO_Batesvil_LS_Power_23,BATSV5 BATSV5_BATSV73 A (LN/EMBA/TVA),BATESVILLE-L S POWER 230,07:15,-2.85,
12/28/2024,,162444.0,AMI13179_REYNOLD4_13857_A,REYNOLD4 13857 A (LN/NIPS/NIPS),WATSEKA - SHELDON SOUTH 138,07:20,-10.77,
12/28/2024,30825.0,229670.0,Batesvil_Batesvil_115kV_FLO_Batesvil_LS_Power_23,BATSV5 BATSV5_BATSV73 A (LN/EMBA/TVA),BATESVILLE-L S POWER 230,07:20,-7.07,
12/28/2024,,162444.0,AMI13179_REYNOLD4_13857_A,REYNOLD4 13857 A (LN/NIPS/NIPS),WATSEKA - SHELDON SOUTH 138,07:25,-10.57,
12/28/2024,30825.0,229670.0,Batesvil_Batesvil_115kV_FLO_Batesvil_LS_Power_23,BATSV5 BATSV5_BATSV73 A (LN/EMBA/TVA),BATESVILLE-L S POWER 230,07:25,-6.61,
12/28/2024,,162444.0,AMI13179_REYNOLD4_13857_A,REYNOLD4 13857 A (LN/NIPS/NIPS),WATSEKA - SHELDON SOUTH 138,07:30,-10.81,
12/28/2024,30825.0,229670.0,Batesvil_Batesvil_115kV_FLO_Batesvil_LS_Power_23,BATSV5 BATSV5_BATSV73 A (LN/EMBA/TVA),BATESVILLE-L S POWER 230,07:30,-7.16,
12/28/2024,,162444.0,AMI13179_REYNOLD4_13857_A,REYNOLD4 13857 A (LN/NIPS/NIPS),WATSEKA - SHELDON SOUTH 138,07:35,-10.48,
12/28/2024,30825.0,229670.0,Batesvil_Batesvil_115kV_FLO_Batesvil_LS_Power_23,BATSV5 BATSV5_BATSV73 A (LN/EMBA/TVA),BATESVILLE-L S POWER 230,07:35,-6.81,
12/28/2024,,162444.0,AMI13179_REYNOLD4_13857_A,REYNOLD4 13857 A (LN/NIPS/NIPS),WATSEKA - SHELDON SOUTH 138,07:40,-11.07,
12/28/2024,30825.0,229670.0,Batesvil_Batesvil_115kV_FLO_Batesvil_LS_Power_23,BATSV5 BATSV5_BATSV73 A (LN/EMBA/TVA),BATESVILLE-L S POWER 230,07:40,-8.14,
12/28/2024,,162444.0,AMI13179_REYNOLD4_13857_A,REYNOLD4 13857 A (LN/NIPS/NIPS),WATSEKA - SHELDON SOUTH 138,07:45,-10.3,
12/28/2024,30825.0,229670.0,Batesvil_Batesvil_115kV_FLO_Batesvil_LS_Power_23,BATSV5 BATSV5_BATSV73 A (LN/EMBA/TVA),BATESVILLE-L S POWER 230,07:45,-6.65,
12/28/2024,,162444.0,AMI13179_REYNOLD4_13857_A,REYNOLD4 13857 A (LN/NIPS/NIPS),WATSEKA - SHELDON SOUTH 138,07:50,-8.06,
12/28/2024,30825.0,229670.0,Batesvil_Batesvil_115kV_FLO_Batesvil_LS_Power_23,BATSV5 BATSV5_BATSV73 A (LN/EMBA/TVA),BATESVILLE-L S POWER 230,07:50,-2.22,
12/28/2024,30825.0,229670.0,Batesvil_Batesvil_115kV_FLO_Batesvil_LS_Power_23,BATSV5 BATSV5_BATSV73 A (LN/EMBA/TVA),BATESVILLE-L S POWER 230,07:55,-4.17,
12/28/2024,30825.0,229670.0,Batesvil_Batesvil_115kV_FLO_Batesvil_LS_Power_23,BATSV5 BATSV5_BATSV73 A (LN/EMBA/TVA),BATESVILLE-L S POWER 230,08:00,-4.5200000000000005,
12/28/2024,30825.0,229670.0,Batesvil_Batesvil_115kV_FLO_Batesvil_LS_Power_23,BATSV5 BATSV5_BATSV73 A (LN/EMBA/TVA),BATESVILLE-L S POWER 230,08:05,-4.68,
12/28/2024,,162444.0,AMI13179_REYNOLD4_13857_A,REYNOLD4 13857 A (LN/NIPS/NIPS),WATSEKA - SHELDON SOUTH 138,08:10,-7.81,
12/28/2024,30825.0,229670.0,Batesvil_Batesvil_115kV_FLO_Batesvil_LS_Power_23,BATSV5 BATSV5_BATSV73 A (LN/EMBA/TVA),BATESVILLE-L S POWER 230,08:10,-2.73,
12/28/2024,,162444.0,AMI13179_REYNOLD4_13857_A,REYNOLD4 13857 A (LN/NIPS/NIPS),WATSEKA - SHELDON SOUTH 138,08:15,-8.700000000000001,
12/28/2024,30825.0,229670.0,Batesvil_Batesvil_115kV_FLO_Batesvil_LS_Power_23,BATSV5 BATSV5_BATSV73 A (LN/EMBA/TVA),BATESVILLE-L S POWER 230,08:15,-4.41,
12/28/2024,30825.0,229670.0,Batesvil_Batesvil_115kV_FLO_Batesvil_LS_Power_23,BATSV5 BATSV5_BATSV73 A (LN/EMBA/TVA),BATESVILLE-L S POWER 230,08:20,-5.79,
12/28/2024,30825.0,229670.0,Batesvil_Batesvil_115kV_FLO_Batesvil_LS_Power_23,BATSV5 BATSV5_BATSV73 A (LN/EMBA/TVA),BATESVILLE-L S POWER 230,08:25,-6.93,
12/28/2024,30825.0,229670.0,Batesvil_Batesvil_115kV_FLO_Batesvil_LS_Power_23,BATSV5 BATSV5_BATSV73 A (LN/EMBA/TVA),BATESVILLE-L S POWER 230,08:30,-6.71,
12/28/2024,30825.0,229670.0,Batesvil_Batesvil_115kV_FLO_Batesvil_LS_Power_23,BATSV5 BATSV5_BATSV73 A (LN/EMBA/TVA),BATESVILLE-L S POWER 230,08:35,-5.37,
12/28/2024,30825.0,229670.0,Batesvil_Batesvil_115kV_FLO_Batesvil_LS_Power_23,BATSV5 BATSV5_BATSV73 A (LN/EMBA/TVA),BATESVILLE-L S POWER 230,08:40,-5.86,
12/28/2024,30825.0,229670.0,Batesvil_Batesvil_115kV_FLO_Batesvil_LS_Power_23,BATSV5 BATSV5_BATSV73 A (LN/EMBA/TVA),BATESVILLE-L S POWER 230,08:45,-6.4,
12/28/2024,30825.0,229670.0,Batesvil_Batesvil_115kV_FLO_Batesvil_LS_Power_23,BATSV5 BATSV5_BATSV73 A (LN/EMBA/TVA),BATESVILLE-L S POWER 230,08:50,-6.8,
12/28/2024,30825.0,229670.0,Batesvil_Batesvil_115kV_FLO_Batesvil_LS_Power_23,BATSV5 BATSV5_BATSV73 A (LN/EMBA/TVA),BATESVILLE-L S POWER 230,08:55,-6.49,
12/28/2024,30825.0,229670.0,Batesvil_Batesvil_115kV_FLO_Batesvil_LS_Power_23,BATSV5 BATSV5_BATSV73 A (LN/EMBA/TVA),BATESVILLE-L S POWER 230,09:00,-4.44,
12/28/2024,30825.0,229670.0,Batesvil_Batesvil_115kV_FLO_Batesvil_LS_Power_23,BATSV5 BATSV5_BATSV73 A (LN/EMBA/TVA),BATESVILLE-L S POWER 230,09:05,-3.9,
12/28/2024,30825.0,229670.0,Batesvil_Batesvil_115kV_FLO_Batesvil_LS_Power_23,BATSV5 BATSV5_BATSV73 A (LN/EMBA/TVA),BATESVILLE-L S POWER 230,09:10,-5.29,
12/28/2024,30825.0,229670.0,Batesvil_Batesvil_115kV_FLO_Batesvil_LS_Power_23,BATSV5 BATSV5_BATSV73 A (LN/EMBA/TVA),BATESVILLE-L S POWER 230,09:15,-5.53,
12/28/2024,30825.0,229670.0,Batesvil_Batesvil_115kV_FLO_Batesvil_LS_Power_23,BATSV5 BATSV5_BATSV73 A (LN/EMBA/TVA),BATESVILLE-L S POWER 230,09:20,-5.44,
12/28/2024,30825.0,229670.0,Batesvil_Batesvil_115kV_FLO_Batesvil_LS_Power_23,BATSV5 BATSV5_BATSV73 A (LN/EMBA/TVA),BATESVILLE-L S POWER 230,09:25,-4.71,
12/28/2024,29254.0,438951.0,TMP781_Pittsburg_Semino_345_kV_FTLO_Canadian_Riv,SEMINOLE SEMINOLE A (LN/OKGE/CSWS),PITTSBURG-CANADIAN RIVER 345,09:25,-1.65,
12/28/2024,30825.0,229670.0,Batesvil_Batesvil_115kV_FLO_Batesvil_LS_Power_23,BATSV5 BATSV5_BATSV73 A (LN/EMBA/TVA),BATESVILLE-L S POWER 230,09:30,-6.52,
12/28/2024,29254.0,438951.0,TMP781_Pittsburg_Semino_345_kV_FTLO_Canadian_Riv,SEMINOLE SEMINOLE A (LN/OKGE/CSWS),PITTSBURG-CANADIAN RIVER 345,09:30,-2.46,
12/28/2024,30825.0,229670.0,Batesvil_Batesvil_115kV_FLO_Batesvil_LS_Power_23,BATSV5 BATSV5_BATSV73 A (LN/EMBA/TVA),BATESVILLE-L S POWER 230,09:35,-6.21,
12/28/2024,29254.0,438951.0,TMP781_Pittsburg_Semino_345_kV_FTLO_Canadian_Riv,SEMINOLE SEMINOLE A (LN/OKGE/CSWS),PITTSBURG-CANADIAN RIVER 345,09:35,-3.29,
12/28/2024,30825.0,229670.0,Batesvil_Batesvil_115kV_FLO_Batesvil_LS_Power_23,BATSV5 BATSV5_BATSV73 A (LN/EMBA/TVA),BATESVILLE-L S POWER 230,09:40,-6.43,
12/28/2024,29254.0,438951.0,TMP781_Pittsburg_Semino_345_kV_FTLO_Canadian_Riv,SEMINOLE SEMINOLE A (LN/OKGE/CSWS),PITTSBURG-CANADIAN RIVER 345,09:40,-3.3,
12/28/2024,30825.0,229670.0,Batesvil_Batesvil_115kV_FLO_Batesvil_LS_Power_23,BATSV5 BATSV5_BATSV73 A (LN/EMBA/TVA),BATESVILLE-L S POWER 230,09:45,-5.78,
12/28/2024,29254.0,438951.0,TMP781_Pittsburg_Semino_345_kV_FTLO_Canadian_Riv,SEMINOLE SEMINOLE A (LN/OKGE/CSWS),PITTSBURG-CANADIAN RIVER 345,09:45,-2.7,
12/28/2024,30825.0,229670.0,Batesvil_Batesvil_115kV_FLO_Batesvil_LS_Power_23,BATSV5 BATSV5_BATSV73 A (LN/EMBA/TVA),BATESVILLE-L S POWER 230,09:50,-5.61,
12/28/2024,29254.0,438951.0,TMP781_Pittsburg_Semino_345_kV_FTLO_Canadian_Riv,SEMINOLE SEMINOLE A (LN/OKGE/CSWS),PITTSBURG-CANADIAN RIVER 345,09:50,-2.2600000000000002,
12/28/2024,30825.0,229670.0,Batesvil_Batesvil_115kV_FLO_Batesvil_LS_Power_23,BATSV5 BATSV5_BATSV73 A (LN/EMBA/TVA),BATESVILLE-L S POWER 230,09:55,-6.29,
12/28/2024,29254.0,438951.0,TMP781_Pittsburg_Semino_345_kV_FTLO_Canadian_Riv,SEMINOLE SEMINOLE A (LN/OKGE/CSWS),PITTSBURG-CANADIAN RIVER 345,09:55,-0.3,
12/28/2024,30825.0,229670.0,Batesvil_Batesvil_115kV_FLO_Batesvil_LS_Power_23,BATSV5 BATSV5_BATSV73 A (LN/EMBA/TVA),BATESVILLE-L S POWER 230,10:00,-6.39,
12/28/2024,29254.0,438951.0,TMP781_Pittsburg_Semino_345_kV_FTLO_Canadian_Riv,SEMINOLE SEMINOLE A (LN/OKGE/CSWS),PITTSBURG-CANADIAN RIVER 345,10:00,-0.2,
12/28/2024,30825.0,229670.0,Batesvil_Batesvil_115kV_FLO_Batesvil_LS_Power_23,BATSV5 BATSV5_BATSV73 A (LN/EMBA/TVA),BATESVILLE-L S POWER 230,10:05,-6.34,
12/28/2024,29254.0,438951.0,TMP781_Pittsburg_Semino_345_kV_FTLO_Canadian_Riv,SEMINOLE SEMINOLE A (LN/OKGE/CSWS),PITTSBURG-CANADIAN RIVER 345,10:05,-0.8,
12/28/2024,30825.0,229670.0,Batesvil_Batesvil_115kV_FLO_Batesvil_LS_Power_23,BATSV5 BATSV5_BATSV73 A (LN/EMBA/TVA),BATESVILLE-L S POWER 230,10:10,-6.42,
12/28/2024,29254.0,438951.0,TMP781_Pittsburg_Semino_345_kV_FTLO_Canadian_Riv,SEMINOLE SEMINOLE A (LN/OKGE/CSWS),PITTSBURG-CANADIAN RIVER 345,10:10,-1.2,
12/28/2024,30825.0,229670.0,Batesvil_Batesvil_115kV_FLO_Batesvil_LS_Power_23,BATSV5 BATSV5_BATSV73 A (LN/EMBA/TVA),BATESVILLE-L S POWER 230,10:15,-6.7,
12/28/2024,29254.0,438951.0,TMP781_Pittsburg_Semino_345_kV_FTLO_Canadian_Riv,SEMINOLE SEMINOLE A (LN/OKGE/CSWS),PITTSBURG-CANADIAN RIVER 345,10:15,-1.5,
12/28/2024,30825.0,229670.0,Batesvil_Batesvil_115kV_FLO_Batesvil_LS_Power_23,BATSV5 BATSV5_BATSV73 A (LN/EMBA/TVA),BATESVILLE-L S POWER 230,10:20,-5.86,
12/28/2024,29254.0,438951.0,TMP781_Pittsburg_Semino_345_kV_FTLO_Canadian_Riv,SEMINOLE SEMINOLE A (LN/OKGE/CSWS),PITTSBURG-CANADIAN RIVER 345,10:20,-1.89,
12/28/2024,30825.0,229670.0,Batesvil_Batesvil_115kV_FLO_Batesvil_LS_Power_23,BATSV5 BATSV5_BATSV73 A (LN/EMBA/TVA),BATESVILLE-L S POWER 230,10:25,-6.7,
12/28/2024,29254.0,438951.0,TMP781_Pittsburg_Semino_345_kV_FTLO_Canadian_Riv,SEMINOLE SEMINOLE A (LN/OKGE/CSWS),PITTSBURG-CANADIAN RIVER 345,10:25,-1.87,
12/28/2024,30825.0,229670.0,Batesvil_Batesvil_115kV_FLO_Batesvil_LS_Power_23,BATSV5 BATSV5_BATSV73 A (LN/EMBA/TVA),BATESVILLE-L S POWER 230,10:30,-6.35,
12/28/2024,29254.0,438951.0,TMP781_Pittsburg_Semino_345_kV_FTLO_Canadian_Riv,SEMINOLE SEMINOLE A (LN/OKGE/CSWS),PITTSBURG-CANADIAN RIVER 345,10:30,-1.98,
12/28/2024,30825.0,229670.0,Batesvil_Batesvil_115kV_FLO_Batesvil_LS_Power_23,BATSV5 BATSV5_BATSV73 A (LN/EMBA/TVA),BATESVILLE-L S POWER 230,10:35,-6.7,
12/28/2024,29254.0,438951.0,TMP781_Pittsburg_Semino_345_kV_FTLO_Canadian_Riv,SEMINOLE SEMINOLE A (LN/OKGE/CSWS),PITTSBURG-CANADIAN RIVER 345,10:35,-1.98,
12/28/2024,30825.0,229670.0,Batesvil_Batesvil_115kV_FLO_Batesvil_LS_Power_23,BATSV5 BATSV5_BATSV73 A (LN/EMBA/TVA),BATESVILLE-L S POWER 230,10:40,-6.92,
12/28/2024,29254.0,438951.0,TMP781_Pittsburg_Semino_345_kV_FTLO_Canadian_Riv,SEMINOLE SEMINOLE A (LN/OKGE/CSWS),PITTSBURG-CANADIAN RIVER 345,10:40,-1.9,
12/28/2024,30825.0,229670.0,Batesvil_Batesvil_115kV_FLO_Batesvil_LS_Power_23,BATSV5 BATSV5_BATSV73 A (LN/EMBA/TVA),BATESVILLE-L S POWER 230,10:45,-6.86,
12/28/2024,29254.0,438951.0,TMP781_Pittsburg_Semino_345_kV_FTLO_Canadian_Riv,SEMINOLE SEMINOLE A (LN/OKGE/CSWS),PITTSBURG-CANADIAN RIVER 345,10:45,-2.2800000000000002,
12/28/2024,30825.0,229670.0,Batesvil_Batesvil_115kV_FLO_Batesvil_LS_Power_23,BATSV5 BATSV5_BATSV73 A (LN/EMBA/TVA),BATESVILLE-L S POWER 230,10:50,-6.48,
12/28/2024,29254.0,438951.0,TMP781_Pittsburg_Semino_345_kV_FTLO_Canadian_Riv,SEMINOLE SEMINOLE A (LN/OKGE/CSWS),PITTSBURG-CANADIAN RIVER 345,10:50,-6.55,
12/28/2024,30825.0,229670.0,Batesvil_Batesvil_115kV_FLO_Batesvil_LS_Power_23,BATSV5 BATSV5_BATSV73 A (LN/EMBA/TVA),BATESVILLE-L S POWER 230,10:55,-6.98,
12/28/2024,29254.0,438951.0,TMP781_Pittsburg_Semino_345_kV_FTLO_Canadian_Riv,SEMINOLE SEMINOLE A (LN/OKGE/CSWS),PITTSBURG-CANADIAN RIVER 345,10:55,-2.9,
12/28/2024,30825.0,229670.0,Batesvil_Batesvil_115kV_FLO_Batesvil_LS_Power_23,BATSV5 BATSV5_BATSV73 A (LN/EMBA/TVA),BATESVILLE-L S POWER 230,11:00,-6.93,
12/28/2024,29254.0,438951.0,TMP781_Pittsburg_Semino_345_kV_FTLO_Canadian_Riv,SEMINOLE SEMINOLE A (LN/OKGE/CSWS),PITTSBURG-CANADIAN RIVER 345,11:00,-2.9,
12/28/2024,30825.0,229670.0,Batesvil_Batesvil_115kV_FLO_Batesvil_LS_Power_23,BATSV5 BATSV5_BATSV73 A (LN/EMBA/TVA),BATESVILLE-L S POWER 230,11:05,-7.29,
12/28/2024,29254.0,438951.0,TMP781_Pittsburg_Semino_345_kV_FTLO_Canadian_Riv,SEMINOLE SEMINOLE A (LN/OKGE/CSWS),PITTSBURG-CANADIAN RIVER 345,11:05,-1.8,
12/28/2024,30825.0,229670.0,Batesvil_Batesvil_115kV_FLO_Batesvil_LS_Power_23,BATSV5 BATSV5_BATSV73 A (LN/EMBA/TVA),BATESVILLE-L S POWER 230,11:10,-7.05,
12/28/2024,29254.0,438951.0,TMP781_Pittsburg_Semino_345_kV_FTLO_Canadian_Riv,SEMINOLE SEMINOLE A (LN/OKGE/CSWS),PITTSBURG-CANADIAN RIVER 345,11:10,-1.8,
12/28/2024,30825.0,229670.0,Batesvil_Batesvil_115kV_FLO_Batesvil_LS_Power_23,BATSV5 BATSV5_BATSV73 A (LN/EMBA/TVA),BATESVILLE-L S POWER 230,11:15,-7.32,
12/28/2024,29254.0,438951.0,TMP781_Pittsburg_Semino_345_kV_FTLO_Canadian_Riv,SEMINOLE SEMINOLE A (LN/OKGE/CSWS),PITTSBURG-CANADIAN RIVER 345,11:15,-1.18,
12/28/2024,30825.0,229670.0,Batesvil_Batesvil_115kV_FLO_Batesvil_LS_Power_23,BATSV5 BATSV5_BATSV73 A (LN/EMBA/TVA),BATESVILLE-L S POWER 230,11:20,-7.31,
12/28/2024,29254.0,438951.0,TMP781_Pittsburg_Semino_345_kV_FTLO_Canadian_Riv,SEMINOLE SEMINOLE A (LN/OKGE/CSWS),PITTSBURG-CANADIAN RIVER 345,11:20,-1.18,
12/28/2024,30825.0,229670.0,Batesvil_Batesvil_115kV_FLO_Batesvil_LS_Power_23,BATSV5 BATSV5_BATSV73 A (LN/EMBA/TVA),BATESVILLE-L S POWER 230,11:25,-7.36,
12/28/2024,29254.0,438951.0,TMP781_Pittsburg_Semino_345_kV_FTLO_Canadian_Riv,SEMINOLE SEMINOLE A (LN/OKGE/CSWS),PITTSBURG-CANADIAN RIVER 345,11:25,-1.58,
12/28/2024,30825.0,229670.0,Batesvil_Batesvil_115kV_FLO_Batesvil_LS_Power_23,BATSV5 BATSV5_BATSV73 A (LN/EMBA/TVA),BATESVILLE-L S POWER 230,11:30,-10.65,
12/28/2024,29254.0,438951.0,TMP781_Pittsburg_Semino_345_kV_FTLO_Canadian_Riv,SEMINOLE SEMINOLE A (LN/OKGE/CSWS),PITTSBURG-CANADIAN RIVER 345,11:30,-1.56,
12/28/2024,30825.0,229670.0,Batesvil_Batesvil_115kV_FLO_Batesvil_LS_Power_23,BATSV5 BATSV5_BATSV73 A (LN/EMBA/TVA),BATESVILLE-L S POWER 230,11:35,-11.48,
12/28/2024,29254.0,438951.0,TMP781_Pittsburg_Semino_345_kV_FTLO_Canadian_Riv,SEMINOLE SEMINOLE A (LN/OKGE/CSWS),PITTSBURG-CANADIAN RIVER 345,11:35,-1.65,
12/28/2024,30825.0,229670.0,Batesvil_Batesvil_115kV_FLO_Batesvil_LS_Power_23,BATSV5 BATSV5_BATSV73 A (LN/EMBA/TVA),BATESVILLE-L S POWER 230,11:40,-8.370000000000001,
12/28/2024,29254.0,438951.0,TMP781_Pittsburg_Semino_345_kV_FTLO_Canadian_Riv,SEMINOLE SEMINOLE A (LN/OKGE/CSWS),PITTSBURG-CANADIAN RIVER 345,11:40,-1.6,
12/28/2024,30825.0,229670.0,Batesvil_Batesvil_115kV_FLO_Batesvil_LS_Power_23,BATSV5 BATSV5_BATSV73 A (LN/EMBA/TVA),BATESVILLE-L S POWER 230,11:45,-8.14,
12/28/2024,29254.0,438951.0,TMP781_Pittsburg_Semino_345_kV_FTLO_Canadian_Riv,SEMINOLE SEMINOLE A (LN/OKGE/CSWS),PITTSBURG-CANADIAN RIVER 345,11:45,-1.69,
12/28/2024,30825.0,229670.0,Batesvil_Batesvil_115kV_FLO_Batesvil_LS_Power_23,BATSV5 BATSV5_BATSV73 A (LN/EMBA/TVA),BATESVILLE-L S POWER 230,11:50,-8.120000000000001,
12/28/2024,29254.0,438951.0,TMP781_Pittsburg_Semino_345_kV_FTLO_Canadian_Riv,SEMINOLE SEMINOLE A (LN/OKGE/CSWS),PITTSBURG-CANADIAN RIVER 345,11:50,-1.7,
12/28/2024,30825.0,229670.0,Batesvil_Batesvil_115kV_FLO_Batesvil_LS_Power_23,BATSV5 BATSV5_BATSV73 A (LN/EMBA/TVA),BATESVILLE-L S POWER 230,11:55,-8.32,
12/28/2024,29254.0,438951.0,TMP781_Pittsburg_Semino_345_kV_FTLO_Canadian_Riv,SEMINOLE SEMINOLE A (LN/OKGE/CSWS),PITTSBURG-CANADIAN RIVER 345,11:55,-1.7,
12/28/2024,30825.0,229670.0,Batesvil_Batesvil_115kV_FLO_Batesvil_LS_Power_23,BATSV5 BATSV5_BATSV73 A (LN/EMBA/TVA),BATESVILLE-L S POWER 230,12:00,-8.18,
12/28/2024,29254.0,438951.0,TMP781_Pittsburg_Semino_345_kV_FTLO_Canadian_Riv,SEMINOLE SEMINOLE A (LN/OKGE/CSWS),PITTSBURG-CANADIAN RIVER 345,12:00,-1.68,
12/28/2024,30825.0,229670.0,Batesvil_Batesvil_115kV_FLO_Batesvil_LS_Power_23,BATSV5 BATSV5_BATSV73 A (LN/EMBA/TVA),BATESVILLE-L S POWER 230,12:05,-8.17,
12/28/2024,29254.0,438951.0,TMP781_Pittsburg_Semino_345_kV_FTLO_Canadian_Riv,SEMINOLE SEMINOLE A (LN/OKGE/CSWS),PITTSBURG-CANADIAN RIVER 345,12:05,-1.8,
12/28/2024,30825.0,229670.0,Batesvil_Batesvil_115kV_FLO_Batesvil_LS_Power_23,BATSV5 BATSV5_BATSV73 A (LN/EMBA/TVA),BATESVILLE-L S POWER 230,12:10,-8.39,
12/28/2024,29254.0,438951.0,TMP781_Pittsburg_Semino_345_kV_FTLO_Canadian_Riv,SEMINOLE SEMINOLE A (LN/OKGE/CSWS),PITTSBURG-CANADIAN RIVER 345,12:10,-1.86,
12/28/2024,30825.0,229670.0,Batesvil_Batesvil_115kV_FLO_Batesvil_LS_Power_23,BATSV5 BATSV5_BATSV73 A (LN/EMBA/TVA),BATESVILLE-L S POWER 230,12:15,-8.4,
12/28/2024,29254.0,438951.0,TMP781_Pittsburg_Semino_345_kV_FTLO_Canadian_Riv,SEMINOLE SEMINOLE A (LN/OKGE/CSWS),PITTSBURG-CANADIAN RIVER 345,12:15,-1.96,
12/28/2024,30825.0,229670.0,Batesvil_Batesvil_115kV_FLO_Batesvil_LS_Power_23,BATSV5 BATSV5_BATSV73 A (LN/EMBA/TVA),BATESVILLE-L S POWER 230,12:20,-8.5,
12/28/2024,29254.0,438951.0,TMP781_Pittsburg_Semino_345_kV_FTLO_Canadian_Riv,SEMINOLE SEMINOLE A (LN/OKGE/CSWS),PITTSBURG-CANADIAN RIVER 345,12:20,-4.4,
12/28/2024,30825.0,229670.0,Batesvil_Batesvil_115kV_FLO_Batesvil_LS_Power_23,BATSV5 BATSV5_BATSV73 A (LN/EMBA/TVA),BATESVILLE-L S POWER 230,12:25,-8.38,
12/28/2024,29254.0,438951.0,TMP781_Pittsburg_Semino_345_kV_FTLO_Canadian_Riv,SEMINOLE SEMINOLE A (LN/OKGE/CSWS),PITTSBURG-CANADIAN RIVER 345,12:25,-3.29,
12/28/2024,30825.0,229670.0,Batesvil_Batesvil_115kV_FLO_Batesvil_LS_Power_23,BATSV5 BATSV5_BATSV73 A (LN/EMBA/TVA),BATESVILLE-L S POWER 230,12:30,-7.13,
12/28/2024,29254.0,438951.0,TMP781_Pittsburg_Semino_345_kV_FTLO_Canadian_Riv,SEMINOLE SEMINOLE A (LN/OKGE/CSWS),PITTSBURG-CANADIAN RIVER 345,12:30,-2.9,
12/28/2024,30825.0,229670.0,Batesvil_Batesvil_115kV_FLO_Batesvil_LS_Power_23,BATSV5 BATSV5_BATSV73 A (LN/EMBA/TVA),BATESVILLE-L S POWER 230,12:35,-7.88,
12/28/2024,29254.0,438951.0,TMP781_Pittsburg_Semino_345_kV_FTLO_Canadian_Riv,SEMINOLE SEMINOLE A (LN/OKGE/CSWS),PITTSBURG-CANADIAN RIVER 345,12:35,-2.9,
12/28/2024,30825.0,229670.0,Batesvil_Batesvil_115kV_FLO_Batesvil_LS_Power_23,BATSV5 BATSV5_BATSV73 A (LN/EMBA/TVA),BATESVILLE-L S POWER 230,12:40,-8.48,
12/28/2024,29254.0,438951.0,TMP781_Pittsburg_Semino_345_kV_FTLO_Canadian_Riv,SEMINOLE SEMINOLE A (LN/OKGE/CSWS),PITTSBURG-CANADIAN RIVER 345,12:40,-2.65,
12/28/2024,30825.0,229670.0,Batesvil_Batesvil_115kV_FLO_Batesvil_LS_Power_23,BATSV5 BATSV5_BATSV73 A (LN/EMBA/TVA),BATESVILLE-L S POWER 230,12:45,-8.11,
12/28/2024,29254.0,438951.0,TMP781_Pittsburg_Semino_345_kV_FTLO_Canadian_Riv,SEMINOLE SEMINOLE A (LN/OKGE/CSWS),PITTSBURG-CANADIAN RIVER 345,12:45,-2.8,
12/28/2024,30825.0,229670.0,Batesvil_Batesvil_115kV_FLO_Batesvil_LS_Power_23,BATSV5 BATSV5_BATSV73 A (LN/EMBA/TVA),BATESVILLE-L S POWER 230,12:50,-8.19,
12/28/2024,29254.0,438951.0,TMP781_Pittsburg_Semino_345_kV_FTLO_Canadian_Riv,SEMINOLE SEMINOLE A (LN/OKGE/CSWS),PITTSBURG-CANADIAN RIVER 345,12:50,-2.9,
12/28/2024,30825.0,229670.0,Batesvil_Batesvil_115kV_FLO_Batesvil_LS_Power_23,BATSV5 BATSV5_BATSV73 A (LN/EMBA/TVA),BATESVILLE-L S POWER 230,12:55,-8.05,
12/28/2024,29254.0,438951.0,TMP781_Pittsburg_Semino_345_kV_FTLO_Canadian_Riv,SEMINOLE SEMINOLE A (LN/OKGE/CSWS),PITTSBURG-CANADIAN RIVER 345,12:55,-2.87,
12/28/2024,30825.0,229670.0,Batesvil_Batesvil_115kV_FLO_Batesvil_LS_Power_23,BATSV5 BATSV5_BATSV73 A (LN/EMBA/TVA),BATESVILLE-L S POWER 230,13:00,-7.89,
12/28/2024,29254.0,438951.0,TMP781_Pittsburg_Semino_345_kV_FTLO_Canadian_Riv,SEMINOLE SEMINOLE A (LN/OKGE/CSWS),PITTSBURG-CANADIAN RIVER 345,13:00,-2.78,
12/28/2024,30825.0,229670.0,Batesvil_Batesvil_115kV_FLO_Batesvil_LS_Power_23,BATSV5 BATSV5_BATSV73 A (LN/EMBA/TVA),BATESVILLE-L S POWER 230,13:05,-7.88,
12/28/2024,29254.0,438951.0,TMP781_Pittsburg_Semino_345_kV_FTLO_Canadian_Riv,SEMINOLE SEMINOLE A (LN/OKGE/CSWS),PITTSBURG-CANADIAN RIVER 345,13:05,-2.27,
12/28/2024,30825.0,229670.0,Batesvil_Batesvil_115kV_FLO_Batesvil_LS_Power_23,BATSV5 BATSV5_BATSV73 A (LN/EMBA/TVA),BATESVILLE-L S POWER 230,13:10,-8.120000000000001,
12/28/2024,29254.0,438951.0,TMP781_Pittsburg_Semino_345_kV_FTLO_Canadian_Riv,SEMINOLE SEMINOLE A (LN/OKGE/CSWS),PITTSBURG-CANADIAN RIVER 345,13:10,-3.8,
12/28/2024,30825.0,229670.0,Batesvil_Batesvil_115kV_FLO_Batesvil_LS_Power_23,BATSV5 BATSV5_BATSV73 A (LN/EMBA/TVA),BATESVILLE-L S POWER 230,13:15,-7.83,
12/28/2024,29254.0,438951.0,TMP781_Pittsburg_Semino_345_kV_FTLO_Canadian_Riv,SEMINOLE SEMINOLE A (LN/OKGE/CSWS),PITTSBURG-CANADIAN RIVER 345,13:15,-2.9,
12/28/2024,30825.0,229670.0,Batesvil_Batesvil_115kV_FLO_Batesvil_LS_Power_23,BATSV5 BATSV5_BATSV73 A (LN/EMBA/TVA),BATESVILLE-L S POWER 230,13:20,-7.91,
12/28/2024,29254.0,438951.0,TMP781_Pittsburg_Semino_345_kV_FTLO_Canadian_Riv,SEMINOLE SEMINOLE A (LN/OKGE/CSWS),PITTSBURG-CANADIAN RIVER 345,13:20,-2.9,
12/28/2024,30825.0,229670.0,Batesvil_Batesvil_115kV_FLO_Batesvil_LS_Power_23,BATSV5 BATSV5_BATSV73 A (LN/EMBA/TVA),BATESVILLE-L S POWER 230,13:25,-7.05,
12/28/2024,29254.0,438951.0,TMP781_Pittsburg_Semino_345_kV_FTLO_Canadian_Riv,SEMINOLE SEMINOLE A (LN/OKGE/CSWS),PITTSBURG-CANADIAN RIVER 345,13:25,-3.3,
12/28/2024,30825.0,229670.0,Batesvil_Batesvil_115kV_FLO_Batesvil_LS_Power_23,BATSV5 BATSV5_BATSV73 A (LN/EMBA/TVA),BATESVILLE-L S POWER 230,13:30,-7.3,
12/28/2024,29254.0,438951.0,TMP781_Pittsburg_Semino_345_kV_FTLO_Canadian_Riv,SEMINOLE SEMINOLE A (LN/OKGE/CSWS),PITTSBURG-CANADIAN RIVER 345,13:30,-3.0,
12/28/2024,30825.0,229670.0,Batesvil_Batesvil_115kV_FLO_Batesvil_LS_Power_23,BATSV5 BATSV5_BATSV73 A (LN/EMBA/TVA),BATESVILLE-L S POWER 230,13:35,-7.45,
12/28/2024,29254.0,438951.0,TMP781_Pittsburg_Semino_345_kV_FTLO_Canadian_Riv,SEMINOLE SEMINOLE A (LN/OKGE/CSWS),PITTSBURG-CANADIAN RIVER 345,13:35,-2.3000000000000003,
12/28/2024,30825.0,229670.0,Batesvil_Batesvil_115kV_FLO_Batesvil_LS_Power_23,BATSV5 BATSV5_BATSV73 A (LN/EMBA/TVA),BATESVILLE-L S POWER 230,13:40,-7.43,
12/28/2024,29254.0,438951.0,TMP781_Pittsburg_Semino_345_kV_FTLO_Canadian_Riv,SEMINOLE SEMINOLE A (LN/OKGE/CSWS),PITTSBURG-CANADIAN RIVER 345,13:40,-1.3,
12/28/2024,30825.0,229670.0,Batesvil_Batesvil_115kV_FLO_Batesvil_LS_Power_23,BATSV5 BATSV5_BATSV73 A (LN/EMBA/TVA),BATESVILLE-L S POWER 230,13:45,-7.5,
12/28/2024,29254.0,438951.0,TMP781_Pittsburg_Semino_345_kV_FTLO_Canadian_Riv,SEMINOLE SEMINOLE A (LN/OKGE/CSWS),PITTSBURG-CANADIAN RIVER 345,13:45,-1.08,
12/28/2024,30825.0,229670.0,Batesvil_Batesvil_115kV_FLO_Batesvil_LS_Power_23,BATSV5 BATSV5_BATSV73 A (LN/EMBA/TVA),BATESVILLE-L S POWER 230,13:50,-7.43,
12/28/2024,29254.0,438951.0,TMP781_Pittsburg_Semino_345_kV_FTLO_Canadian_Riv,SEMINOLE SEMINOLE A (LN/OKGE/CSWS),PITTSBURG-CANADIAN RIVER 345,13:50,-0.6,
12/28/2024,30825.0,229670.0,Batesvil_Batesvil_115kV_FLO_Batesvil_LS_Power_23,BATSV5 BATSV5_BATSV73 A (LN/EMBA/TVA),BATESVILLE-L S POWER 230,13:55,-7.62,
12/28/2024,29254.0,438951.0,TMP781_Pittsburg_Semino_345_kV_FTLO_Canadian_Riv,SEMINOLE SEMINOLE A (LN/OKGE/CSWS),PITTSBURG-CANADIAN RIVER 345,13:55,-1.6,
12/28/2024,30825.0,229670.0,Batesvil_Batesvil_115kV_FLO_Batesvil_LS_Power_23,BATSV5 BATSV5_BATSV73 A (LN/EMBA/TVA),BATESVILLE-L S POWER 230,14:00,-7.06,
12/28/2024,29254.0,438951.0,TMP781_Pittsburg_Semino_345_kV_FTLO_Canadian_Riv,SEMINOLE SEMINOLE A (LN/OKGE/CSWS),PITTSBURG-CANADIAN RIVER 345,14:00,-1.2,
12/28/2024,30825.0,229670.0,Batesvil_Batesvil_115kV_FLO_Batesvil_LS_Power_23,BATSV5 BATSV5_BATSV73 A (LN/EMBA/TVA),BATESVILLE-L S POWER 230,14:05,-7.3,
12/28/2024,29254.0,438951.0,TMP781_Pittsburg_Semino_345_kV_FTLO_Canadian_Riv,SEMINOLE SEMINOLE A (LN/OKGE/CSWS),PITTSBURG-CANADIAN RIVER 345,14:05,-1.6,
12/28/2024,30825.0,229670.0,Batesvil_Batesvil_115kV_FLO_Batesvil_LS_Power_23,BATSV5 BATSV5_BATSV73 A (LN/EMBA/TVA),BATESVILLE-L S POWER 230,14:10,-7.35,
12/28/2024,29254.0,438951.0,TMP781_Pittsburg_Semino_345_kV_FTLO_Canadian_Riv,SEMINOLE SEMINOLE A (LN/OKGE/CSWS),PITTSBURG-CANADIAN RIVER 345,14:10,-1.37,
12/28/2024,30825.0,229670.0,Batesvil_Batesvil_115kV_FLO_Batesvil_LS_Power_23,BATSV5 BATSV5_BATSV73 A (LN/EMBA/TVA),BATESVILLE-L S POWER 230,14:15,-6.61,
12/28/2024,29254.0,438951.0,TMP781_Pittsburg_Semino_345_kV_FTLO_Canadian_Riv,SEMINOLE SEMINOLE A (LN/OKGE/CSWS),PITTSBURG-CANADIAN RIVER 345,14:15,-2.0,
12/28/2024,30825.0,229670.0,Batesvil_Batesvil_115kV_FLO_Batesvil_LS_Power_23,BATSV5 BATSV5_BATSV73 A (LN/EMBA/TVA),BATESVILLE-L S POWER 230,14:20,-7.35,
12/28/2024,29254.0,438951.0,TMP781_Pittsburg_Semino_345_kV_FTLO_Canadian_Riv,SEMINOLE SEMINOLE A (LN/OKGE/CSWS),PITTSBURG-CANADIAN RIVER 345,14:20,-1.6,
12/28/2024,30825.0,229670.0,Batesvil_Batesvil_115kV_FLO_Batesvil_LS_Power_23,BATSV5 BATSV5_BATSV73 A (LN/EMBA/TVA),BATESVILLE-L S POWER 230,14:25,-7.1,
12/28/2024,29254.0,438951.0,TMP781_Pittsburg_Semino_345_kV_FTLO_Canadian_Riv,SEMINOLE SEMINOLE A (LN/OKGE/CSWS),PITTSBURG-CANADIAN RIVER 345,14:25,-1.7,
12/28/2024,30825.0,229670.0,Batesvil_Batesvil_115kV_FLO_Batesvil_LS_Power_23,BATSV5 BATSV5_BATSV73 A (LN/EMBA/TVA),BATESVILLE-L S POWER 230,14:30,-7.91,
12/28/2024,29254.0,438951.0,TMP781_Pittsburg_Semino_345_kV_FTLO_Canadian_Riv,SEMINOLE SEMINOLE A (LN/OKGE/CSWS),PITTSBURG-CANADIAN RIVER 345,14:30,-1.55,
12/28/2024,30825.0,229670.0,Batesvil_Batesvil_115kV_FLO_Batesvil_LS_Power_23,BATSV5 BATSV5_BATSV73 A (LN/EMBA/TVA),BATESVILLE-L S POWER 230,14:35,-6.98,
12/28/2024,29254.0,438951.0,TMP781_Pittsburg_Semino_345_kV_FTLO_Canadian_Riv,SEMINOLE SEMINOLE A (LN/OKGE/CSWS),PITTSBURG-CANADIAN RIVER 345,14:35,-1.6,
12/28/2024,30825.0,229670.0,Batesvil_Batesvil_115kV_FLO_Batesvil_LS_Power_23,BATSV5 BATSV5_BATSV73 A (LN/EMBA/TVA),BATESVILLE-L S POWER 230,14:40,-7.44,
12/28/2024,29254.0,438951.0,TMP781_Pittsburg_Semino_345_kV_FTLO_Canadian_Riv,SEMINOLE SEMINOLE A (LN/OKGE/CSWS),PITTSBURG-CANADIAN RIVER 345,14:40,-1.67,
12/28/2024,30825.0,229670.0,Batesvil_Batesvil_115kV_FLO_Batesvil_LS_Power_23,BATSV5 BATSV5_BATSV73 A (LN/EMBA/TVA),BATESVILLE-L S POWER 230,14:45,-7.71,
12/28/2024,29254.0,438951.0,TMP781_Pittsburg_Semino_345_kV_FTLO_Canadian_Riv,SEMINOLE SEMINOLE A (LN/OKGE/CSWS),PITTSBURG-CANADIAN RIVER 345,14:45,-1.7,
12/28/2024,30825.0,229670.0,Batesvil_Batesvil_115kV_FLO_Batesvil_LS_Power_23,BATSV5 BATSV5_BATSV73 A (LN/EMBA/TVA),BATESVILLE-L S POWER 230,14:50,-7.29,
12/28/2024,29254.0,438951.0,TMP781_Pittsburg_Semino_345_kV_FTLO_Canadian_Riv,SEMINOLE SEMINOLE A (LN/OKGE/CSWS),PITTSBURG-CANADIAN RIVER 345,14:50,-1.6,
12/28/2024,30825.0,229670.0,Batesvil_Batesvil_115kV_FLO_Batesvil_LS_Power_23,BATSV5 BATSV5_BATSV73 A (LN/EMBA/TVA),BATESVILLE-L S POWER 230,14:55,-11.27,
12/28/2024,29254.0,438951.0,TMP781_Pittsburg_Semino_345_kV_FTLO_Canadian_Riv,SEMINOLE SEMINOLE A (LN/OKGE/CSWS),PITTSBURG-CANADIAN RIVER 345,14:55,-1.56,
12/28/2024,30825.0,229670.0,Batesvil_Batesvil_115kV_FLO_Batesvil_LS_Power_23,BATSV5 BATSV5_BATSV73 A (LN/EMBA/TVA),BATESVILLE-L S POWER 230,15:00,-7.69,
12/28/2024,29254.0,438951.0,TMP781_Pittsburg_Semino_345_kV_FTLO_Canadian_Riv,SEMINOLE SEMINOLE A (LN/OKGE/CSWS),PITTSBURG-CANADIAN RIVER 345,15:00,-1.56,
12/28/2024,30825.0,229670.0,Batesvil_Batesvil_115kV_FLO_Batesvil_LS_Power_23,BATSV5 BATSV5_BATSV73 A (LN/EMBA/TVA),BATESVILLE-L S POWER 230,15:05,-6.74,
12/28/2024,30825.0,229670.0,Batesvil_Batesvil_115kV_FLO_Batesvil_LS_Power_23,BATSV5 BATSV5_BATSV73 A (LN/EMBA/TVA),BATESVILLE-L S POWER 230,15:10,-7.45,
12/28/2024,29254.0,438951.0,TMP781_Pittsburg_Semino_345_kV_FTLO_Canadian_Riv,SEMINOLE SEMINOLE A (LN/OKGE/CSWS),PITTSBURG-CANADIAN RIVER 345,15:10,-1.28,
12/28/2024,30825.0,229670.0,Batesvil_Batesvil_115kV_FLO_Batesvil_LS_Power_23,BATSV5 BATSV5_BATSV73 A (LN/EMBA/TVA),BATESVILLE-L S POWER 230,15:15,-7.1,
12/28/2024,29254.0,438951.0,TMP781_Pittsburg_Semino_345_kV_FTLO_Canadian_Riv,SEMINOLE SEMINOLE A (LN/OKGE/CSWS),PITTSBURG-CANADIAN RIVER 345,15:15,-1.3,
12/28/2024,30825.0,229670.0,Batesvil_Batesvil_115kV_FLO_Batesvil_LS_Power_23,BATSV5 BATSV5_BATSV73 A (LN/EMBA/TVA),BATESVILLE-L S POWER 230,15:20,-7.34,
12/28/2024,29254.0,438951.0,TMP781_Pittsburg_Semino_345_kV_FTLO_Canadian_Riv,SEMINOLE SEMINOLE A (LN/OKGE/CSWS),PITTSBURG-CANADIAN RIVER 345,15:20,-1.3,
12/28/2024,30825.0,229670.0,Batesvil_Batesvil_115kV_FLO_Batesvil_LS_Power_23,BATSV5 BATSV5_BATSV73 A (LN/EMBA/TVA),BATESVILLE-L S POWER 230,15:25,-7.3,
12/28/2024,29254.0,438951.0,TMP781_Pittsburg_Semino_345_kV_FTLO_Canadian_Riv,SEMINOLE SEMINOLE A (LN/OKGE/CSWS),PITTSBURG-CANADIAN RIVER 345,15:25,-1.3,
12/28/2024,30825.0,229670.0,Batesvil_Batesvil_115kV_FLO_Batesvil_LS_Power_23,BATSV5 BATSV5_BATSV73 A (LN/EMBA/TVA),BATESVILLE-L S POWER 230,15:30,-7.87,
12/28/2024,29254.0,438951.0,TMP781_Pittsburg_Semino_345_kV_FTLO_Canadian_Riv,SEMINOLE SEMINOLE A (LN/OKGE/CSWS),PITTSBURG-CANADIAN RIVER 345,15:30,-1.28,
12/28/2024,30825.0,229670.0,Batesvil_Batesvil_115kV_FLO_Batesvil_LS_Power_23,BATSV5 BATSV5_BATSV73 A (LN/EMBA/TVA),BATESVILLE-L S POWER 230,15:35,-9.17,
12/28/2024,29254.0,438951.0,TMP781_Pittsburg_Semino_345_kV_FTLO_Canadian_Riv,SEMINOLE SEMINOLE A (LN/OKGE/CSWS),PITTSBURG-CANADIAN RIVER 345,15:35,-0.7,
12/28/2024,30825.0,229670.0,Batesvil_Batesvil_115kV_FLO_Batesvil_LS_Power_23,BATSV5 BATSV5_BATSV73 A (LN/EMBA/TVA),BATESVILLE-L S POWER 230,15:40,-7.91,
12/28/2024,30825.0,229670.0,Batesvil_Batesvil_115kV_FLO_Batesvil_LS_Power_23,BATSV5 BATSV5_BATSV73 A (LN/EMBA/TVA),BATESVILLE-L S POWER 230,15:45,-7.91,
12/28/2024,29254.0,438951.0,TMP781_Pittsburg_Semino_345_kV_FTLO_Canadian_Riv,SEMINOLE SEMINOLE A (LN/OKGE/CSWS),PITTSBURG-CANADIAN RIVER 345,15:45,-1.09,
12/28/2024,30825.0,229670.0,Batesvil_Batesvil_115kV_FLO_Batesvil_LS_Power_23,BATSV5 BATSV5_BATSV73 A (LN/EMBA/TVA),BATESVILLE-L S POWER 230,15:50,-8.08,
12/28/2024,29254.0,438951.0,TMP781_Pittsburg_Semino_345_kV_FTLO_Canadian_Riv,SEMINOLE SEMINOLE A (LN/OKGE/CSWS),PITTSBURG-CANADIAN RIVER 345,15:50,-1.57,
12/28/2024,30825.0,229670.0,Batesvil_Batesvil_115kV_FLO_Batesvil_LS_Power_23,BATSV5 BATSV5_BATSV73 A (LN/EMBA/TVA),BATESVILLE-L S POWER 230,15:55,-7.87,
12/28/2024,29254.0,438951.0,TMP781_Pittsburg_Semino_345_kV_FTLO_Canadian_Riv,SEMINOLE SEMINOLE A (LN/OKGE/CSWS),PITTSBURG-CANADIAN RIVER 345,15:55,-1.68,
12/28/2024,30825.0,229670.0,Batesvil_Batesvil_115kV_FLO_Batesvil_LS_Power_23,BATSV5 BATSV5_BATSV73 A (LN/EMBA/TVA),BATESVILLE-L S POWER 230,16:00,-2.19,
12/28/2024,29254.0,438951.0,TMP781_Pittsburg_Semino_345_kV_FTLO_Canadian_Riv,SEMINOLE SEMINOLE A (LN/OKGE/CSWS),PITTSBURG-CANADIAN RIVER 345,16:00,-1.8,
12/28/2024,30825.0,229670.0,Batesvil_Batesvil_115kV_FLO_Batesvil_LS_Power_23,BATSV5 BATSV5_BATSV73 A (LN/EMBA/TVA),BATESVILLE-L S POWER 230,16:05,-1.44,
12/28/2024,29254.0,438951.0,TMP781_Pittsburg_Semino_345_kV_FTLO_Canadian_Riv,SEMINOLE SEMINOLE A (LN/OKGE/CSWS),PITTSBURG-CANADIAN RIVER 345,16:05,-1.86,
12/28/2024,30825.0,229670.0,Batesvil_Batesvil_115kV_FLO_Batesvil_LS_Power_23,BATSV5 BATSV5_BATSV73 A (LN/EMBA/TVA),BATESVILLE-L S POWER 230,16:10,-4.87,
12/28/2024,29254.0,438951.0,TMP781_Pittsburg_Semino_345_kV_FTLO_Canadian_Riv,SEMINOLE SEMINOLE A (LN/OKGE/CSWS),PITTSBURG-CANADIAN RIVER 345,16:10,-1.77,
12/28/2024,30825.0,229670.0,Batesvil_Batesvil_115kV_FLO_Batesvil_LS_Power_23,BATSV5 BATSV5_BATSV73 A (LN/EMBA/TVA),BATESVILLE-L S POWER 230,16:15,-7.43,
12/28/2024,29254.0,438951.0,TMP781_Pittsburg_Semino_345_kV_FTLO_Canadian_Riv,SEMINOLE SEMINOLE A (LN/OKGE/CSWS),PITTSBURG-CANADIAN RIVER 345,16:15,-1.78,
12/28/2024,30825.0,229670.0,Batesvil_Batesvil_115kV_FLO_Batesvil_LS_Power_23,BATSV5 BATSV5_BATSV73 A (LN/EMBA/TVA),BATESVILLE-L S POWER 230,16:20,-9.82,
12/28/2024,29254.0,438951.0,TMP781_Pittsburg_Semino_345_kV_FTLO_Canadian_Riv,SEMINOLE SEMINOLE A (LN/OKGE/CSWS),PITTSBURG-CANADIAN RIVER 345,16:20,-1.8,
12/28/2024,30825.0,229670.0,Batesvil_Batesvil_115kV_FLO_Batesvil_LS_Power_23,BATSV5 BATSV5_BATSV73 A (LN/EMBA/TVA),BATESVILLE-L S POWER 230,16:25,-7.89,
12/28/2024,29254.0,438951.0,TMP781_Pittsburg_Semino_345_kV_FTLO_Canadian_Riv,SEMINOLE SEMINOLE A (LN/OKGE/CSWS),PITTSBURG-CANADIAN RIVER 345,16:25,-1.4,
12/28/2024,30825.0,229670.0,Batesvil_Batesvil_115kV_FLO_Batesvil_LS_Power_23,BATSV5 BATSV5_BATSV73 A (LN/EMBA/TVA),BATESVILLE-L S POWER 230,16:30,-7.84,
12/28/2024,30825.0,229670.0,Batesvil_Batesvil_115kV_FLO_Batesvil_LS_Power_23,BATSV5 BATSV5_BATSV73 A (LN/EMBA/TVA),BATESVILLE-L S POWER 230,16:35,-7.79,
12/28/2024,30825.0,229670.0,Batesvil_Batesvil_115kV_FLO_Batesvil_LS_Power_23,BATSV5 BATSV5_BATSV73 A (LN/EMBA/TVA),BATESVILLE-L S POWER 230,16:40,-8.77,
12/28/2024,29254.0,438951.0,TMP781_Pittsburg_Semino_345_kV_FTLO_Canadian_Riv,SEMINOLE SEMINOLE A (LN/OKGE/CSWS),PITTSBURG-CANADIAN RIVER 345,16:40,-0.8,
12/28/2024,30825.0,229670.0,Batesvil_Batesvil_115kV_FLO_Batesvil_LS_Power_23,BATSV5 BATSV5_BATSV73 A (LN/EMBA/TVA),BATESVILLE-L S POWER 230,16:45,-8.18,
12/28/2024,29254.0,438951.0,TMP781_Pittsburg_Semino_345_kV_FTLO_Canadian_Riv,SEMINOLE SEMINOLE A (LN/OKGE/CSWS),PITTSBURG-CANADIAN RIVER 345,16:45,-1.06,
12/28/2024,30825.0,229670.0,Batesvil_Batesvil_115kV_FLO_Batesvil_LS_Power_23,BATSV5 BATSV5_BATSV73 A (LN/EMBA/TVA),BATESVILLE-L S POWER 230,16:50,-7.87,
12/28/2024,29254.0,438951.0,TMP781_Pittsburg_Semino_345_kV_FTLO_Canadian_Riv,SEMINOLE SEMINOLE A (LN/OKGE/CSWS),PITTSBURG-CANADIAN RIVER 345,16:50,-0.9,
12/28/2024,30825.0,229670.0,Batesvil_Batesvil_115kV_FLO_Batesvil_LS_Power_23,BATSV5 BATSV5_BATSV73 A (LN/EMBA/TVA),BATESVILLE-L S POWER 230,16:55,-7.31,
12/28/2024,29254.0,438951.0,TMP781_Pittsburg_Semino_345_kV_FTLO_Canadian_Riv,SEMINOLE SEMINOLE A (LN/OKGE/CSWS),PITTSBURG-CANADIAN RIVER 345,16:55,-0.6,
12/28/2024,,472179.0,BASE_COPIAX_GALMAN_COPIAX3_A,COPIAX GALMAN_COPIAX3 A (LN/EMBA/EMBA),,17:00,-1000.0,
12/28/2024,29254.0,438951.0,TMP781_Pittsburg_Semino_345_kV_FTLO_Canadian_Riv,SEMINOLE SEMINOLE A (LN/OKGE/CSWS),PITTSBURG-CANADIAN RIVER 345,17:00,-1.16,
12/28/2024,,472179.0,BASE_COPIAX_GALMAN_COPIAX3_A,COPIAX GALMAN_COPIAX3 A (LN/EMBA/EMBA),,17:05,-1000.0,
12/28/2024,,472179.0,BASE_COPIAX_GALMAN_COPIAX3_A,COPIAX GALMAN_COPIAX3 A (LN/EMBA/EMBA),,17:10,-700.0,
12/28/2024,,472179.0,BASE_COPIAX_GALMAN_COPIAX3_A,COPIAX GALMAN_COPIAX3 A (LN/EMBA/EMBA),,17:15,-1000.0,
12/28/2024,,472179.0,BASE_COPIAX_GALMAN_COPIAX3_A,COPIAX GALMAN_COPIAX3 A (LN/EMBA/EMBA),,17:20,-1000.0,
12/28/2024,,472179.0,BASE_COPIAX_GALMAN_COPIAX3_A,COPIAX GALMAN_COPIAX3 A (LN/EMBA/EMBA),,17:25,-700.0,
12/28/2024,,472199.0,EEGEN35_COPIAX_GALMAN_COPIAX3_A,COPIAX GALMAN_COPIAX3 A (LN/EMBA/EMBA),WATERFORD NUCLEAR UN 3 (1175MW),17:25,-1000.0,
12/28/2024,29254.0,438951.0,TMP781_Pittsburg_Semino_345_kV_FTLO_Canadian_Riv,SEMINOLE SEMINOLE A (LN/OKGE/CSWS),PITTSBURG-CANADIAN RIVER 345,17:25,-0.3,
12/28/2024,,472179.0,BASE_COPIAX_GALMAN_COPIAX3_A,COPIAX GALMAN_COPIAX3 A (LN/EMBA/EMBA),,17:30,-1000.0,
12/28/2024,,472199.0,EEGEN35_COPIAX_GALMAN_COPIAX3_A,COPIAX GALMAN_COPIAX3 A (LN/EMBA/EMBA),WATERFORD NUCLEAR UN 3 (1175MW),17:30,-1000.0,
12/28/2024,29254.0,438951.0,TMP781_Pittsburg_Semino_345_kV_FTLO_Canadian_Riv,SEMINOLE SEMINOLE A (LN/OKGE/CSWS),PITTSBURG-CANADIAN RIVER 345,17:30,-0.6,
12/28/2024,,472179.0,BASE_COPIAX_GALMAN_COPIAX3_A,COPIAX GALMAN_COPIAX3 A (LN/EMBA/EMBA),,17:35,-700.0,
12/28/2024,,472199.0,EEGEN35_COPIAX_GALMAN_COPIAX3_A,COPIAX GALMAN_COPIAX3 A (LN/EMBA/EMBA),WATERFORD NUCLEAR UN 3 (1175MW),17:35,-1000.0,
12/28/2024,,472199.0,EEGEN35_COPIAX_GALMAN_COPIAX3_A,COPIAX GALMAN_COPIAX3 A (LN/EMBA/EMBA),WATERFORD NUCLEAR UN 3 (1175MW),17:40,-1000.0,
12/28/2024,29254.0,438951.0,TMP781_Pittsburg_Semino_345_kV_FTLO_Canadian_Riv,SEMINOLE SEMINOLE A (LN/OKGE/CSWS),PITTSBURG-CANADIAN RIVER 345,17:40,-0.7,
12/28/2024,,472179.0,BASE_COPIAX_GALMAN_COPIAX3_A,COPIAX GALMAN_COPIAX3 A (LN/EMBA/EMBA),,17:45,-233.92,
12/28/2024,,472199.0,EEGEN35_COPIAX_GALMAN_COPIAX3_A,COPIAX GALMAN_COPIAX3 A (LN/EMBA/EMBA),WATERFORD NUCLEAR UN 3 (1175MW),17:45,-1000.0,
12/28/2024,29254.0,438951.0,TMP781_Pittsburg_Semino_345_kV_FTLO_Canadian_Riv,SEMINOLE SEMINOLE A (LN/OKGE/CSWS),PITTSBURG-CANADIAN RIVER 345,17:45,-0.2,
12/28/2024,,472179.0,BASE_COPIAX_GALMAN_COPIAX3_A,COPIAX GALMAN_COPIAX3 A (LN/EMBA/EMBA),,17:50,-700.0,
12/28/2024,,472199.0,EEGEN35_COPIAX_GALMAN_COPIAX3_A,COPIAX GALMAN_COPIAX3 A (LN/EMBA/EMBA),WATERFORD NUCLEAR UN 3 (1175MW),17:50,-1000.0,
12/28/2024,29254.0,438951.0,TMP781_Pittsburg_Semino_345_kV_FTLO_Canadian_Riv,SEMINOLE SEMINOLE A (LN/OKGE/CSWS),PITTSBURG-CANADIAN RIVER 345,17:50,-0.2,
12/28/2024,,472179.0,BASE_COPIAX_GALMAN_COPIAX3_A,COPIAX GALMAN_COPIAX3 A (LN/EMBA/EMBA),,17:55,-700.0,
12/28/2024,,472199.0,EEGEN35_COPIAX_GALMAN_COPIAX3_A,COPIAX GALMAN_COPIAX3 A (LN/EMBA/EMBA),WATERFORD NUCLEAR UN 3 (1175MW),17:55,-1000.0,
12/28/2024,29254.0,438951.0,TMP781_Pittsburg_Semino_345_kV_FTLO_Canadian_Riv,SEMINOLE SEMINOLE A (LN/OKGE/CSWS),PITTSBURG-CANADIAN RIVER 345,17:55,-0.6,
12/28/2024,,472179.0,BASE_COPIAX_GALMAN_COPIAX3_A,COPIAX GALMAN_COPIAX3 A (LN/EMBA/EMBA),,18:00,-700.0,
12/28/2024,,472199.0,EEGEN35_COPIAX_GALMAN_COPIAX3_A,COPIAX GALMAN_COPIAX3 A (LN/EMBA/EMBA),WATERFORD NUCLEAR UN 3 (1175MW),18:00,-1000.0,
12/28/2024,,220546.0,EESOC11_ADAMCR_ADAMCR_ANGIE_6_A,ADAMCR ADAMCR_ANGIE_6 A (LN/EES/EES),MCKNIGHT - DANIEL 500,18:00,-2000.0,
12/28/2024,29254.0,438951.0,TMP781_Pittsburg_Semino_345_kV_FTLO_Canadian_Riv,SEMINOLE SEMINOLE A (LN/OKGE/CSWS),PITTSBURG-CANADIAN RIVER 345,18:00,-0.7,
12/28/2024,,472179.0,BASE_COPIAX_GALMAN_COPIAX3_A,COPIAX GALMAN_COPIAX3 A (LN/EMBA/EMBA),,18:05,-700.0,
12/28/2024,,472199.0,EEGEN35_COPIAX_GALMAN_COPIAX3_A,COPIAX GALMAN_COPIAX3 A (LN/EMBA/EMBA),WATERFORD NUCLEAR UN 3 (1175MW),18:05,-1000.0,
12/28/2024,,220546.0,EESOC11_ADAMCR_ADAMCR_ANGIE_6_A,ADAMCR ADAMCR_ANGIE_6 A (LN/EES/EES),MCKNIGHT - DANIEL 500,18:05,-505.46,
12/28/2024,29254.0,438951.0,TMP781_Pittsburg_Semino_345_kV_FTLO_Canadian_Riv,SEMINOLE SEMINOLE A (LN/OKGE/CSWS),PITTSBURG-CANADIAN RIVER 345,18:05,-0.7,
12/28/2024,,472179.0,BASE_COPIAX_GALMAN_COPIAX3_A,COPIAX GALMAN_COPIAX3 A (LN/EMBA/EMBA),,18:10,-700.0,
12/28/2024,,472199.0,EEGEN35_COPIAX_GALMAN_COPIAX3_A,COPIAX GALMAN_COPIAX3 A (LN/EMBA/EMBA),WATERFORD NUCLEAR UN 3 (1175MW),18:10,-1000.0,
12/28/2024,,220546.0,EESOC11_ADAMCR_ADAMCR_ANGIE_6_A,ADAMCR ADAMCR_ANGIE_6 A (LN/EES/EES),MCKNIGHT - DANIEL 500,18:10,-911.39,
12/28/2024,29254.0,438951.0,TMP781_Pittsburg_Semino_345_kV_FTLO_Canadian_Riv,SEMINOLE SEMINOLE A (LN/OKGE/CSWS),PITTSBURG-CANADIAN RIVER 345,18:10,-1.3,
12/28/2024,,472179.0,BASE_COPIAX_GALMAN_COPIAX3_A,COPIAX GALMAN_COPIAX3 A (LN/EMBA/EMBA),,18:15,-1000.0,
12/28/2024,,472199.0,EEGEN35_COPIAX_GALMAN_COPIAX3_A,COPIAX GALMAN_COPIAX3 A (LN/EMBA/EMBA),WATERFORD NUCLEAR UN 3 (1175MW),18:15,-1000.0,
12/28/2024,,220546.0,EESOC11_ADAMCR_ADAMCR_ANGIE_6_A,ADAMCR ADAMCR_ANGIE_6 A (LN/EES/EES),MCKNIGHT - DANIEL 500,18:15,-753.72,
12/28/2024,,472179.0,BASE_COPIAX_GALMAN_COPIAX3_A,COPIAX GALMAN_COPIAX3 A (LN/EMBA/EMBA),,18:20,-700.0,
12/28/2024,,472199.0,EEGEN35_COPIAX_GALMAN_COPIAX3_A,COPIAX GALMAN_COPIAX3 A (LN/EMBA/EMBA),WATERFORD NUCLEAR UN 3 (1175MW),18:20,-1000.0,
12/28/2024,,220546.0,EESOC11_ADAMCR_ADAMCR_ANGIE_6_A,ADAMCR ADAMCR_ANGIE_6 A (LN/EES/EES),MCKNIGHT - DANIEL 500,18:20,-270.89,
12/28/2024,29254.0,438951.0,TMP781_Pittsburg_Semino_345_kV_FTLO_Canadian_Riv,SEMINOLE SEMINOLE A (LN/OKGE/CSWS),PITTSBURG-CANADIAN RIVER 345,18:20,-0.9,
12/28/2024,,472179.0,BASE_COPIAX_GALMAN_COPIAX3_A,COPIAX GALMAN_COPIAX3 A (LN/EMBA/EMBA),,18:25,-1000.0,
12/28/2024,,472219.0,BASE_NTCZSE_NATCHZ_NTCZSE3_A,NTCZSE NATCHZ_NTCZSE3 A (LN/EMBA/EMBA),,18:25,-1000.0,
12/28/2024,,472199.0,EEGEN35_COPIAX_GALMAN_COPIAX3_A,COPIAX GALMAN_COPIAX3 A (LN/EMBA/EMBA),WATERFORD NUCLEAR UN 3 (1175MW),18:25,-1000.0,
12/28/2024,,220546.0,EESOC11_ADAMCR_ADAMCR_ANGIE_6_A,ADAMCR ADAMCR_ANGIE_6 A (LN/EES/EES),MCKNIGHT - DANIEL 500,18:25,-395.51,
12/28/2024,29254.0,438951.0,TMP781_Pittsburg_Semino_345_kV_FTLO_Canadian_Riv,SEMINOLE SEMINOLE A (LN/OKGE/CSWS),PITTSBURG-CANADIAN RIVER 345,18:25,-0.9,
12/28/2024,,472179.0,BASE_COPIAX_GALMAN_COPIAX3_A,COPIAX GALMAN_COPIAX3 A (LN/EMBA/EMBA),,18:30,-1000.0,
12/28/2024,,472219.0,BASE_NTCZSE_NATCHZ_NTCZSE3_A,NTCZSE NATCHZ_NTCZSE3 A (LN/EMBA/EMBA),,18:30,-1000.0,
12/28/2024,,472199.0,EEGEN35_COPIAX_GALMAN_COPIAX3_A,COPIAX GALMAN_COPIAX3 A (LN/EMBA/EMBA),WATERFORD NUCLEAR UN 3 (1175MW),18:30,-1000.0,
12/28/2024,,220546.0,EESOC11_ADAMCR_ADAMCR_ANGIE_6_A,ADAMCR ADAMCR_ANGIE_6 A (LN/EES/EES),MCKNIGHT - DANIEL 500,18:30,-398.15,
12/28/2024,29254.0,438951.0,TMP781_Pittsburg_Semino_345_kV_FTLO_Canadian_Riv,SEMINOLE SEMINOLE A (LN/OKGE/CSWS),PITTSBURG-CANADIAN RIVER 345,18:30,-0.7,
12/28/2024,,472179.0,BASE_COPIAX_GALMAN_COPIAX3_A,COPIAX GALMAN_COPIAX3 A (LN/EMBA/EMBA),,18:35,-1000.0,
12/28/2024,,472219.0,BASE_NTCZSE_NATCHZ_NTCZSE3_A,NTCZSE NATCHZ_NTCZSE3 A (LN/EMBA/EMBA),,18:35,-1000.0,
12/28/2024,,472199.0,EEGEN35_COPIAX_GALMAN_COPIAX3_A,COPIAX GALMAN_COPIAX3 A (LN/EMBA/EMBA),WATERFORD NUCLEAR UN 3 (1175MW),18:35,-1000.0,
12/28/2024,,220546.0,EESOC11_ADAMCR_ADAMCR_ANGIE_6_A,ADAMCR ADAMCR_ANGIE_6 A (LN/EES/EES),MCKNIGHT - DANIEL 500,18:35,-392.97,
12/28/2024,29254.0,438951.0,TMP781_Pittsburg_Semino_345_kV_FTLO_Canadian_Riv,SEMINOLE SEMINOLE A (LN/OKGE/CSWS),PITTSBURG-CANADIAN RIVER 345,18:35,-1.1,
12/28/2024,,472179.0,BASE_COPIAX_GALMAN_COPIAX3_A,COPIAX GALMAN_COPIAX3 A (LN/EMBA/EMBA),,18:40,-1000.0,
12/28/2024,,472199.0,EEGEN35_COPIAX_GALMAN_COPIAX3_A,COPIAX GALMAN_COPIAX3 A (LN/EMBA/EMBA),WATERFORD NUCLEAR UN 3 (1175MW),18:40,-1000.0,
12/28/2024,,220546.0,EESOC11_ADAMCR_ADAMCR_ANGIE_6_A,ADAMCR ADAMCR_ANGIE_6 A (LN/EES/EES),MCKNIGHT - DANIEL 500,18:40,-1011.69,
12/28/2024,29254.0,438951.0,TMP781_Pittsburg_Semino_345_kV_FTLO_Canadian_Riv,SEMINOLE SEMINOLE A (LN/OKGE/CSWS),PITTSBURG-CANADIAN RIVER 345,18:40,-1.66,
12/28/2024,,472179.0,BASE_COPIAX_GALMAN_COPIAX3_A,COPIAX GALMAN_COPIAX3 A (LN/EMBA/EMBA),,18:45,-1000.0,
12/28/2024,,472199.0,EEGEN35_COPIAX_GALMAN_COPIAX3_A,COPIAX GALMAN_COPIAX3 A (LN/EMBA/EMBA),WATERFORD NUCLEAR UN 3 (1175MW),18:45,-1000.0,
12/28/2024,,220546.0,EESOC11_ADAMCR_ADAMCR_ANGIE_6_A,ADAMCR ADAMCR_ANGIE_6 A (LN/EES/EES),MCKNIGHT - DANIEL 500,18:45,-306.58,
12/28/2024,29254.0,438951.0,TMP781_Pittsburg_Semino_345_kV_FTLO_Canadian_Riv,SEMINOLE SEMINOLE A (LN/OKGE/CSWS),PITTSBURG-CANADIAN RIVER 345,18:45,-1.7,
12/28/2024,,472179.0,BASE_COPIAX_GALMAN_COPIAX3_A,COPIAX GALMAN_COPIAX3 A (LN/EMBA/EMBA),,18:50,-700.0,
12/28/2024,,472199.0,EEGEN35_COPIAX_GALMAN_COPIAX3_A,COPIAX GALMAN_COPIAX3 A (LN/EMBA/EMBA),WATERFORD NUCLEAR UN 3 (1175MW),18:50,-1000.0,
12/28/2024,,220546.0,EESOC11_ADAMCR_ADAMCR_ANGIE_6_A,ADAMCR ADAMCR_ANGIE_6 A (LN/EES/EES),MCKNIGHT - DANIEL 500,18:50,-223.34,
12/28/2024,29254.0,438951.0,TMP781_Pittsburg_Semino_345_kV_FTLO_Canadian_Riv,SEMINOLE SEMINOLE A (LN/OKGE/CSWS),PITTSBURG-CANADIAN RIVER 345,18:50,-1.7,
12/28/2024,,472179.0,BASE_COPIAX_GALMAN_COPIAX3_A,COPIAX GALMAN_COPIAX3 A (LN/EMBA/EMBA),,18:55,-700.0,
12/28/2024,,472199.0,EEGEN35_COPIAX_GALMAN_COPIAX3_A,COPIAX GALMAN_COPIAX3 A (LN/EMBA/EMBA),WATERFORD NUCLEAR UN 3 (1175MW),18:55,-1000.0,
12/28/2024,,220546.0,EESOC11_ADAMCR_ADAMCR_ANGIE_6_A,ADAMCR ADAMCR_ANGIE_6 A (LN/EES/EES),MCKNIGHT - DANIEL 500,18:55,-79.47,
12/28/2024,29254.0,438951.0,TMP781_Pittsburg_Semino_345_kV_FTLO_Canadian_Riv,SEMINOLE SEMINOLE A (LN/OKGE/CSWS),PITTSBURG-CANADIAN RIVER 345,18:55,-2.0,
12/28/2024,,472179.0,BASE_COPIAX_GALMAN_COPIAX3_A,COPIAX GALMAN_COPIAX3 A (LN/EMBA/EMBA),,19:00,-700.0,
12/28/2024,,472199.0,EEGEN35_COPIAX_GALMAN_COPIAX3_A,COPIAX GALMAN_COPIAX3 A (LN/EMBA/EMBA),WATERFORD NUCLEAR UN 3 (1175MW),19:00,-1000.0,
12/28/2024,,220546.0,EESOC11_ADAMCR_ADAMCR_ANGIE_6_A,ADAMCR ADAMCR_ANGIE_6 A (LN/EES/EES),MCKNIGHT - DANIEL 500,19:00,-61.5,
12/28/2024,29254.0,438951.0,TMP781_Pittsburg_Semino_345_kV_FTLO_Canadian_Riv,SEMINOLE SEMINOLE A (LN/OKGE/CSWS),PITTSBURG-CANADIAN RIVER 345,19:00,-0.8,
12/28/2024,,472179.0,BASE_COPIAX_GALMAN_COPIAX3_A,COPIAX GALMAN_COPIAX3 A (LN/EMBA/EMBA),,19:05,-700.0,
12/28/2024,,472199.0,EEGEN35_COPIAX_GALMAN_COPIAX3_A,COPIAX GALMAN_COPIAX3 A (LN/EMBA/EMBA),WATERFORD NUCLEAR UN 3 (1175MW),19:05,-1000.0,
12/28/2024,,220546.0,EESOC11_ADAMCR_ADAMCR_ANGIE_6_A,ADAMCR ADAMCR_ANGIE_6 A (LN/EES/EES),MCKNIGHT - DANIEL 500,19:05,-68.32000000000001,
12/28/2024,,220546.0,EESOC11_ADAMCR_ADAMCR_ANGIE_6_A,ADAMCR ADAMCR_ANGIE_6 A (LN/EES/EES),MCKNIGHT - DANIEL 500,19:10,-2000.0,
12/28/2024,29254.0,438951.0,TMP781_Pittsburg_Semino_345_kV_FTLO_Canadian_Riv,SEMINOLE SEMINOLE A (LN/OKGE/CSWS),PITTSBURG-CANADIAN RIVER 345,19:10,-1.2,
12/28/2024,,220546.0,EESOC11_ADAMCR_ADAMCR_ANGIE_6_A,ADAMCR ADAMCR_ANGIE_6 A (LN/EES/EES),MCKNIGHT - DANIEL 500,19:15,-506.91,
12/28/2024,29254.0,438951.0,TMP781_Pittsburg_Semino_345_kV_FTLO_Canadian_Riv,SEMINOLE SEMINOLE A (LN/OKGE/CSWS),PITTSBURG-CANADIAN RIVER 345,19:15,-0.9,
12/28/2024,,220546.0,EESOC11_ADAMCR_ADAMCR_ANGIE_6_A,ADAMCR ADAMCR_ANGIE_6 A (LN/EES/EES),MCKNIGHT - DANIEL 500,19:20,-109.66,
12/28/2024,29254.0,438951.0,TMP781_Pittsburg_Semino_345_kV_FTLO_Canadian_Riv,SEMINOLE SEMINOLE A (LN/OKGE/CSWS),PITTSBURG-CANADIAN RIVER 345,19:20,-0.9,
12/28/2024,,472237.0,SOC50X32_SLVC13_SLVC13_SALEM3_A,SLVC13 SLVC13_SALEM3 A (LN/SME/EMBA),DANIEL 500/230 08+PS1/PS2,19:25,-1000.0,
12/28/2024,29254.0,438951.0,TMP781_Pittsburg_Semino_345_kV_FTLO_Canadian_Riv,SEMINOLE SEMINOLE A (LN/OKGE/CSWS),PITTSBURG-CANADIAN RIVER 345,19:25,-0.8,
12/28/2024,,472237.0,SOC50X32_SLVC13_SLVC13_SALEM3_A,SLVC13 SLVC13_SALEM3 A (LN/SME/EMBA),DANIEL 500/230 08+PS1/PS2,19:30,-540.76,
12/28/2024,29254.0,438951.0,TMP781_Pittsburg_Semino_345_kV_FTLO_Canadian_Riv,SEMINOLE SEMINOLE A (LN/OKGE/CSWS),PITTSBURG-CANADIAN RIVER 345,19:30,-0.6,
12/28/2024,,472237.0,SOC50X32_SLVC13_SLVC13_SALEM3_A,SLVC13 SLVC13_SALEM3 A (LN/SME/EMBA),DANIEL 500/230 08+PS1/PS2,19:35,-1000.0,
12/28/2024,29254.0,438951.0,TMP781_Pittsburg_Semino_345_kV_FTLO_Canadian_Riv,SEMINOLE SEMINOLE A (LN/OKGE/CSWS),PITTSBURG-CANADIAN RIVER 345,19:35,-0.4,
12/28/2024,,472237.0,SOC50X32_SLVC13_SLVC13_SALEM3_A,SLVC13 SLVC13_SALEM3 A (LN/SME/EMBA),DANIEL 500/230 08+PS1/PS2,19:40,-700.0,
12/28/2024,29254.0,438951.0,TMP781_Pittsburg_Semino_345_kV_FTLO_Canadian_Riv,SEMINOLE SEMINOLE A (LN/OKGE/CSWS),PITTSBURG-CANADIAN RIVER 345,19:40,-0.3,
12/28/2024,,472237.0,SOC50X32_SLVC13_SLVC13_SALEM3_A,SLVC13 SLVC13_SALEM3 A (LN/SME/EMBA),DANIEL 500/230 08+PS1/PS2,19:45,-651.91,
12/28/2024,29254.0,438951.0,TMP781_Pittsburg_Semino_345_kV_FTLO_Canadian_Riv,SEMINOLE SEMINOLE A (LN/OKGE/CSWS),PITTSBURG-CANADIAN RIVER 345,19:45,-0.5,
12/28/2024,,327504.0,EE50131_HENING_HENING_HEBERT4_A,HENING HENING_HEBERT4 A (LN/EES/LAGN),ROY NELSON - RICHARD 500,19:50,-700.0,
12/28/2024,,472237.0,SOC50X32_SLVC13_SLVC13_SALEM3_A,SLVC13 SLVC13_SALEM3 A (LN/SME/EMBA),DANIEL 500/230 08+PS1/PS2,19:50,-1000.0,
12/28/2024,,327504.0,EE50131_HENING_HENING_HEBERT4_A,HENING HENING_HEBERT4 A (LN/EES/LAGN),ROY NELSON - RICHARD 500,19:55,-100.3,
12/28/2024,,472237.0,SOC50X32_SLVC13_SLVC13_SALEM3_A,SLVC13 SLVC13_SALEM3 A (LN/SME/EMBA),DANIEL 500/230 08+PS1/PS2,19:55,-423.96,
12/28/2024,,472199.0,EEGEN35_COPIAX_GALMAN_COPIAX3_A,COPIAX GALMAN_COPIAX3 A (LN/EMBA/EMBA),WATERFORD NUCLEAR UN 3 (1175MW),20:00,-1000.0,
12/28/2024,2569.0,417569.0,Stateline_WolfLake138_flo_Burnham_Munster345,7_STATE STATE17WOL13_1 1 (LN/CE/NIPS),BURNHAM-MUNSTER 345 (34504),20:00,-288.8,
12/28/2024,,472199.0,EEGEN35_COPIAX_GALMAN_COPIAX3_A,COPIAX GALMAN_COPIAX3 A (LN/EMBA/EMBA),WATERFORD NUCLEAR UN 3 (1175MW),20:05,-1000.0,
12/28/2024,,472237.0,SOC50X32_SLVC13_SLVC13_SALEM3_A,SLVC13 SLVC13_SALEM3 A (LN/SME/EMBA),DANIEL 500/230 08+PS1/PS2,20:10,-141.84,
12/28/2024,,327504.0,EE50131_HENING_HENING_HEBERT4_A,HENING HENING_HEBERT4 A (LN/EES/LAGN),ROY NELSON - RICHARD 500,20:15,-82.02,
12/28/2024,30825.0,229670.0,Batesvil_Batesvil_115kV_FLO_Batesvil_LS_Power_23,BATSV5 BATSV5_BATSV73 A (LN/EMBA/TVA),BATESVILLE-L S POWER 230,20:20,-1.01,
12/28/2024,,327504.0,EE50131_HENING_HENING_HEBERT4_A,HENING HENING_HEBERT4 A (LN/EES/LAGN),ROY NELSON - RICHARD 500,20:20,-1.0,
12/28/2024,,220546.0,EESOC11_ADAMCR_ADAMCR_ANGIE_6_A,ADAMCR ADAMCR_ANGIE_6 A (LN/EES/EES),MCKNIGHT - DANIEL 500,20:20,-1.49,
12/28/2024,,220546.0,EESOC11_ADAMCR_ADAMCR_ANGIE_6_A,ADAMCR ADAMCR_ANGIE_6 A (LN/EES/EES),MCKNIGHT - DANIEL 500,20:25,-6.08,
12/28/2024,,327504.0,EE50131_HENING_HENING_HEBERT4_A,HENING HENING_HEBERT4 A (LN/EES/LAGN),ROY NELSON - RICHARD 500,20:35,-4.92,
12/28/2024,,220546.0,EESOC11_ADAMCR_ADAMCR_ANGIE_6_A,ADAMCR ADAMCR_ANGIE_6 A (LN/EES/EES),MCKNIGHT - DANIEL 500,20:35,-0.81,
12/28/2024,,220546.0,EESOC11_ADAMCR_ADAMCR_ANGIE_6_A,ADAMCR ADAMCR_ANGIE_6 A (LN/EES/EES),MCKNIGHT - DANIEL 500,20:40,-0.79,
12/28/2024,,222730.0,EAEE011_RSTE_RUSTON_VIENNA3_A,RSTE RUSTON_VIENNA3 A (LN/LAGN/EES),STERLINGTON - EL DORADO 500,20:45,-128.45,
12/28/2024,,327504.0,EE50131_HENING_HENING_HEBERT4_A,HENING HENING_HEBERT4 A (LN/EES/LAGN),ROY NELSON - RICHARD 500,20:45,-3.99,
12/28/2024,,222730.0,EAEE011_RSTE_RUSTON_VIENNA3_A,RSTE RUSTON_VIENNA3 A (LN/LAGN/EES),STERLINGTON - EL DORADO 500,20:50,-23.12,
12/28/2024,,222730.0,EAEE011_RSTE_RUSTON_VIENNA3_A,RSTE RUSTON_VIENNA3 A (LN/LAGN/EES),STERLINGTON - EL DORADO 500,20:55,-25.65,
12/28/2024,,222730.0,EAEE011_RSTE_RUSTON_VIENNA3_A,RSTE RUSTON_VIENNA3 A (LN/LAGN/EES),STERLINGTON - EL DORADO 500,21:00,-23.75,
12/28/2024,,222730.0,EAEE011_RSTE_RUSTON_VIENNA3_A,RSTE RUSTON_VIENNA3 A (LN/LAGN/EES),STERLINGTON - EL DORADO 500,21:05,-35.93,
12/28/2024,30825.0,229670.0,Batesvil_Batesvil_115kV_FLO_Batesvil_LS_Power_23,BATSV5 BATSV5_BATSV73 A (LN/EMBA/TVA),BATESVILLE-L S POWER 230,21:10,-1.6,
12/28/2024,,222730.0,EAEE011_RSTE_RUSTON_VIENNA3_A,RSTE RUSTON_VIENNA3 A (LN/LAGN/EES),STERLINGTON - EL DORADO 500,21:10,-26.96,
12/28/2024,,222730.0,EAEE011_RSTE_RUSTON_VIENNA3_A,RSTE RUSTON_VIENNA3 A (LN/LAGN/EES),STERLINGTON - EL DORADO 500,21:15,-26.42,
12/28/2024,,222730.0,EAEE011_RSTE_RUSTON_VIENNA3_A,RSTE RUSTON_VIENNA3 A (LN/LAGN/EES),STERLINGTON - EL DORADO 500,21:20,-25.99,
12/28/2024,,222730.0,EAEE011_RSTE_RUSTON_VIENNA3_A,RSTE RUSTON_VIENNA3 A (LN/LAGN/EES),STERLINGTON - EL DORADO 500,21:25,-26.13,
12/28/2024,30825.0,229670.0,Batesvil_Batesvil_115kV_FLO_Batesvil_LS_Power_23,BATSV5 BATSV5_BATSV73 A (LN/EMBA/TVA),BATESVILLE-L S POWER 230,21:30,-0.65,
12/28/2024,,222730.0,EAEE011_RSTE_RUSTON_VIENNA3_A,RSTE RUSTON_VIENNA3 A (LN/LAGN/EES),STERLINGTON - EL DORADO 500,21:30,-19.580000000000002,
12/28/2024,30825.0,229670.0,Batesvil_Batesvil_115kV_FLO_Batesvil_LS_Power_23,BATSV5 BATSV5_BATSV73 A (LN/EMBA/TVA),BATESVILLE-L S POWER 230,21:35,-1.56,
12/28/2024,,222730.0,EAEE011_RSTE_RUSTON_VIENNA3_A,RSTE RUSTON_VIENNA3 A (LN/LAGN/EES),STERLINGTON - EL DORADO 500,21:35,-22.54,
12/28/2024,30825.0,229670.0,Batesvil_Batesvil_115kV_FLO_Batesvil_LS_Power_23,BATSV5 BATSV5_BATSV73 A (LN/EMBA/TVA),BATESVILLE-L S POWER 230,21:40,-1.75,
12/28/2024,,222730.0,EAEE011_RSTE_RUSTON_VIENNA3_A,RSTE RUSTON_VIENNA3 A (LN/LAGN/EES),STERLINGTON - EL DORADO 500,21:40,-23.64,
12/28/2024,30825.0,229670.0,Batesvil_Batesvil_115kV_FLO_Batesvil_LS_Power_23,BATSV5 BATSV5_BATSV73 A (LN/EMBA/TVA),BATESVILLE-L S POWER 230,21:45,-1.52,
12/28/2024,,222730.0,EAEE011_RSTE_RUSTON_VIENNA3_A,RSTE RUSTON_VIENNA3 A (LN/LAGN/EES),STERLINGTON - EL DORADO 500,21:45,-21.09,
12/28/2024,30825.0,229670.0,Batesvil_Batesvil_115kV_FLO_Batesvil_LS_Power_23,BATSV5 BATSV5_BATSV73 A (LN/EMBA/TVA),BATESVILLE-L S POWER 230,21:50,-1.27,
12/28/2024,,222730.0,EAEE011_RSTE_RUSTON_VIENNA3_A,RSTE RUSTON_VIENNA3 A (LN/LAGN/EES),STERLINGTON - EL DORADO 500,21:50,-22.83,
12/28/2024,30825.0,229670.0,Batesvil_Batesvil_115kV_FLO_Batesvil_LS_Power_23,BATSV5 BATSV5_BATSV73 A (LN/EMBA/TVA),BATESVILLE-L S POWER 230,21:55,-1.07,
12/28/2024,,222730.0,EAEE011_RSTE_RUSTON_VIENNA3_A,RSTE RUSTON_VIENNA3 A (LN/LAGN/EES),STERLINGTON - EL DORADO 500,21:55,-23.87,
12/28/2024,29254.0,438951.0,TMP781_Pittsburg_Semino_345_kV_FTLO_Canadian_Riv,SEMINOLE SEMINOLE A (LN/OKGE/CSWS),PITTSBURG-CANADIAN RIVER 345,21:55,-5.8,
12/28/2024,,222730.0,EAEE011_RSTE_RUSTON_VIENNA3_A,RSTE RUSTON_VIENNA3 A (LN/LAGN/EES),STERLINGTON - EL DORADO 500,22:00,-34.54,
12/28/2024,29254.0,438951.0,TMP781_Pittsburg_Semino_345_kV_FTLO_Canadian_Riv,SEMINOLE SEMINOLE A (LN/OKGE/CSWS),PITTSBURG-CANADIAN RIVER 345,22:00,-15.69,
12/28/2024,,222730.0,EAEE011_RSTE_RUSTON_VIENNA3_A,RSTE RUSTON_VIENNA3 A (LN/LAGN/EES),STERLINGTON - EL DORADO 500,22:05,-39.230000000000004,
12/28/2024,29254.0,438951.0,TMP781_Pittsburg_Semino_345_kV_FTLO_Canadian_Riv,SEMINOLE SEMINOLE A (LN/OKGE/CSWS),PITTSBURG-CANADIAN RIVER 345,22:05,-8.4,
12/28/2024,,222730.0,EAEE011_RSTE_RUSTON_VIENNA3_A,RSTE RUSTON_VIENNA3 A (LN/LAGN/EES),STERLINGTON - EL DORADO 500,22:10,-40.32,
12/28/2024,29254.0,438951.0,TMP781_Pittsburg_Semino_345_kV_FTLO_Canadian_Riv,SEMINOLE SEMINOLE A (LN/OKGE/CSWS),PITTSBURG-CANADIAN RIVER 345,22:10,-15.7,
12/28/2024,,222730.0,EAEE011_RSTE_RUSTON_VIENNA3_A,RSTE RUSTON_VIENNA3 A (LN/LAGN/EES),STERLINGTON - EL DORADO 500,22:15,-34.25,
12/28/2024,30825.0,229670.0,Batesvil_Batesvil_115kV_FLO_Batesvil_LS_Power_23,BATSV5 BATSV5_BATSV73 A (LN/EMBA/TVA),BATESVILLE-L S POWER 230,22:20,-4.7,
12/28/2024,,222730.0,EAEE011_RSTE_RUSTON_VIENNA3_A,RSTE RUSTON_VIENNA3 A (LN/LAGN/EES),STERLINGTON - EL DORADO 500,22:20,-38.99,
12/28/2024,29254.0,438951.0,TMP781_Pittsburg_Semino_345_kV_FTLO_Canadian_Riv,SEMINOLE SEMINOLE A (LN/OKGE/CSWS),PITTSBURG-CANADIAN RIVER 345,22:20,-9.57,
12/28/2024,30825.0,229670.0,Batesvil_Batesvil_115kV_FLO_Batesvil_LS_Power_23,BATSV5 BATSV5_BATSV73 A (LN/EMBA/TVA),BATESVILLE-L S POWER 230,22:25,-3.49,
12/28/2024,,222730.0,EAEE011_RSTE_RUSTON_VIENNA3_A,RSTE RUSTON_VIENNA3 A (LN/LAGN/EES),STERLINGTON - EL DORADO 500,22:25,-29.73,
12/28/2024,29254.0,438951.0,TMP781_Pittsburg_Semino_345_kV_FTLO_Canadian_Riv,SEMINOLE SEMINOLE A (LN/OKGE/CSWS),PITTSBURG-CANADIAN RIVER 345,22:25,-18.95,
12/28/2024,30825.0,229670.0,Batesvil_Batesvil_115kV_FLO_Batesvil_LS_Power_23,BATSV5 BATSV5_BATSV73 A (LN/EMBA/TVA),BATESVILLE-L S POWER 230,22:30,-5.35,
12/28/2024,,222730.0,EAEE011_RSTE_RUSTON_VIENNA3_A,RSTE RUSTON_VIENNA3 A (LN/LAGN/EES),STERLINGTON - EL DORADO 500,22:30,-43.93,
12/28/2024,,220546.0,EESOC11_ADAMCR_ADAMCR_ANGIE_6_A,ADAMCR ADAMCR_ANGIE_6 A (LN/EES/EES),MCKNIGHT - DANIEL 500,22:30,-39.62,
12/28/2024,29254.0,438951.0,TMP781_Pittsburg_Semino_345_kV_FTLO_Canadian_Riv,SEMINOLE SEMINOLE A (LN/OKGE/CSWS),PITTSBURG-CANADIAN RIVER 345,22:30,-10.5,
12/28/2024,30825.0,229670.0,Batesvil_Batesvil_115kV_FLO_Batesvil_LS_Power_23,BATSV5 BATSV5_BATSV73 A (LN/EMBA/TVA),BATESVILLE-L S POWER 230,22:35,-5.0200000000000005,
12/28/2024,,222730.0,EAEE011_RSTE_RUSTON_VIENNA3_A,RSTE RUSTON_VIENNA3 A (LN/LAGN/EES),STERLINGTON - EL DORADO 500,22:35,-33.47,
12/28/2024,29254.0,438951.0,TMP781_Pittsburg_Semino_345_kV_FTLO_Canadian_Riv,SEMINOLE SEMINOLE A (LN/OKGE/CSWS),PITTSBURG-CANADIAN RIVER 345,22:35,-18.990000000000002,
12/28/2024,,222730.0,EAEE011_RSTE_RUSTON_VIENNA3_A,RSTE RUSTON_VIENNA3 A (LN/LAGN/EES),STERLINGTON - EL DORADO 500,22:40,-6.05,
12/28/2024,29254.0,438951.0,TMP781_Pittsburg_Semino_345_kV_FTLO_Canadian_Riv,SEMINOLE SEMINOLE A (LN/OKGE/CSWS),PITTSBURG-CANADIAN RIVER 345,22:40,-19.2,
12/28/2024,30825.0,229670.0,Batesvil_Batesvil_115kV_FLO_Batesvil_LS_Power_23,BATSV5 BATSV5_BATSV73 A (LN/EMBA/TVA),BATESVILLE-L S POWER 230,22:45,-3.55,
12/28/2024,,222730.0,EAEE011_RSTE_RUSTON_VIENNA3_A,RSTE RUSTON_VIENNA3 A (LN/LAGN/EES),STERLINGTON - EL DORADO 500,22:45,-28.98,
12/28/2024,30825.0,229670.0,Batesvil_Batesvil_115kV_FLO_Batesvil_LS_Power_23,BATSV5 BATSV5_BATSV73 A (LN/EMBA/TVA),BATESVILLE-L S POWER 230,22:50,-4.28,
12/28/2024,,222730.0,EAEE011_RSTE_RUSTON_VIENNA3_A,RSTE RUSTON_VIENNA3 A (LN/LAGN/EES),STERLINGTON - EL DORADO 500,22:50,-30.25,
12/28/2024,30825.0,229670.0,Batesvil_Batesvil_115kV_FLO_Batesvil_LS_Power_23,BATSV5 BATSV5_BATSV73 A (LN/EMBA/TVA),BATESVILLE-L S POWER 230,22:55,-3.43,
12/28/2024,,222730.0,EAEE011_RSTE_RUSTON_VIENNA3_A,RSTE RUSTON_VIENNA3 A (LN/LAGN/EES),STERLINGTON - EL DORADO 500,22:55,-25.61,
12/28/2024,30825.0,229670.0,Batesvil_Batesvil_115kV_FLO_Batesvil_LS_Power_23,BATSV5 BATSV5_BATSV73 A (LN/EMBA/TVA),BATESVILLE-L S POWER 230,23:00,-4.49,
12/28/2024,,222730.0,EAEE011_RSTE_RUSTON_VIENNA3_A,RSTE RUSTON_VIENNA3 A (LN/LAGN/EES),STERLINGTON - EL DORADO 500,23:00,-29.64,
12/28/2024,30825.0,229670.0,Batesvil_Batesvil_115kV_FLO_Batesvil_LS_Power_23,BATSV5 BATSV5_BATSV73 A (LN/EMBA/TVA),BATESVILLE-L S POWER 230,23:05,-6.18,
12/28/2024,,222730.0,EAEE011_RSTE_RUSTON_VIENNA3_A,RSTE RUSTON_VIENNA3 A (LN/LAGN/EES),STERLINGTON - EL DORADO 500,23:05,-58.38,
12/28/2024,30825.0,229670.0,Batesvil_Batesvil_115kV_FLO_Batesvil_LS_Power_23,BATSV5 BATSV5_BATSV73 A (LN/EMBA/TVA),BATESVILLE-L S POWER 230,23:10,-5.5,
12/28/2024,,222730.0,EAEE011_RSTE_RUSTON_VIENNA3_A,RSTE RUSTON_VIENNA3 A (LN/LAGN/EES),STERLINGTON - EL DORADO 500,23:10,-38.06,
12/28/2024,30825.0,229670.0,Batesvil_Batesvil_115kV_FLO_Batesvil_LS_Power_23,BATSV5 BATSV5_BATSV73 A (LN/EMBA/TVA),BATESVILLE-L S POWER 230,23:15,-5.2,
12/28/2024,,222730.0,EAEE011_RSTE_RUSTON_VIENNA3_A,RSTE RUSTON_VIENNA3 A (LN/LAGN/EES),STERLINGTON - EL DORADO 500,23:15,-34.83,
12/28/2024,30825.0,229670.0,Batesvil_Batesvil_115kV_FLO_Batesvil_LS_Power_23,BATSV5 BATSV5_BATSV73 A (LN/EMBA/TVA),BATESVILLE-L S POWER 230,23:20,-4.28,
12/28/2024,,222730.0,EAEE011_RSTE_RUSTON_VIENNA3_A,RSTE RUSTON_VIENNA3 A (LN/LAGN/EES),STERLINGTON - EL DORADO 500,23:20,-29.76,
12/28/2024,30825.0,229670.0,Batesvil_Batesvil_115kV_FLO_Batesvil_LS_Power_23,BATSV5 BATSV5_BATSV73 A (LN/EMBA/TVA),BATESVILLE-L S POWER 230,23:25,-4.19,
12/28/2024,,222730.0,EAEE011_RSTE_RUSTON_VIENNA3_A,RSTE RUSTON_VIENNA3 A (LN/LAGN/EES),STERLINGTON - EL DORADO 500,23:25,-31.59,
12/28/2024,30825.0,229670.0,Batesvil_Batesvil_115kV_FLO_Batesvil_LS_Power_23,BATSV5 BATSV5_BATSV73 A (LN/EMBA/TVA),BATESVILLE-L S POWER 230,23:30,-4.71,
12/28/2024,,222730.0,EAEE011_RSTE_RUSTON_VIENNA3_A,RSTE RUSTON_VIENNA3 A (LN/LAGN/EES),STERLINGTON - EL DORADO 500,23:30,-32.59,
12/28/2024,30825.0,229670.0,Batesvil_Batesvil_115kV_FLO_Batesvil_LS_Power_23,BATSV5 BATSV5_BATSV73 A (LN/EMBA/TVA),BATESVILLE-L S POWER 230,23:35,-5.08,
12/28/2024,,222730.0,EAEE011_RSTE_RUSTON_VIENNA3_A,RSTE RUSTON_VIENNA3 A (LN/LAGN/EES),STERLINGTON - EL DORADO 500,23:35,-34.14,
12/28/2024,29254.0,438951.0,TMP781_Pittsburg_Semino_345_kV_FTLO_Canadian_Riv,SEMINOLE SEMINOLE A (LN/OKGE/CSWS),PITTSBURG-CANADIAN RIVER 345,23:35,-18.2,
12/28/2024,30825.0,229670.0,Batesvil_Batesvil_115kV_FLO_Batesvil_LS_Power_23,BATSV5 BATSV5_BATSV73 A (LN/EMBA/TVA),BATESVILLE-L S POWER 230,23:40,-4.37,
12/28/2024,,222730.0,EAEE011_RSTE_RUSTON_VIENNA3_A,RSTE RUSTON_VIENNA3 A (LN/LAGN/EES),STERLINGTON - EL DORADO 500,23:40,-26.64,
12/28/2024,29254.0,438951.0,TMP781_Pittsburg_Semino_345_kV_FTLO_Canadian_Riv,SEMINOLE SEMINOLE A (LN/OKGE/CSWS),PITTSBURG-CANADIAN RIVER 345,23:40,-15.47,
12/28/2024,30825.0,229670.0,Batesvil_Batesvil_115kV_FLO_Batesvil_LS_Power_23,BATSV5 BATSV5_BATSV73 A (LN/EMBA/TVA),BATESVILLE-L S POWER 230,23:45,-0.6,
12/28/2024,30825.0,229670.0,Batesvil_Batesvil_115kV_FLO_Batesvil_LS_Power_23,BATSV5 BATSV5_BATSV73 A (LN/EMBA/TVA),BATESVILLE-L S POWER 230,23:50,-0.52,
12/28/2024,,222730.0,EAEE011_RSTE_RUSTON_VIENNA3_A,RSTE RUSTON_VIENNA3 A (LN/LAGN/EES),STERLINGTON - EL DORADO 500,23:55,-31.66,
12/29/2024,30825.0,229670.0,Batesvil_Batesvil_115kV_FLO_Batesvil_LS_Power_23,BATSV5 BATSV5_BATSV73 A (LN/EMBA/TVA),BATESVILLE-L S POWER 230,00:00,-4.87,
12/29/2024,5701.0,471503.0,FTTXFRFTTXFR,FTTHOMP U1B2 KU1B1 (XF/WAUE/*),FT THOMPSON 345/230 KU1A,00:00,-75.81,
12/29/2024,,377774.0,MET13078_ALMA_ALMAREGAL13_1_1,ALMA ALMAREGAL13_1 1 (LN/CONS/CONS),ALMA-CHEESEMAN-REGAL 138,00:00,-96.66,
12/29/2024,30825.0,229670.0,Batesvil_Batesvil_115kV_FLO_Batesvil_LS_Power_23,BATSV5 BATSV5_BATSV73 A (LN/EMBA/TVA),BATESVILLE-L S POWER 230,00:05,-0.16,
12/29/2024,,222730.0,EAEE011_RSTE_RUSTON_VIENNA3_A,RSTE RUSTON_VIENNA3 A (LN/LAGN/EES),STERLINGTON - EL DORADO 500,00:05,-39.69,
12/29/2024,,222730.0,EAEE011_RSTE_RUSTON_VIENNA3_A,RSTE RUSTON_VIENNA3 A (LN/LAGN/EES),STERLINGTON - EL DORADO 500,00:10,-36.63,
12/29/2024,,222730.0,EAEE011_RSTE_RUSTON_VIENNA3_A,RSTE RUSTON_VIENNA3 A (LN/LAGN/EES),STERLINGTON - EL DORADO 500,00:15,-19.37,
12/29/2024,,222730.0,EAEE011_RSTE_RUSTON_VIENNA3_A,RSTE RUSTON_VIENNA3 A (LN/LAGN/EES),STERLINGTON - EL DORADO 500,00:20,-21.92,
12/29/2024,29254.0,438951.0,TMP781_Pittsburg_Semino_345_kV_FTLO_Canadian_Riv,SEMINOLE SEMINOLE A (LN/OKGE/CSWS),PITTSBURG-CANADIAN RIVER 345,00:20,-16.5,
12/29/2024,,222730.0,EAEE011_RSTE_RUSTON_VIENNA3_A,RSTE RUSTON_VIENNA3 A (LN/LAGN/EES),STERLINGTON - EL DORADO 500,00:25,-21.49,
12/29/2024,29254.0,438951.0,TMP781_Pittsburg_Semino_345_kV_FTLO_Canadian_Riv,SEMINOLE SEMINOLE A (LN/OKGE/CSWS),PITTSBURG-CANADIAN RIVER 345,00:25,-1.6,
12/29/2024,,222730.0,EAEE011_RSTE_RUSTON_VIENNA3_A,RSTE RUSTON_VIENNA3 A (LN/LAGN/EES),STERLINGTON - EL DORADO 500,00:30,-18.54,
12/29/2024,,222730.0,EAEE011_RSTE_RUSTON_VIENNA3_A,RSTE RUSTON_VIENNA3 A (LN/LAGN/EES),STERLINGTON - EL DORADO 500,00:35,-17.85,
12/29/2024,,222730.0,EAEE011_RSTE_RUSTON_VIENNA3_A,RSTE RUSTON_VIENNA3 A (LN/LAGN/EES),STERLINGTON - EL DORADO 500,00:40,-19.88,
12/29/2024,,222730.0,EAEE011_RSTE_RUSTON_VIENNA3_A,RSTE RUSTON_VIENNA3 A (LN/LAGN/EES),STERLINGTON - EL DORADO 500,00:45,-29.76,
12/29/2024,,222730.0,EAEE011_RSTE_RUSTON_VIENNA3_A,RSTE RUSTON_VIENNA3 A (LN/LAGN/EES),STERLINGTON - EL DORADO 500,00:50,-48.3,
12/29/2024,,222730.0,EAEE011_RSTE_RUSTON_VIENNA3_A,RSTE RUSTON_VIENNA3 A (LN/LAGN/EES),STERLINGTON - EL DORADO 500,00:55,-32.9,
12/29/2024,,222730.0,EAEE011_RSTE_RUSTON_VIENNA3_A,RSTE RUSTON_VIENNA3 A (LN/LAGN/EES),STERLINGTON - EL DORADO 500,01:00,-20.87,
12/29/2024,,222730.0,EAEE011_RSTE_RUSTON_VIENNA3_A,RSTE RUSTON_VIENNA3 A (LN/LAGN/EES),STERLINGTON - EL DORADO 500,01:05,-23.11,
12/29/2024,,222730.0,EAEE011_RSTE_RUSTON_VIENNA3_A,RSTE RUSTON_VIENNA3 A (LN/LAGN/EES),STERLINGTON - EL DORADO 500,01:10,-22.35,
12/29/2024,,222730.0,EAEE011_RSTE_RUSTON_VIENNA3_A,RSTE RUSTON_VIENNA3 A (LN/LAGN/EES),STERLINGTON - EL DORADO 500,01:15,-22.05,
12/29/2024,,222730.0,EAEE011_RSTE_RUSTON_VIENNA3_A,RSTE RUSTON_VIENNA3 A (LN/LAGN/EES),STERLINGTON - EL DORADO 500,01:25,-6.26,
12/29/2024,,222730.0,EAEE011_RSTE_RUSTON_VIENNA3_A,RSTE RUSTON_VIENNA3 A (LN/LAGN/EES),STERLINGTON - EL DORADO 500,01:35,-27.53,
12/29/2024,5701.0,471503.0,FTTXFRFTTXFR,FTTHOMP U1B2 KU1B1 (XF/WAUE/*),FT THOMPSON 345/230 KU1A,02:10,-83.6,
12/29/2024,,222730.0,EAEE011_RSTE_RUSTON_VIENNA3_A,RSTE RUSTON_VIENNA3 A (LN/LAGN/EES),STERLINGTON - EL DORADO 500,02:15,-10.6,
12/29/2024,5701.0,471503.0,FTTXFRFTTXFR,FTTHOMP U1B2 KU1B1 (XF/WAUE/*),FT THOMPSON 345/230 KU1A,02:15,-82.33,
12/29/2024,,222730.0,EAEE011_RSTE_RUSTON_VIENNA3_A,RSTE RUSTON_VIENNA3 A (LN/LAGN/EES),STERLINGTON - EL DORADO 500,02:20,-15.81,
12/29/2024,5701.0,471503.0,FTTXFRFTTXFR,FTTHOMP U1B2 KU1B1 (XF/WAUE/*),FT THOMPSON 345/230 KU1A,02:20,-79.67,
12/29/2024,,222730.0,EAEE011_RSTE_RUSTON_VIENNA3_A,RSTE RUSTON_VIENNA3 A (LN/LAGN/EES),STERLINGTON - EL DORADO 500,02:25,-15.58,
12/29/2024,5701.0,471503.0,FTTXFRFTTXFR,FTTHOMP U1B2 KU1B1 (XF/WAUE/*),FT THOMPSON 345/230 KU1A,02:25,-79.48,
12/29/2024,,222730.0,EAEE011_RSTE_RUSTON_VIENNA3_A,RSTE RUSTON_VIENNA3 A (LN/LAGN/EES),STERLINGTON - EL DORADO 500,02:30,-17.69,
12/29/2024,5701.0,471503.0,FTTXFRFTTXFR,FTTHOMP U1B2 KU1B1 (XF/WAUE/*),FT THOMPSON 345/230 KU1A,02:30,-78.64,
12/29/2024,,222730.0,EAEE011_RSTE_RUSTON_VIENNA3_A,RSTE RUSTON_VIENNA3 A (LN/LAGN/EES),STERLINGTON - EL DORADO 500,02:35,-14.7,
12/29/2024,5701.0,471503.0,FTTXFRFTTXFR,FTTHOMP U1B2 KU1B1 (XF/WAUE/*),FT THOMPSON 345/230 KU1A,02:35,-78.85000000000001,
12/29/2024,,222730.0,EAEE011_RSTE_RUSTON_VIENNA3_A,RSTE RUSTON_VIENNA3 A (LN/LAGN/EES),STERLINGTON - EL DORADO 500,02:40,-14.59,
12/29/2024,5701.0,471503.0,FTTXFRFTTXFR,FTTHOMP U1B2 KU1B1 (XF/WAUE/*),FT THOMPSON 345/230 KU1A,02:40,-79.27,
12/29/2024,,222730.0,EAEE011_RSTE_RUSTON_VIENNA3_A,RSTE RUSTON_VIENNA3 A (LN/LAGN/EES),STERLINGTON - EL DORADO 500,02:45,-17.2,
12/29/2024,5701.0,471503.0,FTTXFRFTTXFR,FTTHOMP U1B2 KU1B1 (XF/WAUE/*),FT THOMPSON 345/230 KU1A,02:45,-79.01,
12/29/2024,,222730.0,EAEE011_RSTE_RUSTON_VIENNA3_A,RSTE RUSTON_VIENNA3 A (LN/LAGN/EES),STERLINGTON - EL DORADO 500,02:50,-16.46,
12/29/2024,5701.0,471503.0,FTTXFRFTTXFR,FTTHOMP U1B2 KU1B1 (XF/WAUE/*),FT THOMPSON 345/230 KU1A,02:50,-78.63,
12/29/2024,,222730.0,EAEE011_RSTE_RUSTON_VIENNA3_A,RSTE RUSTON_VIENNA3 A (LN/LAGN/EES),STERLINGTON - EL DORADO 500,02:55,-17.63,
12/29/2024,5701.0,471503.0,FTTXFRFTTXFR,FTTHOMP U1B2 KU1B1 (XF/WAUE/*),FT THOMPSON 345/230 KU1A,02:55,-78.46000000000001,
12/29/2024,,222730.0,EAEE011_RSTE_RUSTON_VIENNA3_A,RSTE RUSTON_VIENNA3 A (LN/LAGN/EES),STERLINGTON - EL DORADO 500,03:00,-14.57,
12/29/2024,5701.0,471503.0,FTTXFRFTTXFR,FTTHOMP U1B2 KU1B1 (XF/WAUE/*),FT THOMPSON 345/230 KU1A,03:00,-79.11,
12/29/2024,,162444.0,AMI13179_REYNOLD4_13857_A,REYNOLD4 13857 A (LN/NIPS/NIPS),WATSEKA - SHELDON SOUTH 138,03:05,-7.79,
12/29/2024,,222730.0,EAEE011_RSTE_RUSTON_VIENNA3_A,RSTE RUSTON_VIENNA3 A (LN/LAGN/EES),STERLINGTON - EL DORADO 500,03:05,-16.21,
12/29/2024,5701.0,471503.0,FTTXFRFTTXFR,FTTHOMP U1B2 KU1B1 (XF/WAUE/*),FT THOMPSON 345/230 KU1A,03:05,-73.02,
12/29/2024,,162444.0,AMI13179_REYNOLD4_13857_A,REYNOLD4 13857 A (LN/NIPS/NIPS),WATSEKA - SHELDON SOUTH 138,03:10,-7.84,
12/29/2024,,222730.0,EAEE011_RSTE_RUSTON_VIENNA3_A,RSTE RUSTON_VIENNA3 A (LN/LAGN/EES),STERLINGTON - EL DORADO 500,03:10,-22.9,
12/29/2024,5701.0,471503.0,FTTXFRFTTXFR,FTTHOMP U1B2 KU1B1 (XF/WAUE/*),FT THOMPSON 345/230 KU1A,03:10,-26.46,
12/29/2024,,162444.0,AMI13179_REYNOLD4_13857_A,REYNOLD4 13857 A (LN/NIPS/NIPS),WATSEKA - SHELDON SOUTH 138,03:15,-7.78,
12/29/2024,,222730.0,EAEE011_RSTE_RUSTON_VIENNA3_A,RSTE RUSTON_VIENNA3 A (LN/LAGN/EES),STERLINGTON - EL DORADO 500,03:15,-22.26,
12/29/2024,,162444.0,AMI13179_REYNOLD4_13857_A,REYNOLD4 13857 A (LN/NIPS/NIPS),WATSEKA - SHELDON SOUTH 138,03:20,-7.59,
12/29/2024,,222730.0,EAEE011_RSTE_RUSTON_VIENNA3_A,RSTE RUSTON_VIENNA3 A (LN/LAGN/EES),STERLINGTON - EL DORADO 500,03:20,-20.75,
12/29/2024,,162444.0,AMI13179_REYNOLD4_13857_A,REYNOLD4 13857 A (LN/NIPS/NIPS),WATSEKA - SHELDON SOUTH 138,03:25,-7.54,
12/29/2024,,222730.0,EAEE011_RSTE_RUSTON_VIENNA3_A,RSTE RUSTON_VIENNA3 A (LN/LAGN/EES),STERLINGTON - EL DORADO 500,03:25,-19.75,
12/29/2024,,162444.0,AMI13179_REYNOLD4_13857_A,REYNOLD4 13857 A (LN/NIPS/NIPS),WATSEKA - SHELDON SOUTH 138,03:30,-7.4,
12/29/2024,,222730.0,EAEE011_RSTE_RUSTON_VIENNA3_A,RSTE RUSTON_VIENNA3 A (LN/LAGN/EES),STERLINGTON - EL DORADO 500,03:30,-6.89,
12/29/2024,,162444.0,AMI13179_REYNOLD4_13857_A,REYNOLD4 13857 A (LN/NIPS/NIPS),WATSEKA - SHELDON SOUTH 138,03:35,-7.49,
12/29/2024,5701.0,471503.0,FTTXFRFTTXFR,FTTHOMP U1B2 KU1B1 (XF/WAUE/*),FT THOMPSON 345/230 KU1A,03:35,-1.6,
12/29/2024,,162444.0,AMI13179_REYNOLD4_13857_A,REYNOLD4 13857 A (LN/NIPS/NIPS),WATSEKA - SHELDON SOUTH 138,03:40,-7.48,
12/29/2024,5701.0,471503.0,FTTXFRFTTXFR,FTTHOMP U1B2 KU1B1 (XF/WAUE/*),FT THOMPSON 345/230 KU1A,03:40,-10.43,
12/29/2024,,162444.0,AMI13179_REYNOLD4_13857_A,REYNOLD4 13857 A (LN/NIPS/NIPS),WATSEKA - SHELDON SOUTH 138,03:45,-7.53,
12/29/2024,,162444.0,AMI13179_REYNOLD4_13857_A,REYNOLD4 13857 A (LN/NIPS/NIPS),WATSEKA - SHELDON SOUTH 138,03:50,-11.87,
12/29/2024,,162444.0,AMI13179_REYNOLD4_13857_A,REYNOLD4 13857 A (LN/NIPS/NIPS),WATSEKA - SHELDON SOUTH 138,03:55,-17.44,
12/29/2024,,162444.0,AMI13179_REYNOLD4_13857_A,REYNOLD4 13857 A (LN/NIPS/NIPS),WATSEKA - SHELDON SOUTH 138,04:00,-12.47,
12/29/2024,5701.0,471503.0,FTTXFRFTTXFR,FTTHOMP U1B2 KU1B1 (XF/WAUE/*),FT THOMPSON 345/230 KU1A,04:00,-32.35,
12/29/2024,,162444.0,AMI13179_REYNOLD4_13857_A,REYNOLD4 13857 A (LN/NIPS/NIPS),WATSEKA - SHELDON SOUTH 138,04:05,-7.81,
12/29/2024,,222730.0,EAEE011_RSTE_RUSTON_VIENNA3_A,RSTE RUSTON_VIENNA3 A (LN/LAGN/EES),STERLINGTON - EL DORADO 500,04:05,-13.39,
12/29/2024,5701.0,471503.0,FTTXFRFTTXFR,FTTHOMP U1B2 KU1B1 (XF/WAUE/*),FT THOMPSON 345/230 KU1A,04:05,-59.75,
12/29/2024,,162444.0,AMI13179_REYNOLD4_13857_A,REYNOLD4 13857 A (LN/NIPS/NIPS),WATSEKA - SHELDON SOUTH 138,04:10,-7.83,
12/29/2024,,222730.0,EAEE011_RSTE_RUSTON_VIENNA3_A,RSTE RUSTON_VIENNA3 A (LN/LAGN/EES),STERLINGTON - EL DORADO 500,04:10,-12.84,
12/29/2024,5701.0,471503.0,FTTXFRFTTXFR,FTTHOMP U1B2 KU1B1 (XF/WAUE/*),FT THOMPSON 345/230 KU1A,04:10,-89.1,
12/29/2024,,162444.0,AMI13179_REYNOLD4_13857_A,REYNOLD4 13857 A (LN/NIPS/NIPS),WATSEKA - SHELDON SOUTH 138,04:15,-16.830000000000002,
12/29/2024,,222730.0,EAEE011_RSTE_RUSTON_VIENNA3_A,RSTE RUSTON_VIENNA3 A (LN/LAGN/EES),STERLINGTON - EL DORADO 500,04:15,-13.56,
12/29/2024,5701.0,471503.0,FTTXFRFTTXFR,FTTHOMP U1B2 KU1B1 (XF/WAUE/*),FT THOMPSON 345/230 KU1A,04:15,-88.29,
12/29/2024,,162444.0,AMI13179_REYNOLD4_13857_A,REYNOLD4 13857 A (LN/NIPS/NIPS),WATSEKA - SHELDON SOUTH 138,04:20,-17.35,
12/29/2024,,222730.0,EAEE011_RSTE_RUSTON_VIENNA3_A,RSTE RUSTON_VIENNA3 A (LN/LAGN/EES),STERLINGTON - EL DORADO 500,04:20,-9.69,
12/29/2024,5701.0,471503.0,FTTXFRFTTXFR,FTTHOMP U1B2 KU1B1 (XF/WAUE/*),FT THOMPSON 345/230 KU1A,04:20,-88.84,
12/29/2024,,162444.0,AMI13179_REYNOLD4_13857_A,REYNOLD4 13857 A (LN/NIPS/NIPS),WATSEKA - SHELDON SOUTH 138,04:25,-17.02,
12/29/2024,,222730.0,EAEE011_RSTE_RUSTON_VIENNA3_A,RSTE RUSTON_VIENNA3 A (LN/LAGN/EES),STERLINGTON - EL DORADO 500,04:25,-12.42,
12/29/2024,5701.0,471503.0,FTTXFRFTTXFR,FTTHOMP U1B2 KU1B1 (XF/WAUE/*),FT THOMPSON 345/230 KU1A,04:25,-89.43,
12/29/2024,,162444.0,AMI13179_REYNOLD4_13857_A,REYNOLD4 13857 A (LN/NIPS/NIPS),WATSEKA - SHELDON SOUTH 138,04:30,-11.77,
12/29/2024,5701.0,471503.0,FTTXFRFTTXFR,FTTHOMP U1B2 KU1B1 (XF/WAUE/*),FT THOMPSON 345/230 KU1A,04:30,-88.25,
12/29/2024,,162444.0,AMI13179_REYNOLD4_13857_A,REYNOLD4 13857 A (LN/NIPS/NIPS),WATSEKA - SHELDON SOUTH 138,04:35,-10.25,
12/29/2024,5701.0,471503.0,FTTXFRFTTXFR,FTTHOMP U1B2 KU1B1 (XF/WAUE/*),FT THOMPSON 345/230 KU1A,04:35,-85.8,
12/29/2024,,162444.0,AMI13179_REYNOLD4_13857_A,REYNOLD4 13857 A (LN/NIPS/NIPS),WATSEKA - SHELDON SOUTH 138,04:40,-7.99,
12/29/2024,5701.0,471503.0,FTTXFRFTTXFR,FTTHOMP U1B2 KU1B1 (XF/WAUE/*),FT THOMPSON 345/230 KU1A,04:40,-77.09,
12/29/2024,,162444.0,AMI13179_REYNOLD4_13857_A,REYNOLD4 13857 A (LN/NIPS/NIPS),WATSEKA - SHELDON SOUTH 138,04:45,-11.53,
12/29/2024,5701.0,471503.0,FTTXFRFTTXFR,FTTHOMP U1B2 KU1B1 (XF/WAUE/*),FT THOMPSON 345/230 KU1A,04:45,-77.36,
12/29/2024,,162444.0,AMI13179_REYNOLD4_13857_A,REYNOLD4 13857 A (LN/NIPS/NIPS),WATSEKA - SHELDON SOUTH 138,04:50,-17.26,
12/29/2024,,222730.0,EAEE011_RSTE_RUSTON_VIENNA3_A,RSTE RUSTON_VIENNA3 A (LN/LAGN/EES),STERLINGTON - EL DORADO 500,04:50,-12.57,
12/29/2024,5701.0,471503.0,FTTXFRFTTXFR,FTTHOMP U1B2 KU1B1 (XF/WAUE/*),FT THOMPSON 345/230 KU1A,04:50,-75.60000000000001,
12/29/2024,,162444.0,AMI13179_REYNOLD4_13857_A,REYNOLD4 13857 A (LN/NIPS/NIPS),WATSEKA - SHELDON SOUTH 138,04:55,-17.31,
12/29/2024,,222730.0,EAEE011_RSTE_RUSTON_VIENNA3_A,RSTE RUSTON_VIENNA3 A (LN/LAGN/EES),STERLINGTON - EL DORADO 500,04:55,-12.93,
12/29/2024,5701.0,471503.0,FTTXFRFTTXFR,FTTHOMP U1B2 KU1B1 (XF/WAUE/*),FT THOMPSON 345/230 KU1A,04:55,-78.42,
12/29/2024,,162444.0,AMI13179_REYNOLD4_13857_A,REYNOLD4 13857 A (LN/NIPS/NIPS),WATSEKA - SHELDON SOUTH 138,05:00,-17.29,
12/29/2024,,222730.0,EAEE011_RSTE_RUSTON_VIENNA3_A,RSTE RUSTON_VIENNA3 A (LN/LAGN/EES),STERLINGTON - EL DORADO 500,05:00,-12.53,
12/29/2024,5701.0,471503.0,FTTXFRFTTXFR,FTTHOMP U1B2 KU1B1 (XF/WAUE/*),FT THOMPSON 345/230 KU1A,05:00,-79.89,
12/29/2024,,162444.0,AMI13179_REYNOLD4_13857_A,REYNOLD4 13857 A (LN/NIPS/NIPS),WATSEKA - SHELDON SOUTH 138,05:05,-17.29,
12/29/2024,,222730.0,EAEE011_RSTE_RUSTON_VIENNA3_A,RSTE RUSTON_VIENNA3 A (LN/LAGN/EES),STERLINGTON - EL DORADO 500,05:05,-13.45,
12/29/2024,5701.0,471503.0,FTTXFRFTTXFR,FTTHOMP U1B2 KU1B1 (XF/WAUE/*),FT THOMPSON 345/230 KU1A,05:05,-81.37,
12/29/2024,,162444.0,AMI13179_REYNOLD4_13857_A,REYNOLD4 13857 A (LN/NIPS/NIPS),WATSEKA - SHELDON SOUTH 138,05:10,-16.63,
12/29/2024,,222730.0,EAEE011_RSTE_RUSTON_VIENNA3_A,RSTE RUSTON_VIENNA3 A (LN/LAGN/EES),STERLINGTON - EL DORADO 500,05:10,-6.99,
12/29/2024,5701.0,471503.0,FTTXFRFTTXFR,FTTHOMP U1B2 KU1B1 (XF/WAUE/*),FT THOMPSON 345/230 KU1A,05:10,-80.88,
12/29/2024,,162444.0,AMI13179_REYNOLD4_13857_A,REYNOLD4 13857 A (LN/NIPS/NIPS),WATSEKA - SHELDON SOUTH 138,05:15,-12.88,
12/29/2024,,222730.0,EAEE011_RSTE_RUSTON_VIENNA3_A,RSTE RUSTON_VIENNA3 A (LN/LAGN/EES),STERLINGTON - EL DORADO 500,05:15,-11.9,
12/29/2024,5701.0,471503.0,FTTXFRFTTXFR,FTTHOMP U1B2 KU1B1 (XF/WAUE/*),FT THOMPSON 345/230 KU1A,05:15,-78.62,
12/29/2024,,162444.0,AMI13179_REYNOLD4_13857_A,REYNOLD4 13857 A (LN/NIPS/NIPS),WATSEKA - SHELDON SOUTH 138,05:20,-8.22,
12/29/2024,,222730.0,EAEE011_RSTE_RUSTON_VIENNA3_A,RSTE RUSTON_VIENNA3 A (LN/LAGN/EES),STERLINGTON - EL DORADO 500,05:20,-12.93,
12/29/2024,5701.0,471503.0,FTTXFRFTTXFR,FTTHOMP U1B2 KU1B1 (XF/WAUE/*),FT THOMPSON 345/230 KU1A,05:20,-79.95,
12/29/2024,,162444.0,AMI13179_REYNOLD4_13857_A,REYNOLD4 13857 A (LN/NIPS/NIPS),WATSEKA - SHELDON SOUTH 138,05:25,-7.71,
12/29/2024,,222730.0,EAEE011_RSTE_RUSTON_VIENNA3_A,RSTE RUSTON_VIENNA3 A (LN/LAGN/EES),STERLINGTON - EL DORADO 500,05:25,-11.39,
12/29/2024,5701.0,471503.0,FTTXFRFTTXFR,FTTHOMP U1B2 KU1B1 (XF/WAUE/*),FT THOMPSON 345/230 KU1A,05:25,-78.31,
12/29/2024,,162444.0,AMI13179_REYNOLD4_13857_A,REYNOLD4 13857 A (LN/NIPS/NIPS),WATSEKA - SHELDON SOUTH 138,05:30,-7.51,
12/29/2024,,222730.0,EAEE011_RSTE_RUSTON_VIENNA3_A,RSTE RUSTON_VIENNA3 A (LN/LAGN/EES),STERLINGTON - EL DORADO 500,05:30,-11.3,
12/29/2024,5701.0,471503.0,FTTXFRFTTXFR,FTTHOMP U1B2 KU1B1 (XF/WAUE/*),FT THOMPSON 345/230 KU1A,05:30,-77.45,
12/29/2024,,162444.0,AMI13179_REYNOLD4_13857_A,REYNOLD4 13857 A (LN/NIPS/NIPS),WATSEKA - SHELDON SOUTH 138,05:35,-6.55,
12/29/2024,,222730.0,EAEE011_RSTE_RUSTON_VIENNA3_A,RSTE RUSTON_VIENNA3 A (LN/LAGN/EES),STERLINGTON - EL DORADO 500,05:35,-5.0600000000000005,
12/29/2024,5701.0,471503.0,FTTXFRFTTXFR,FTTHOMP U1B2 KU1B1 (XF/WAUE/*),FT THOMPSON 345/230 KU1A,05:35,-77.08,
12/29/2024,,162444.0,AMI13179_REYNOLD4_13857_A,REYNOLD4 13857 A (LN/NIPS/NIPS),WATSEKA - SHELDON SOUTH 138,05:40,-16.66,
12/29/2024,,222730.0,EAEE011_RSTE_RUSTON_VIENNA3_A,RSTE RUSTON_VIENNA3 A (LN/LAGN/EES),STERLINGTON - EL DORADO 500,05:40,-10.53,
12/29/2024,5701.0,471503.0,FTTXFRFTTXFR,FTTHOMP U1B2 KU1B1 (XF/WAUE/*),FT THOMPSON 345/230 KU1A,05:40,-75.3,
12/29/2024,,162444.0,AMI13179_REYNOLD4_13857_A,REYNOLD4 13857 A (LN/NIPS/NIPS),WATSEKA - SHELDON SOUTH 138,05:45,-16.85,
12/29/2024,,222730.0,EAEE011_RSTE_RUSTON_VIENNA3_A,RSTE RUSTON_VIENNA3 A (LN/LAGN/EES),STERLINGTON - EL DORADO 500,05:45,-10.96,
12/29/2024,5701.0,471503.0,FTTXFRFTTXFR,FTTHOMP U1B2 KU1B1 (XF/WAUE/*),FT THOMPSON 345/230 KU1A,05:45,-75.07000000000001,
12/29/2024,,162444.0,AMI13179_REYNOLD4_13857_A,REYNOLD4 13857 A (LN/NIPS/NIPS),WATSEKA - SHELDON SOUTH 138,05:50,-16.96,
12/29/2024,,222730.0,EAEE011_RSTE_RUSTON_VIENNA3_A,RSTE RUSTON_VIENNA3 A (LN/LAGN/EES),STERLINGTON - EL DORADO 500,05:50,-8.26,
12/29/2024,5701.0,471503.0,FTTXFRFTTXFR,FTTHOMP U1B2 KU1B1 (XF/WAUE/*),FT THOMPSON 345/230 KU1A,05:50,-75.32000000000001,
12/29/2024,,162444.0,AMI13179_REYNOLD4_13857_A,REYNOLD4 13857 A (LN/NIPS/NIPS),WATSEKA - SHELDON SOUTH 138,05:55,-17.13,
12/29/2024,,222730.0,EAEE011_RSTE_RUSTON_VIENNA3_A,RSTE RUSTON_VIENNA3 A (LN/LAGN/EES),STERLINGTON - EL DORADO 500,05:55,-10.0,
12/29/2024,5701.0,471503.0,FTTXFRFTTXFR,FTTHOMP U1B2 KU1B1 (XF/WAUE/*),FT THOMPSON 345/230 KU1A,05:55,-77.5,
12/29/2024,,162444.0,AMI13179_REYNOLD4_13857_A,REYNOLD4 13857 A (LN/NIPS/NIPS),WATSEKA - SHELDON SOUTH 138,06:00,-17.44,
12/29/2024,,222730.0,EAEE011_RSTE_RUSTON_VIENNA3_A,RSTE RUSTON_VIENNA3 A (LN/LAGN/EES),STERLINGTON - EL DORADO 500,06:00,-11.21,
12/29/2024,5701.0,471503.0,FTTXFRFTTXFR,FTTHOMP U1B2 KU1B1 (XF/WAUE/*),FT THOMPSON 345/230 KU1A,06:00,-70.62,
12/29/2024,,162444.0,AMI13179_REYNOLD4_13857_A,REYNOLD4 13857 A (LN/NIPS/NIPS),WATSEKA - SHELDON SOUTH 138,06:05,-17.27,
12/29/2024,,222730.0,EAEE011_RSTE_RUSTON_VIENNA3_A,RSTE RUSTON_VIENNA3 A (LN/LAGN/EES),STERLINGTON - EL DORADO 500,06:05,-16.93,
12/29/2024,5701.0,471503.0,FTTXFRFTTXFR,FTTHOMP U1B2 KU1B1 (XF/WAUE/*),FT THOMPSON 345/230 KU1A,06:05,-64.57000000000001,
12/29/2024,,162444.0,AMI13179_REYNOLD4_13857_A,REYNOLD4 13857 A (LN/NIPS/NIPS),WATSEKA - SHELDON SOUTH 138,06:10,-17.62,
12/29/2024,30825.0,229670.0,Batesvil_Batesvil_115kV_FLO_Batesvil_LS_Power_23,BATSV5 BATSV5_BATSV73 A (LN/EMBA/TVA),BATESVILLE-L S POWER 230,06:10,-0.42,
12/29/2024,,222730.0,EAEE011_RSTE_RUSTON_VIENNA3_A,RSTE RUSTON_VIENNA3 A (LN/LAGN/EES),STERLINGTON - EL DORADO 500,06:10,-23.21,
12/29/2024,5701.0,471503.0,FTTXFRFTTXFR,FTTHOMP U1B2 KU1B1 (XF/WAUE/*),FT THOMPSON 345/230 KU1A,06:10,-64.87,
12/29/2024,,162444.0,AMI13179_REYNOLD4_13857_A,REYNOLD4 13857 A (LN/NIPS/NIPS),WATSEKA - SHELDON SOUTH 138,06:15,-17.41,
12/29/2024,30825.0,229670.0,Batesvil_Batesvil_115kV_FLO_Batesvil_LS_Power_23,BATSV5 BATSV5_BATSV73 A (LN/EMBA/TVA),BATESVILLE-L S POWER 230,06:15,-0.08,
12/29/2024,,222730.0,EAEE011_RSTE_RUSTON_VIENNA3_A,RSTE RUSTON_VIENNA3 A (LN/LAGN/EES),STERLINGTON - EL DORADO 500,06:15,-19.07,
12/29/2024,5701.0,471503.0,FTTXFRFTTXFR,FTTHOMP U1B2 KU1B1 (XF/WAUE/*),FT THOMPSON 345/230 KU1A,06:15,-74.95,
12/29/2024,,162444.0,AMI13179_REYNOLD4_13857_A,REYNOLD4 13857 A (LN/NIPS/NIPS),WATSEKA - SHELDON SOUTH 138,06:20,-17.42,
12/29/2024,30825.0,229670.0,Batesvil_Batesvil_115kV_FLO_Batesvil_LS_Power_23,BATSV5 BATSV5_BATSV73 A (LN/EMBA/TVA),BATESVILLE-L S POWER 230,06:20,-0.17,
12/29/2024,,222730.0,EAEE011_RSTE_RUSTON_VIENNA3_A,RSTE RUSTON_VIENNA3 A (LN/LAGN/EES),STERLINGTON - EL DORADO 500,06:20,-14.0,
12/29/2024,5701.0,471503.0,FTTXFRFTTXFR,FTTHOMP U1B2 KU1B1 (XF/WAUE/*),FT THOMPSON 345/230 KU1A,06:20,-75.49,
12/29/2024,,162444.0,AMI13179_REYNOLD4_13857_A,REYNOLD4 13857 A (LN/NIPS/NIPS),WATSEKA - SHELDON SOUTH 138,06:25,-17.580000000000002,
12/29/2024,30825.0,229670.0,Batesvil_Batesvil_115kV_FLO_Batesvil_LS_Power_23,BATSV5 BATSV5_BATSV73 A (LN/EMBA/TVA),BATESVILLE-L S POWER 230,06:25,-0.42,
12/29/2024,,222730.0,EAEE011_RSTE_RUSTON_VIENNA3_A,RSTE RUSTON_VIENNA3 A (LN/LAGN/EES),STERLINGTON - EL DORADO 500,06:25,-17.28,
12/29/2024,5701.0,471503.0,FTTXFRFTTXFR,FTTHOMP U1B2 KU1B1 (XF/WAUE/*),FT THOMPSON 345/230 KU1A,06:25,-74.66,
12/29/2024,,162444.0,AMI13179_REYNOLD4_13857_A,REYNOLD4 13857 A (LN/NIPS/NIPS),WATSEKA - SHELDON SOUTH 138,06:30,-17.59,
12/29/2024,30825.0,229670.0,Batesvil_Batesvil_115kV_FLO_Batesvil_LS_Power_23,BATSV5 BATSV5_BATSV73 A (LN/EMBA/TVA),BATESVILLE-L S POWER 230,06:30,-0.71,
12/29/2024,,222730.0,EAEE011_RSTE_RUSTON_VIENNA3_A,RSTE RUSTON_VIENNA3 A (LN/LAGN/EES),STERLINGTON - EL DORADO 500,06:30,-16.68,
12/29/2024,5701.0,471503.0,FTTXFRFTTXFR,FTTHOMP U1B2 KU1B1 (XF/WAUE/*),FT THOMPSON 345/230 KU1A,06:30,-67.06,
12/29/2024,,162444.0,AMI13179_REYNOLD4_13857_A,REYNOLD4 13857 A (LN/NIPS/NIPS),WATSEKA - SHELDON SOUTH 138,06:35,-17.830000000000002,
12/29/2024,30825.0,229670.0,Batesvil_Batesvil_115kV_FLO_Batesvil_LS_Power_23,BATSV5 BATSV5_BATSV73 A (LN/EMBA/TVA),BATESVILLE-L S POWER 230,06:35,-0.99,
12/29/2024,,222730.0,EAEE011_RSTE_RUSTON_VIENNA3_A,RSTE RUSTON_VIENNA3 A (LN/LAGN/EES),STERLINGTON - EL DORADO 500,06:35,-19.27,
12/29/2024,5701.0,471503.0,FTTXFRFTTXFR,FTTHOMP U1B2 KU1B1 (XF/WAUE/*),FT THOMPSON 345/230 KU1A,06:35,-67.54,
12/29/2024,,162444.0,AMI13179_REYNOLD4_13857_A,REYNOLD4 13857 A (LN/NIPS/NIPS),WATSEKA - SHELDON SOUTH 138,06:40,-17.330000000000002,
12/29/2024,30825.0,229670.0,Batesvil_Batesvil_115kV_FLO_Batesvil_LS_Power_23,BATSV5 BATSV5_BATSV73 A (LN/EMBA/TVA),BATESVILLE-L S POWER 230,06:40,-0.01,
12/29/2024,,222730.0,EAEE011_RSTE_RUSTON_VIENNA3_A,RSTE RUSTON_VIENNA3 A (LN/LAGN/EES),STERLINGTON - EL DORADO 500,06:40,-14.94,
12/29/2024,5701.0,471503.0,FTTXFRFTTXFR,FTTHOMP U1B2 KU1B1 (XF/WAUE/*),FT THOMPSON 345/230 KU1A,06:40,-74.93,
12/29/2024,,162444.0,AMI13179_REYNOLD4_13857_A,REYNOLD4 13857 A (LN/NIPS/NIPS),WATSEKA - SHELDON SOUTH 138,06:45,-18.01,
12/29/2024,,222730.0,EAEE011_RSTE_RUSTON_VIENNA3_A,RSTE RUSTON_VIENNA3 A (LN/LAGN/EES),STERLINGTON - EL DORADO 500,06:45,-13.3,
12/29/2024,5701.0,471503.0,FTTXFRFTTXFR,FTTHOMP U1B2 KU1B1 (XF/WAUE/*),FT THOMPSON 345/230 KU1A,06:45,-114.78,
12/29/2024,,162444.0,AMI13179_REYNOLD4_13857_A,REYNOLD4 13857 A (LN/NIPS/NIPS),WATSEKA - SHELDON SOUTH 138,06:50,-18.830000000000002,
12/29/2024,,222730.0,EAEE011_RSTE_RUSTON_VIENNA3_A,RSTE RUSTON_VIENNA3 A (LN/LAGN/EES),STERLINGTON - EL DORADO 500,06:50,-20.41,
12/29/2024,5701.0,471503.0,FTTXFRFTTXFR,FTTHOMP U1B2 KU1B1 (XF/WAUE/*),FT THOMPSON 345/230 KU1A,06:50,-114.78,
12/29/2024,,162444.0,AMI13179_REYNOLD4_13857_A,REYNOLD4 13857 A (LN/NIPS/NIPS),WATSEKA - SHELDON SOUTH 138,06:55,-18.18,
12/29/2024,,222730.0,EAEE011_RSTE_RUSTON_VIENNA3_A,RSTE RUSTON_VIENNA3 A (LN/LAGN/EES),STERLINGTON - EL DORADO 500,06:55,-16.97,
12/29/2024,5701.0,471503.0,FTTXFRFTTXFR,FTTHOMP U1B2 KU1B1 (XF/WAUE/*),FT THOMPSON 345/230 KU1A,06:55,-123.97,
12/29/2024,,162444.0,AMI13179_REYNOLD4_13857_A,REYNOLD4 13857 A (LN/NIPS/NIPS),WATSEKA - SHELDON SOUTH 138,07:00,-16.95,
12/29/2024,,222730.0,EAEE011_RSTE_RUSTON_VIENNA3_A,RSTE RUSTON_VIENNA3 A (LN/LAGN/EES),STERLINGTON - EL DORADO 500,07:00,-12.98,
12/29/2024,,220546.0,EESOC11_ADAMCR_ADAMCR_ANGIE_6_A,ADAMCR ADAMCR_ANGIE_6 A (LN/EES/EES),MCKNIGHT - DANIEL 500,07:00,-0.37,
12/29/2024,5701.0,471503.0,FTTXFRFTTXFR,FTTHOMP U1B2 KU1B1 (XF/WAUE/*),FT THOMPSON 345/230 KU1A,07:00,-93.1,
12/29/2024,,162444.0,AMI13179_REYNOLD4_13857_A,REYNOLD4 13857 A (LN/NIPS/NIPS),WATSEKA - SHELDON SOUTH 138,07:05,-16.88,
12/29/2024,,222730.0,EAEE011_RSTE_RUSTON_VIENNA3_A,RSTE RUSTON_VIENNA3 A (LN/LAGN/EES),STERLINGTON - EL DORADO 500,07:05,-9.89,
12/29/2024,5701.0,471503.0,FTTXFRFTTXFR,FTTHOMP U1B2 KU1B1 (XF/WAUE/*),FT THOMPSON 345/230 KU1A,07:05,-83.96,
12/29/2024,,162444.0,AMI13179_REYNOLD4_13857_A,REYNOLD4 13857 A (LN/NIPS/NIPS),WATSEKA - SHELDON SOUTH 138,07:10,-16.96,
12/29/2024,,222730.0,EAEE011_RSTE_RUSTON_VIENNA3_A,RSTE RUSTON_VIENNA3 A (LN/LAGN/EES),STERLINGTON - EL DORADO 500,07:10,-10.46,
12/29/2024,5701.0,471503.0,FTTXFRFTTXFR,FTTHOMP U1B2 KU1B1 (XF/WAUE/*),FT THOMPSON 345/230 KU1A,07:10,-87.11,
12/29/2024,,162444.0,AMI13179_REYNOLD4_13857_A,REYNOLD4 13857 A (LN/NIPS/NIPS),WATSEKA - SHELDON SOUTH 138,07:15,-17.37,
12/29/2024,,222730.0,EAEE011_RSTE_RUSTON_VIENNA3_A,RSTE RUSTON_VIENNA3 A (LN/LAGN/EES),STERLINGTON - EL DORADO 500,07:15,-11.75,
12/29/2024,5701.0,471503.0,FTTXFRFTTXFR,FTTHOMP U1B2 KU1B1 (XF/WAUE/*),FT THOMPSON 345/230 KU1A,07:15,-72.38,
12/29/2024,,162444.0,AMI13179_REYNOLD4_13857_A,REYNOLD4 13857 A (LN/NIPS/NIPS),WATSEKA - SHELDON SOUTH 138,07:20,-17.43,
12/29/2024,30825.0,229670.0,Batesvil_Batesvil_115kV_FLO_Batesvil_LS_Power_23,BATSV5 BATSV5_BATSV73 A (LN/EMBA/TVA),BATESVILLE-L S POWER 230,07:20,-0.42,
12/29/2024,,222730.0,EAEE011_RSTE_RUSTON_VIENNA3_A,RSTE RUSTON_VIENNA3 A (LN/LAGN/EES),STERLINGTON - EL DORADO 500,07:20,-16.56,
12/29/2024,5701.0,471503.0,FTTXFRFTTXFR,FTTHOMP U1B2 KU1B1 (XF/WAUE/*),FT THOMPSON 345/230 KU1A,07:20,-69.56,
12/29/2024,,162444.0,AMI13179_REYNOLD4_13857_A,REYNOLD4 13857 A (LN/NIPS/NIPS),WATSEKA - SHELDON SOUTH 138,07:25,-17.45,
12/29/2024,30825.0,229670.0,Batesvil_Batesvil_115kV_FLO_Batesvil_LS_Power_23,BATSV5 BATSV5_BATSV73 A (LN/EMBA/TVA),BATESVILLE-L S POWER 230,07:25,-0.17,
12/29/2024,,222730.0,EAEE011_RSTE_RUSTON_VIENNA3_A,RSTE RUSTON_VIENNA3 A (LN/LAGN/EES),STERLINGTON - EL DORADO 500,07:25,-19.51,
12/29/2024,5701.0,471503.0,FTTXFRFTTXFR,FTTHOMP U1B2 KU1B1 (XF/WAUE/*),FT THOMPSON 345/230 KU1A,07:25,-70.29,
12/29/2024,,162444.0,AMI13179_REYNOLD4_13857_A,REYNOLD4 13857 A (LN/NIPS/NIPS),WATSEKA - SHELDON SOUTH 138,07:30,-17.37,
12/29/2024,30825.0,229670.0,Batesvil_Batesvil_115kV_FLO_Batesvil_LS_Power_23,BATSV5 BATSV5_BATSV73 A (LN/EMBA/TVA),BATESVILLE-L S POWER 230,07:30,-0.08,
12/29/2024,,222730.0,EAEE011_RSTE_RUSTON_VIENNA3_A,RSTE RUSTON_VIENNA3 A (LN/LAGN/EES),STERLINGTON - EL DORADO 500,07:30,-17.96,
12/29/2024,5701.0,471503.0,FTTXFRFTTXFR,FTTHOMP U1B2 KU1B1 (XF/WAUE/*),FT THOMPSON 345/230 KU1A,07:30,-70.13,
12/29/2024,,162444.0,AMI13179_REYNOLD4_13857_A,REYNOLD4 13857 A (LN/NIPS/NIPS),WATSEKA - SHELDON SOUTH 138,07:35,-17.39,
12/29/2024,,222730.0,EAEE011_RSTE_RUSTON_VIENNA3_A,RSTE RUSTON_VIENNA3 A (LN/LAGN/EES),STERLINGTON - EL DORADO 500,07:35,-15.3,
12/29/2024,5701.0,471503.0,FTTXFRFTTXFR,FTTHOMP U1B2 KU1B1 (XF/WAUE/*),FT THOMPSON 345/230 KU1A,07:35,-76.95,
12/29/2024,,162444.0,AMI13179_REYNOLD4_13857_A,REYNOLD4 13857 A (LN/NIPS/NIPS),WATSEKA - SHELDON SOUTH 138,07:40,-17.45,
12/29/2024,,222730.0,EAEE011_RSTE_RUSTON_VIENNA3_A,RSTE RUSTON_VIENNA3 A (LN/LAGN/EES),STERLINGTON - EL DORADO 500,07:40,-13.33,
12/29/2024,5701.0,471503.0,FTTXFRFTTXFR,FTTHOMP U1B2 KU1B1 (XF/WAUE/*),FT THOMPSON 345/230 KU1A,07:40,-79.18,
12/29/2024,,162444.0,AMI13179_REYNOLD4_13857_A,REYNOLD4 13857 A (LN/NIPS/NIPS),WATSEKA - SHELDON SOUTH 138,07:45,-18.01,
12/29/2024,5701.0,471503.0,FTTXFRFTTXFR,FTTHOMP U1B2 KU1B1 (XF/WAUE/*),FT THOMPSON 345/230 KU1A,07:45,-79.9,
12/29/2024,,162444.0,AMI13179_REYNOLD4_13857_A,REYNOLD4 13857 A (LN/NIPS/NIPS),WATSEKA - SHELDON SOUTH 138,07:50,-17.580000000000002,
12/29/2024,,222730.0,EAEE011_RSTE_RUSTON_VIENNA3_A,RSTE RUSTON_VIENNA3 A (LN/LAGN/EES),STERLINGTON - EL DORADO 500,07:50,-12.41,
12/29/2024,5701.0,471503.0,FTTXFRFTTXFR,FTTHOMP U1B2 KU1B1 (XF/WAUE/*),FT THOMPSON 345/230 KU1A,07:50,-86.27,
12/29/2024,,162444.0,AMI13179_REYNOLD4_13857_A,REYNOLD4 13857 A (LN/NIPS/NIPS),WATSEKA - SHELDON SOUTH 138,07:55,-17.89,
12/29/2024,5701.0,471503.0,FTTXFRFTTXFR,FTTHOMP U1B2 KU1B1 (XF/WAUE/*),FT THOMPSON 345/230 KU1A,07:55,-88.41,
12/29/2024,,162444.0,AMI13179_REYNOLD4_13857_A,REYNOLD4 13857 A (LN/NIPS/NIPS),WATSEKA - SHELDON SOUTH 138,08:00,-17.67,
12/29/2024,,222730.0,EAEE011_RSTE_RUSTON_VIENNA3_A,RSTE RUSTON_VIENNA3 A (LN/LAGN/EES),STERLINGTON - EL DORADO 500,08:00,-16.22,
12/29/2024,5701.0,471503.0,FTTXFRFTTXFR,FTTHOMP U1B2 KU1B1 (XF/WAUE/*),FT THOMPSON 345/230 KU1A,08:00,-81.5,
12/29/2024,,162444.0,AMI13179_REYNOLD4_13857_A,REYNOLD4 13857 A (LN/NIPS/NIPS),WATSEKA - SHELDON SOUTH 138,08:05,-17.67,
12/29/2024,30825.0,229670.0,Batesvil_Batesvil_115kV_FLO_Batesvil_LS_Power_23,BATSV5 BATSV5_BATSV73 A (LN/EMBA/TVA),BATESVILLE-L S POWER 230,08:05,-0.47,
12/29/2024,,222730.0,EAEE011_RSTE_RUSTON_VIENNA3_A,RSTE RUSTON_VIENNA3 A (LN/LAGN/EES),STERLINGTON - EL DORADO 500,08:05,-20.41,
12/29/2024,5701.0,471503.0,FTTXFRFTTXFR,FTTHOMP U1B2 KU1B1 (XF/WAUE/*),FT THOMPSON 345/230 KU1A,08:05,-87.27,
12/29/2024,,162444.0,AMI13179_REYNOLD4_13857_A,REYNOLD4 13857 A (LN/NIPS/NIPS),WATSEKA - SHELDON SOUTH 138,08:10,-17.650000000000002,
12/29/2024,30825.0,229670.0,Batesvil_Batesvil_115kV_FLO_Batesvil_LS_Power_23,BATSV5 BATSV5_BATSV73 A (LN/EMBA/TVA),BATESVILLE-L S POWER 230,08:10,-0.44,
12/29/2024,,222730.0,EAEE011_RSTE_RUSTON_VIENNA3_A,RSTE RUSTON_VIENNA3 A (LN/LAGN/EES),STERLINGTON - EL DORADO 500,08:10,-18.47,
12/29/2024,5701.0,471503.0,FTTXFRFTTXFR,FTTHOMP U1B2 KU1B1 (XF/WAUE/*),FT THOMPSON 345/230 KU1A,08:10,-86.0,
12/29/2024,,162444.0,AMI13179_REYNOLD4_13857_A,REYNOLD4 13857 A (LN/NIPS/NIPS),WATSEKA - SHELDON SOUTH 138,08:15,-17.75,
12/29/2024,30825.0,229670.0,Batesvil_Batesvil_115kV_FLO_Batesvil_LS_Power_23,BATSV5 BATSV5_BATSV73 A (LN/EMBA/TVA),BATESVILLE-L S POWER 230,08:15,-0.75,
12/29/2024,,222730.0,EAEE011_RSTE_RUSTON_VIENNA3_A,RSTE RUSTON_VIENNA3 A (LN/LAGN/EES),STERLINGTON - EL DORADO 500,08:15,-21.43,
12/29/2024,5701.0,471503.0,FTTXFRFTTXFR,FTTHOMP U1B2 KU1B1 (XF/WAUE/*),FT THOMPSON 345/230 KU1A,08:15,-83.8,
12/29/2024,,162444.0,AMI13179_REYNOLD4_13857_A,REYNOLD4 13857 A (LN/NIPS/NIPS),WATSEKA - SHELDON SOUTH 138,08:20,-17.740000000000002,
12/29/2024,30825.0,229670.0,Batesvil_Batesvil_115kV_FLO_Batesvil_LS_Power_23,BATSV5 BATSV5_BATSV73 A (LN/EMBA/TVA),BATESVILLE-L S POWER 230,08:20,-0.51,
12/29/2024,,222730.0,EAEE011_RSTE_RUSTON_VIENNA3_A,RSTE RUSTON_VIENNA3 A (LN/LAGN/EES),STERLINGTON - EL DORADO 500,08:20,-18.6,
12/29/2024,5701.0,471503.0,FTTXFRFTTXFR,FTTHOMP U1B2 KU1B1 (XF/WAUE/*),FT THOMPSON 345/230 KU1A,08:20,-93.07,
12/29/2024,,162444.0,AMI13179_REYNOLD4_13857_A,REYNOLD4 13857 A (LN/NIPS/NIPS),WATSEKA - SHELDON SOUTH 138,08:25,-18.41,
12/29/2024,30825.0,229670.0,Batesvil_Batesvil_115kV_FLO_Batesvil_LS_Power_23,BATSV5 BATSV5_BATSV73 A (LN/EMBA/TVA),BATESVILLE-L S POWER 230,08:25,-1.47,
12/29/2024,,222730.0,EAEE011_RSTE_RUSTON_VIENNA3_A,RSTE RUSTON_VIENNA3 A (LN/LAGN/EES),STERLINGTON - EL DORADO 500,08:25,-24.56,
12/29/2024,5701.0,471503.0,FTTXFRFTTXFR,FTTHOMP U1B2 KU1B1 (XF/WAUE/*),FT THOMPSON 345/230 KU1A,08:25,-86.31,
12/29/2024,,162444.0,AMI13179_REYNOLD4_13857_A,REYNOLD4 13857 A (LN/NIPS/NIPS),WATSEKA - SHELDON SOUTH 138,08:30,-18.35,
12/29/2024,30825.0,229670.0,Batesvil_Batesvil_115kV_FLO_Batesvil_LS_Power_23,BATSV5 BATSV5_BATSV73 A (LN/EMBA/TVA),BATESVILLE-L S POWER 230,08:30,-1.32,
12/29/2024,,222730.0,EAEE011_RSTE_RUSTON_VIENNA3_A,RSTE RUSTON_VIENNA3 A (LN/LAGN/EES),STERLINGTON - EL DORADO 500,08:30,-25.77,
12/29/2024,5701.0,471503.0,FTTXFRFTTXFR,FTTHOMP U1B2 KU1B1 (XF/WAUE/*),FT THOMPSON 345/230 KU1A,08:30,-86.45,
12/29/2024,,162444.0,AMI13179_REYNOLD4_13857_A,REYNOLD4 13857 A (LN/NIPS/NIPS),WATSEKA - SHELDON SOUTH 138,08:35,-18.830000000000002,
12/29/2024,30825.0,229670.0,Batesvil_Batesvil_115kV_FLO_Batesvil_LS_Power_23,BATSV5 BATSV5_BATSV73 A (LN/EMBA/TVA),BATESVILLE-L S POWER 230,08:35,-2.49,
12/29/2024,,222730.0,EAEE011_RSTE_RUSTON_VIENNA3_A,RSTE RUSTON_VIENNA3 A (LN/LAGN/EES),STERLINGTON - EL DORADO 500,08:35,-33.67,
12/29/2024,5701.0,471503.0,FTTXFRFTTXFR,FTTHOMP U1B2 KU1B1 (XF/WAUE/*),FT THOMPSON 345/230 KU1A,08:35,-59.35,
12/29/2024,,162444.0,AMI13179_REYNOLD4_13857_A,REYNOLD4 13857 A (LN/NIPS/NIPS),WATSEKA - SHELDON SOUTH 138,08:40,-19.48,
12/29/2024,,222730.0,EAEE011_RSTE_RUSTON_VIENNA3_A,RSTE RUSTON_VIENNA3 A (LN/LAGN/EES),STERLINGTON - EL DORADO 500,08:40,-40.97,
12/29/2024,5701.0,471503.0,FTTXFRFTTXFR,FTTHOMP U1B2 KU1B1 (XF/WAUE/*),FT THOMPSON 345/230 KU1A,08:40,-19.6,
12/29/2024,,162444.0,AMI13179_REYNOLD4_13857_A,REYNOLD4 13857 A (LN/NIPS/NIPS),WATSEKA - SHELDON SOUTH 138,08:45,-18.34,
12/29/2024,,222730.0,EAEE011_RSTE_RUSTON_VIENNA3_A,RSTE RUSTON_VIENNA3 A (LN/LAGN/EES),STERLINGTON - EL DORADO 500,08:45,-25.41,
12/29/2024,5701.0,471503.0,FTTXFRFTTXFR,FTTHOMP U1B2 KU1B1 (XF/WAUE/*),FT THOMPSON 345/230 KU1A,08:45,-63.88,
12/29/2024,,162444.0,AMI13179_REYNOLD4_13857_A,REYNOLD4 13857 A (LN/NIPS/NIPS),WATSEKA - SHELDON SOUTH 138,08:50,-18.44,
12/29/2024,30825.0,229670.0,Batesvil_Batesvil_115kV_FLO_Batesvil_LS_Power_23,BATSV5 BATSV5_BATSV73 A (LN/EMBA/TVA),BATESVILLE-L S POWER 230,08:50,-0.5700000000000001,
12/29/2024,,222730.0,EAEE011_RSTE_RUSTON_VIENNA3_A,RSTE RUSTON_VIENNA3 A (LN/LAGN/EES),STERLINGTON - EL DORADO 500,08:50,-27.72,
12/29/2024,5701.0,471503.0,FTTXFRFTTXFR,FTTHOMP U1B2 KU1B1 (XF/WAUE/*),FT THOMPSON 345/230 KU1A,08:50,-62.59,
12/29/2024,,162444.0,AMI13179_REYNOLD4_13857_A,REYNOLD4 13857 A (LN/NIPS/NIPS),WATSEKA - SHELDON SOUTH 138,08:55,-18.75,
12/29/2024,,222730.0,EAEE011_RSTE_RUSTON_VIENNA3_A,RSTE RUSTON_VIENNA3 A (LN/LAGN/EES),STERLINGTON - EL DORADO 500,08:55,-33.05,
12/29/2024,5701.0,471503.0,FTTXFRFTTXFR,FTTHOMP U1B2 KU1B1 (XF/WAUE/*),FT THOMPSON 345/230 KU1A,08:55,-62.95,
12/29/2024,,162444.0,AMI13179_REYNOLD4_13857_A,REYNOLD4 13857 A (LN/NIPS/NIPS),WATSEKA - SHELDON SOUTH 138,09:00,-18.740000000000002,
12/29/2024,,222730.0,EAEE011_RSTE_RUSTON_VIENNA3_A,RSTE RUSTON_VIENNA3 A (LN/LAGN/EES),STERLINGTON - EL DORADO 500,09:00,-32.980000000000004,
12/29/2024,5701.0,471503.0,FTTXFRFTTXFR,FTTHOMP U1B2 KU1B1 (XF/WAUE/*),FT THOMPSON 345/230 KU1A,09:00,-61.83,
12/29/2024,,162444.0,AMI13179_REYNOLD4_13857_A,REYNOLD4 13857 A (LN/NIPS/NIPS),WATSEKA - SHELDON SOUTH 138,09:05,-18.900000000000002,
12/29/2024,,222730.0,EAEE011_RSTE_RUSTON_VIENNA3_A,RSTE RUSTON_VIENNA3 A (LN/LAGN/EES),STERLINGTON - EL DORADO 500,09:05,-35.37,
12/29/2024,5701.0,471503.0,FTTXFRFTTXFR,FTTHOMP U1B2 KU1B1 (XF/WAUE/*),FT THOMPSON 345/230 KU1A,09:05,-61.35,
12/29/2024,,162444.0,AMI13179_REYNOLD4_13857_A,REYNOLD4 13857 A (LN/NIPS/NIPS),WATSEKA - SHELDON SOUTH 138,09:10,-19.45,
12/29/2024,,222730.0,EAEE011_RSTE_RUSTON_VIENNA3_A,RSTE RUSTON_VIENNA3 A (LN/LAGN/EES),STERLINGTON - EL DORADO 500,09:10,-39.21,
12/29/2024,5701.0,471503.0,FTTXFRFTTXFR,FTTHOMP U1B2 KU1B1 (XF/WAUE/*),FT THOMPSON 345/230 KU1A,09:10,-54.64,
12/29/2024,,162444.0,AMI13179_REYNOLD4_13857_A,REYNOLD4 13857 A (LN/NIPS/NIPS),WATSEKA - SHELDON SOUTH 138,09:15,-18.88,
12/29/2024,,222730.0,EAEE011_RSTE_RUSTON_VIENNA3_A,RSTE RUSTON_VIENNA3 A (LN/LAGN/EES),STERLINGTON - EL DORADO 500,09:15,-36.71,
12/29/2024,5701.0,471503.0,FTTXFRFTTXFR,FTTHOMP U1B2 KU1B1 (XF/WAUE/*),FT THOMPSON 345/230 KU1A,09:15,-53.47,
12/29/2024,,162444.0,AMI13179_REYNOLD4_13857_A,REYNOLD4 13857 A (LN/NIPS/NIPS),WATSEKA - SHELDON SOUTH 138,09:20,-18.91,
12/29/2024,,222730.0,EAEE011_RSTE_RUSTON_VIENNA3_A,RSTE RUSTON_VIENNA3 A (LN/LAGN/EES),STERLINGTON - EL DORADO 500,09:20,-38.21,
12/29/2024,5701.0,471503.0,FTTXFRFTTXFR,FTTHOMP U1B2 KU1B1 (XF/WAUE/*),FT THOMPSON 345/230 KU1A,09:20,-52.58,
12/29/2024,,162444.0,AMI13179_REYNOLD4_13857_A,REYNOLD4 13857 A (LN/NIPS/NIPS),WATSEKA - SHELDON SOUTH 138,09:25,-19.17,
12/29/2024,,222730.0,EAEE011_RSTE_RUSTON_VIENNA3_A,RSTE RUSTON_VIENNA3 A (LN/LAGN/EES),STERLINGTON - EL DORADO 500,09:25,-41.22,
12/29/2024,5701.0,471503.0,FTTXFRFTTXFR,FTTHOMP U1B2 KU1B1 (XF/WAUE/*),FT THOMPSON 345/230 KU1A,09:25,-53.39,
12/29/2024,,162444.0,AMI13179_REYNOLD4_13857_A,REYNOLD4 13857 A (LN/NIPS/NIPS),WATSEKA - SHELDON SOUTH 138,09:30,-19.86,
12/29/2024,,222730.0,EAEE011_RSTE_RUSTON_VIENNA3_A,RSTE RUSTON_VIENNA3 A (LN/LAGN/EES),STERLINGTON - EL DORADO 500,09:30,-50.54,
12/29/2024,,220546.0,EESOC11_ADAMCR_ADAMCR_ANGIE_6_A,ADAMCR ADAMCR_ANGIE_6 A (LN/EES/EES),MCKNIGHT - DANIEL 500,09:30,-24.4,
12/29/2024,5701.0,471503.0,FTTXFRFTTXFR,FTTHOMP U1B2 KU1B1 (XF/WAUE/*),FT THOMPSON 345/230 KU1A,09:30,-56.36,
12/29/2024,,162444.0,AMI13179_REYNOLD4_13857_A,REYNOLD4 13857 A (LN/NIPS/NIPS),WATSEKA - SHELDON SOUTH 138,09:35,-19.11,
12/29/2024,,222730.0,EAEE011_RSTE_RUSTON_VIENNA3_A,RSTE RUSTON_VIENNA3 A (LN/LAGN/EES),STERLINGTON - EL DORADO 500,09:35,-41.03,
12/29/2024,,220546.0,EESOC11_ADAMCR_ADAMCR_ANGIE_6_A,ADAMCR ADAMCR_ANGIE_6 A (LN/EES/EES),MCKNIGHT - DANIEL 500,09:35,-18.93,
12/29/2024,5701.0,471503.0,FTTXFRFTTXFR,FTTHOMP U1B2 KU1B1 (XF/WAUE/*),FT THOMPSON 345/230 KU1A,09:35,-78.92,
12/29/2024,,162444.0,AMI13179_REYNOLD4_13857_A,REYNOLD4 13857 A (LN/NIPS/NIPS),WATSEKA - SHELDON SOUTH 138,09:40,-19.03,
12/29/2024,,222730.0,EAEE011_RSTE_RUSTON_VIENNA3_A,RSTE RUSTON_VIENNA3 A (LN/LAGN/EES),STERLINGTON - EL DORADO 500,09:40,-42.76,
12/29/2024,,220546.0,EESOC11_ADAMCR_ADAMCR_ANGIE_6_A,ADAMCR ADAMCR_ANGIE_6 A (LN/EES/EES),MCKNIGHT - DANIEL 500,09:40,-25.78,
12/29/2024,5701.0,471503.0,FTTXFRFTTXFR,FTTHOMP U1B2 KU1B1 (XF/WAUE/*),FT THOMPSON 345/230 KU1A,09:40,-79.27,
12/29/2024,,162444.0,AMI13179_REYNOLD4_13857_A,REYNOLD4 13857 A (LN/NIPS/NIPS),WATSEKA - SHELDON SOUTH 138,09:45,-19.8,
12/29/2024,,222730.0,EAEE011_RSTE_RUSTON_VIENNA3_A,RSTE RUSTON_VIENNA3 A (LN/LAGN/EES),STERLINGTON - EL DORADO 500,09:45,-49.81,
12/29/2024,,434059.0,EESOC11_MARIONSE_ANGIE_MARION6_1,MARIONSE ANGIE_MARION6 1 (LN/SOCO/EES),MCKNIGHT - DANIEL 500,09:45,-32.1,
12/29/2024,5701.0,471503.0,FTTXFRFTTXFR,FTTHOMP U1B2 KU1B1 (XF/WAUE/*),FT THOMPSON 345/230 KU1A,09:45,-79.10000000000001,
12/29/2024,,162444.0,AMI13179_REYNOLD4_13857_A,REYNOLD4 13857 A (LN/NIPS/NIPS),WATSEKA - SHELDON SOUTH 138,09:50,-18.92,
12/29/2024,,222730.0,EAEE011_RSTE_RUSTON_VIENNA3_A,RSTE RUSTON_VIENNA3 A (LN/LAGN/EES),STERLINGTON - EL DORADO 500,09:50,-43.84,
12/29/2024,,434059.0,EESOC11_MARIONSE_ANGIE_MARION6_1,MARIONSE ANGIE_MARION6 1 (LN/SOCO/EES),MCKNIGHT - DANIEL 500,09:50,-30.79,
12/29/2024,5701.0,471503.0,FTTXFRFTTXFR,FTTHOMP U1B2 KU1B1 (XF/WAUE/*),FT THOMPSON 345/230 KU1A,09:50,-79.0,
12/29/2024,,162444.0,AMI13179_REYNOLD4_13857_A,REYNOLD4 13857 A (LN/NIPS/NIPS),WATSEKA - SHELDON SOUTH 138,09:55,-19.21,
12/29/2024,,222730.0,EAEE011_RSTE_RUSTON_VIENNA3_A,RSTE RUSTON_VIENNA3 A (LN/LAGN/EES),STERLINGTON - EL DORADO 500,09:55,-47.74,
12/29/2024,,434059.0,EESOC11_MARIONSE_ANGIE_MARION6_1,MARIONSE ANGIE_MARION6 1 (LN/SOCO/EES),MCKNIGHT - DANIEL 500,09:55,-32.26,
12/29/2024,5701.0,471503.0,FTTXFRFTTXFR,FTTHOMP U1B2 KU1B1 (XF/WAUE/*),FT THOMPSON 345/230 KU1A,09:55,-79.29,
12/29/2024,,162444.0,AMI13179_REYNOLD4_13857_A,REYNOLD4 13857 A (LN/NIPS/NIPS),WATSEKA - SHELDON SOUTH 138,10:00,-19.0,
12/29/2024,,222730.0,EAEE011_RSTE_RUSTON_VIENNA3_A,RSTE RUSTON_VIENNA3 A (LN/LAGN/EES),STERLINGTON - EL DORADO 500,10:00,-46.97,
12/29/2024,,434059.0,EESOC11_MARIONSE_ANGIE_MARION6_1,MARIONSE ANGIE_MARION6 1 (LN/SOCO/EES),MCKNIGHT - DANIEL 500,10:00,-34.97,
12/29/2024,5701.0,471503.0,FTTXFRFTTXFR,FTTHOMP U1B2 KU1B1 (XF/WAUE/*),FT THOMPSON 345/230 KU1A,10:00,-79.25,
12/29/2024,,162444.0,AMI13179_REYNOLD4_13857_A,REYNOLD4 13857 A (LN/NIPS/NIPS),WATSEKA - SHELDON SOUTH 138,10:05,-18.71,
12/29/2024,,222730.0,EAEE011_RSTE_RUSTON_VIENNA3_A,RSTE RUSTON_VIENNA3 A (LN/LAGN/EES),STERLINGTON - EL DORADO 500,10:05,-46.03,
12/29/2024,,434059.0,EESOC11_MARIONSE_ANGIE_MARION6_1,MARIONSE ANGIE_MARION6 1 (LN/SOCO/EES),MCKNIGHT - DANIEL 500,10:05,-32.42,
12/29/2024,5701.0,471503.0,FTTXFRFTTXFR,FTTHOMP U1B2 KU1B1 (XF/WAUE/*),FT THOMPSON 345/230 KU1A,10:05,-77.67,
12/29/2024,,162444.0,AMI13179_REYNOLD4_13857_A,REYNOLD4 13857 A (LN/NIPS/NIPS),WATSEKA - SHELDON SOUTH 138,10:10,-18.76,
12/29/2024,,222730.0,EAEE011_RSTE_RUSTON_VIENNA3_A,RSTE RUSTON_VIENNA3 A (LN/LAGN/EES),STERLINGTON - EL DORADO 500,10:10,-47.27,
12/29/2024,,434059.0,EESOC11_MARIONSE_ANGIE_MARION6_1,MARIONSE ANGIE_MARION6 1 (LN/SOCO/EES),MCKNIGHT - DANIEL 500,10:10,-35.14,
12/29/2024,5701.0,471503.0,FTTXFRFTTXFR,FTTHOMP U1B2 KU1B1 (XF/WAUE/*),FT THOMPSON 345/230 KU1A,10:10,-77.52,
12/29/2024,,162444.0,AMI13179_REYNOLD4_13857_A,REYNOLD4 13857 A (LN/NIPS/NIPS),WATSEKA - SHELDON SOUTH 138,10:15,-19.38,
12/29/2024,,222730.0,EAEE011_RSTE_RUSTON_VIENNA3_A,RSTE RUSTON_VIENNA3 A (LN/LAGN/EES),STERLINGTON - EL DORADO 500,10:15,-55.56,
12/29/2024,,434059.0,EESOC11_MARIONSE_ANGIE_MARION6_1,MARIONSE ANGIE_MARION6 1 (LN/SOCO/EES),MCKNIGHT - DANIEL 500,10:15,-41.38,
12/29/2024,5701.0,471503.0,FTTXFRFTTXFR,FTTHOMP U1B2 KU1B1 (XF/WAUE/*),FT THOMPSON 345/230 KU1A,10:15,-78.38,
12/29/2024,,162444.0,AMI13179_REYNOLD4_13857_A,REYNOLD4 13857 A (LN/NIPS/NIPS),WATSEKA - SHELDON SOUTH 138,10:20,-18.06,
12/29/2024,,222730.0,EAEE011_RSTE_RUSTON_VIENNA3_A,RSTE RUSTON_VIENNA3 A (LN/LAGN/EES),STERLINGTON - EL DORADO 500,10:20,-47.25,
12/29/2024,,434059.0,EESOC11_MARIONSE_ANGIE_MARION6_1,MARIONSE ANGIE_MARION6 1 (LN/SOCO/EES),MCKNIGHT - DANIEL 500,10:20,-61.62,
12/29/2024,5701.0,471503.0,FTTXFRFTTXFR,FTTHOMP U1B2 KU1B1 (XF/WAUE/*),FT THOMPSON 345/230 KU1A,10:20,-95.17,
12/29/2024,,162444.0,AMI13179_REYNOLD4_13857_A,REYNOLD4 13857 A (LN/NIPS/NIPS),WATSEKA - SHELDON SOUTH 138,10:25,-18.5,
12/29/2024,,222730.0,EAEE011_RSTE_RUSTON_VIENNA3_A,RSTE RUSTON_VIENNA3 A (LN/LAGN/EES),STERLINGTON - EL DORADO 500,10:25,-49.75,
12/29/2024,,434059.0,EESOC11_MARIONSE_ANGIE_MARION6_1,MARIONSE ANGIE_MARION6 1 (LN/SOCO/EES),MCKNIGHT - DANIEL 500,10:25,-50.51,
12/29/2024,5701.0,471503.0,FTTXFRFTTXFR,FTTHOMP U1B2 KU1B1 (XF/WAUE/*),FT THOMPSON 345/230 KU1A,10:25,-95.5,
12/29/2024,,162444.0,AMI13179_REYNOLD4_13857_A,REYNOLD4 13857 A (LN/NIPS/NIPS),WATSEKA - SHELDON SOUTH 138,10:30,-18.490000000000002,
12/29/2024,,222730.0,EAEE011_RSTE_RUSTON_VIENNA3_A,RSTE RUSTON_VIENNA3 A (LN/LAGN/EES),STERLINGTON - EL DORADO 500,10:30,-45.2,
12/29/2024,,434059.0,EESOC11_MARIONSE_ANGIE_MARION6_1,MARIONSE ANGIE_MARION6 1 (LN/SOCO/EES),MCKNIGHT - DANIEL 500,10:30,-46.67,
12/29/2024,5701.0,471503.0,FTTXFRFTTXFR,FTTHOMP U1B2 KU1B1 (XF/WAUE/*),FT THOMPSON 345/230 KU1A,10:30,-114.96,
12/29/2024,,162444.0,AMI13179_REYNOLD4_13857_A,REYNOLD4 13857 A (LN/NIPS/NIPS),WATSEKA - SHELDON SOUTH 138,10:35,-18.62,
12/29/2024,,222730.0,EAEE011_RSTE_RUSTON_VIENNA3_A,RSTE RUSTON_VIENNA3 A (LN/LAGN/EES),STERLINGTON - EL DORADO 500,10:35,-42.45,
12/29/2024,,434059.0,EESOC11_MARIONSE_ANGIE_MARION6_1,MARIONSE ANGIE_MARION6 1 (LN/SOCO/EES),MCKNIGHT - DANIEL 500,10:35,-44.19,
12/29/2024,5701.0,471503.0,FTTXFRFTTXFR,FTTHOMP U1B2 KU1B1 (XF/WAUE/*),FT THOMPSON 345/230 KU1A,10:35,-116.77,
12/29/2024,,162444.0,AMI13179_REYNOLD4_13857_A,REYNOLD4 13857 A (LN/NIPS/NIPS),WATSEKA - SHELDON SOUTH 138,10:40,-18.400000000000002,
12/29/2024,,222730.0,EAEE011_RSTE_RUSTON_VIENNA3_A,RSTE RUSTON_VIENNA3 A (LN/LAGN/EES),STERLINGTON - EL DORADO 500,10:40,-55.48,
12/29/2024,,434059.0,EESOC11_MARIONSE_ANGIE_MARION6_1,MARIONSE ANGIE_MARION6 1 (LN/SOCO/EES),MCKNIGHT - DANIEL 500,10:40,-77.8,
12/29/2024,5701.0,471503.0,FTTXFRFTTXFR,FTTHOMP U1B2 KU1B1 (XF/WAUE/*),FT THOMPSON 345/230 KU1A,10:40,-76.0,
12/29/2024,,162444.0,AMI13179_REYNOLD4_13857_A,REYNOLD4 13857 A (LN/NIPS/NIPS),WATSEKA - SHELDON SOUTH 138,10:45,-18.55,
12/29/2024,,222730.0,EAEE011_RSTE_RUSTON_VIENNA3_A,RSTE RUSTON_VIENNA3 A (LN/LAGN/EES),STERLINGTON - EL DORADO 500,10:45,-53.63,
12/29/2024,,434059.0,EESOC11_MARIONSE_ANGIE_MARION6_1,MARIONSE ANGIE_MARION6 1 (LN/SOCO/EES),MCKNIGHT - DANIEL 500,10:45,-61.74,
12/29/2024,5701.0,471503.0,FTTXFRFTTXFR,FTTHOMP U1B2 KU1B1 (XF/WAUE/*),FT THOMPSON 345/230 KU1A,10:45,-77.59,
12/29/2024,,162444.0,AMI13179_REYNOLD4_13857_A,REYNOLD4 13857 A (LN/NIPS/NIPS),WATSEKA - SHELDON SOUTH 138,10:50,-18.48,
12/29/2024,,222730.0,EAEE011_RSTE_RUSTON_VIENNA3_A,RSTE RUSTON_VIENNA3 A (LN/LAGN/EES),STERLINGTON - EL DORADO 500,10:50,-52.48,
12/29/2024,,434059.0,EESOC11_MARIONSE_ANGIE_MARION6_1,MARIONSE ANGIE_MARION6 1 (LN/SOCO/EES),MCKNIGHT - DANIEL 500,10:50,-65.31,
12/29/2024,5701.0,471503.0,FTTXFRFTTXFR,FTTHOMP U1B2 KU1B1 (XF/WAUE/*),FT THOMPSON 345/230 KU1A,10:50,-79.42,
12/29/2024,,162444.0,AMI13179_REYNOLD4_13857_A,REYNOLD4 13857 A (LN/NIPS/NIPS),WATSEKA - SHELDON SOUTH 138,10:55,-18.650000000000002,
12/29/2024,,222730.0,EAEE011_RSTE_RUSTON_VIENNA3_A,RSTE RUSTON_VIENNA3 A (LN/LAGN/EES),STERLINGTON - EL DORADO 500,10:55,-59.97,
12/29/2024,,434059.0,EESOC11_MARIONSE_ANGIE_MARION6_1,MARIONSE ANGIE_MARION6 1 (LN/SOCO/EES),MCKNIGHT - DANIEL 500,10:55,-67.69,
12/29/2024,,162444.0,AMI13179_REYNOLD4_13857_A,REYNOLD4 13857 A (LN/NIPS/NIPS),WATSEKA - SHELDON SOUTH 138,11:00,-19.830000000000002,
12/29/2024,,222730.0,EAEE011_RSTE_RUSTON_VIENNA3_A,RSTE RUSTON_VIENNA3 A (LN/LAGN/EES),STERLINGTON - EL DORADO 500,11:00,-63.14,
12/29/2024,,434059.0,EESOC11_MARIONSE_ANGIE_MARION6_1,MARIONSE ANGIE_MARION6 1 (LN/SOCO/EES),MCKNIGHT - DANIEL 500,11:00,-48.88,
12/29/2024,29254.0,438951.0,TMP781_Pittsburg_Semino_345_kV_FTLO_Canadian_Riv,SEMINOLE SEMINOLE A (LN/OKGE/CSWS),PITTSBURG-CANADIAN RIVER 345,11:00,-54.2,
12/29/2024,,162444.0,AMI13179_REYNOLD4_13857_A,REYNOLD4 13857 A (LN/NIPS/NIPS),WATSEKA - SHELDON SOUTH 138,11:05,-19.17,
12/29/2024,,222730.0,EAEE011_RSTE_RUSTON_VIENNA3_A,RSTE RUSTON_VIENNA3 A (LN/LAGN/EES),STERLINGTON - EL DORADO 500,11:05,-53.2,
12/29/2024,,434059.0,EESOC11_MARIONSE_ANGIE_MARION6_1,MARIONSE ANGIE_MARION6 1 (LN/SOCO/EES),MCKNIGHT - DANIEL 500,11:05,-36.980000000000004,
12/29/2024,29254.0,438951.0,TMP781_Pittsburg_Semino_345_kV_FTLO_Canadian_Riv,SEMINOLE SEMINOLE A (LN/OKGE/CSWS),PITTSBURG-CANADIAN RIVER 345,11:05,-26.5,
12/29/2024,,162444.0,AMI13179_REYNOLD4_13857_A,REYNOLD4 13857 A (LN/NIPS/NIPS),WATSEKA - SHELDON SOUTH 138,11:10,-19.03,
12/29/2024,,222730.0,EAEE011_RSTE_RUSTON_VIENNA3_A,RSTE RUSTON_VIENNA3 A (LN/LAGN/EES),STERLINGTON - EL DORADO 500,11:10,-55.22,
12/29/2024,,434059.0,EESOC11_MARIONSE_ANGIE_MARION6_1,MARIONSE ANGIE_MARION6 1 (LN/SOCO/EES),MCKNIGHT - DANIEL 500,11:10,-39.160000000000004,
12/29/2024,29254.0,438951.0,TMP781_Pittsburg_Semino_345_kV_FTLO_Canadian_Riv,SEMINOLE SEMINOLE A (LN/OKGE/CSWS),PITTSBURG-CANADIAN RIVER 345,11:10,-19.0,
12/29/2024,,162444.0,AMI13179_REYNOLD4_13857_A,REYNOLD4 13857 A (LN/NIPS/NIPS),WATSEKA - SHELDON SOUTH 138,11:15,-18.67,
12/29/2024,,222730.0,EAEE011_RSTE_RUSTON_VIENNA3_A,RSTE RUSTON_VIENNA3 A (LN/LAGN/EES),STERLINGTON - EL DORADO 500,11:15,-54.9,
12/29/2024,,434059.0,EESOC11_MARIONSE_ANGIE_MARION6_1,MARIONSE ANGIE_MARION6 1 (LN/SOCO/EES),MCKNIGHT - DANIEL 500,11:15,-34.62,
12/29/2024,,162444.0,AMI13179_REYNOLD4_13857_A,REYNOLD4 13857 A (LN/NIPS/NIPS),WATSEKA - SHELDON SOUTH 138,11:20,-18.87,
12/29/2024,,222730.0,EAEE011_RSTE_RUSTON_VIENNA3_A,RSTE RUSTON_VIENNA3 A (LN/LAGN/EES),STERLINGTON - EL DORADO 500,11:20,-55.59,
12/29/2024,,434059.0,EESOC11_MARIONSE_ANGIE_MARION6_1,MARIONSE ANGIE_MARION6 1 (LN/SOCO/EES),MCKNIGHT - DANIEL 500,11:20,-37.660000000000004,
12/29/2024,29254.0,438951.0,TMP781_Pittsburg_Semino_345_kV_FTLO_Canadian_Riv,SEMINOLE SEMINOLE A (LN/OKGE/CSWS),PITTSBURG-CANADIAN RIVER 345,11:20,-5.38,
12/29/2024,,162444.0,AMI13179_REYNOLD4_13857_A,REYNOLD4 13857 A (LN/NIPS/NIPS),WATSEKA - SHELDON SOUTH 138,11:25,-18.84,
12/29/2024,,222730.0,EAEE011_RSTE_RUSTON_VIENNA3_A,RSTE RUSTON_VIENNA3 A (LN/LAGN/EES),STERLINGTON - EL DORADO 500,11:25,-54.05,
12/29/2024,,434059.0,EESOC11_MARIONSE_ANGIE_MARION6_1,MARIONSE ANGIE_MARION6 1 (LN/SOCO/EES),MCKNIGHT - DANIEL 500,11:25,-40.51,
12/29/2024,29254.0,438951.0,TMP781_Pittsburg_Semino_345_kV_FTLO_Canadian_Riv,SEMINOLE SEMINOLE A (LN/OKGE/CSWS),PITTSBURG-CANADIAN RIVER 345,11:25,-2.68,
12/29/2024,,162444.0,AMI13179_REYNOLD4_13857_A,REYNOLD4 13857 A (LN/NIPS/NIPS),WATSEKA - SHELDON SOUTH 138,11:30,-18.900000000000002,
12/29/2024,,222730.0,EAEE011_RSTE_RUSTON_VIENNA3_A,RSTE RUSTON_VIENNA3 A (LN/LAGN/EES),STERLINGTON - EL DORADO 500,11:30,-55.61,
12/29/2024,,434059.0,EESOC11_MARIONSE_ANGIE_MARION6_1,MARIONSE ANGIE_MARION6 1 (LN/SOCO/EES),MCKNIGHT - DANIEL 500,11:30,-38.79,
12/29/2024,29254.0,438951.0,TMP781_Pittsburg_Semino_345_kV_FTLO_Canadian_Riv,SEMINOLE SEMINOLE A (LN/OKGE/CSWS),PITTSBURG-CANADIAN RIVER 345,11:30,-5.5,
12/29/2024,,162444.0,AMI13179_REYNOLD4_13857_A,REYNOLD4 13857 A (LN/NIPS/NIPS),WATSEKA - SHELDON SOUTH 138,11:35,-18.89,
12/29/2024,,222730.0,EAEE011_RSTE_RUSTON_VIENNA3_A,RSTE RUSTON_VIENNA3 A (LN/LAGN/EES),STERLINGTON - EL DORADO 500,11:35,-55.92,
12/29/2024,,434059.0,EESOC11_MARIONSE_ANGIE_MARION6_1,MARIONSE ANGIE_MARION6 1 (LN/SOCO/EES),MCKNIGHT - DANIEL 500,11:35,-40.88,
12/29/2024,29254.0,438951.0,TMP781_Pittsburg_Semino_345_kV_FTLO_Canadian_Riv,SEMINOLE SEMINOLE A (LN/OKGE/CSWS),PITTSBURG-CANADIAN RIVER 345,11:35,-3.4,
12/29/2024,,162444.0,AMI13179_REYNOLD4_13857_A,REYNOLD4 13857 A (LN/NIPS/NIPS),WATSEKA - SHELDON SOUTH 138,11:40,-18.740000000000002,
12/29/2024,,222730.0,EAEE011_RSTE_RUSTON_VIENNA3_A,RSTE RUSTON_VIENNA3 A (LN/LAGN/EES),STERLINGTON - EL DORADO 500,11:40,-53.23,
12/29/2024,,434059.0,EESOC11_MARIONSE_ANGIE_MARION6_1,MARIONSE ANGIE_MARION6 1 (LN/SOCO/EES),MCKNIGHT - DANIEL 500,11:40,-37.95,
12/29/2024,29254.0,438951.0,TMP781_Pittsburg_Semino_345_kV_FTLO_Canadian_Riv,SEMINOLE SEMINOLE A (LN/OKGE/CSWS),PITTSBURG-CANADIAN RIVER 345,11:40,-3.59,
12/29/2024,,162444.0,AMI13179_REYNOLD4_13857_A,REYNOLD4 13857 A (LN/NIPS/NIPS),WATSEKA - SHELDON SOUTH 138,11:45,-18.81,
12/29/2024,,222730.0,EAEE011_RSTE_RUSTON_VIENNA3_A,RSTE RUSTON_VIENNA3 A (LN/LAGN/EES),STERLINGTON - EL DORADO 500,11:45,-53.66,
12/29/2024,,434059.0,EESOC11_MARIONSE_ANGIE_MARION6_1,MARIONSE ANGIE_MARION6 1 (LN/SOCO/EES),MCKNIGHT - DANIEL 500,11:45,-38.67,
12/29/2024,29254.0,438951.0,TMP781_Pittsburg_Semino_345_kV_FTLO_Canadian_Riv,SEMINOLE SEMINOLE A (LN/OKGE/CSWS),PITTSBURG-CANADIAN RIVER 345,11:45,-3.9,
12/29/2024,,162444.0,AMI13179_REYNOLD4_13857_A,REYNOLD4 13857 A (LN/NIPS/NIPS),WATSEKA - SHELDON SOUTH 138,11:50,-18.79,
12/29/2024,,222730.0,EAEE011_RSTE_RUSTON_VIENNA3_A,RSTE RUSTON_VIENNA3 A (LN/LAGN/EES),STERLINGTON - EL DORADO 500,11:50,-53.35,
12/29/2024,,434059.0,EESOC11_MARIONSE_ANGIE_MARION6_1,MARIONSE ANGIE_MARION6 1 (LN/SOCO/EES),MCKNIGHT - DANIEL 500,11:50,-37.84,
12/29/2024,,162444.0,AMI13179_REYNOLD4_13857_A,REYNOLD4 13857 A (LN/NIPS/NIPS),WATSEKA - SHELDON SOUTH 138,11:55,-18.77,
12/29/2024,,222730.0,EAEE011_RSTE_RUSTON_VIENNA3_A,RSTE RUSTON_VIENNA3 A (LN/LAGN/EES),STERLINGTON - EL DORADO 500,11:55,-53.25,
12/29/2024,,434059.0,EESOC11_MARIONSE_ANGIE_MARION6_1,MARIONSE ANGIE_MARION6 1 (LN/SOCO/EES),MCKNIGHT - DANIEL 500,11:55,-42.77,
12/29/2024,29254.0,438951.0,TMP781_Pittsburg_Semino_345_kV_FTLO_Canadian_Riv,SEMINOLE SEMINOLE A (LN/OKGE/CSWS),PITTSBURG-CANADIAN RIVER 345,11:55,-2.95,
12/29/2024,,162444.0,AMI13179_REYNOLD4_13857_A,REYNOLD4 13857 A (LN/NIPS/NIPS),WATSEKA - SHELDON SOUTH 138,12:00,-18.66,
12/29/2024,,222730.0,EAEE011_RSTE_RUSTON_VIENNA3_A,RSTE RUSTON_VIENNA3 A (LN/LAGN/EES),STERLINGTON - EL DORADO 500,12:00,-53.27,
12/29/2024,,434059.0,EESOC11_MARIONSE_ANGIE_MARION6_1,MARIONSE ANGIE_MARION6 1 (LN/SOCO/EES),MCKNIGHT - DANIEL 500,12:00,-50.49,
12/29/2024,29254.0,438951.0,TMP781_Pittsburg_Semino_345_kV_FTLO_Canadian_Riv,SEMINOLE SEMINOLE A (LN/OKGE/CSWS),PITTSBURG-CANADIAN RIVER 345,12:00,-2.95,
12/29/2024,,162444.0,AMI13179_REYNOLD4_13857_A,REYNOLD4 13857 A (LN/NIPS/NIPS),WATSEKA - SHELDON SOUTH 138,12:05,-18.080000000000002,
12/29/2024,,222730.0,EAEE011_RSTE_RUSTON_VIENNA3_A,RSTE RUSTON_VIENNA3 A (LN/LAGN/EES),STERLINGTON - EL DORADO 500,12:05,-47.41,
12/29/2024,,434059.0,EESOC11_MARIONSE_ANGIE_MARION6_1,MARIONSE ANGIE_MARION6 1 (LN/SOCO/EES),MCKNIGHT - DANIEL 500,12:05,-59.22,
12/29/2024,29254.0,438951.0,TMP781_Pittsburg_Semino_345_kV_FTLO_Canadian_Riv,SEMINOLE SEMINOLE A (LN/OKGE/CSWS),PITTSBURG-CANADIAN RIVER 345,12:05,-1.79,
12/29/2024,,162444.0,AMI13179_REYNOLD4_13857_A,REYNOLD4 13857 A (LN/NIPS/NIPS),WATSEKA - SHELDON SOUTH 138,12:10,-18.71,
12/29/2024,,222730.0,EAEE011_RSTE_RUSTON_VIENNA3_A,RSTE RUSTON_VIENNA3 A (LN/LAGN/EES),STERLINGTON - EL DORADO 500,12:10,-51.65,
12/29/2024,,434059.0,EESOC11_MARIONSE_ANGIE_MARION6_1,MARIONSE ANGIE_MARION6 1 (LN/SOCO/EES),MCKNIGHT - DANIEL 500,12:10,-43.8,
12/29/2024,29254.0,438951.0,TMP781_Pittsburg_Semino_345_kV_FTLO_Canadian_Riv,SEMINOLE SEMINOLE A (LN/OKGE/CSWS),PITTSBURG-CANADIAN RIVER 345,12:10,-0.4,
12/29/2024,,162444.0,AMI13179_REYNOLD4_13857_A,REYNOLD4 13857 A (LN/NIPS/NIPS),WATSEKA - SHELDON SOUTH 138,12:15,-18.59,
12/29/2024,,222730.0,EAEE011_RSTE_RUSTON_VIENNA3_A,RSTE RUSTON_VIENNA3 A (LN/LAGN/EES),STERLINGTON - EL DORADO 500,12:15,-51.54,
12/29/2024,,434059.0,EESOC11_MARIONSE_ANGIE_MARION6_1,MARIONSE ANGIE_MARION6 1 (LN/SOCO/EES),MCKNIGHT - DANIEL 500,12:15,-48.99,
12/29/2024,29254.0,438951.0,TMP781_Pittsburg_Semino_345_kV_FTLO_Canadian_Riv,SEMINOLE SEMINOLE A (LN/OKGE/CSWS),PITTSBURG-CANADIAN RIVER 345,12:15,-3.55,
12/29/2024,,162444.0,AMI13179_REYNOLD4_13857_A,REYNOLD4 13857 A (LN/NIPS/NIPS),WATSEKA - SHELDON SOUTH 138,12:20,-18.53,
12/29/2024,,222730.0,EAEE011_RSTE_RUSTON_VIENNA3_A,RSTE RUSTON_VIENNA3 A (LN/LAGN/EES),STERLINGTON - EL DORADO 500,12:20,-50.07,
12/29/2024,,434059.0,EESOC11_MARIONSE_ANGIE_MARION6_1,MARIONSE ANGIE_MARION6 1 (LN/SOCO/EES),MCKNIGHT - DANIEL 500,12:20,-41.96,
12/29/2024,29254.0,438951.0,TMP781_Pittsburg_Semino_345_kV_FTLO_Canadian_Riv,SEMINOLE SEMINOLE A (LN/OKGE/CSWS),PITTSBURG-CANADIAN RIVER 345,12:20,-1.6,
12/29/2024,,162444.0,AMI13179_REYNOLD4_13857_A,REYNOLD4 13857 A (LN/NIPS/NIPS),WATSEKA - SHELDON SOUTH 138,12:25,-18.61,
12/29/2024,,222730.0,EAEE011_RSTE_RUSTON_VIENNA3_A,RSTE RUSTON_VIENNA3 A (LN/LAGN/EES),STERLINGTON - EL DORADO 500,12:25,-51.22,
12/29/2024,,434059.0,EESOC11_MARIONSE_ANGIE_MARION6_1,MARIONSE ANGIE_MARION6 1 (LN/SOCO/EES),MCKNIGHT - DANIEL 500,12:25,-41.19,
12/29/2024,29254.0,438951.0,TMP781_Pittsburg_Semino_345_kV_FTLO_Canadian_Riv,SEMINOLE SEMINOLE A (LN/OKGE/CSWS),PITTSBURG-CANADIAN RIVER 345,12:25,-1.2,
12/29/2024,,162444.0,AMI13179_REYNOLD4_13857_A,REYNOLD4 13857 A (LN/NIPS/NIPS),WATSEKA - SHELDON SOUTH 138,12:30,-18.150000000000002,
12/29/2024,,222730.0,EAEE011_RSTE_RUSTON_VIENNA3_A,RSTE RUSTON_VIENNA3 A (LN/LAGN/EES),STERLINGTON - EL DORADO 500,12:30,-49.28,
12/29/2024,,434059.0,EESOC11_MARIONSE_ANGIE_MARION6_1,MARIONSE ANGIE_MARION6 1 (LN/SOCO/EES),MCKNIGHT - DANIEL 500,12:30,-48.73,
12/29/2024,,162444.0,AMI13179_REYNOLD4_13857_A,REYNOLD4 13857 A (LN/NIPS/NIPS),WATSEKA - SHELDON SOUTH 138,12:35,-18.48,
12/29/2024,,222730.0,EAEE011_RSTE_RUSTON_VIENNA3_A,RSTE RUSTON_VIENNA3 A (LN/LAGN/EES),STERLINGTON - EL DORADO 500,12:35,-51.08,
12/29/2024,,434059.0,EESOC11_MARIONSE_ANGIE_MARION6_1,MARIONSE ANGIE_MARION6 1 (LN/SOCO/EES),MCKNIGHT - DANIEL 500,12:35,-46.75,
12/29/2024,29254.0,438951.0,TMP781_Pittsburg_Semino_345_kV_FTLO_Canadian_Riv,SEMINOLE SEMINOLE A (LN/OKGE/CSWS),PITTSBURG-CANADIAN RIVER 345,12:35,-0.3,
12/29/2024,30334.0,465131.0,TMP854_Maryvil_Braddyvil_161kV_ftlo_North_Boro_O,MRYVL_SJ MRYVLBRADD16_1 1 (LN/MPS/MEC),ORENTDRT - NORTHBORO 345,12:35,-16.580000000000002,
12/29/2024,,162444.0,AMI13179_REYNOLD4_13857_A,REYNOLD4 13857 A (LN/NIPS/NIPS),WATSEKA - SHELDON SOUTH 138,12:40,-18.27,
12/29/2024,,222730.0,EAEE011_RSTE_RUSTON_VIENNA3_A,RSTE RUSTON_VIENNA3 A (LN/LAGN/EES),STERLINGTON - EL DORADO 500,12:40,-54.44,
12/29/2024,,434059.0,EESOC11_MARIONSE_ANGIE_MARION6_1,MARIONSE ANGIE_MARION6 1 (LN/SOCO/EES),MCKNIGHT - DANIEL 500,12:40,-67.41,
12/29/2024,5701.0,471503.0,FTTXFRFTTXFR,FTTHOMP U1B2 KU1B1 (XF/WAUE/*),FT THOMPSON 345/230 KU1A,12:40,-0.2,
12/29/2024,29254.0,438951.0,TMP781_Pittsburg_Semino_345_kV_FTLO_Canadian_Riv,SEMINOLE SEMINOLE A (LN/OKGE/CSWS),PITTSBURG-CANADIAN RIVER 345,12:40,-0.2,
12/29/2024,,162444.0,AMI13179_REYNOLD4_13857_A,REYNOLD4 13857 A (LN/NIPS/NIPS),WATSEKA - SHELDON SOUTH 138,12:45,-17.990000000000002,
12/29/2024,,222730.0,EAEE011_RSTE_RUSTON_VIENNA3_A,RSTE RUSTON_VIENNA3 A (LN/LAGN/EES),STERLINGTON - EL DORADO 500,12:45,-40.9,
12/29/2024,,434059.0,EESOC11_MARIONSE_ANGIE_MARION6_1,MARIONSE ANGIE_MARION6 1 (LN/SOCO/EES),MCKNIGHT - DANIEL 500,12:45,-80.55,
12/29/2024,5701.0,471503.0,FTTXFRFTTXFR,FTTHOMP U1B2 KU1B1 (XF/WAUE/*),FT THOMPSON 345/230 KU1A,12:45,-130.1,
12/29/2024,,162444.0,AMI13179_REYNOLD4_13857_A,REYNOLD4 13857 A (LN/NIPS/NIPS),WATSEKA - SHELDON SOUTH 138,12:50,-17.8,
12/29/2024,,222730.0,EAEE011_RSTE_RUSTON_VIENNA3_A,RSTE RUSTON_VIENNA3 A (LN/LAGN/EES),STERLINGTON - EL DORADO 500,12:50,-36.64,
12/29/2024,,434059.0,EESOC11_MARIONSE_ANGIE_MARION6_1,MARIONSE ANGIE_MARION6 1 (LN/SOCO/EES),MCKNIGHT - DANIEL 500,12:50,-76.97,
12/29/2024,5701.0,471503.0,FTTXFRFTTXFR,FTTHOMP U1B2 KU1B1 (XF/WAUE/*),FT THOMPSON 345/230 KU1A,12:50,-130.1,
12/29/2024,,162444.0,AMI13179_REYNOLD4_13857_A,REYNOLD4 13857 A (LN/NIPS/NIPS),WATSEKA - SHELDON SOUTH 138,12:55,-18.14,
12/29/2024,,222730.0,EAEE011_RSTE_RUSTON_VIENNA3_A,RSTE RUSTON_VIENNA3 A (LN/LAGN/EES),STERLINGTON - EL DORADO 500,12:55,-30.02,
12/29/2024,,434059.0,EESOC11_MARIONSE_ANGIE_MARION6_1,MARIONSE ANGIE_MARION6 1 (LN/SOCO/EES),MCKNIGHT - DANIEL 500,12:55,-29.26,
12/29/2024,5701.0,471503.0,FTTXFRFTTXFR,FTTHOMP U1B2 KU1B1 (XF/WAUE/*),FT THOMPSON 345/230 KU1A,12:55,-130.4,
12/29/2024,29254.0,438951.0,TMP781_Pittsburg_Semino_345_kV_FTLO_Canadian_Riv,SEMINOLE SEMINOLE A (LN/OKGE/CSWS),PITTSBURG-CANADIAN RIVER 345,12:55,-0.5,
12/29/2024,,162444.0,AMI13179_REYNOLD4_13857_A,REYNOLD4 13857 A (LN/NIPS/NIPS),WATSEKA - SHELDON SOUTH 138,13:00,-17.26,
12/29/2024,,222730.0,EAEE011_RSTE_RUSTON_VIENNA3_A,RSTE RUSTON_VIENNA3 A (LN/LAGN/EES),STERLINGTON - EL DORADO 500,13:00,-30.38,
12/29/2024,,434059.0,EESOC11_MARIONSE_ANGIE_MARION6_1,MARIONSE ANGIE_MARION6 1 (LN/SOCO/EES),MCKNIGHT - DANIEL 500,13:00,-71.61,
12/29/2024,5701.0,471503.0,FTTXFRFTTXFR,FTTHOMP U1B2 KU1B1 (XF/WAUE/*),FT THOMPSON 345/230 KU1A,13:00,-130.08,
12/29/2024,29254.0,438951.0,TMP781_Pittsburg_Semino_345_kV_FTLO_Canadian_Riv,SEMINOLE SEMINOLE A (LN/OKGE/CSWS),PITTSBURG-CANADIAN RIVER 345,13:00,-0.5,
12/29/2024,,162444.0,AMI13179_REYNOLD4_13857_A,REYNOLD4 13857 A (LN/NIPS/NIPS),WATSEKA - SHELDON SOUTH 138,13:05,-18.68,
12/29/2024,,222730.0,EAEE011_RSTE_RUSTON_VIENNA3_A,RSTE RUSTON_VIENNA3 A (LN/LAGN/EES),STERLINGTON - EL DORADO 500,13:05,-57.02,
12/29/2024,,434059.0,EESOC11_MARIONSE_ANGIE_MARION6_1,MARIONSE ANGIE_MARION6 1 (LN/SOCO/EES),MCKNIGHT - DANIEL 500,13:05,-74.2,
12/29/2024,,162444.0,AMI13179_REYNOLD4_13857_A,REYNOLD4 13857 A (LN/NIPS/NIPS),WATSEKA - SHELDON SOUTH 138,13:10,-18.59,
12/29/2024,,222730.0,EAEE011_RSTE_RUSTON_VIENNA3_A,RSTE RUSTON_VIENNA3 A (LN/LAGN/EES),STERLINGTON - EL DORADO 500,13:10,-60.99,
12/29/2024,,434059.0,EESOC11_MARIONSE_ANGIE_MARION6_1,MARIONSE ANGIE_MARION6 1 (LN/SOCO/EES),MCKNIGHT - DANIEL 500,13:10,-87.82,
12/29/2024,,162444.0,AMI13179_REYNOLD4_13857_A,REYNOLD4 13857 A (LN/NIPS/NIPS),WATSEKA - SHELDON SOUTH 138,13:15,-18.0,
12/29/2024,,222730.0,EAEE011_RSTE_RUSTON_VIENNA3_A,RSTE RUSTON_VIENNA3 A (LN/LAGN/EES),STERLINGTON - EL DORADO 500,13:15,-52.39,
12/29/2024,,434059.0,EESOC11_MARIONSE_ANGIE_MARION6_1,MARIONSE ANGIE_MARION6 1 (LN/SOCO/EES),MCKNIGHT - DANIEL 500,13:15,-68.24,
12/29/2024,,162444.0,AMI13179_REYNOLD4_13857_A,REYNOLD4 13857 A (LN/NIPS/NIPS),WATSEKA - SHELDON SOUTH 138,13:20,-17.55,
12/29/2024,,222730.0,EAEE011_RSTE_RUSTON_VIENNA3_A,RSTE RUSTON_VIENNA3 A (LN/LAGN/EES),STERLINGTON - EL DORADO 500,13:20,-41.48,
12/29/2024,,434059.0,EESOC11_MARIONSE_ANGIE_MARION6_1,MARIONSE ANGIE_MARION6 1 (LN/SOCO/EES),MCKNIGHT - DANIEL 500,13:20,-78.37,
12/29/2024,5701.0,471503.0,FTTXFRFTTXFR,FTTHOMP U1B2 KU1B1 (XF/WAUE/*),FT THOMPSON 345/230 KU1A,13:20,-84.2,
12/29/2024,,162444.0,AMI13179_REYNOLD4_13857_A,REYNOLD4 13857 A (LN/NIPS/NIPS),WATSEKA - SHELDON SOUTH 138,13:25,-17.95,
12/29/2024,,222730.0,EAEE011_RSTE_RUSTON_VIENNA3_A,RSTE RUSTON_VIENNA3 A (LN/LAGN/EES),STERLINGTON - EL DORADO 500,13:25,-36.33,
12/29/2024,,434059.0,EESOC11_MARIONSE_ANGIE_MARION6_1,MARIONSE ANGIE_MARION6 1 (LN/SOCO/EES),MCKNIGHT - DANIEL 500,13:25,-80.7,
12/29/2024,5701.0,471503.0,FTTXFRFTTXFR,FTTHOMP U1B2 KU1B1 (XF/WAUE/*),FT THOMPSON 345/230 KU1A,13:25,-134.0,
12/29/2024,29254.0,438951.0,TMP781_Pittsburg_Semino_345_kV_FTLO_Canadian_Riv,SEMINOLE SEMINOLE A (LN/OKGE/CSWS),PITTSBURG-CANADIAN RIVER 345,13:25,-2.0,
12/29/2024,,162444.0,AMI13179_REYNOLD4_13857_A,REYNOLD4 13857 A (LN/NIPS/NIPS),WATSEKA - SHELDON SOUTH 138,13:30,-18.37,
12/29/2024,,222730.0,EAEE011_RSTE_RUSTON_VIENNA3_A,RSTE RUSTON_VIENNA3 A (LN/LAGN/EES),STERLINGTON - EL DORADO 500,13:30,-27.02,
12/29/2024,,434059.0,EESOC11_MARIONSE_ANGIE_MARION6_1,MARIONSE ANGIE_MARION6 1 (LN/SOCO/EES),MCKNIGHT - DANIEL 500,13:30,-22.29,
12/29/2024,5701.0,471503.0,FTTXFRFTTXFR,FTTHOMP U1B2 KU1B1 (XF/WAUE/*),FT THOMPSON 345/230 KU1A,13:30,-129.22,
12/29/2024,29254.0,438951.0,TMP781_Pittsburg_Semino_345_kV_FTLO_Canadian_Riv,SEMINOLE SEMINOLE A (LN/OKGE/CSWS),PITTSBURG-CANADIAN RIVER 345,13:30,-0.5,
12/29/2024,,162444.0,AMI13179_REYNOLD4_13857_A,REYNOLD4 13857 A (LN/NIPS/NIPS),WATSEKA - SHELDON SOUTH 138,13:35,-19.26,
12/29/2024,,222730.0,EAEE011_RSTE_RUSTON_VIENNA3_A,RSTE RUSTON_VIENNA3 A (LN/LAGN/EES),STERLINGTON - EL DORADO 500,13:35,-53.97,
12/29/2024,,434059.0,EESOC11_MARIONSE_ANGIE_MARION6_1,MARIONSE ANGIE_MARION6 1 (LN/SOCO/EES),MCKNIGHT - DANIEL 500,13:35,-40.61,
12/29/2024,29254.0,438951.0,TMP781_Pittsburg_Semino_345_kV_FTLO_Canadian_Riv,SEMINOLE SEMINOLE A (LN/OKGE/CSWS),PITTSBURG-CANADIAN RIVER 345,13:35,-0.3,
12/29/2024,,162444.0,AMI13179_REYNOLD4_13857_A,REYNOLD4 13857 A (LN/NIPS/NIPS),WATSEKA - SHELDON SOUTH 138,13:40,-18.29,
12/29/2024,,222730.0,EAEE011_RSTE_RUSTON_VIENNA3_A,RSTE RUSTON_VIENNA3 A (LN/LAGN/EES),STERLINGTON - EL DORADO 500,13:40,-44.61,
12/29/2024,,434059.0,EESOC11_MARIONSE_ANGIE_MARION6_1,MARIONSE ANGIE_MARION6 1 (LN/SOCO/EES),MCKNIGHT - DANIEL 500,13:40,-32.08,
12/29/2024,29254.0,438951.0,TMP781_Pittsburg_Semino_345_kV_FTLO_Canadian_Riv,SEMINOLE SEMINOLE A (LN/OKGE/CSWS),PITTSBURG-CANADIAN RIVER 345,13:40,-0.4,
12/29/2024,,162444.0,AMI13179_REYNOLD4_13857_A,REYNOLD4 13857 A (LN/NIPS/NIPS),WATSEKA - SHELDON SOUTH 138,13:45,-18.79,
12/29/2024,,222730.0,EAEE011_RSTE_RUSTON_VIENNA3_A,RSTE RUSTON_VIENNA3 A (LN/LAGN/EES),STERLINGTON - EL DORADO 500,13:45,-52.44,
12/29/2024,,434059.0,EESOC11_MARIONSE_ANGIE_MARION6_1,MARIONSE ANGIE_MARION6 1 (LN/SOCO/EES),MCKNIGHT - DANIEL 500,13:45,-35.44,
12/29/2024,29254.0,438951.0,TMP781_Pittsburg_Semino_345_kV_FTLO_Canadian_Riv,SEMINOLE SEMINOLE A (LN/OKGE/CSWS),PITTSBURG-CANADIAN RIVER 345,13:45,-0.4,
12/29/2024,,162444.0,AMI13179_REYNOLD4_13857_A,REYNOLD4 13857 A (LN/NIPS/NIPS),WATSEKA - SHELDON SOUTH 138,13:50,-19.1,
12/29/2024,,222730.0,EAEE011_RSTE_RUSTON_VIENNA3_A,RSTE RUSTON_VIENNA3 A (LN/LAGN/EES),STERLINGTON - EL DORADO 500,13:50,-54.48,
12/29/2024,,434059.0,EESOC11_MARIONSE_ANGIE_MARION6_1,MARIONSE ANGIE_MARION6 1 (LN/SOCO/EES),MCKNIGHT - DANIEL 500,13:50,-39.84,
12/29/2024,,162444.0,AMI13179_REYNOLD4_13857_A,REYNOLD4 13857 A (LN/NIPS/NIPS),WATSEKA - SHELDON SOUTH 138,13:55,-18.62,
12/29/2024,,222730.0,EAEE011_RSTE_RUSTON_VIENNA3_A,RSTE RUSTON_VIENNA3 A (LN/LAGN/EES),STERLINGTON - EL DORADO 500,13:55,-42.46,
12/29/2024,,434059.0,EESOC11_MARIONSE_ANGIE_MARION6_1,MARIONSE ANGIE_MARION6 1 (LN/SOCO/EES),MCKNIGHT - DANIEL 500,13:55,-40.28,
12/29/2024,5701.0,471503.0,FTTXFRFTTXFR,FTTHOMP U1B2 KU1B1 (XF/WAUE/*),FT THOMPSON 345/230 KU1A,13:55,-83.56,
12/29/2024,29254.0,438951.0,TMP781_Pittsburg_Semino_345_kV_FTLO_Canadian_Riv,SEMINOLE SEMINOLE A (LN/OKGE/CSWS),PITTSBURG-CANADIAN RIVER 345,13:55,-0.7,
12/29/2024,,162444.0,AMI13179_REYNOLD4_13857_A,REYNOLD4 13857 A (LN/NIPS/NIPS),WATSEKA - SHELDON SOUTH 138,14:00,-18.8,
12/29/2024,,222730.0,EAEE011_RSTE_RUSTON_VIENNA3_A,RSTE RUSTON_VIENNA3 A (LN/LAGN/EES),STERLINGTON - EL DORADO 500,14:00,-47.34,
12/29/2024,,434059.0,EESOC11_MARIONSE_ANGIE_MARION6_1,MARIONSE ANGIE_MARION6 1 (LN/SOCO/EES),MCKNIGHT - DANIEL 500,14:00,-36.13,
12/29/2024,5701.0,471503.0,FTTXFRFTTXFR,FTTHOMP U1B2 KU1B1 (XF/WAUE/*),FT THOMPSON 345/230 KU1A,14:00,-55.87,
12/29/2024,29254.0,438951.0,TMP781_Pittsburg_Semino_345_kV_FTLO_Canadian_Riv,SEMINOLE SEMINOLE A (LN/OKGE/CSWS),PITTSBURG-CANADIAN RIVER 345,14:00,-0.4,
12/29/2024,,162444.0,AMI13179_REYNOLD4_13857_A,REYNOLD4 13857 A (LN/NIPS/NIPS),WATSEKA - SHELDON SOUTH 138,14:05,-19.59,
12/29/2024,,222730.0,EAEE011_RSTE_RUSTON_VIENNA3_A,RSTE RUSTON_VIENNA3 A (LN/LAGN/EES),STERLINGTON - EL DORADO 500,14:05,-55.33,
12/29/2024,,434059.0,EESOC11_MARIONSE_ANGIE_MARION6_1,MARIONSE ANGIE_MARION6 1 (LN/SOCO/EES),MCKNIGHT - DANIEL 500,14:05,-42.14,
12/29/2024,5701.0,471503.0,FTTXFRFTTXFR,FTTHOMP U1B2 KU1B1 (XF/WAUE/*),FT THOMPSON 345/230 KU1A,14:05,-31.8,
12/29/2024,,162444.0,AMI13179_REYNOLD4_13857_A,REYNOLD4 13857 A (LN/NIPS/NIPS),WATSEKA - SHELDON SOUTH 138,14:10,-19.17,
12/29/2024,,222730.0,EAEE011_RSTE_RUSTON_VIENNA3_A,RSTE RUSTON_VIENNA3 A (LN/LAGN/EES),STERLINGTON - EL DORADO 500,14:10,-53.74,
12/29/2024,,434059.0,EESOC11_MARIONSE_ANGIE_MARION6_1,MARIONSE ANGIE_MARION6 1 (LN/SOCO/EES),MCKNIGHT - DANIEL 500,14:10,-35.67,
12/29/2024,,162444.0,AMI13179_REYNOLD4_13857_A,REYNOLD4 13857 A (LN/NIPS/NIPS),WATSEKA - SHELDON SOUTH 138,14:15,-19.52,
12/29/2024,,222730.0,EAEE011_RSTE_RUSTON_VIENNA3_A,RSTE RUSTON_VIENNA3 A (LN/LAGN/EES),STERLINGTON - EL DORADO 500,14:15,-59.75,
12/29/2024,,434059.0,EESOC11_MARIONSE_ANGIE_MARION6_1,MARIONSE ANGIE_MARION6 1 (LN/SOCO/EES),MCKNIGHT - DANIEL 500,14:15,-38.68,
12/29/2024,,162444.0,AMI13179_REYNOLD4_13857_A,REYNOLD4 13857 A (LN/NIPS/NIPS),WATSEKA - SHELDON SOUTH 138,14:20,-19.43,
12/29/2024,,434059.0,EESOC11_MARIONSE_ANGIE_MARION6_1,MARIONSE ANGIE_MARION6 1 (LN/SOCO/EES),MCKNIGHT - DANIEL 500,14:20,-45.13,
12/29/2024,,162444.0,AMI13179_REYNOLD4_13857_A,REYNOLD4 13857 A (LN/NIPS/NIPS),WATSEKA - SHELDON SOUTH 138,14:25,-18.91,
12/29/2024,,222730.0,EAEE011_RSTE_RUSTON_VIENNA3_A,RSTE RUSTON_VIENNA3 A (LN/LAGN/EES),STERLINGTON - EL DORADO 500,14:25,-62.81,
12/29/2024,,434059.0,EESOC11_MARIONSE_ANGIE_MARION6_1,MARIONSE ANGIE_MARION6 1 (LN/SOCO/EES),MCKNIGHT - DANIEL 500,14:25,-107.24,
12/29/2024,,162444.0,AMI13179_REYNOLD4_13857_A,REYNOLD4 13857 A (LN/NIPS/NIPS),WATSEKA - SHELDON SOUTH 138,14:30,-19.09,
12/29/2024,,222730.0,EAEE011_RSTE_RUSTON_VIENNA3_A,RSTE RUSTON_VIENNA3 A (LN/LAGN/EES),STERLINGTON - EL DORADO 500,14:30,-46.38,
12/29/2024,,434059.0,EESOC11_MARIONSE_ANGIE_MARION6_1,MARIONSE ANGIE_MARION6 1 (LN/SOCO/EES),MCKNIGHT - DANIEL 500,14:30,-40.67,
12/29/2024,29254.0,438951.0,TMP781_Pittsburg_Semino_345_kV_FTLO_Canadian_Riv,SEMINOLE SEMINOLE A (LN/OKGE/CSWS),PITTSBURG-CANADIAN RIVER 345,14:30,-1.27,
12/29/2024,,162444.0,AMI13179_REYNOLD4_13857_A,REYNOLD4 13857 A (LN/NIPS/NIPS),WATSEKA - SHELDON SOUTH 138,14:35,-19.07,
12/29/2024,,222730.0,EAEE011_RSTE_RUSTON_VIENNA3_A,RSTE RUSTON_VIENNA3 A (LN/LAGN/EES),STERLINGTON - EL DORADO 500,14:35,-46.85,
12/29/2024,,434059.0,EESOC11_MARIONSE_ANGIE_MARION6_1,MARIONSE ANGIE_MARION6 1 (LN/SOCO/EES),MCKNIGHT - DANIEL 500,14:35,-44.17,
12/29/2024,29254.0,438951.0,TMP781_Pittsburg_Semino_345_kV_FTLO_Canadian_Riv,SEMINOLE SEMINOLE A (LN/OKGE/CSWS),PITTSBURG-CANADIAN RIVER 345,14:35,-1.27,
12/29/2024,,162444.0,AMI13179_REYNOLD4_13857_A,REYNOLD4 13857 A (LN/NIPS/NIPS),WATSEKA - SHELDON SOUTH 138,14:40,-19.02,
12/29/2024,,222730.0,EAEE011_RSTE_RUSTON_VIENNA3_A,RSTE RUSTON_VIENNA3 A (LN/LAGN/EES),STERLINGTON - EL DORADO 500,14:40,-45.7,
12/29/2024,,434059.0,EESOC11_MARIONSE_ANGIE_MARION6_1,MARIONSE ANGIE_MARION6 1 (LN/SOCO/EES),MCKNIGHT - DANIEL 500,14:40,-39.01,
12/29/2024,29254.0,438951.0,TMP781_Pittsburg_Semino_345_kV_FTLO_Canadian_Riv,SEMINOLE SEMINOLE A (LN/OKGE/CSWS),PITTSBURG-CANADIAN RIVER 345,14:40,-0.8,
12/29/2024,,162444.0,AMI13179_REYNOLD4_13857_A,REYNOLD4 13857 A (LN/NIPS/NIPS),WATSEKA - SHELDON SOUTH 138,14:45,-18.91,
12/29/2024,,222730.0,EAEE011_RSTE_RUSTON_VIENNA3_A,RSTE RUSTON_VIENNA3 A (LN/LAGN/EES),STERLINGTON - EL DORADO 500,14:45,-47.88,
12/29/2024,,434059.0,EESOC11_MARIONSE_ANGIE_MARION6_1,MARIONSE ANGIE_MARION6 1 (LN/SOCO/EES),MCKNIGHT - DANIEL 500,14:45,-57.77,
12/29/2024,29254.0,438951.0,TMP781_Pittsburg_Semino_345_kV_FTLO_Canadian_Riv,SEMINOLE SEMINOLE A (LN/OKGE/CSWS),PITTSBURG-CANADIAN RIVER 345,14:45,-0.7,
12/29/2024,,162444.0,AMI13179_REYNOLD4_13857_A,REYNOLD4 13857 A (LN/NIPS/NIPS),WATSEKA - SHELDON SOUTH 138,14:50,-17.57,
12/29/2024,,222730.0,EAEE011_RSTE_RUSTON_VIENNA3_A,RSTE RUSTON_VIENNA3 A (LN/LAGN/EES),STERLINGTON - EL DORADO 500,14:50,-34.31,
12/29/2024,,434059.0,EESOC11_MARIONSE_ANGIE_MARION6_1,MARIONSE ANGIE_MARION6 1 (LN/SOCO/EES),MCKNIGHT - DANIEL 500,14:50,-42.18,
12/29/2024,29254.0,438951.0,TMP781_Pittsburg_Semino_345_kV_FTLO_Canadian_Riv,SEMINOLE SEMINOLE A (LN/OKGE/CSWS),PITTSBURG-CANADIAN RIVER 345,14:50,-0.8,
12/29/2024,,162444.0,AMI13179_REYNOLD4_13857_A,REYNOLD4 13857 A (LN/NIPS/NIPS),WATSEKA - SHELDON SOUTH 138,14:55,-18.64,
12/29/2024,,222730.0,EAEE011_RSTE_RUSTON_VIENNA3_A,RSTE RUSTON_VIENNA3 A (LN/LAGN/EES),STERLINGTON - EL DORADO 500,14:55,-46.69,
12/29/2024,,434059.0,EESOC11_MARIONSE_ANGIE_MARION6_1,MARIONSE ANGIE_MARION6 1 (LN/SOCO/EES),MCKNIGHT - DANIEL 500,14:55,-50.48,
12/29/2024,29254.0,438951.0,TMP781_Pittsburg_Semino_345_kV_FTLO_Canadian_Riv,SEMINOLE SEMINOLE A (LN/OKGE/CSWS),PITTSBURG-CANADIAN RIVER 345,14:55,-0.8,
12/29/2024,,162444.0,AMI13179_REYNOLD4_13857_A,REYNOLD4 13857 A (LN/NIPS/NIPS),WATSEKA - SHELDON SOUTH 138,15:00,-17.61,
12/29/2024,,222730.0,EAEE011_RSTE_RUSTON_VIENNA3_A,RSTE RUSTON_VIENNA3 A (LN/LAGN/EES),STERLINGTON - EL DORADO 500,15:00,-40.47,
12/29/2024,,434059.0,EESOC11_MARIONSE_ANGIE_MARION6_1,MARIONSE ANGIE_MARION6 1 (LN/SOCO/EES),MCKNIGHT - DANIEL 500,15:00,-73.02,
12/29/2024,,162444.0,AMI13179_REYNOLD4_13857_A,REYNOLD4 13857 A (LN/NIPS/NIPS),WATSEKA - SHELDON SOUTH 138,15:05,-18.17,
12/29/2024,,222730.0,EAEE011_RSTE_RUSTON_VIENNA3_A,RSTE RUSTON_VIENNA3 A (LN/LAGN/EES),STERLINGTON - EL DORADO 500,15:05,-41.9,
12/29/2024,,434059.0,EESOC11_MARIONSE_ANGIE_MARION6_1,MARIONSE ANGIE_MARION6 1 (LN/SOCO/EES),MCKNIGHT - DANIEL 500,15:05,-54.45,
12/29/2024,29254.0,438951.0,TMP781_Pittsburg_Semino_345_kV_FTLO_Canadian_Riv,SEMINOLE SEMINOLE A (LN/OKGE/CSWS),PITTSBURG-CANADIAN RIVER 345,15:05,-0.8,
12/29/2024,,162444.0,AMI13179_REYNOLD4_13857_A,REYNOLD4 13857 A (LN/NIPS/NIPS),WATSEKA - SHELDON SOUTH 138,15:10,-18.91,
12/29/2024,,222730.0,EAEE011_RSTE_RUSTON_VIENNA3_A,RSTE RUSTON_VIENNA3 A (LN/LAGN/EES),STERLINGTON - EL DORADO 500,15:10,-45.04,
12/29/2024,,434059.0,EESOC11_MARIONSE_ANGIE_MARION6_1,MARIONSE ANGIE_MARION6 1 (LN/SOCO/EES),MCKNIGHT - DANIEL 500,15:10,-42.79,
12/29/2024,29254.0,438951.0,TMP781_Pittsburg_Semino_345_kV_FTLO_Canadian_Riv,SEMINOLE SEMINOLE A (LN/OKGE/CSWS),PITTSBURG-CANADIAN RIVER 345,15:10,-5.29,
12/29/2024,,162444.0,AMI13179_REYNOLD4_13857_A,REYNOLD4 13857 A (LN/NIPS/NIPS),WATSEKA - SHELDON SOUTH 138,15:15,-18.27,
12/29/2024,,222730.0,EAEE011_RSTE_RUSTON_VIENNA3_A,RSTE RUSTON_VIENNA3 A (LN/LAGN/EES),STERLINGTON - EL DORADO 500,15:15,-39.300000000000004,
12/29/2024,,434059.0,EESOC11_MARIONSE_ANGIE_MARION6_1,MARIONSE ANGIE_MARION6 1 (LN/SOCO/EES),MCKNIGHT - DANIEL 500,15:15,-36.09,
12/29/2024,29254.0,438951.0,TMP781_Pittsburg_Semino_345_kV_FTLO_Canadian_Riv,SEMINOLE SEMINOLE A (LN/OKGE/CSWS),PITTSBURG-CANADIAN RIVER 345,15:15,-5.29,
12/29/2024,,162444.0,AMI13179_REYNOLD4_13857_A,REYNOLD4 13857 A (LN/NIPS/NIPS),WATSEKA - SHELDON SOUTH 138,15:20,-18.03,
12/29/2024,,222730.0,EAEE011_RSTE_RUSTON_VIENNA3_A,RSTE RUSTON_VIENNA3 A (LN/LAGN/EES),STERLINGTON - EL DORADO 500,15:20,-46.87,
12/29/2024,,434059.0,EESOC11_MARIONSE_ANGIE_MARION6_1,MARIONSE ANGIE_MARION6 1 (LN/SOCO/EES),MCKNIGHT - DANIEL 500,15:20,-75.64,
12/29/2024,29254.0,438951.0,TMP781_Pittsburg_Semino_345_kV_FTLO_Canadian_Riv,SEMINOLE SEMINOLE A (LN/OKGE/CSWS),PITTSBURG-CANADIAN RIVER 345,15:20,-0.9,
12/29/2024,,162444.0,AMI13179_REYNOLD4_13857_A,REYNOLD4 13857 A (LN/NIPS/NIPS),WATSEKA - SHELDON SOUTH 138,15:25,-18.79,
12/29/2024,,222730.0,EAEE011_RSTE_RUSTON_VIENNA3_A,RSTE RUSTON_VIENNA3 A (LN/LAGN/EES),STERLINGTON - EL DORADO 500,15:25,-47.43,
12/29/2024,,434059.0,EESOC11_MARIONSE_ANGIE_MARION6_1,MARIONSE ANGIE_MARION6 1 (LN/SOCO/EES),MCKNIGHT - DANIEL 500,15:25,-40.160000000000004,
12/29/2024,29254.0,438951.0,TMP781_Pittsburg_Semino_345_kV_FTLO_Canadian_Riv,SEMINOLE SEMINOLE A (LN/OKGE/CSWS),PITTSBURG-CANADIAN RIVER 345,15:25,-0.9,
12/29/2024,,162444.0,AMI13179_REYNOLD4_13857_A,REYNOLD4 13857 A (LN/NIPS/NIPS),WATSEKA - SHELDON SOUTH 138,15:30,-19.23,
12/29/2024,,222730.0,EAEE011_RSTE_RUSTON_VIENNA3_A,RSTE RUSTON_VIENNA3 A (LN/LAGN/EES),STERLINGTON - EL DORADO 500,15:30,-49.68,
12/29/2024,,434059.0,EESOC11_MARIONSE_ANGIE_MARION6_1,MARIONSE ANGIE_MARION6 1 (LN/SOCO/EES),MCKNIGHT - DANIEL 500,15:30,-46.88,
12/29/2024,29254.0,438951.0,TMP781_Pittsburg_Semino_345_kV_FTLO_Canadian_Riv,SEMINOLE SEMINOLE A (LN/OKGE/CSWS),PITTSBURG-CANADIAN RIVER 345,15:30,-0.9,
12/29/2024,,162444.0,AMI13179_REYNOLD4_13857_A,REYNOLD4 13857 A (LN/NIPS/NIPS),WATSEKA - SHELDON SOUTH 138,15:35,-19.650000000000002,
12/29/2024,,222730.0,EAEE011_RSTE_RUSTON_VIENNA3_A,RSTE RUSTON_VIENNA3 A (LN/LAGN/EES),STERLINGTON - EL DORADO 500,15:35,-53.57,
12/29/2024,,434059.0,EESOC11_MARIONSE_ANGIE_MARION6_1,MARIONSE ANGIE_MARION6 1 (LN/SOCO/EES),MCKNIGHT - DANIEL 500,15:35,-48.28,
12/29/2024,,162444.0,AMI13179_REYNOLD4_13857_A,REYNOLD4 13857 A (LN/NIPS/NIPS),WATSEKA - SHELDON SOUTH 138,15:40,-18.89,
12/29/2024,,222730.0,EAEE011_RSTE_RUSTON_VIENNA3_A,RSTE RUSTON_VIENNA3 A (LN/LAGN/EES),STERLINGTON - EL DORADO 500,15:40,-44.01,
12/29/2024,,434059.0,EESOC11_MARIONSE_ANGIE_MARION6_1,MARIONSE ANGIE_MARION6 1 (LN/SOCO/EES),MCKNIGHT - DANIEL 500,15:40,-44.42,
12/29/2024,29254.0,438951.0,TMP781_Pittsburg_Semino_345_kV_FTLO_Canadian_Riv,SEMINOLE SEMINOLE A (LN/OKGE/CSWS),PITTSBURG-CANADIAN RIVER 345,15:40,-0.8,
12/29/2024,,162444.0,AMI13179_REYNOLD4_13857_A,REYNOLD4 13857 A (LN/NIPS/NIPS),WATSEKA - SHELDON SOUTH 138,15:45,-18.82,
12/29/2024,,222730.0,EAEE011_RSTE_RUSTON_VIENNA3_A,RSTE RUSTON_VIENNA3 A (LN/LAGN/EES),STERLINGTON - EL DORADO 500,15:45,-42.99,
12/29/2024,,434059.0,EESOC11_MARIONSE_ANGIE_MARION6_1,MARIONSE ANGIE_MARION6 1 (LN/SOCO/EES),MCKNIGHT - DANIEL 500,15:45,-42.85,
12/29/2024,29254.0,438951.0,TMP781_Pittsburg_Semino_345_kV_FTLO_Canadian_Riv,SEMINOLE SEMINOLE A (LN/OKGE/CSWS),PITTSBURG-CANADIAN RIVER 345,15:45,-2.5500000000000003,
12/29/2024,,162444.0,AMI13179_REYNOLD4_13857_A,REYNOLD4 13857 A (LN/NIPS/NIPS),WATSEKA - SHELDON SOUTH 138,15:50,-18.97,
12/29/2024,,222730.0,EAEE011_RSTE_RUSTON_VIENNA3_A,RSTE RUSTON_VIENNA3 A (LN/LAGN/EES),STERLINGTON - EL DORADO 500,15:50,-39.37,
12/29/2024,,434059.0,EESOC11_MARIONSE_ANGIE_MARION6_1,MARIONSE ANGIE_MARION6 1 (LN/SOCO/EES),MCKNIGHT - DANIEL 500,15:50,-22.84,
12/29/2024,29254.0,438951.0,TMP781_Pittsburg_Semino_345_kV_FTLO_Canadian_Riv,SEMINOLE SEMINOLE A (LN/OKGE/CSWS),PITTSBURG-CANADIAN RIVER 345,15:50,-2.15,
12/29/2024,,162444.0,AMI13179_REYNOLD4_13857_A,REYNOLD4 13857 A (LN/NIPS/NIPS),WATSEKA - SHELDON SOUTH 138,15:55,-18.990000000000002,
12/29/2024,,222730.0,EAEE011_RSTE_RUSTON_VIENNA3_A,RSTE RUSTON_VIENNA3 A (LN/LAGN/EES),STERLINGTON - EL DORADO 500,15:55,-44.02,
12/29/2024,,434059.0,EESOC11_MARIONSE_ANGIE_MARION6_1,MARIONSE ANGIE_MARION6 1 (LN/SOCO/EES),MCKNIGHT - DANIEL 500,15:55,-27.85,
12/29/2024,29254.0,438951.0,TMP781_Pittsburg_Semino_345_kV_FTLO_Canadian_Riv,SEMINOLE SEMINOLE A (LN/OKGE/CSWS),PITTSBURG-CANADIAN RIVER 345,15:55,-2.15,
12/29/2024,,162444.0,AMI13179_REYNOLD4_13857_A,REYNOLD4 13857 A (LN/NIPS/NIPS),WATSEKA - SHELDON SOUTH 138,16:00,-19.23,
12/29/2024,,222730.0,EAEE011_RSTE_RUSTON_VIENNA3_A,RSTE RUSTON_VIENNA3 A (LN/LAGN/EES),STERLINGTON - EL DORADO 500,16:00,-51.81,
12/29/2024,29254.0,438951.0,TMP781_Pittsburg_Semino_345_kV_FTLO_Canadian_Riv,SEMINOLE SEMINOLE A (LN/OKGE/CSWS),PITTSBURG-CANADIAN RIVER 345,16:00,-1.1,
12/29/2024,,162444.0,AMI13179_REYNOLD4_13857_A,REYNOLD4 13857 A (LN/NIPS/NIPS),WATSEKA - SHELDON SOUTH 138,16:05,-19.32,
12/29/2024,,222730.0,EAEE011_RSTE_RUSTON_VIENNA3_A,RSTE RUSTON_VIENNA3 A (LN/LAGN/EES),STERLINGTON - EL DORADO 500,16:05,-43.4,
12/29/2024,29254.0,438951.0,TMP781_Pittsburg_Semino_345_kV_FTLO_Canadian_Riv,SEMINOLE SEMINOLE A (LN/OKGE/CSWS),PITTSBURG-CANADIAN RIVER 345,16:05,-1.3,
12/29/2024,,162444.0,AMI13179_REYNOLD4_13857_A,REYNOLD4 13857 A (LN/NIPS/NIPS),WATSEKA - SHELDON SOUTH 138,16:10,-19.3,
12/29/2024,,222730.0,EAEE011_RSTE_RUSTON_VIENNA3_A,RSTE RUSTON_VIENNA3 A (LN/LAGN/EES),STERLINGTON - EL DORADO 500,16:10,-47.94,
12/29/2024,,434059.0,EESOC11_MARIONSE_ANGIE_MARION6_1,MARIONSE ANGIE_MARION6 1 (LN/SOCO/EES),MCKNIGHT - DANIEL 500,16:10,-17.09,
12/29/2024,29254.0,438951.0,TMP781_Pittsburg_Semino_345_kV_FTLO_Canadian_Riv,SEMINOLE SEMINOLE A (LN/OKGE/CSWS),PITTSBURG-CANADIAN RIVER 345,16:10,-1.16,
12/29/2024,,162444.0,AMI13179_REYNOLD4_13857_A,REYNOLD4 13857 A (LN/NIPS/NIPS),WATSEKA - SHELDON SOUTH 138,16:15,-19.45,
12/29/2024,,222730.0,EAEE011_RSTE_RUSTON_VIENNA3_A,RSTE RUSTON_VIENNA3 A (LN/LAGN/EES),STERLINGTON - EL DORADO 500,16:15,-47.02,
12/29/2024,29254.0,438951.0,TMP781_Pittsburg_Semino_345_kV_FTLO_Canadian_Riv,SEMINOLE SEMINOLE A (LN/OKGE/CSWS),PITTSBURG-CANADIAN RIVER 345,16:15,-1.17,
12/29/2024,,162444.0,AMI13179_REYNOLD4_13857_A,REYNOLD4 13857 A (LN/NIPS/NIPS),WATSEKA - SHELDON SOUTH 138,16:20,-19.68,
12/29/2024,,222730.0,EAEE011_RSTE_RUSTON_VIENNA3_A,RSTE RUSTON_VIENNA3 A (LN/LAGN/EES),STERLINGTON - EL DORADO 500,16:20,-47.75,
12/29/2024,,162444.0,AMI13179_REYNOLD4_13857_A,REYNOLD4 13857 A (LN/NIPS/NIPS),WATSEKA - SHELDON SOUTH 138,16:25,-21.2,
12/29/2024,,222730.0,EAEE011_RSTE_RUSTON_VIENNA3_A,RSTE RUSTON_VIENNA3 A (LN/LAGN/EES),STERLINGTON - EL DORADO 500,16:25,-61.41,
12/29/2024,29254.0,438951.0,TMP781_Pittsburg_Semino_345_kV_FTLO_Canadian_Riv,SEMINOLE SEMINOLE A (LN/OKGE/CSWS),PITTSBURG-CANADIAN RIVER 345,16:25,-1.16,
12/29/2024,,162444.0,AMI13179_REYNOLD4_13857_A,REYNOLD4 13857 A (LN/NIPS/NIPS),WATSEKA - SHELDON SOUTH 138,16:30,-22.14,
12/29/2024,,222730.0,EAEE011_RSTE_RUSTON_VIENNA3_A,RSTE RUSTON_VIENNA3 A (LN/LAGN/EES),STERLINGTON - EL DORADO 500,16:30,-50.41,
12/29/2024,29254.0,438951.0,TMP781_Pittsburg_Semino_345_kV_FTLO_Canadian_Riv,SEMINOLE SEMINOLE A (LN/OKGE/CSWS),PITTSBURG-CANADIAN RIVER 345,16:30,-0.8,
12/29/2024,,162444.0,AMI13179_REYNOLD4_13857_A,REYNOLD4 13857 A (LN/NIPS/NIPS),WATSEKA - SHELDON SOUTH 138,16:35,-12.27,
12/29/2024,,222730.0,EAEE011_RSTE_RUSTON_VIENNA3_A,RSTE RUSTON_VIENNA3 A (LN/LAGN/EES),STERLINGTON - EL DORADO 500,16:35,-61.39,
12/29/2024,29254.0,438951.0,TMP781_Pittsburg_Semino_345_kV_FTLO_Canadian_Riv,SEMINOLE SEMINOLE A (LN/OKGE/CSWS),PITTSBURG-CANADIAN RIVER 345,16:35,-0.9,
12/29/2024,,162444.0,AMI13179_REYNOLD4_13857_A,REYNOLD4 13857 A (LN/NIPS/NIPS),WATSEKA - SHELDON SOUTH 138,16:40,-12.86,
12/29/2024,,222730.0,EAEE011_RSTE_RUSTON_VIENNA3_A,RSTE RUSTON_VIENNA3 A (LN/LAGN/EES),STERLINGTON - EL DORADO 500,16:40,-63.75,
12/29/2024,,162444.0,AMI13179_REYNOLD4_13857_A,REYNOLD4 13857 A (LN/NIPS/NIPS),WATSEKA - SHELDON SOUTH 138,16:45,-11.21,
12/29/2024,,222730.0,EAEE011_RSTE_RUSTON_VIENNA3_A,RSTE RUSTON_VIENNA3 A (LN/LAGN/EES),STERLINGTON - EL DORADO 500,16:45,-55.55,
12/29/2024,29254.0,438951.0,TMP781_Pittsburg_Semino_345_kV_FTLO_Canadian_Riv,SEMINOLE SEMINOLE A (LN/OKGE/CSWS),PITTSBURG-CANADIAN RIVER 345,16:45,-0.9,
12/29/2024,,162444.0,AMI13179_REYNOLD4_13857_A,REYNOLD4 13857 A (LN/NIPS/NIPS),WATSEKA - SHELDON SOUTH 138,16:50,-21.5,
12/29/2024,,222730.0,EAEE011_RSTE_RUSTON_VIENNA3_A,RSTE RUSTON_VIENNA3 A (LN/LAGN/EES),STERLINGTON - EL DORADO 500,16:50,-46.95,
12/29/2024,29254.0,438951.0,TMP781_Pittsburg_Semino_345_kV_FTLO_Canadian_Riv,SEMINOLE SEMINOLE A (LN/OKGE/CSWS),PITTSBURG-CANADIAN RIVER 345,16:50,-0.8,
12/29/2024,,162444.0,AMI13179_REYNOLD4_13857_A,REYNOLD4 13857 A (LN/NIPS/NIPS),WATSEKA - SHELDON SOUTH 138,16:55,-23.39,
12/29/2024,,222730.0,EAEE011_RSTE_RUSTON_VIENNA3_A,RSTE RUSTON_VIENNA3 A (LN/LAGN/EES),STERLINGTON - EL DORADO 500,16:55,-44.0,
12/29/2024,,162444.0,AMI13179_REYNOLD4_13857_A,REYNOLD4 13857 A (LN/NIPS/NIPS),WATSEKA - SHELDON SOUTH 138,17:00,-21.0,
12/29/2024,,222730.0,EAEE011_RSTE_RUSTON_VIENNA3_A,RSTE RUSTON_VIENNA3 A (LN/LAGN/EES),STERLINGTON - EL DORADO 500,17:00,-38.63,
12/29/2024,29254.0,438951.0,TMP781_Pittsburg_Semino_345_kV_FTLO_Canadian_Riv,SEMINOLE SEMINOLE A (LN/OKGE/CSWS),PITTSBURG-CANADIAN RIVER 345,17:00,-0.9,
12/29/2024,,162444.0,AMI13179_REYNOLD4_13857_A,REYNOLD4 13857 A (LN/NIPS/NIPS),WATSEKA - SHELDON SOUTH 138,17:05,-20.97,
12/29/2024,,222730.0,EAEE011_RSTE_RUSTON_VIENNA3_A,RSTE RUSTON_VIENNA3 A (LN/LAGN/EES),STERLINGTON - EL DORADO 500,17:05,-49.28,
12/29/2024,,162444.0,AMI13179_REYNOLD4_13857_A,REYNOLD4 13857 A (LN/NIPS/NIPS),WATSEKA - SHELDON SOUTH 138,17:10,-20.09,
12/29/2024,,222730.0,EAEE011_RSTE_RUSTON_VIENNA3_A,RSTE RUSTON_VIENNA3 A (LN/LAGN/EES),STERLINGTON - EL DORADO 500,17:10,-42.34,
12/29/2024,29254.0,438951.0,TMP781_Pittsburg_Semino_345_kV_FTLO_Canadian_Riv,SEMINOLE SEMINOLE A (LN/OKGE/CSWS),PITTSBURG-CANADIAN RIVER 345,17:10,-0.9,
12/29/2024,,162444.0,AMI13179_REYNOLD4_13857_A,REYNOLD4 13857 A (LN/NIPS/NIPS),WATSEKA - SHELDON SOUTH 138,17:15,-22.43,
12/29/2024,,222730.0,EAEE011_RSTE_RUSTON_VIENNA3_A,RSTE RUSTON_VIENNA3 A (LN/LAGN/EES),STERLINGTON - EL DORADO 500,17:15,-62.4,
12/29/2024,29254.0,438951.0,TMP781_Pittsburg_Semino_345_kV_FTLO_Canadian_Riv,SEMINOLE SEMINOLE A (LN/OKGE/CSWS),PITTSBURG-CANADIAN RIVER 345,17:15,-0.9,
12/29/2024,,162444.0,AMI13179_REYNOLD4_13857_A,REYNOLD4 13857 A (LN/NIPS/NIPS),WATSEKA - SHELDON SOUTH 138,17:20,-22.0,
12/29/2024,,222730.0,EAEE011_RSTE_RUSTON_VIENNA3_A,RSTE RUSTON_VIENNA3 A (LN/LAGN/EES),STERLINGTON - EL DORADO 500,17:20,-58.26,
12/29/2024,29254.0,438951.0,TMP781_Pittsburg_Semino_345_kV_FTLO_Canadian_Riv,SEMINOLE SEMINOLE A (LN/OKGE/CSWS),PITTSBURG-CANADIAN RIVER 345,17:20,-1.1500000000000001,
12/29/2024,,162444.0,AMI13179_REYNOLD4_13857_A,REYNOLD4 13857 A (LN/NIPS/NIPS),WATSEKA - SHELDON SOUTH 138,17:25,-24.81,
12/29/2024,30825.0,229670.0,Batesvil_Batesvil_115kV_FLO_Batesvil_LS_Power_23,BATSV5 BATSV5_BATSV73 A (LN/EMBA/TVA),BATESVILLE-L S POWER 230,17:25,-0.9,
12/29/2024,,222730.0,EAEE011_RSTE_RUSTON_VIENNA3_A,RSTE RUSTON_VIENNA3 A (LN/LAGN/EES),STERLINGTON - EL DORADO 500,17:25,-44.54,
12/29/2024,29254.0,438951.0,TMP781_Pittsburg_Semino_345_kV_FTLO_Canadian_Riv,SEMINOLE SEMINOLE A (LN/OKGE/CSWS),PITTSBURG-CANADIAN RIVER 345,17:25,-1.55,
12/29/2024,,162444.0,AMI13179_REYNOLD4_13857_A,REYNOLD4 13857 A (LN/NIPS/NIPS),WATSEKA - SHELDON SOUTH 138,17:30,-23.18,
12/29/2024,,222730.0,EAEE011_RSTE_RUSTON_VIENNA3_A,RSTE RUSTON_VIENNA3 A (LN/LAGN/EES),STERLINGTON - EL DORADO 500,17:30,-19.02,
12/29/2024,29254.0,438951.0,TMP781_Pittsburg_Semino_345_kV_FTLO_Canadian_Riv,SEMINOLE SEMINOLE A (LN/OKGE/CSWS),PITTSBURG-CANADIAN RIVER 345,17:30,-1.46,
12/29/2024,,162444.0,AMI13179_REYNOLD4_13857_A,REYNOLD4 13857 A (LN/NIPS/NIPS),WATSEKA - SHELDON SOUTH 138,17:35,-16.78,
12/29/2024,30825.0,229670.0,Batesvil_Batesvil_115kV_FLO_Batesvil_LS_Power_23,BATSV5 BATSV5_BATSV73 A (LN/EMBA/TVA),BATESVILLE-L S POWER 230,17:35,-4.61,
12/29/2024,,222730.0,EAEE011_RSTE_RUSTON_VIENNA3_A,RSTE RUSTON_VIENNA3 A (LN/LAGN/EES),STERLINGTON - EL DORADO 500,17:35,-26.29,
12/29/2024,29254.0,438951.0,TMP781_Pittsburg_Semino_345_kV_FTLO_Canadian_Riv,SEMINOLE SEMINOLE A (LN/OKGE/CSWS),PITTSBURG-CANADIAN RIVER 345,17:35,-4.2,
12/29/2024,,162444.0,AMI13179_REYNOLD4_13857_A,REYNOLD4 13857 A (LN/NIPS/NIPS),WATSEKA - SHELDON SOUTH 138,17:40,-14.7,
12/29/2024,,222730.0,EAEE011_RSTE_RUSTON_VIENNA3_A,RSTE RUSTON_VIENNA3 A (LN/LAGN/EES),STERLINGTON - EL DORADO 500,17:40,-19.97,
12/29/2024,29254.0,438951.0,TMP781_Pittsburg_Semino_345_kV_FTLO_Canadian_Riv,SEMINOLE SEMINOLE A (LN/OKGE/CSWS),PITTSBURG-CANADIAN RIVER 345,17:40,-4.88,
12/29/2024,,162444.0,AMI13179_REYNOLD4_13857_A,REYNOLD4 13857 A (LN/NIPS/NIPS),WATSEKA - SHELDON SOUTH 138,17:45,-14.09,
12/29/2024,29254.0,438951.0,TMP781_Pittsburg_Semino_345_kV_FTLO_Canadian_Riv,SEMINOLE SEMINOLE A (LN/OKGE/CSWS),PITTSBURG-CANADIAN RIVER 345,17:45,-4.3,
12/29/2024,,162444.0,AMI13179_REYNOLD4_13857_A,REYNOLD4 13857 A (LN/NIPS/NIPS),WATSEKA - SHELDON SOUTH 138,17:50,-13.05,
12/29/2024,29254.0,438951.0,TMP781_Pittsburg_Semino_345_kV_FTLO_Canadian_Riv,SEMINOLE SEMINOLE A (LN/OKGE/CSWS),PITTSBURG-CANADIAN RIVER 345,17:50,-3.65,
12/29/2024,,162444.0,AMI13179_REYNOLD4_13857_A,REYNOLD4 13857 A (LN/NIPS/NIPS),WATSEKA - SHELDON SOUTH 138,17:55,-13.6,
12/29/2024,30825.0,229670.0,Batesvil_Batesvil_115kV_FLO_Batesvil_LS_Power_23,BATSV5 BATSV5_BATSV73 A (LN/EMBA/TVA),BATESVILLE-L S POWER 230,17:55,-4.3,
12/29/2024,,222730.0,EAEE011_RSTE_RUSTON_VIENNA3_A,RSTE RUSTON_VIENNA3 A (LN/LAGN/EES),STERLINGTON - EL DORADO 500,17:55,-21.99,
12/29/2024,29254.0,438951.0,TMP781_Pittsburg_Semino_345_kV_FTLO_Canadian_Riv,SEMINOLE SEMINOLE A (LN/OKGE/CSWS),PITTSBURG-CANADIAN RIVER 345,17:55,-3.65,
12/29/2024,,162444.0,AMI13179_REYNOLD4_13857_A,REYNOLD4 13857 A (LN/NIPS/NIPS),WATSEKA - SHELDON SOUTH 138,18:00,-12.96,
12/29/2024,,222730.0,EAEE011_RSTE_RUSTON_VIENNA3_A,RSTE RUSTON_VIENNA3 A (LN/LAGN/EES),STERLINGTON - EL DORADO 500,18:00,-25.06,
12/29/2024,29254.0,438951.0,TMP781_Pittsburg_Semino_345_kV_FTLO_Canadian_Riv,SEMINOLE SEMINOLE A (LN/OKGE/CSWS),PITTSBURG-CANADIAN RIVER 345,18:00,-3.49,
12/29/2024,,162444.0,AMI13179_REYNOLD4_13857_A,REYNOLD4 13857 A (LN/NIPS/NIPS),WATSEKA - SHELDON SOUTH 138,18:05,-12.94,
12/29/2024,30825.0,229670.0,Batesvil_Batesvil_115kV_FLO_Batesvil_LS_Power_23,BATSV5 BATSV5_BATSV73 A (LN/EMBA/TVA),BATESVILLE-L S POWER 230,18:05,-3.35,
12/29/2024,,222730.0,EAEE011_RSTE_RUSTON_VIENNA3_A,RSTE RUSTON_VIENNA3 A (LN/LAGN/EES),STERLINGTON - EL DORADO 500,18:05,-18.490000000000002,
12/29/2024,29254.0,438951.0,TMP781_Pittsburg_Semino_345_kV_FTLO_Canadian_Riv,SEMINOLE SEMINOLE A (LN/OKGE/CSWS),PITTSBURG-CANADIAN RIVER 345,18:05,-3.47,
12/29/2024,,162444.0,AMI13179_REYNOLD4_13857_A,REYNOLD4 13857 A (LN/NIPS/NIPS),WATSEKA - SHELDON SOUTH 138,18:10,-12.74,
12/29/2024,30825.0,229670.0,Batesvil_Batesvil_115kV_FLO_Batesvil_LS_Power_23,BATSV5 BATSV5_BATSV73 A (LN/EMBA/TVA),BATESVILLE-L S POWER 230,18:10,-3.73,
12/29/2024,,222730.0,EAEE011_RSTE_RUSTON_VIENNA3_A,RSTE RUSTON_VIENNA3 A (LN/LAGN/EES),STERLINGTON - EL DORADO 500,18:10,-25.89,
12/29/2024,29254.0,438951.0,TMP781_Pittsburg_Semino_345_kV_FTLO_Canadian_Riv,SEMINOLE SEMINOLE A (LN/OKGE/CSWS),PITTSBURG-CANADIAN RIVER 345,18:10,-9.950000000000001,
12/29/2024,,162444.0,AMI13179_REYNOLD4_13857_A,REYNOLD4 13857 A (LN/NIPS/NIPS),WATSEKA - SHELDON SOUTH 138,18:15,-12.85,
12/29/2024,30825.0,229670.0,Batesvil_Batesvil_115kV_FLO_Batesvil_LS_Power_23,BATSV5 BATSV5_BATSV73 A (LN/EMBA/TVA),BATESVILLE-L S POWER 230,18:15,-3.82,
12/29/2024,,222730.0,EAEE011_RSTE_RUSTON_VIENNA3_A,RSTE RUSTON_VIENNA3 A (LN/LAGN/EES),STERLINGTON - EL DORADO 500,18:15,-26.39,
12/29/2024,29254.0,438951.0,TMP781_Pittsburg_Semino_345_kV_FTLO_Canadian_Riv,SEMINOLE SEMINOLE A (LN/OKGE/CSWS),PITTSBURG-CANADIAN RIVER 345,18:15,-5.48,
12/29/2024,30825.0,229670.0,Batesvil_Batesvil_115kV_FLO_Batesvil_LS_Power_23,BATSV5 BATSV5_BATSV73 A (LN/EMBA/TVA),BATESVILLE-L S POWER 230,18:20,-4.3100000000000005,
12/29/2024,,222730.0,EAEE011_RSTE_RUSTON_VIENNA3_A,RSTE RUSTON_VIENNA3 A (LN/LAGN/EES),STERLINGTON - EL DORADO 500,18:20,-18.37,
12/29/2024,,472237.0,SOC50X32_SLVC13_SLVC13_SALEM3_A,SLVC13 SLVC13_SALEM3 A (LN/SME/EMBA),DANIEL 500/230 08+PS1/PS2,18:20,-2.8,
12/29/2024,29254.0,438951.0,TMP781_Pittsburg_Semino_345_kV_FTLO_Canadian_Riv,SEMINOLE SEMINOLE A (LN/OKGE/CSWS),PITTSBURG-CANADIAN RIVER 345,18:20,-5.7,
12/29/2024,30825.0,229670.0,Batesvil_Batesvil_115kV_FLO_Batesvil_LS_Power_23,BATSV5 BATSV5_BATSV73 A (LN/EMBA/TVA),BATESVILLE-L S POWER 230,18:25,-3.41,
12/29/2024,,222730.0,EAEE011_RSTE_RUSTON_VIENNA3_A,RSTE RUSTON_VIENNA3 A (LN/LAGN/EES),STERLINGTON - EL DORADO 500,18:25,-20.66,
12/29/2024,,472237.0,SOC50X32_SLVC13_SLVC13_SALEM3_A,SLVC13 SLVC13_SALEM3 A (LN/SME/EMBA),DANIEL 500/230 08+PS1/PS2,18:25,-2.14,
12/29/2024,29254.0,438951.0,TMP781_Pittsburg_Semino_345_kV_FTLO_Canadian_Riv,SEMINOLE SEMINOLE A (LN/OKGE/CSWS),PITTSBURG-CANADIAN RIVER 345,18:25,-3.7,
12/29/2024,30825.0,229670.0,Batesvil_Batesvil_115kV_FLO_Batesvil_LS_Power_23,BATSV5 BATSV5_BATSV73 A (LN/EMBA/TVA),BATESVILLE-L S POWER 230,18:30,-3.97,
12/29/2024,,222730.0,EAEE011_RSTE_RUSTON_VIENNA3_A,RSTE RUSTON_VIENNA3 A (LN/LAGN/EES),STERLINGTON - EL DORADO 500,18:30,-26.84,
12/29/2024,29254.0,438951.0,TMP781_Pittsburg_Semino_345_kV_FTLO_Canadian_Riv,SEMINOLE SEMINOLE A (LN/OKGE/CSWS),PITTSBURG-CANADIAN RIVER 345,18:30,-4.6000000000000005,
12/29/2024,30825.0,229670.0,Batesvil_Batesvil_115kV_FLO_Batesvil_LS_Power_23,BATSV5 BATSV5_BATSV73 A (LN/EMBA/TVA),BATESVILLE-L S POWER 230,18:35,-4.14,
12/29/2024,,222730.0,EAEE011_RSTE_RUSTON_VIENNA3_A,RSTE RUSTON_VIENNA3 A (LN/LAGN/EES),STERLINGTON - EL DORADO 500,18:35,-20.2,
12/29/2024,29254.0,438951.0,TMP781_Pittsburg_Semino_345_kV_FTLO_Canadian_Riv,SEMINOLE SEMINOLE A (LN/OKGE/CSWS),PITTSBURG-CANADIAN RIVER 345,18:35,-4.25,
12/29/2024,30825.0,229670.0,Batesvil_Batesvil_115kV_FLO_Batesvil_LS_Power_23,BATSV5 BATSV5_BATSV73 A (LN/EMBA/TVA),BATESVILLE-L S POWER 230,18:40,-2.29,
12/29/2024,,222730.0,EAEE011_RSTE_RUSTON_VIENNA3_A,RSTE RUSTON_VIENNA3 A (LN/LAGN/EES),STERLINGTON - EL DORADO 500,18:40,-21.8,
12/29/2024,,472237.0,SOC50X32_SLVC13_SLVC13_SALEM3_A,SLVC13 SLVC13_SALEM3 A (LN/SME/EMBA),DANIEL 500/230 08+PS1/PS2,18:40,-124.47,
12/29/2024,29254.0,438951.0,TMP781_Pittsburg_Semino_345_kV_FTLO_Canadian_Riv,SEMINOLE SEMINOLE A (LN/OKGE/CSWS),PITTSBURG-CANADIAN RIVER 345,18:40,-3.96,
12/29/2024,30825.0,229670.0,Batesvil_Batesvil_115kV_FLO_Batesvil_LS_Power_23,BATSV5 BATSV5_BATSV73 A (LN/EMBA/TVA),BATESVILLE-L S POWER 230,18:45,-6.35,
12/29/2024,,222730.0,EAEE011_RSTE_RUSTON_VIENNA3_A,RSTE RUSTON_VIENNA3 A (LN/LAGN/EES),STERLINGTON - EL DORADO 500,18:45,-32.9,
12/29/2024,,472237.0,SOC50X32_SLVC13_SLVC13_SALEM3_A,SLVC13 SLVC13_SALEM3 A (LN/SME/EMBA),DANIEL 500/230 08+PS1/PS2,18:45,-35.13,
12/29/2024,29254.0,438951.0,TMP781_Pittsburg_Semino_345_kV_FTLO_Canadian_Riv,SEMINOLE SEMINOLE A (LN/OKGE/CSWS),PITTSBURG-CANADIAN RIVER 345,18:45,-3.3,
12/29/2024,30825.0,229670.0,Batesvil_Batesvil_115kV_FLO_Batesvil_LS_Power_23,BATSV5 BATSV5_BATSV73 A (LN/EMBA/TVA),BATESVILLE-L S POWER 230,18:50,-3.9,
12/29/2024,,222730.0,EAEE011_RSTE_RUSTON_VIENNA3_A,RSTE RUSTON_VIENNA3 A (LN/LAGN/EES),STERLINGTON - EL DORADO 500,18:50,-23.79,
12/29/2024,,472237.0,SOC50X32_SLVC13_SLVC13_SALEM3_A,SLVC13 SLVC13_SALEM3 A (LN/SME/EMBA),DANIEL 500/230 08+PS1/PS2,18:50,-68.41,
12/29/2024,29254.0,438951.0,TMP781_Pittsburg_Semino_345_kV_FTLO_Canadian_Riv,SEMINOLE SEMINOLE A (LN/OKGE/CSWS),PITTSBURG-CANADIAN RIVER 345,18:50,-2.65,
12/29/2024,30825.0,229670.0,Batesvil_Batesvil_115kV_FLO_Batesvil_LS_Power_23,BATSV5 BATSV5_BATSV73 A (LN/EMBA/TVA),BATESVILLE-L S POWER 230,18:55,-4.8100000000000005,
12/29/2024,,222730.0,EAEE011_RSTE_RUSTON_VIENNA3_A,RSTE RUSTON_VIENNA3 A (LN/LAGN/EES),STERLINGTON - EL DORADO 500,18:55,-5.83,
12/29/2024,,377774.0,MET13078_ALMA_ALMAREGAL13_1_1,ALMA ALMAREGAL13_1 1 (LN/CONS/CONS),ALMA-CHEESEMAN-REGAL 138,18:55,-59.58,
12/29/2024,,472237.0,SOC50X32_SLVC13_SLVC13_SALEM3_A,SLVC13 SLVC13_SALEM3 A (LN/SME/EMBA),DANIEL 500/230 08+PS1/PS2,18:55,-66.3,
12/29/2024,29254.0,438951.0,TMP781_Pittsburg_Semino_345_kV_FTLO_Canadian_Riv,SEMINOLE SEMINOLE A (LN/OKGE/CSWS),PITTSBURG-CANADIAN RIVER 345,18:55,-2.19,
12/29/2024,30825.0,229670.0,Batesvil_Batesvil_115kV_FLO_Batesvil_LS_Power_23,BATSV5 BATSV5_BATSV73 A (LN/EMBA/TVA),BATESVILLE-L S POWER 230,19:00,-8.82,
12/29/2024,,222730.0,EAEE011_RSTE_RUSTON_VIENNA3_A,RSTE RUSTON_VIENNA3 A (LN/LAGN/EES),STERLINGTON - EL DORADO 500,19:00,-36.43,
12/29/2024,,377774.0,MET13078_ALMA_ALMAREGAL13_1_1,ALMA ALMAREGAL13_1 1 (LN/CONS/CONS),ALMA-CHEESEMAN-REGAL 138,19:00,-118.1,
12/29/2024,,472237.0,SOC50X32_SLVC13_SLVC13_SALEM3_A,SLVC13 SLVC13_SALEM3 A (LN/SME/EMBA),DANIEL 500/230 08+PS1/PS2,19:00,-109.18,
12/29/2024,29254.0,438951.0,TMP781_Pittsburg_Semino_345_kV_FTLO_Canadian_Riv,SEMINOLE SEMINOLE A (LN/OKGE/CSWS),PITTSBURG-CANADIAN RIVER 345,19:00,-2.05,
12/29/2024,30825.0,229670.0,Batesvil_Batesvil_115kV_FLO_Batesvil_LS_Power_23,BATSV5 BATSV5_BATSV73 A (LN/EMBA/TVA),BATESVILLE-L S POWER 230,19:05,-6.87,
12/29/2024,,377774.0,MET13078_ALMA_ALMAREGAL13_1_1,ALMA ALMAREGAL13_1 1 (LN/CONS/CONS),ALMA-CHEESEMAN-REGAL 138,19:05,-21.26,
12/29/2024,,472237.0,SOC50X32_SLVC13_SLVC13_SALEM3_A,SLVC13 SLVC13_SALEM3 A (LN/SME/EMBA),DANIEL 500/230 08+PS1/PS2,19:05,-145.48,
12/29/2024,29254.0,438951.0,TMP781_Pittsburg_Semino_345_kV_FTLO_Canadian_Riv,SEMINOLE SEMINOLE A (LN/OKGE/CSWS),PITTSBURG-CANADIAN RIVER 345,19:05,-2.5,
12/29/2024,30825.0,229670.0,Batesvil_Batesvil_115kV_FLO_Batesvil_LS_Power_23,BATSV5 BATSV5_BATSV73 A (LN/EMBA/TVA),BATESVILLE-L S POWER 230,19:10,-8.25,
12/29/2024,,377774.0,MET13078_ALMA_ALMAREGAL13_1_1,ALMA ALMAREGAL13_1 1 (LN/CONS/CONS),ALMA-CHEESEMAN-REGAL 138,19:10,-49.03,
12/29/2024,,472237.0,SOC50X32_SLVC13_SLVC13_SALEM3_A,SLVC13 SLVC13_SALEM3 A (LN/SME/EMBA),DANIEL 500/230 08+PS1/PS2,19:10,-105.3,
12/29/2024,29254.0,438951.0,TMP781_Pittsburg_Semino_345_kV_FTLO_Canadian_Riv,SEMINOLE SEMINOLE A (LN/OKGE/CSWS),PITTSBURG-CANADIAN RIVER 345,19:10,-1.2,
12/29/2024,30825.0,229670.0,Batesvil_Batesvil_115kV_FLO_Batesvil_LS_Power_23,BATSV5 BATSV5_BATSV73 A (LN/EMBA/TVA),BATESVILLE-L S POWER 230,19:15,-5.27,
12/29/2024,,377774.0,MET13078_ALMA_ALMAREGAL13_1_1,ALMA ALMAREGAL13_1 1 (LN/CONS/CONS),ALMA-CHEESEMAN-REGAL 138,19:15,-101.2,
12/29/2024,,472237.0,SOC50X32_SLVC13_SLVC13_SALEM3_A,SLVC13 SLVC13_SALEM3 A (LN/SME/EMBA),DANIEL 500/230 08+PS1/PS2,19:15,-167.74,
12/29/2024,30825.0,229670.0,Batesvil_Batesvil_115kV_FLO_Batesvil_LS_Power_23,BATSV5 BATSV5_BATSV73 A (LN/EMBA/TVA),BATESVILLE-L S POWER 230,19:20,-8.42,
12/29/2024,,377774.0,MET13078_ALMA_ALMAREGAL13_1_1,ALMA ALMAREGAL13_1 1 (LN/CONS/CONS),ALMA-CHEESEMAN-REGAL 138,19:20,-70.05,
12/29/2024,,472237.0,SOC50X32_SLVC13_SLVC13_SALEM3_A,SLVC13 SLVC13_SALEM3 A (LN/SME/EMBA),DANIEL 500/230 08+PS1/PS2,19:20,-122.97,
12/29/2024,29254.0,438951.0,TMP781_Pittsburg_Semino_345_kV_FTLO_Canadian_Riv,SEMINOLE SEMINOLE A (LN/OKGE/CSWS),PITTSBURG-CANADIAN RIVER 345,19:20,-1.47,
12/29/2024,30825.0,229670.0,Batesvil_Batesvil_115kV_FLO_Batesvil_LS_Power_23,BATSV5 BATSV5_BATSV73 A (LN/EMBA/TVA),BATESVILLE-L S POWER 230,19:25,-8.82,
12/29/2024,,377774.0,MET13078_ALMA_ALMAREGAL13_1_1,ALMA ALMAREGAL13_1 1 (LN/CONS/CONS),ALMA-CHEESEMAN-REGAL 138,19:25,-6.3,
12/29/2024,,472237.0,SOC50X32_SLVC13_SLVC13_SALEM3_A,SLVC13 SLVC13_SALEM3 A (LN/SME/EMBA),DANIEL 500/230 08+PS1/PS2,19:25,-128.3,
12/29/2024,29254.0,438951.0,TMP781_Pittsburg_Semino_345_kV_FTLO_Canadian_Riv,SEMINOLE SEMINOLE A (LN/OKGE/CSWS),PITTSBURG-CANADIAN RIVER 345,19:25,-1.7,
12/29/2024,30825.0,229670.0,Batesvil_Batesvil_115kV_FLO_Batesvil_LS_Power_23,BATSV5 BATSV5_BATSV73 A (LN/EMBA/TVA),BATESVILLE-L S POWER 230,19:30,-8.66,
12/29/2024,,377774.0,MET13078_ALMA_ALMAREGAL13_1_1,ALMA ALMAREGAL13_1 1 (LN/CONS/CONS),ALMA-CHEESEMAN-REGAL 138,19:30,-0.33,
12/29/2024,,472237.0,SOC50X32_SLVC13_SLVC13_SALEM3_A,SLVC13 SLVC13_SALEM3 A (LN/SME/EMBA),DANIEL 500/230 08+PS1/PS2,19:30,-145.32,
12/29/2024,29254.0,438951.0,TMP781_Pittsburg_Semino_345_kV_FTLO_Canadian_Riv,SEMINOLE SEMINOLE A (LN/OKGE/CSWS),PITTSBURG-CANADIAN RIVER 345,19:30,-4.5600000000000005,
12/29/2024,30825.0,229670.0,Batesvil_Batesvil_115kV_FLO_Batesvil_LS_Power_23,BATSV5 BATSV5_BATSV73 A (LN/EMBA/TVA),BATESVILLE-L S POWER 230,19:35,-8.13,
12/29/2024,,472237.0,SOC50X32_SLVC13_SLVC13_SALEM3_A,SLVC13 SLVC13_SALEM3 A (LN/SME/EMBA),DANIEL 500/230 08+PS1/PS2,19:35,-114.39,
12/29/2024,29254.0,438951.0,TMP781_Pittsburg_Semino_345_kV_FTLO_Canadian_Riv,SEMINOLE SEMINOLE A (LN/OKGE/CSWS),PITTSBURG-CANADIAN RIVER 345,19:35,-5.0,
12/29/2024,30825.0,229670.0,Batesvil_Batesvil_115kV_FLO_Batesvil_LS_Power_23,BATSV5 BATSV5_BATSV73 A (LN/EMBA/TVA),BATESVILLE-L S POWER 230,19:40,-8.38,
12/29/2024,,377774.0,MET13078_ALMA_ALMAREGAL13_1_1,ALMA ALMAREGAL13_1 1 (LN/CONS/CONS),ALMA-CHEESEMAN-REGAL 138,19:40,-72.22,
12/29/2024,,472237.0,SOC50X32_SLVC13_SLVC13_SALEM3_A,SLVC13 SLVC13_SALEM3 A (LN/SME/EMBA),DANIEL 500/230 08+PS1/PS2,19:40,-125.76,
12/29/2024,29254.0,438951.0,TMP781_Pittsburg_Semino_345_kV_FTLO_Canadian_Riv,SEMINOLE SEMINOLE A (LN/OKGE/CSWS),PITTSBURG-CANADIAN RIVER 345,19:40,-3.58,
12/29/2024,30825.0,229670.0,Batesvil_Batesvil_115kV_FLO_Batesvil_LS_Power_23,BATSV5 BATSV5_BATSV73 A (LN/EMBA/TVA),BATESVILLE-L S POWER 230,19:45,-9.36,
12/29/2024,,377774.0,MET13078_ALMA_ALMAREGAL13_1_1,ALMA ALMAREGAL13_1 1 (LN/CONS/CONS),ALMA-CHEESEMAN-REGAL 138,19:45,-57.26,
12/29/2024,,472237.0,SOC50X32_SLVC13_SLVC13_SALEM3_A,SLVC13 SLVC13_SALEM3 A (LN/SME/EMBA),DANIEL 500/230 08+PS1/PS2,19:45,-128.33,
12/29/2024,29254.0,438951.0,TMP781_Pittsburg_Semino_345_kV_FTLO_Canadian_Riv,SEMINOLE SEMINOLE A (LN/OKGE/CSWS),PITTSBURG-CANADIAN RIVER 345,19:45,-1.55,
12/29/2024,30825.0,229670.0,Batesvil_Batesvil_115kV_FLO_Batesvil_LS_Power_23,BATSV5 BATSV5_BATSV73 A (LN/EMBA/TVA),BATESVILLE-L S POWER 230,19:50,-6.95,
12/29/2024,,377774.0,MET13078_ALMA_ALMAREGAL13_1_1,ALMA ALMAREGAL13_1 1 (LN/CONS/CONS),ALMA-CHEESEMAN-REGAL 138,19:50,-104.45,
12/29/2024,,472237.0,SOC50X32_SLVC13_SLVC13_SALEM3_A,SLVC13 SLVC13_SALEM3 A (LN/SME/EMBA),DANIEL 500/230 08+PS1/PS2,19:50,-91.64,
12/29/2024,29254.0,438951.0,TMP781_Pittsburg_Semino_345_kV_FTLO_Canadian_Riv,SEMINOLE SEMINOLE A (LN/OKGE/CSWS),PITTSBURG-CANADIAN RIVER 345,19:50,-2.99,
12/29/2024,30825.0,229670.0,Batesvil_Batesvil_115kV_FLO_Batesvil_LS_Power_23,BATSV5 BATSV5_BATSV73 A (LN/EMBA/TVA),BATESVILLE-L S POWER 230,19:55,-8.03,
12/29/2024,,377774.0,MET13078_ALMA_ALMAREGAL13_1_1,ALMA ALMAREGAL13_1 1 (LN/CONS/CONS),ALMA-CHEESEMAN-REGAL 138,19:55,-101.62,
12/29/2024,,472237.0,SOC50X32_SLVC13_SLVC13_SALEM3_A,SLVC13 SLVC13_SALEM3 A (LN/SME/EMBA),DANIEL 500/230 08+PS1/PS2,19:55,-112.76,
12/29/2024,29254.0,438951.0,TMP781_Pittsburg_Semino_345_kV_FTLO_Canadian_Riv,SEMINOLE SEMINOLE A (LN/OKGE/CSWS),PITTSBURG-CANADIAN RIVER 345,19:55,-1.1,
12/29/2024,30825.0,229670.0,Batesvil_Batesvil_115kV_FLO_Batesvil_LS_Power_23,BATSV5 BATSV5_BATSV73 A (LN/EMBA/TVA),BATESVILLE-L S POWER 230,20:00,-7.41,
12/29/2024,,377774.0,MET13078_ALMA_ALMAREGAL13_1_1,ALMA ALMAREGAL13_1 1 (LN/CONS/CONS),ALMA-CHEESEMAN-REGAL 138,20:00,-102.97,
12/29/2024,,472237.0,SOC50X32_SLVC13_SLVC13_SALEM3_A,SLVC13 SLVC13_SALEM3 A (LN/SME/EMBA),DANIEL 500/230 08+PS1/PS2,20:00,-102.74,
12/29/2024,29254.0,438951.0,TMP781_Pittsburg_Semino_345_kV_FTLO_Canadian_Riv,SEMINOLE SEMINOLE A (LN/OKGE/CSWS),PITTSBURG-CANADIAN RIVER 345,20:00,-2.78,
12/29/2024,30825.0,229670.0,Batesvil_Batesvil_115kV_FLO_Batesvil_LS_Power_23,BATSV5 BATSV5_BATSV73 A (LN/EMBA/TVA),BATESVILLE-L S POWER 230,20:05,-7.63,
12/29/2024,,377774.0,MET13078_ALMA_ALMAREGAL13_1_1,ALMA ALMAREGAL13_1 1 (LN/CONS/CONS),ALMA-CHEESEMAN-REGAL 138,20:05,-104.88,
12/29/2024,,472237.0,SOC50X32_SLVC13_SLVC13_SALEM3_A,SLVC13 SLVC13_SALEM3 A (LN/SME/EMBA),DANIEL 500/230 08+PS1/PS2,20:05,-135.4,
12/29/2024,29254.0,438951.0,TMP781_Pittsburg_Semino_345_kV_FTLO_Canadian_Riv,SEMINOLE SEMINOLE A (LN/OKGE/CSWS),PITTSBURG-CANADIAN RIVER 345,20:05,-0.5,
12/29/2024,30825.0,229670.0,Batesvil_Batesvil_115kV_FLO_Batesvil_LS_Power_23,BATSV5 BATSV5_BATSV73 A (LN/EMBA/TVA),BATESVILLE-L S POWER 230,20:10,-7.56,
12/29/2024,,377774.0,MET13078_ALMA_ALMAREGAL13_1_1,ALMA ALMAREGAL13_1 1 (LN/CONS/CONS),ALMA-CHEESEMAN-REGAL 138,20:10,-102.57,
12/29/2024,,472237.0,SOC50X32_SLVC13_SLVC13_SALEM3_A,SLVC13 SLVC13_SALEM3 A (LN/SME/EMBA),DANIEL 500/230 08+PS1/PS2,20:10,-141.75,
12/29/2024,30825.0,229670.0,Batesvil_Batesvil_115kV_FLO_Batesvil_LS_Power_23,BATSV5 BATSV5_BATSV73 A (LN/EMBA/TVA),BATESVILLE-L S POWER 230,20:15,-4.32,
12/29/2024,,377774.0,MET13078_ALMA_ALMAREGAL13_1_1,ALMA ALMAREGAL13_1 1 (LN/CONS/CONS),ALMA-CHEESEMAN-REGAL 138,20:15,-96.66,
12/29/2024,,472237.0,SOC50X32_SLVC13_SLVC13_SALEM3_A,SLVC13 SLVC13_SALEM3 A (LN/SME/EMBA),DANIEL 500/230 08+PS1/PS2,20:15,-343.65,
12/29/2024,30825.0,229670.0,Batesvil_Batesvil_115kV_FLO_Batesvil_LS_Power_23,BATSV5 BATSV5_BATSV73 A (LN/EMBA/TVA),BATESVILLE-L S POWER 230,20:20,-7.1,
12/29/2024,,377774.0,MET13078_ALMA_ALMAREGAL13_1_1,ALMA ALMAREGAL13_1 1 (LN/CONS/CONS),ALMA-CHEESEMAN-REGAL 138,20:20,-102.68,
12/29/2024,,472237.0,SOC50X32_SLVC13_SLVC13_SALEM3_A,SLVC13 SLVC13_SALEM3 A (LN/SME/EMBA),DANIEL 500/230 08+PS1/PS2,20:20,-167.65,
12/29/2024,30825.0,229670.0,Batesvil_Batesvil_115kV_FLO_Batesvil_LS_Power_23,BATSV5 BATSV5_BATSV73 A (LN/EMBA/TVA),BATESVILLE-L S POWER 230,20:25,-4.23,
12/29/2024,,377774.0,MET13078_ALMA_ALMAREGAL13_1_1,ALMA ALMAREGAL13_1 1 (LN/CONS/CONS),ALMA-CHEESEMAN-REGAL 138,20:25,-94.44,
12/29/2024,,472237.0,SOC50X32_SLVC13_SLVC13_SALEM3_A,SLVC13 SLVC13_SALEM3 A (LN/SME/EMBA),DANIEL 500/230 08+PS1/PS2,20:25,-197.42,
12/29/2024,30825.0,229670.0,Batesvil_Batesvil_115kV_FLO_Batesvil_LS_Power_23,BATSV5 BATSV5_BATSV73 A (LN/EMBA/TVA),BATESVILLE-L S POWER 230,20:30,-6.54,
12/29/2024,,377774.0,MET13078_ALMA_ALMAREGAL13_1_1,ALMA ALMAREGAL13_1 1 (LN/CONS/CONS),ALMA-CHEESEMAN-REGAL 138,20:30,-101.81,
12/29/2024,,472237.0,SOC50X32_SLVC13_SLVC13_SALEM3_A,SLVC13 SLVC13_SALEM3 A (LN/SME/EMBA),DANIEL 500/230 08+PS1/PS2,20:30,-204.33,
12/29/2024,30825.0,229670.0,Batesvil_Batesvil_115kV_FLO_Batesvil_LS_Power_23,BATSV5 BATSV5_BATSV73 A (LN/EMBA/TVA),BATESVILLE-L S POWER 230,20:35,-5.37,
12/29/2024,,377774.0,MET13078_ALMA_ALMAREGAL13_1_1,ALMA ALMAREGAL13_1 1 (LN/CONS/CONS),ALMA-CHEESEMAN-REGAL 138,20:35,-97.47,
12/29/2024,,472237.0,SOC50X32_SLVC13_SLVC13_SALEM3_A,SLVC13 SLVC13_SALEM3 A (LN/SME/EMBA),DANIEL 500/230 08+PS1/PS2,20:35,-189.66,
12/29/2024,30825.0,229670.0,Batesvil_Batesvil_115kV_FLO_Batesvil_LS_Power_23,BATSV5 BATSV5_BATSV73 A (LN/EMBA/TVA),BATESVILLE-L S POWER 230,20:40,-6.92,
12/29/2024,,377774.0,MET13078_ALMA_ALMAREGAL13_1_1,ALMA ALMAREGAL13_1 1 (LN/CONS/CONS),ALMA-CHEESEMAN-REGAL 138,20:40,-100.72,
12/29/2024,,472237.0,SOC50X32_SLVC13_SLVC13_SALEM3_A,SLVC13 SLVC13_SALEM3 A (LN/SME/EMBA),DANIEL 500/230 08+PS1/PS2,20:40,-168.95,
12/29/2024,30825.0,229670.0,Batesvil_Batesvil_115kV_FLO_Batesvil_LS_Power_23,BATSV5 BATSV5_BATSV73 A (LN/EMBA/TVA),BATESVILLE-L S POWER 230,20:45,-6.75,
12/29/2024,,377774.0,MET13078_ALMA_ALMAREGAL13_1_1,ALMA ALMAREGAL13_1 1 (LN/CONS/CONS),ALMA-CHEESEMAN-REGAL 138,20:45,-99.84,
12/29/2024,,472237.0,SOC50X32_SLVC13_SLVC13_SALEM3_A,SLVC13 SLVC13_SALEM3 A (LN/SME/EMBA),DANIEL 500/230 08+PS1/PS2,20:45,-157.41,
12/29/2024,30825.0,229670.0,Batesvil_Batesvil_115kV_FLO_Batesvil_LS_Power_23,BATSV5 BATSV5_BATSV73 A (LN/EMBA/TVA),BATESVILLE-L S POWER 230,20:50,-8.89,
12/29/2024,,377774.0,MET13078_ALMA_ALMAREGAL13_1_1,ALMA ALMAREGAL13_1 1 (LN/CONS/CONS),ALMA-CHEESEMAN-REGAL 138,20:50,-105.15,
12/29/2024,,472237.0,SOC50X32_SLVC13_SLVC13_SALEM3_A,SLVC13 SLVC13_SALEM3 A (LN/SME/EMBA),DANIEL 500/230 08+PS1/PS2,20:50,-184.52,
12/29/2024,30825.0,229670.0,Batesvil_Batesvil_115kV_FLO_Batesvil_LS_Power_23,BATSV5 BATSV5_BATSV73 A (LN/EMBA/TVA),BATESVILLE-L S POWER 230,20:55,-5.69,
12/29/2024,,377774.0,MET13078_ALMA_ALMAREGAL13_1_1,ALMA ALMAREGAL13_1 1 (LN/CONS/CONS),ALMA-CHEESEMAN-REGAL 138,20:55,-98.26,
12/29/2024,,472237.0,SOC50X32_SLVC13_SLVC13_SALEM3_A,SLVC13 SLVC13_SALEM3 A (LN/SME/EMBA),DANIEL 500/230 08+PS1/PS2,20:55,-222.95,
12/29/2024,30825.0,229670.0,Batesvil_Batesvil_115kV_FLO_Batesvil_LS_Power_23,BATSV5 BATSV5_BATSV73 A (LN/EMBA/TVA),BATESVILLE-L S POWER 230,21:00,-8.83,
12/29/2024,,377774.0,MET13078_ALMA_ALMAREGAL13_1_1,ALMA ALMAREGAL13_1 1 (LN/CONS/CONS),ALMA-CHEESEMAN-REGAL 138,21:00,-105.47,
12/29/2024,,472237.0,SOC50X32_SLVC13_SLVC13_SALEM3_A,SLVC13 SLVC13_SALEM3 A (LN/SME/EMBA),DANIEL 500/230 08+PS1/PS2,21:00,-193.55,
12/29/2024,30825.0,229670.0,Batesvil_Batesvil_115kV_FLO_Batesvil_LS_Power_23,BATSV5 BATSV5_BATSV73 A (LN/EMBA/TVA),BATESVILLE-L S POWER 230,21:05,-7.24,
12/29/2024,,377774.0,MET13078_ALMA_ALMAREGAL13_1_1,ALMA ALMAREGAL13_1 1 (LN/CONS/CONS),ALMA-CHEESEMAN-REGAL 138,21:05,-105.87,
12/29/2024,,472237.0,SOC50X32_SLVC13_SLVC13_SALEM3_A,SLVC13 SLVC13_SALEM3 A (LN/SME/EMBA),DANIEL 500/230 08+PS1/PS2,21:05,-134.75,
12/29/2024,30825.0,229670.0,Batesvil_Batesvil_115kV_FLO_Batesvil_LS_Power_23,BATSV5 BATSV5_BATSV73 A (LN/EMBA/TVA),BATESVILLE-L S POWER 230,21:10,-6.84,
12/29/2024,,377774.0,MET13078_ALMA_ALMAREGAL13_1_1,ALMA ALMAREGAL13_1 1 (LN/CONS/CONS),ALMA-CHEESEMAN-REGAL 138,21:10,-101.52,
12/29/2024,,472237.0,SOC50X32_SLVC13_SLVC13_SALEM3_A,SLVC13 SLVC13_SALEM3 A (LN/SME/EMBA),DANIEL 500/230 08+PS1/PS2,21:10,-132.29,
12/29/2024,30825.0,229670.0,Batesvil_Batesvil_115kV_FLO_Batesvil_LS_Power_23,BATSV5 BATSV5_BATSV73 A (LN/EMBA/TVA),BATESVILLE-L S POWER 230,21:15,-7.49,
12/29/2024,,377774.0,MET13078_ALMA_ALMAREGAL13_1_1,ALMA ALMAREGAL13_1 1 (LN/CONS/CONS),ALMA-CHEESEMAN-REGAL 138,21:15,-107.04,
12/29/2024,,472237.0,SOC50X32_SLVC13_SLVC13_SALEM3_A,SLVC13 SLVC13_SALEM3 A (LN/SME/EMBA),DANIEL 500/230 08+PS1/PS2,21:15,-131.56,
12/29/2024,30825.0,229670.0,Batesvil_Batesvil_115kV_FLO_Batesvil_LS_Power_23,BATSV5 BATSV5_BATSV73 A (LN/EMBA/TVA),BATESVILLE-L S POWER 230,21:20,-7.54,
12/29/2024,,377774.0,MET13078_ALMA_ALMAREGAL13_1_1,ALMA ALMAREGAL13_1 1 (LN/CONS/CONS),ALMA-CHEESEMAN-REGAL 138,21:20,-104.32,
12/29/2024,,472237.0,SOC50X32_SLVC13_SLVC13_SALEM3_A,SLVC13 SLVC13_SALEM3 A (LN/SME/EMBA),DANIEL 500/230 08+PS1/PS2,21:20,-126.62,
12/29/2024,30825.0,229670.0,Batesvil_Batesvil_115kV_FLO_Batesvil_LS_Power_23,BATSV5 BATSV5_BATSV73 A (LN/EMBA/TVA),BATESVILLE-L S POWER 230,21:25,-7.76,
12/29/2024,,377774.0,MET13078_ALMA_ALMAREGAL13_1_1,ALMA ALMAREGAL13_1 1 (LN/CONS/CONS),ALMA-CHEESEMAN-REGAL 138,21:25,-107.6,
12/29/2024,,472237.0,SOC50X32_SLVC13_SLVC13_SALEM3_A,SLVC13 SLVC13_SALEM3 A (LN/SME/EMBA),DANIEL 500/230 08+PS1/PS2,21:25,-129.1,
12/29/2024,30825.0,229670.0,Batesvil_Batesvil_115kV_FLO_Batesvil_LS_Power_23,BATSV5 BATSV5_BATSV73 A (LN/EMBA/TVA),BATESVILLE-L S POWER 230,21:30,-7.64,
12/29/2024,,377774.0,MET13078_ALMA_ALMAREGAL13_1_1,ALMA ALMAREGAL13_1 1 (LN/CONS/CONS),ALMA-CHEESEMAN-REGAL 138,21:30,-106.84,
12/29/2024,,472237.0,SOC50X32_SLVC13_SLVC13_SALEM3_A,SLVC13 SLVC13_SALEM3 A (LN/SME/EMBA),DANIEL 500/230 08+PS1/PS2,21:30,-142.33,
12/29/2024,30825.0,229670.0,Batesvil_Batesvil_115kV_FLO_Batesvil_LS_Power_23,BATSV5 BATSV5_BATSV73 A (LN/EMBA/TVA),BATESVILLE-L S POWER 230,21:35,-7.51,
12/29/2024,,377774.0,MET13078_ALMA_ALMAREGAL13_1_1,ALMA ALMAREGAL13_1 1 (LN/CONS/CONS),ALMA-CHEESEMAN-REGAL 138,21:35,-104.5,
12/29/2024,,472237.0,SOC50X32_SLVC13_SLVC13_SALEM3_A,SLVC13 SLVC13_SALEM3 A (LN/SME/EMBA),DANIEL 500/230 08+PS1/PS2,21:35,-137.81,
12/29/2024,30825.0,229670.0,Batesvil_Batesvil_115kV_FLO_Batesvil_LS_Power_23,BATSV5 BATSV5_BATSV73 A (LN/EMBA/TVA),BATESVILLE-L S POWER 230,21:40,-7.99,
12/29/2024,,377774.0,MET13078_ALMA_ALMAREGAL13_1_1,ALMA ALMAREGAL13_1 1 (LN/CONS/CONS),ALMA-CHEESEMAN-REGAL 138,21:40,-106.32,
12/29/2024,,472237.0,SOC50X32_SLVC13_SLVC13_SALEM3_A,SLVC13 SLVC13_SALEM3 A (LN/SME/EMBA),DANIEL 500/230 08+PS1/PS2,21:40,-144.81,
12/29/2024,30825.0,229670.0,Batesvil_Batesvil_115kV_FLO_Batesvil_LS_Power_23,BATSV5 BATSV5_BATSV73 A (LN/EMBA/TVA),BATESVILLE-L S POWER 230,21:45,-5.93,
12/29/2024,5701.0,471503.0,FTTXFRFTTXFR,FTTHOMP U1B2 KU1B1 (XF/WAUE/*),FT THOMPSON 345/230 KU1A,21:45,-11.85,
12/29/2024,,377774.0,MET13078_ALMA_ALMAREGAL13_1_1,ALMA ALMAREGAL13_1 1 (LN/CONS/CONS),ALMA-CHEESEMAN-REGAL 138,21:45,-99.47,
12/29/2024,,472237.0,SOC50X32_SLVC13_SLVC13_SALEM3_A,SLVC13 SLVC13_SALEM3 A (LN/SME/EMBA),DANIEL 500/230 08+PS1/PS2,21:45,-153.66,
12/29/2024,30825.0,229670.0,Batesvil_Batesvil_115kV_FLO_Batesvil_LS_Power_23,BATSV5 BATSV5_BATSV73 A (LN/EMBA/TVA),BATESVILLE-L S POWER 230,21:50,-7.56,
12/29/2024,,377774.0,MET13078_ALMA_ALMAREGAL13_1_1,ALMA ALMAREGAL13_1 1 (LN/CONS/CONS),ALMA-CHEESEMAN-REGAL 138,21:50,-103.76,
12/29/2024,,472237.0,SOC50X32_SLVC13_SLVC13_SALEM3_A,SLVC13 SLVC13_SALEM3 A (LN/SME/EMBA),DANIEL 500/230 08+PS1/PS2,21:50,-142.8,
12/29/2024,30825.0,229670.0,Batesvil_Batesvil_115kV_FLO_Batesvil_LS_Power_23,BATSV5 BATSV5_BATSV73 A (LN/EMBA/TVA),BATESVILLE-L S POWER 230,21:55,-7.37,
12/29/2024,5701.0,471503.0,FTTXFRFTTXFR,FTTHOMP U1B2 KU1B1 (XF/WAUE/*),FT THOMPSON 345/230 KU1A,21:55,-23.38,
12/29/2024,,377774.0,MET13078_ALMA_ALMAREGAL13_1_1,ALMA ALMAREGAL13_1 1 (LN/CONS/CONS),ALMA-CHEESEMAN-REGAL 138,21:55,-104.71,
12/29/2024,,472237.0,SOC50X32_SLVC13_SLVC13_SALEM3_A,SLVC13 SLVC13_SALEM3 A (LN/SME/EMBA),DANIEL 500/230 08+PS1/PS2,21:55,-126.59,
12/29/2024,30825.0,229670.0,Batesvil_Batesvil_115kV_FLO_Batesvil_LS_Power_23,BATSV5 BATSV5_BATSV73 A (LN/EMBA/TVA),BATESVILLE-L S POWER 230,22:00,-7.36,
12/29/2024,5701.0,471503.0,FTTXFRFTTXFR,FTTHOMP U1B2 KU1B1 (XF/WAUE/*),FT THOMPSON 345/230 KU1A,22:00,-74.3,
12/29/2024,,377774.0,MET13078_ALMA_ALMAREGAL13_1_1,ALMA ALMAREGAL13_1 1 (LN/CONS/CONS),ALMA-CHEESEMAN-REGAL 138,22:00,-105.85,
12/29/2024,,472237.0,SOC50X32_SLVC13_SLVC13_SALEM3_A,SLVC13 SLVC13_SALEM3 A (LN/SME/EMBA),DANIEL 500/230 08+PS1/PS2,22:00,-137.32,
12/29/2024,30825.0,229670.0,Batesvil_Batesvil_115kV_FLO_Batesvil_LS_Power_23,BATSV5 BATSV5_BATSV73 A (LN/EMBA/TVA),BATESVILLE-L S POWER 230,22:05,-4.3100000000000005,
12/29/2024,5701.0,471503.0,FTTXFRFTTXFR,FTTHOMP U1B2 KU1B1 (XF/WAUE/*),FT THOMPSON 345/230 KU1A,22:05,-63.1,
12/29/2024,,377774.0,MET13078_ALMA_ALMAREGAL13_1_1,ALMA ALMAREGAL13_1 1 (LN/CONS/CONS),ALMA-CHEESEMAN-REGAL 138,22:05,-93.83,
12/29/2024,,472237.0,SOC50X32_SLVC13_SLVC13_SALEM3_A,SLVC13 SLVC13_SALEM3 A (LN/SME/EMBA),DANIEL 500/230 08+PS1/PS2,22:05,-103.29,
12/29/2024,30825.0,229670.0,Batesvil_Batesvil_115kV_FLO_Batesvil_LS_Power_23,BATSV5 BATSV5_BATSV73 A (LN/EMBA/TVA),BATESVILLE-L S POWER 230,22:10,-5.47,
12/29/2024,5701.0,471503.0,FTTXFRFTTXFR,FTTHOMP U1B2 KU1B1 (XF/WAUE/*),FT THOMPSON 345/230 KU1A,22:10,-77.8,
12/29/2024,,377774.0,MET13078_ALMA_ALMAREGAL13_1_1,ALMA ALMAREGAL13_1 1 (LN/CONS/CONS),ALMA-CHEESEMAN-REGAL 138,22:10,-99.24,
12/29/2024,,472237.0,SOC50X32_SLVC13_SLVC13_SALEM3_A,SLVC13 SLVC13_SALEM3 A (LN/SME/EMBA),DANIEL 500/230 08+PS1/PS2,22:10,-119.7,
12/29/2024,30825.0,229670.0,Batesvil_Batesvil_115kV_FLO_Batesvil_LS_Power_23,BATSV5 BATSV5_BATSV73 A (LN/EMBA/TVA),BATESVILLE-L S POWER 230,22:15,-3.71,
12/29/2024,5701.0,471503.0,FTTXFRFTTXFR,FTTHOMP U1B2 KU1B1 (XF/WAUE/*),FT THOMPSON 345/230 KU1A,22:15,-78.79,
12/29/2024,,377774.0,MET13078_ALMA_ALMAREGAL13_1_1,ALMA ALMAREGAL13_1 1 (LN/CONS/CONS),ALMA-CHEESEMAN-REGAL 138,22:15,-92.94,
12/29/2024,,472237.0,SOC50X32_SLVC13_SLVC13_SALEM3_A,SLVC13 SLVC13_SALEM3 A (LN/SME/EMBA),DANIEL 500/230 08+PS1/PS2,22:15,-103.74,
12/29/2024,30825.0,229670.0,Batesvil_Batesvil_115kV_FLO_Batesvil_LS_Power_23,BATSV5 BATSV5_BATSV73 A (LN/EMBA/TVA),BATESVILLE-L S POWER 230,22:20,-4.8,
12/29/2024,5701.0,471503.0,FTTXFRFTTXFR,FTTHOMP U1B2 KU1B1 (XF/WAUE/*),FT THOMPSON 345/230 KU1A,22:20,-78.47,
12/29/2024,,377774.0,MET13078_ALMA_ALMAREGAL13_1_1,ALMA ALMAREGAL13_1 1 (LN/CONS/CONS),ALMA-CHEESEMAN-REGAL 138,22:20,-95.61,
12/29/2024,,472237.0,SOC50X32_SLVC13_SLVC13_SALEM3_A,SLVC13 SLVC13_SALEM3 A (LN/SME/EMBA),DANIEL 500/230 08+PS1/PS2,22:20,-100.51,
12/29/2024,30825.0,229670.0,Batesvil_Batesvil_115kV_FLO_Batesvil_LS_Power_23,BATSV5 BATSV5_BATSV73 A (LN/EMBA/TVA),BATESVILLE-L S POWER 230,22:25,-5.05,
12/29/2024,5701.0,471503.0,FTTXFRFTTXFR,FTTHOMP U1B2 KU1B1 (XF/WAUE/*),FT THOMPSON 345/230 KU1A,22:25,-78.10000000000001,
12/29/2024,,377774.0,MET13078_ALMA_ALMAREGAL13_1_1,ALMA ALMAREGAL13_1 1 (LN/CONS/CONS),ALMA-CHEESEMAN-REGAL 138,22:25,-98.93,
12/29/2024,,472237.0,SOC50X32_SLVC13_SLVC13_SALEM3_A,SLVC13 SLVC13_SALEM3 A (LN/SME/EMBA),DANIEL 500/230 08+PS1/PS2,22:25,-102.74,
12/29/2024,30825.0,229670.0,Batesvil_Batesvil_115kV_FLO_Batesvil_LS_Power_23,BATSV5 BATSV5_BATSV73 A (LN/EMBA/TVA),BATESVILLE-L S POWER 230,22:30,-5.24,
12/29/2024,5701.0,471503.0,FTTXFRFTTXFR,FTTHOMP U1B2 KU1B1 (XF/WAUE/*),FT THOMPSON 345/230 KU1A,22:30,-77.36,
12/29/2024,,377774.0,MET13078_ALMA_ALMAREGAL13_1_1,ALMA ALMAREGAL13_1 1 (LN/CONS/CONS),ALMA-CHEESEMAN-REGAL 138,22:30,-99.25,
12/29/2024,,472237.0,SOC50X32_SLVC13_SLVC13_SALEM3_A,SLVC13 SLVC13_SALEM3 A (LN/SME/EMBA),DANIEL 500/230 08+PS1/PS2,22:30,-89.85,
12/29/2024,30825.0,229670.0,Batesvil_Batesvil_115kV_FLO_Batesvil_LS_Power_23,BATSV5 BATSV5_BATSV73 A (LN/EMBA/TVA),BATESVILLE-L S POWER 230,22:35,-4.14,
12/29/2024,5701.0,471503.0,FTTXFRFTTXFR,FTTHOMP U1B2 KU1B1 (XF/WAUE/*),FT THOMPSON 345/230 KU1A,22:35,-77.26,
12/29/2024,,377774.0,MET13078_ALMA_ALMAREGAL13_1_1,ALMA ALMAREGAL13_1 1 (LN/CONS/CONS),ALMA-CHEESEMAN-REGAL 138,22:35,-94.52,
12/29/2024,30825.0,229670.0,Batesvil_Batesvil_115kV_FLO_Batesvil_LS_Power_23,BATSV5 BATSV5_BATSV73 A (LN/EMBA/TVA),BATESVILLE-L S POWER 230,22:40,-6.34,
12/29/2024,5701.0,471503.0,FTTXFRFTTXFR,FTTHOMP U1B2 KU1B1 (XF/WAUE/*),FT THOMPSON 345/230 KU1A,22:40,-76.5,
12/29/2024,,377774.0,MET13078_ALMA_ALMAREGAL13_1_1,ALMA ALMAREGAL13_1 1 (LN/CONS/CONS),ALMA-CHEESEMAN-REGAL 138,22:40,-100.37,
12/29/2024,30825.0,229670.0,Batesvil_Batesvil_115kV_FLO_Batesvil_LS_Power_23,BATSV5 BATSV5_BATSV73 A (LN/EMBA/TVA),BATESVILLE-L S POWER 230,22:45,-8.64,
12/29/2024,5701.0,471503.0,FTTXFRFTTXFR,FTTHOMP U1B2 KU1B1 (XF/WAUE/*),FT THOMPSON 345/230 KU1A,22:45,-76.76,
12/29/2024,,377774.0,MET13078_ALMA_ALMAREGAL13_1_1,ALMA ALMAREGAL13_1 1 (LN/CONS/CONS),ALMA-CHEESEMAN-REGAL 138,22:45,-106.48,
12/29/2024,,472237.0,SOC50X32_SLVC13_SLVC13_SALEM3_A,SLVC13 SLVC13_SALEM3 A (LN/SME/EMBA),DANIEL 500/230 08+PS1/PS2,22:45,-26.82,
12/29/2024,30825.0,229670.0,Batesvil_Batesvil_115kV_FLO_Batesvil_LS_Power_23,BATSV5 BATSV5_BATSV73 A (LN/EMBA/TVA),BATESVILLE-L S POWER 230,22:50,-7.5,
12/29/2024,5701.0,471503.0,FTTXFRFTTXFR,FTTHOMP U1B2 KU1B1 (XF/WAUE/*),FT THOMPSON 345/230 KU1A,22:50,-77.10000000000001,
12/29/2024,,377774.0,MET13078_ALMA_ALMAREGAL13_1_1,ALMA ALMAREGAL13_1 1 (LN/CONS/CONS),ALMA-CHEESEMAN-REGAL 138,22:50,-106.03,
12/29/2024,,472237.0,SOC50X32_SLVC13_SLVC13_SALEM3_A,SLVC13 SLVC13_SALEM3 A (LN/SME/EMBA),DANIEL 500/230 08+PS1/PS2,22:50,-30.41,
12/29/2024,30825.0,229670.0,Batesvil_Batesvil_115kV_FLO_Batesvil_LS_Power_23,BATSV5 BATSV5_BATSV73 A (LN/EMBA/TVA),BATESVILLE-L S POWER 230,22:55,-6.66,
12/29/2024,5701.0,471503.0,FTTXFRFTTXFR,FTTHOMP U1B2 KU1B1 (XF/WAUE/*),FT THOMPSON 345/230 KU1A,22:55,-76.71000000000001,
12/29/2024,,377774.0,MET13078_ALMA_ALMAREGAL13_1_1,ALMA ALMAREGAL13_1 1 (LN/CONS/CONS),ALMA-CHEESEMAN-REGAL 138,22:55,-101.41,
12/29/2024,5701.0,471503.0,FTTXFRFTTXFR,FTTHOMP U1B2 KU1B1 (XF/WAUE/*),FT THOMPSON 345/230 KU1A,23:00,-76.27,
12/29/2024,,377774.0,MET13078_ALMA_ALMAREGAL13_1_1,ALMA ALMAREGAL13_1 1 (LN/CONS/CONS),ALMA-CHEESEMAN-REGAL 138,23:00,-100.12,
12/29/2024,,434059.0,EESOC11_MARIONSE_ANGIE_MARION6_1,MARIONSE ANGIE_MARION6 1 (LN/SOCO/EES),MCKNIGHT - DANIEL 500,23:05,-43.57,
12/29/2024,5701.0,471503.0,FTTXFRFTTXFR,FTTHOMP U1B2 KU1B1 (XF/WAUE/*),FT THOMPSON 345/230 KU1A,23:05,-76.3,
12/29/2024,,377774.0,MET13078_ALMA_ALMAREGAL13_1_1,ALMA ALMAREGAL13_1 1 (LN/CONS/CONS),ALMA-CHEESEMAN-REGAL 138,23:05,-97.2,
12/29/2024,,434059.0,EESOC11_MARIONSE_ANGIE_MARION6_1,MARIONSE ANGIE_MARION6 1 (LN/SOCO/EES),MCKNIGHT - DANIEL 500,23:10,-43.95,
12/29/2024,5701.0,471503.0,FTTXFRFTTXFR,FTTHOMP U1B2 KU1B1 (XF/WAUE/*),FT THOMPSON 345/230 KU1A,23:10,-75.9,
12/29/2024,,377774.0,MET13078_ALMA_ALMAREGAL13_1_1,ALMA ALMAREGAL13_1 1 (LN/CONS/CONS),ALMA-CHEESEMAN-REGAL 138,23:10,-97.64,
12/29/2024,,434059.0,EESOC11_MARIONSE_ANGIE_MARION6_1,MARIONSE ANGIE_MARION6 1 (LN/SOCO/EES),MCKNIGHT - DANIEL 500,23:15,-42.2,
12/29/2024,5701.0,471503.0,FTTXFRFTTXFR,FTTHOMP U1B2 KU1B1 (XF/WAUE/*),FT THOMPSON 345/230 KU1A,23:15,-76.69,
12/29/2024,,377774.0,MET13078_ALMA_ALMAREGAL13_1_1,ALMA ALMAREGAL13_1 1 (LN/CONS/CONS),ALMA-CHEESEMAN-REGAL 138,23:15,-98.86,
12/29/2024,5701.0,471503.0,FTTXFRFTTXFR,FTTHOMP U1B2 KU1B1 (XF/WAUE/*),FT THOMPSON 345/230 KU1A,23:20,-114.76,
12/29/2024,,377774.0,MET13078_ALMA_ALMAREGAL13_1_1,ALMA ALMAREGAL13_1 1 (LN/CONS/CONS),ALMA-CHEESEMAN-REGAL 138,23:20,-97.87,
12/29/2024,5701.0,471503.0,FTTXFRFTTXFR,FTTHOMP U1B2 KU1B1 (XF/WAUE/*),FT THOMPSON 345/230 KU1A,23:25,-115.75,
12/29/2024,,377774.0,MET13078_ALMA_ALMAREGAL13_1_1,ALMA ALMAREGAL13_1 1 (LN/CONS/CONS),ALMA-CHEESEMAN-REGAL 138,23:25,-96.57,
12/29/2024,5701.0,471503.0,FTTXFRFTTXFR,FTTHOMP U1B2 KU1B1 (XF/WAUE/*),FT THOMPSON 345/230 KU1A,23:30,-112.85,
12/29/2024,,377774.0,MET13078_ALMA_ALMAREGAL13_1_1,ALMA ALMAREGAL13_1 1 (LN/CONS/CONS),ALMA-CHEESEMAN-REGAL 138,23:30,-100.13,
12/29/2024,5701.0,471503.0,FTTXFRFTTXFR,FTTHOMP U1B2 KU1B1 (XF/WAUE/*),FT THOMPSON 345/230 KU1A,23:35,-102.0,
12/29/2024,,377774.0,MET13078_ALMA_ALMAREGAL13_1_1,ALMA ALMAREGAL13_1 1 (LN/CONS/CONS),ALMA-CHEESEMAN-REGAL 138,23:35,-105.11,
12/29/2024,5701.0,471503.0,FTTXFRFTTXFR,FTTHOMP U1B2 KU1B1 (XF/WAUE/*),FT THOMPSON 345/230 KU1A,23:40,-80.67,
12/29/2024,,377774.0,MET13078_ALMA_ALMAREGAL13_1_1,ALMA ALMAREGAL13_1 1 (LN/CONS/CONS),ALMA-CHEESEMAN-REGAL 138,23:40,-100.44,
12/29/2024,5701.0,471503.0,FTTXFRFTTXFR,FTTHOMP U1B2 KU1B1 (XF/WAUE/*),FT THOMPSON 345/230 KU1A,23:45,-81.87,
12/29/2024,,377774.0,MET13078_ALMA_ALMAREGAL13_1_1,ALMA ALMAREGAL13_1 1 (LN/CONS/CONS),ALMA-CHEESEMAN-REGAL 138,23:45,-99.74,
12/29/2024,5701.0,471503.0,FTTXFRFTTXFR,FTTHOMP U1B2 KU1B1 (XF/WAUE/*),FT THOMPSON 345/230 KU1A,23:50,-84.26,
12/29/2024,,377774.0,MET13078_ALMA_ALMAREGAL13_1_1,ALMA ALMAREGAL13_1 1 (LN/CONS/CONS),ALMA-CHEESEMAN-REGAL 138,23:50,-98.03,
12/29/2024,5701.0,471503.0,FTTXFRFTTXFR,FTTHOMP U1B2 KU1B1 (XF/WAUE/*),FT THOMPSON 345/230 KU1A,23:55,-80.4,
12/29/2024,,377774.0,MET13078_ALMA_ALMAREGAL13_1_1,ALMA ALMAREGAL13_1 1 (LN/CONS/CONS),ALMA-CHEESEMAN-REGAL 138,23:55,-99.03,
12/30/2024,,196784.0,BASE_REYNOLD4_13857_A,REYNOLD4 13857 A (LN/NIPS/NIPS),,00:00,-49.36,
12/30/2024,,357283.0,NSP34007_WILMART_TR9_TR9,WILMART TR9 TR9 (XF/NSP/*),CRANDALL - WILMARTH 345,00:00,-227.64,
12/30/2024,25759.0,332040.0,Overton_345_161_xfmr_flo_McCredie_Overton_345,OVER X345 XFMR_1_345 (XF/AMMO/*),MCCREDIE - OVERTON 345,00:00,-385.17,
12/30/2024,30825.0,229670.0,Batesvil_Batesvil_115kV_FLO_Batesvil_LS_Power_23,BATSV5 BATSV5_BATSV73 A (LN/EMBA/TVA),BATESVILLE-L S POWER 230,00:05,-2.91,
12/30/2024,5701.0,471503.0,FTTXFRFTTXFR,FTTHOMP U1B2 KU1B1 (XF/WAUE/*),FT THOMPSON 345/230 KU1A,00:05,-75.5,
12/30/2024,,377774.0,MET13078_ALMA_ALMAREGAL13_1_1,ALMA ALMAREGAL13_1 1 (LN/CONS/CONS),ALMA-CHEESEMAN-REGAL 138,00:05,-89.28,
12/30/2024,30825.0,229670.0,Batesvil_Batesvil_115kV_FLO_Batesvil_LS_Power_23,BATSV5 BATSV5_BATSV73 A (LN/EMBA/TVA),BATESVILLE-L S POWER 230,00:10,-5.21,
12/30/2024,5701.0,471503.0,FTTXFRFTTXFR,FTTHOMP U1B2 KU1B1 (XF/WAUE/*),FT THOMPSON 345/230 KU1A,00:10,-78.56,
12/30/2024,,377774.0,MET13078_ALMA_ALMAREGAL13_1_1,ALMA ALMAREGAL13_1 1 (LN/CONS/CONS),ALMA-CHEESEMAN-REGAL 138,00:10,-97.81,
12/30/2024,30825.0,229670.0,Batesvil_Batesvil_115kV_FLO_Batesvil_LS_Power_23,BATSV5 BATSV5_BATSV73 A (LN/EMBA/TVA),BATESVILLE-L S POWER 230,00:15,-2.31,
12/30/2024,5701.0,471503.0,FTTXFRFTTXFR,FTTHOMP U1B2 KU1B1 (XF/WAUE/*),FT THOMPSON 345/230 KU1A,00:15,-83.89,
12/30/2024,,377774.0,MET13078_ALMA_ALMAREGAL13_1_1,ALMA ALMAREGAL13_1 1 (LN/CONS/CONS),ALMA-CHEESEMAN-REGAL 138,00:15,-89.44,
12/30/2024,30825.0,229670.0,Batesvil_Batesvil_115kV_FLO_Batesvil_LS_Power_23,BATSV5 BATSV5_BATSV73 A (LN/EMBA/TVA),BATESVILLE-L S POWER 230,00:20,-1.47,
12/30/2024,5701.0,471503.0,FTTXFRFTTXFR,FTTHOMP U1B2 KU1B1 (XF/WAUE/*),FT THOMPSON 345/230 KU1A,00:20,-77.3,
12/30/2024,,377774.0,MET13078_ALMA_ALMAREGAL13_1_1,ALMA ALMAREGAL13_1 1 (LN/CONS/CONS),ALMA-CHEESEMAN-REGAL 138,00:20,-86.53,
12/30/2024,30825.0,229670.0,Batesvil_Batesvil_115kV_FLO_Batesvil_LS_Power_23,BATSV5 BATSV5_BATSV73 A (LN/EMBA/TVA),BATESVILLE-L S POWER 230,00:25,-2.64,
12/30/2024,5701.0,471503.0,FTTXFRFTTXFR,FTTHOMP U1B2 KU1B1 (XF/WAUE/*),FT THOMPSON 345/230 KU1A,00:25,-81.91,
12/30/2024,,377774.0,MET13078_ALMA_ALMAREGAL13_1_1,ALMA ALMAREGAL13_1 1 (LN/CONS/CONS),ALMA-CHEESEMAN-REGAL 138,00:25,-90.41,
12/30/2024,30825.0,229670.0,Batesvil_Batesvil_115kV_FLO_Batesvil_LS_Power_23,BATSV5 BATSV5_BATSV73 A (LN/EMBA/TVA),BATESVILLE-L S POWER 230,00:30,-1.62,
12/30/2024,5701.0,471503.0,FTTXFRFTTXFR,FTTHOMP U1B2 KU1B1 (XF/WAUE/*),FT THOMPSON 345/230 KU1A,00:30,-81.26,
12/30/2024,,377774.0,MET13078_ALMA_ALMAREGAL13_1_1,ALMA ALMAREGAL13_1 1 (LN/CONS/CONS),ALMA-CHEESEMAN-REGAL 138,00:30,-86.62,
12/30/2024,30825.0,229670.0,Batesvil_Batesvil_115kV_FLO_Batesvil_LS_Power_23,BATSV5 BATSV5_BATSV73 A (LN/EMBA/TVA),BATESVILLE-L S POWER 230,00:35,-1.28,
12/30/2024,5701.0,471503.0,FTTXFRFTTXFR,FTTHOMP U1B2 KU1B1 (XF/WAUE/*),FT THOMPSON 345/230 KU1A,00:35,-80.67,
12/30/2024,,377774.0,MET13078_ALMA_ALMAREGAL13_1_1,ALMA ALMAREGAL13_1 1 (LN/CONS/CONS),ALMA-CHEESEMAN-REGAL 138,00:35,-62.44000000000001,
12/30/2024,30825.0,229670.0,Batesvil_Batesvil_115kV_FLO_Batesvil_LS_Power_23,BATSV5 BATSV5_BATSV73 A (LN/EMBA/TVA),BATESVILLE-L S POWER 230,00:40,-1.6,
12/30/2024,5701.0,471503.0,FTTXFRFTTXFR,FTTHOMP U1B2 KU1B1 (XF/WAUE/*),FT THOMPSON 345/230 KU1A,00:40,-73.19,
12/30/2024,,377774.0,MET13078_ALMA_ALMAREGAL13_1_1,ALMA ALMAREGAL13_1 1 (LN/CONS/CONS),ALMA-CHEESEMAN-REGAL 138,00:40,-61.77,
12/30/2024,30825.0,229670.0,Batesvil_Batesvil_115kV_FLO_Batesvil_LS_Power_23,BATSV5 BATSV5_BATSV73 A (LN/EMBA/TVA),BATESVILLE-L S POWER 230,00:45,-3.33,
12/30/2024,5701.0,471503.0,FTTXFRFTTXFR,FTTHOMP U1B2 KU1B1 (XF/WAUE/*),FT THOMPSON 345/230 KU1A,00:45,-23.4,
12/30/2024,,377774.0,MET13078_ALMA_ALMAREGAL13_1_1,ALMA ALMAREGAL13_1 1 (LN/CONS/CONS),ALMA-CHEESEMAN-REGAL 138,00:45,-16.31,
12/30/2024,30825.0,229670.0,Batesvil_Batesvil_115kV_FLO_Batesvil_LS_Power_23,BATSV5 BATSV5_BATSV73 A (LN/EMBA/TVA),BATESVILLE-L S POWER 230,00:50,-4.95,
12/30/2024,5701.0,471503.0,FTTXFRFTTXFR,FTTHOMP U1B2 KU1B1 (XF/WAUE/*),FT THOMPSON 345/230 KU1A,00:50,-10.87,
12/30/2024,,377774.0,MET13078_ALMA_ALMAREGAL13_1_1,ALMA ALMAREGAL13_1 1 (LN/CONS/CONS),ALMA-CHEESEMAN-REGAL 138,00:50,-89.86,
12/30/2024,30825.0,229670.0,Batesvil_Batesvil_115kV_FLO_Batesvil_LS_Power_23,BATSV5 BATSV5_BATSV73 A (LN/EMBA/TVA),BATESVILLE-L S POWER 230,00:55,-4.2,
12/30/2024,5701.0,471503.0,FTTXFRFTTXFR,FTTHOMP U1B2 KU1B1 (XF/WAUE/*),FT THOMPSON 345/230 KU1A,00:55,-23.58,
12/30/2024,,377774.0,MET13078_ALMA_ALMAREGAL13_1_1,ALMA ALMAREGAL13_1 1 (LN/CONS/CONS),ALMA-CHEESEMAN-REGAL 138,00:55,-80.94,
12/30/2024,30825.0,229670.0,Batesvil_Batesvil_115kV_FLO_Batesvil_LS_Power_23,BATSV5 BATSV5_BATSV73 A (LN/EMBA/TVA),BATESVILLE-L S POWER 230,01:00,-2.0300000000000002,
12/30/2024,5701.0,471503.0,FTTXFRFTTXFR,FTTHOMP U1B2 KU1B1 (XF/WAUE/*),FT THOMPSON 345/230 KU1A,01:00,-47.68,
12/30/2024,30825.0,229670.0,Batesvil_Batesvil_115kV_FLO_Batesvil_LS_Power_23,BATSV5 BATSV5_BATSV73 A (LN/EMBA/TVA),BATESVILLE-L S POWER 230,01:05,-1.97,
12/30/2024,5701.0,471503.0,FTTXFRFTTXFR,FTTHOMP U1B2 KU1B1 (XF/WAUE/*),FT THOMPSON 345/230 KU1A,01:05,-47.94,
12/30/2024,30825.0,229670.0,Batesvil_Batesvil_115kV_FLO_Batesvil_LS_Power_23,BATSV5 BATSV5_BATSV73 A (LN/EMBA/TVA),BATESVILLE-L S POWER 230,01:10,-1.1,
12/30/2024,5701.0,471503.0,FTTXFRFTTXFR,FTTHOMP U1B2 KU1B1 (XF/WAUE/*),FT THOMPSON 345/230 KU1A,01:10,-85.18,
12/30/2024,,377774.0,MET13078_ALMA_ALMAREGAL13_1_1,ALMA ALMAREGAL13_1 1 (LN/CONS/CONS),ALMA-CHEESEMAN-REGAL 138,01:10,-84.85,
12/30/2024,30825.0,229670.0,Batesvil_Batesvil_115kV_FLO_Batesvil_LS_Power_23,BATSV5 BATSV5_BATSV73 A (LN/EMBA/TVA),BATESVILLE-L S POWER 230,01:15,-0.58,
12/30/2024,5701.0,471503.0,FTTXFRFTTXFR,FTTHOMP U1B2 KU1B1 (XF/WAUE/*),FT THOMPSON 345/230 KU1A,01:15,-69.48,
12/30/2024,,377774.0,MET13078_ALMA_ALMAREGAL13_1_1,ALMA ALMAREGAL13_1 1 (LN/CONS/CONS),ALMA-CHEESEMAN-REGAL 138,01:15,-45.25,
12/30/2024,30825.0,229670.0,Batesvil_Batesvil_115kV_FLO_Batesvil_LS_Power_23,BATSV5 BATSV5_BATSV73 A (LN/EMBA/TVA),BATESVILLE-L S POWER 230,01:20,-0.23,
12/30/2024,5701.0,471503.0,FTTXFRFTTXFR,FTTHOMP U1B2 KU1B1 (XF/WAUE/*),FT THOMPSON 345/230 KU1A,01:20,-106.67,
12/30/2024,5701.0,471503.0,FTTXFRFTTXFR,FTTHOMP U1B2 KU1B1 (XF/WAUE/*),FT THOMPSON 345/230 KU1A,01:25,-131.7,
12/30/2024,30825.0,229670.0,Batesvil_Batesvil_115kV_FLO_Batesvil_LS_Power_23,BATSV5 BATSV5_BATSV73 A (LN/EMBA/TVA),BATESVILLE-L S POWER 230,01:30,-0.14,
12/30/2024,5701.0,471503.0,FTTXFRFTTXFR,FTTHOMP U1B2 KU1B1 (XF/WAUE/*),FT THOMPSON 345/230 KU1A,01:30,-129.35,
12/30/2024,,377774.0,MET13078_ALMA_ALMAREGAL13_1_1,ALMA ALMAREGAL13_1 1 (LN/CONS/CONS),ALMA-CHEESEMAN-REGAL 138,01:30,-63.9,
12/30/2024,30825.0,229670.0,Batesvil_Batesvil_115kV_FLO_Batesvil_LS_Power_23,BATSV5 BATSV5_BATSV73 A (LN/EMBA/TVA),BATESVILLE-L S POWER 230,01:35,-0.09,
12/30/2024,5701.0,471503.0,FTTXFRFTTXFR,FTTHOMP U1B2 KU1B1 (XF/WAUE/*),FT THOMPSON 345/230 KU1A,01:35,-129.0,
12/30/2024,,377774.0,MET13078_ALMA_ALMAREGAL13_1_1,ALMA ALMAREGAL13_1 1 (LN/CONS/CONS),ALMA-CHEESEMAN-REGAL 138,01:35,-3.64,
12/30/2024,30825.0,229670.0,Batesvil_Batesvil_115kV_FLO_Batesvil_LS_Power_23,BATSV5 BATSV5_BATSV73 A (LN/EMBA/TVA),BATESVILLE-L S POWER 230,01:40,-1.71,
12/30/2024,5701.0,471503.0,FTTXFRFTTXFR,FTTHOMP U1B2 KU1B1 (XF/WAUE/*),FT THOMPSON 345/230 KU1A,01:40,-64.3,
12/30/2024,,377774.0,MET13078_ALMA_ALMAREGAL13_1_1,ALMA ALMAREGAL13_1 1 (LN/CONS/CONS),ALMA-CHEESEMAN-REGAL 138,01:40,-63.48,
12/30/2024,30825.0,229670.0,Batesvil_Batesvil_115kV_FLO_Batesvil_LS_Power_23,BATSV5 BATSV5_BATSV73 A (LN/EMBA/TVA),BATESVILLE-L S POWER 230,01:45,-2.58,
12/30/2024,5701.0,471503.0,FTTXFRFTTXFR,FTTHOMP U1B2 KU1B1 (XF/WAUE/*),FT THOMPSON 345/230 KU1A,01:45,-27.2,
12/30/2024,,377774.0,MET13078_ALMA_ALMAREGAL13_1_1,ALMA ALMAREGAL13_1 1 (LN/CONS/CONS),ALMA-CHEESEMAN-REGAL 138,01:45,-63.19000000000001,
12/30/2024,30825.0,229670.0,Batesvil_Batesvil_115kV_FLO_Batesvil_LS_Power_23,BATSV5 BATSV5_BATSV73 A (LN/EMBA/TVA),BATESVILLE-L S POWER 230,01:50,-2.07,
12/30/2024,5701.0,471503.0,FTTXFRFTTXFR,FTTHOMP U1B2 KU1B1 (XF/WAUE/*),FT THOMPSON 345/230 KU1A,01:50,-40.77,
12/30/2024,,377774.0,MET13078_ALMA_ALMAREGAL13_1_1,ALMA ALMAREGAL13_1 1 (LN/CONS/CONS),ALMA-CHEESEMAN-REGAL 138,01:50,-84.85,
12/30/2024,5701.0,471503.0,FTTXFRFTTXFR,FTTHOMP U1B2 KU1B1 (XF/WAUE/*),FT THOMPSON 345/230 KU1A,01:55,-88.92,
12/30/2024,5701.0,471503.0,FTTXFRFTTXFR,FTTHOMP U1B2 KU1B1 (XF/WAUE/*),FT THOMPSON 345/230 KU1A,02:00,-129.27,
12/30/2024,,377774.0,MET13078_ALMA_ALMAREGAL13_1_1,ALMA ALMAREGAL13_1 1 (LN/CONS/CONS),ALMA-CHEESEMAN-REGAL 138,02:00,-41.13,
12/30/2024,5701.0,471503.0,FTTXFRFTTXFR,FTTHOMP U1B2 KU1B1 (XF/WAUE/*),FT THOMPSON 345/230 KU1A,02:05,-124.23,
12/30/2024,5701.0,471503.0,FTTXFRFTTXFR,FTTHOMP U1B2 KU1B1 (XF/WAUE/*),FT THOMPSON 345/230 KU1A,02:10,-124.6,
12/30/2024,,377774.0,MET13078_ALMA_ALMAREGAL13_1_1,ALMA ALMAREGAL13_1 1 (LN/CONS/CONS),ALMA-CHEESEMAN-REGAL 138,02:10,-41.7,
12/30/2024,5701.0,471503.0,FTTXFRFTTXFR,FTTHOMP U1B2 KU1B1 (XF/WAUE/*),FT THOMPSON 345/230 KU1A,02:15,-116.77,
12/30/2024,,377774.0,MET13078_ALMA_ALMAREGAL13_1_1,ALMA ALMAREGAL13_1 1 (LN/CONS/CONS),ALMA-CHEESEMAN-REGAL 138,02:15,-42.57,
12/30/2024,5701.0,471503.0,FTTXFRFTTXFR,FTTHOMP U1B2 KU1B1 (XF/WAUE/*),FT THOMPSON 345/230 KU1A,02:20,-122.11,
12/30/2024,,377774.0,MET13078_ALMA_ALMAREGAL13_1_1,ALMA ALMAREGAL13_1 1 (LN/CONS/CONS),ALMA-CHEESEMAN-REGAL 138,02:20,-26.23,
12/30/2024,5701.0,471503.0,FTTXFRFTTXFR,FTTHOMP U1B2 KU1B1 (XF/WAUE/*),FT THOMPSON 345/230 KU1A,02:25,-124.35,
12/30/2024,,377774.0,MET13078_ALMA_ALMAREGAL13_1_1,ALMA ALMAREGAL13_1 1 (LN/CONS/CONS),ALMA-CHEESEMAN-REGAL 138,02:25,-28.24,
12/30/2024,5701.0,471503.0,FTTXFRFTTXFR,FTTHOMP U1B2 KU1B1 (XF/WAUE/*),FT THOMPSON 345/230 KU1A,02:30,-122.84,
12/30/2024,,377774.0,MET13078_ALMA_ALMAREGAL13_1_1,ALMA ALMAREGAL13_1 1 (LN/CONS/CONS),ALMA-CHEESEMAN-REGAL 138,02:30,-79.69,
12/30/2024,5701.0,471503.0,FTTXFRFTTXFR,FTTHOMP U1B2 KU1B1 (XF/WAUE/*),FT THOMPSON 345/230 KU1A,02:35,-119.56,
12/30/2024,,377774.0,MET13078_ALMA_ALMAREGAL13_1_1,ALMA ALMAREGAL13_1 1 (LN/CONS/CONS),ALMA-CHEESEMAN-REGAL 138,02:35,-25.23,
12/30/2024,5701.0,471503.0,FTTXFRFTTXFR,FTTHOMP U1B2 KU1B1 (XF/WAUE/*),FT THOMPSON 345/230 KU1A,02:40,-118.69,
12/30/2024,5701.0,471503.0,FTTXFRFTTXFR,FTTHOMP U1B2 KU1B1 (XF/WAUE/*),FT THOMPSON 345/230 KU1A,02:45,-122.67,
12/30/2024,5701.0,471503.0,FTTXFRFTTXFR,FTTHOMP U1B2 KU1B1 (XF/WAUE/*),FT THOMPSON 345/230 KU1A,02:50,-118.95,
12/30/2024,5701.0,471503.0,FTTXFRFTTXFR,FTTHOMP U1B2 KU1B1 (XF/WAUE/*),FT THOMPSON 345/230 KU1A,02:55,-123.1,
12/30/2024,5701.0,471503.0,FTTXFRFTTXFR,FTTHOMP U1B2 KU1B1 (XF/WAUE/*),FT THOMPSON 345/230 KU1A,03:00,-125.4,
12/30/2024,5701.0,471503.0,FTTXFRFTTXFR,FTTHOMP U1B2 KU1B1 (XF/WAUE/*),FT THOMPSON 345/230 KU1A,03:05,-98.73,
12/30/2024,,377774.0,MET13078_ALMA_ALMAREGAL13_1_1,ALMA ALMAREGAL13_1 1 (LN/CONS/CONS),ALMA-CHEESEMAN-REGAL 138,03:05,-27.82,
12/30/2024,30825.0,229670.0,Batesvil_Batesvil_115kV_FLO_Batesvil_LS_Power_23,BATSV5 BATSV5_BATSV73 A (LN/EMBA/TVA),BATESVILLE-L S POWER 230,03:10,-0.47,
12/30/2024,5701.0,471503.0,FTTXFRFTTXFR,FTTHOMP U1B2 KU1B1 (XF/WAUE/*),FT THOMPSON 345/230 KU1A,03:10,-57.25,
12/30/2024,,377774.0,MET13078_ALMA_ALMAREGAL13_1_1,ALMA ALMAREGAL13_1 1 (LN/CONS/CONS),ALMA-CHEESEMAN-REGAL 138,03:10,-26.48,
12/30/2024,5701.0,471503.0,FTTXFRFTTXFR,FTTHOMP U1B2 KU1B1 (XF/WAUE/*),FT THOMPSON 345/230 KU1A,03:15,-91.87,
12/30/2024,,377774.0,MET13078_ALMA_ALMAREGAL13_1_1,ALMA ALMAREGAL13_1 1 (LN/CONS/CONS),ALMA-CHEESEMAN-REGAL 138,03:15,-26.29,
12/30/2024,5701.0,471503.0,FTTXFRFTTXFR,FTTHOMP U1B2 KU1B1 (XF/WAUE/*),FT THOMPSON 345/230 KU1A,03:20,-146.4,
12/30/2024,,377774.0,MET13078_ALMA_ALMAREGAL13_1_1,ALMA ALMAREGAL13_1 1 (LN/CONS/CONS),ALMA-CHEESEMAN-REGAL 138,03:20,-36.54,
12/30/2024,5701.0,471503.0,FTTXFRFTTXFR,FTTHOMP U1B2 KU1B1 (XF/WAUE/*),FT THOMPSON 345/230 KU1A,03:25,-145.99,
12/30/2024,,377774.0,MET13078_ALMA_ALMAREGAL13_1_1,ALMA ALMAREGAL13_1 1 (LN/CONS/CONS),ALMA-CHEESEMAN-REGAL 138,03:25,-80.14,
12/30/2024,5701.0,471503.0,FTTXFRFTTXFR,FTTHOMP U1B2 KU1B1 (XF/WAUE/*),FT THOMPSON 345/230 KU1A,03:30,-236.38,
12/30/2024,,377774.0,MET13078_ALMA_ALMAREGAL13_1_1,ALMA ALMAREGAL13_1 1 (LN/CONS/CONS),ALMA-CHEESEMAN-REGAL 138,03:30,-74.49,
12/30/2024,5701.0,471503.0,FTTXFRFTTXFR,FTTHOMP U1B2 KU1B1 (XF/WAUE/*),FT THOMPSON 345/230 KU1A,03:35,-252.7,
12/30/2024,5701.0,471503.0,FTTXFRFTTXFR,FTTHOMP U1B2 KU1B1 (XF/WAUE/*),FT THOMPSON 345/230 KU1A,03:40,-187.7,
12/30/2024,5701.0,471503.0,FTTXFRFTTXFR,FTTHOMP U1B2 KU1B1 (XF/WAUE/*),FT THOMPSON 345/230 KU1A,03:45,-136.08,
12/30/2024,5701.0,471503.0,FTTXFRFTTXFR,FTTHOMP U1B2 KU1B1 (XF/WAUE/*),FT THOMPSON 345/230 KU1A,03:50,-134.08,
12/30/2024,5701.0,471503.0,FTTXFRFTTXFR,FTTHOMP U1B2 KU1B1 (XF/WAUE/*),FT THOMPSON 345/230 KU1A,03:55,-131.03,
12/30/2024,,377774.0,MET13078_ALMA_ALMAREGAL13_1_1,ALMA ALMAREGAL13_1 1 (LN/CONS/CONS),ALMA-CHEESEMAN-REGAL 138,03:55,-80.57000000000001,
12/30/2024,5701.0,471503.0,FTTXFRFTTXFR,FTTHOMP U1B2 KU1B1 (XF/WAUE/*),FT THOMPSON 345/230 KU1A,04:00,-132.61,
12/30/2024,,377774.0,MET13078_ALMA_ALMAREGAL13_1_1,ALMA ALMAREGAL13_1 1 (LN/CONS/CONS),ALMA-CHEESEMAN-REGAL 138,04:00,-47.39,
12/30/2024,5701.0,471503.0,FTTXFRFTTXFR,FTTHOMP U1B2 KU1B1 (XF/WAUE/*),FT THOMPSON 345/230 KU1A,04:05,-158.17000000000002,
12/30/2024,,377774.0,MET13078_ALMA_ALMAREGAL13_1_1,ALMA ALMAREGAL13_1 1 (LN/CONS/CONS),ALMA-CHEESEMAN-REGAL 138,04:05,-61.21,
12/30/2024,5701.0,471503.0,FTTXFRFTTXFR,FTTHOMP U1B2 KU1B1 (XF/WAUE/*),FT THOMPSON 345/230 KU1A,04:10,-164.76,
12/30/2024,,377774.0,MET13078_ALMA_ALMAREGAL13_1_1,ALMA ALMAREGAL13_1 1 (LN/CONS/CONS),ALMA-CHEESEMAN-REGAL 138,04:10,-55.92,
12/30/2024,30825.0,229670.0,Batesvil_Batesvil_115kV_FLO_Batesvil_LS_Power_23,BATSV5 BATSV5_BATSV73 A (LN/EMBA/TVA),BATESVILLE-L S POWER 230,04:15,-0.11,
12/30/2024,5701.0,471503.0,FTTXFRFTTXFR,FTTHOMP U1B2 KU1B1 (XF/WAUE/*),FT THOMPSON 345/230 KU1A,04:15,-123.0,
12/30/2024,30825.0,229670.0,Batesvil_Batesvil_115kV_FLO_Batesvil_LS_Power_23,BATSV5 BATSV5_BATSV73 A (LN/EMBA/TVA),BATESVILLE-L S POWER 230,04:20,-0.04,
12/30/2024,5701.0,471503.0,FTTXFRFTTXFR,FTTHOMP U1B2 KU1B1 (XF/WAUE/*),FT THOMPSON 345/230 KU1A,04:20,-123.59,
12/30/2024,5701.0,471503.0,FTTXFRFTTXFR,FTTHOMP U1B2 KU1B1 (XF/WAUE/*),FT THOMPSON 345/230 KU1A,04:25,-123.58,
12/30/2024,5701.0,471503.0,FTTXFRFTTXFR,FTTHOMP U1B2 KU1B1 (XF/WAUE/*),FT THOMPSON 345/230 KU1A,04:30,-124.8,
12/30/2024,5701.0,471503.0,FTTXFRFTTXFR,FTTHOMP U1B2 KU1B1 (XF/WAUE/*),FT THOMPSON 345/230 KU1A,04:35,-125.58,
12/30/2024,5701.0,471503.0,FTTXFRFTTXFR,FTTHOMP U1B2 KU1B1 (XF/WAUE/*),FT THOMPSON 345/230 KU1A,04:40,-119.99,
12/30/2024,5701.0,471503.0,FTTXFRFTTXFR,FTTHOMP U1B2 KU1B1 (XF/WAUE/*),FT THOMPSON 345/230 KU1A,04:45,-113.93,
12/30/2024,5701.0,471503.0,FTTXFRFTTXFR,FTTHOMP U1B2 KU1B1 (XF/WAUE/*),FT THOMPSON 345/230 KU1A,04:50,-119.45,
12/30/2024,5701.0,471503.0,FTTXFRFTTXFR,FTTHOMP U1B2 KU1B1 (XF/WAUE/*),FT THOMPSON 345/230 KU1A,04:55,-130.1,
12/30/2024,5701.0,471503.0,FTTXFRFTTXFR,FTTHOMP U1B2 KU1B1 (XF/WAUE/*),FT THOMPSON 345/230 KU1A,05:00,-119.54,
12/30/2024,5701.0,471503.0,FTTXFRFTTXFR,FTTHOMP U1B2 KU1B1 (XF/WAUE/*),FT THOMPSON 345/230 KU1A,05:05,-120.9,
12/30/2024,5701.0,471503.0,FTTXFRFTTXFR,FTTHOMP U1B2 KU1B1 (XF/WAUE/*),FT THOMPSON 345/230 KU1A,05:10,-121.43,
12/30/2024,5701.0,471503.0,FTTXFRFTTXFR,FTTHOMP U1B2 KU1B1 (XF/WAUE/*),FT THOMPSON 345/230 KU1A,05:15,-123.12,
12/30/2024,5701.0,471503.0,FTTXFRFTTXFR,FTTHOMP U1B2 KU1B1 (XF/WAUE/*),FT THOMPSON 345/230 KU1A,05:20,-126.2,
12/30/2024,5701.0,471503.0,FTTXFRFTTXFR,FTTHOMP U1B2 KU1B1 (XF/WAUE/*),FT THOMPSON 345/230 KU1A,05:25,-131.82,
12/30/2024,5701.0,471503.0,FTTXFRFTTXFR,FTTHOMP U1B2 KU1B1 (XF/WAUE/*),FT THOMPSON 345/230 KU1A,05:30,-126.8,
12/30/2024,5701.0,471503.0,FTTXFRFTTXFR,FTTHOMP U1B2 KU1B1 (XF/WAUE/*),FT THOMPSON 345/230 KU1A,05:35,-122.95,
12/30/2024,5701.0,471503.0,FTTXFRFTTXFR,FTTHOMP U1B2 KU1B1 (XF/WAUE/*),FT THOMPSON 345/230 KU1A,05:40,-123.48,
12/30/2024,5701.0,471503.0,FTTXFRFTTXFR,FTTHOMP U1B2 KU1B1 (XF/WAUE/*),FT THOMPSON 345/230 KU1A,05:45,-122.77,
12/30/2024,30825.0,229670.0,Batesvil_Batesvil_115kV_FLO_Batesvil_LS_Power_23,BATSV5 BATSV5_BATSV73 A (LN/EMBA/TVA),BATESVILLE-L S POWER 230,05:50,-1.72,
12/30/2024,5701.0,471503.0,FTTXFRFTTXFR,FTTHOMP U1B2 KU1B1 (XF/WAUE/*),FT THOMPSON 345/230 KU1A,05:50,-125.1,
12/30/2024,30825.0,229670.0,Batesvil_Batesvil_115kV_FLO_Batesvil_LS_Power_23,BATSV5 BATSV5_BATSV73 A (LN/EMBA/TVA),BATESVILLE-L S POWER 230,05:55,-10.24,
12/30/2024,5701.0,471503.0,FTTXFRFTTXFR,FTTHOMP U1B2 KU1B1 (XF/WAUE/*),FT THOMPSON 345/230 KU1A,05:55,-122.79,
12/30/2024,30825.0,229670.0,Batesvil_Batesvil_115kV_FLO_Batesvil_LS_Power_23,BATSV5 BATSV5_BATSV73 A (LN/EMBA/TVA),BATESVILLE-L S POWER 230,06:00,-2.58,
12/30/2024,5701.0,471503.0,FTTXFRFTTXFR,FTTHOMP U1B2 KU1B1 (XF/WAUE/*),FT THOMPSON 345/230 KU1A,06:00,-122.75,
12/30/2024,30825.0,229670.0,Batesvil_Batesvil_115kV_FLO_Batesvil_LS_Power_23,BATSV5 BATSV5_BATSV73 A (LN/EMBA/TVA),BATESVILLE-L S POWER 230,06:05,-1.52,
12/30/2024,5701.0,471503.0,FTTXFRFTTXFR,FTTHOMP U1B2 KU1B1 (XF/WAUE/*),FT THOMPSON 345/230 KU1A,06:05,-108.19,
12/30/2024,30825.0,229670.0,Batesvil_Batesvil_115kV_FLO_Batesvil_LS_Power_23,BATSV5 BATSV5_BATSV73 A (LN/EMBA/TVA),BATESVILLE-L S POWER 230,06:10,-2.64,
12/30/2024,5701.0,471503.0,FTTXFRFTTXFR,FTTHOMP U1B2 KU1B1 (XF/WAUE/*),FT THOMPSON 345/230 KU1A,06:10,-76.2,
12/30/2024,30825.0,229670.0,Batesvil_Batesvil_115kV_FLO_Batesvil_LS_Power_23,BATSV5 BATSV5_BATSV73 A (LN/EMBA/TVA),BATESVILLE-L S POWER 230,06:15,-3.48,
12/30/2024,5701.0,471503.0,FTTXFRFTTXFR,FTTHOMP U1B2 KU1B1 (XF/WAUE/*),FT THOMPSON 345/230 KU1A,06:15,-77.38,
12/30/2024,30825.0,229670.0,Batesvil_Batesvil_115kV_FLO_Batesvil_LS_Power_23,BATSV5 BATSV5_BATSV73 A (LN/EMBA/TVA),BATESVILLE-L S POWER 230,06:20,-3.28,
12/30/2024,5701.0,471503.0,FTTXFRFTTXFR,FTTHOMP U1B2 KU1B1 (XF/WAUE/*),FT THOMPSON 345/230 KU1A,06:20,-77.35000000000001,
12/30/2024,30825.0,229670.0,Batesvil_Batesvil_115kV_FLO_Batesvil_LS_Power_23,BATSV5 BATSV5_BATSV73 A (LN/EMBA/TVA),BATESVILLE-L S POWER 230,06:25,-2.38,
12/30/2024,5701.0,471503.0,FTTXFRFTTXFR,FTTHOMP U1B2 KU1B1 (XF/WAUE/*),FT THOMPSON 345/230 KU1A,06:25,-32.6,
12/30/2024,30825.0,229670.0,Batesvil_Batesvil_115kV_FLO_Batesvil_LS_Power_23,BATSV5 BATSV5_BATSV73 A (LN/EMBA/TVA),BATESVILLE-L S POWER 230,06:30,-3.01,
12/30/2024,5701.0,471503.0,FTTXFRFTTXFR,FTTHOMP U1B2 KU1B1 (XF/WAUE/*),FT THOMPSON 345/230 KU1A,06:30,-69.29,
12/30/2024,30825.0,229670.0,Batesvil_Batesvil_115kV_FLO_Batesvil_LS_Power_23,BATSV5 BATSV5_BATSV73 A (LN/EMBA/TVA),BATESVILLE-L S POWER 230,06:35,-3.31,
12/30/2024,5701.0,471503.0,FTTXFRFTTXFR,FTTHOMP U1B2 KU1B1 (XF/WAUE/*),FT THOMPSON 345/230 KU1A,06:35,-78.39,
12/30/2024,30825.0,229670.0,Batesvil_Batesvil_115kV_FLO_Batesvil_LS_Power_23,BATSV5 BATSV5_BATSV73 A (LN/EMBA/TVA),BATESVILLE-L S POWER 230,06:40,-3.14,
12/30/2024,5701.0,471503.0,FTTXFRFTTXFR,FTTHOMP U1B2 KU1B1 (XF/WAUE/*),FT THOMPSON 345/230 KU1A,06:40,-116.67,
12/30/2024,30825.0,229670.0,Batesvil_Batesvil_115kV_FLO_Batesvil_LS_Power_23,BATSV5 BATSV5_BATSV73 A (LN/EMBA/TVA),BATESVILLE-L S POWER 230,06:45,-2.9,
12/30/2024,5701.0,471503.0,FTTXFRFTTXFR,FTTHOMP U1B2 KU1B1 (XF/WAUE/*),FT THOMPSON 345/230 KU1A,06:45,-122.25,
12/30/2024,30825.0,229670.0,Batesvil_Batesvil_115kV_FLO_Batesvil_LS_Power_23,BATSV5 BATSV5_BATSV73 A (LN/EMBA/TVA),BATESVILLE-L S POWER 230,06:50,-3.95,
12/30/2024,5701.0,471503.0,FTTXFRFTTXFR,FTTHOMP U1B2 KU1B1 (XF/WAUE/*),FT THOMPSON 345/230 KU1A,06:50,-120.59,
12/30/2024,30825.0,229670.0,Batesvil_Batesvil_115kV_FLO_Batesvil_LS_Power_23,BATSV5 BATSV5_BATSV73 A (LN/EMBA/TVA),BATESVILLE-L S POWER 230,06:55,-1.1,
12/30/2024,5701.0,471503.0,FTTXFRFTTXFR,FTTHOMP U1B2 KU1B1 (XF/WAUE/*),FT THOMPSON 345/230 KU1A,06:55,-120.79,
12/30/2024,30825.0,229670.0,Batesvil_Batesvil_115kV_FLO_Batesvil_LS_Power_23,BATSV5 BATSV5_BATSV73 A (LN/EMBA/TVA),BATESVILLE-L S POWER 230,07:00,-3.31,
12/30/2024,5701.0,471503.0,FTTXFRFTTXFR,FTTHOMP U1B2 KU1B1 (XF/WAUE/*),FT THOMPSON 345/230 KU1A,07:00,-66.4,
12/30/2024,30825.0,229670.0,Batesvil_Batesvil_115kV_FLO_Batesvil_LS_Power_23,BATSV5 BATSV5_BATSV73 A (LN/EMBA/TVA),BATESVILLE-L S POWER 230,07:05,-2.23,
12/30/2024,5701.0,471503.0,FTTXFRFTTXFR,FTTHOMP U1B2 KU1B1 (XF/WAUE/*),FT THOMPSON 345/230 KU1A,07:05,-70.39,
12/30/2024,30825.0,229670.0,Batesvil_Batesvil_115kV_FLO_Batesvil_LS_Power_23,BATSV5 BATSV5_BATSV73 A (LN/EMBA/TVA),BATESVILLE-L S POWER 230,07:10,-9.21,
12/30/2024,5701.0,471503.0,FTTXFRFTTXFR,FTTHOMP U1B2 KU1B1 (XF/WAUE/*),FT THOMPSON 345/230 KU1A,07:10,-2.17,
12/30/2024,30825.0,229670.0,Batesvil_Batesvil_115kV_FLO_Batesvil_LS_Power_23,BATSV5 BATSV5_BATSV73 A (LN/EMBA/TVA),BATESVILLE-L S POWER 230,07:15,-9.26,
12/30/2024,30825.0,229670.0,Batesvil_Batesvil_115kV_FLO_Batesvil_LS_Power_23,BATSV5 BATSV5_BATSV73 A (LN/EMBA/TVA),BATESVILLE-L S POWER 230,07:20,-8.59,
12/30/2024,5701.0,471503.0,FTTXFRFTTXFR,FTTHOMP U1B2 KU1B1 (XF/WAUE/*),FT THOMPSON 345/230 KU1A,07:20,-47.8,
12/30/2024,30825.0,229670.0,Batesvil_Batesvil_115kV_FLO_Batesvil_LS_Power_23,BATSV5 BATSV5_BATSV73 A (LN/EMBA/TVA),BATESVILLE-L S POWER 230,07:25,-6.77,
12/30/2024,5701.0,471503.0,FTTXFRFTTXFR,FTTHOMP U1B2 KU1B1 (XF/WAUE/*),FT THOMPSON 345/230 KU1A,07:25,-47.8,
12/30/2024,30825.0,229670.0,Batesvil_Batesvil_115kV_FLO_Batesvil_LS_Power_23,BATSV5 BATSV5_BATSV73 A (LN/EMBA/TVA),BATESVILLE-L S POWER 230,07:30,-6.08,
12/30/2024,5701.0,471503.0,FTTXFRFTTXFR,FTTHOMP U1B2 KU1B1 (XF/WAUE/*),FT THOMPSON 345/230 KU1A,07:30,-62.95,
12/30/2024,30825.0,229670.0,Batesvil_Batesvil_115kV_FLO_Batesvil_LS_Power_23,BATSV5 BATSV5_BATSV73 A (LN/EMBA/TVA),BATESVILLE-L S POWER 230,07:35,-5.57,
12/30/2024,5701.0,471503.0,FTTXFRFTTXFR,FTTHOMP U1B2 KU1B1 (XF/WAUE/*),FT THOMPSON 345/230 KU1A,07:35,-70.4,
12/30/2024,30825.0,229670.0,Batesvil_Batesvil_115kV_FLO_Batesvil_LS_Power_23,BATSV5 BATSV5_BATSV73 A (LN/EMBA/TVA),BATESVILLE-L S POWER 230,07:40,-7.83,
12/30/2024,5701.0,471503.0,FTTXFRFTTXFR,FTTHOMP U1B2 KU1B1 (XF/WAUE/*),FT THOMPSON 345/230 KU1A,07:40,-75.53,
12/30/2024,30825.0,229670.0,Batesvil_Batesvil_115kV_FLO_Batesvil_LS_Power_23,BATSV5 BATSV5_BATSV73 A (LN/EMBA/TVA),BATESVILLE-L S POWER 230,07:45,-6.56,
12/30/2024,5701.0,471503.0,FTTXFRFTTXFR,FTTHOMP U1B2 KU1B1 (XF/WAUE/*),FT THOMPSON 345/230 KU1A,07:45,-86.0,
12/30/2024,30825.0,229670.0,Batesvil_Batesvil_115kV_FLO_Batesvil_LS_Power_23,BATSV5 BATSV5_BATSV73 A (LN/EMBA/TVA),BATESVILLE-L S POWER 230,07:50,-7.25,
12/30/2024,5701.0,471503.0,FTTXFRFTTXFR,FTTHOMP U1B2 KU1B1 (XF/WAUE/*),FT THOMPSON 345/230 KU1A,07:50,-77.0,
12/30/2024,30825.0,229670.0,Batesvil_Batesvil_115kV_FLO_Batesvil_LS_Power_23,BATSV5 BATSV5_BATSV73 A (LN/EMBA/TVA),BATESVILLE-L S POWER 230,07:55,-5.23,
12/30/2024,5701.0,471503.0,FTTXFRFTTXFR,FTTHOMP U1B2 KU1B1 (XF/WAUE/*),FT THOMPSON 345/230 KU1A,07:55,-78.54,
12/30/2024,30825.0,229670.0,Batesvil_Batesvil_115kV_FLO_Batesvil_LS_Power_23,BATSV5 BATSV5_BATSV73 A (LN/EMBA/TVA),BATESVILLE-L S POWER 230,08:00,-8.14,
12/30/2024,5701.0,471503.0,FTTXFRFTTXFR,FTTHOMP U1B2 KU1B1 (XF/WAUE/*),FT THOMPSON 345/230 KU1A,08:00,-81.09,
12/30/2024,30825.0,229670.0,Batesvil_Batesvil_115kV_FLO_Batesvil_LS_Power_23,BATSV5 BATSV5_BATSV73 A (LN/EMBA/TVA),BATESVILLE-L S POWER 230,08:05,-8.07,
12/30/2024,5701.0,471503.0,FTTXFRFTTXFR,FTTHOMP U1B2 KU1B1 (XF/WAUE/*),FT THOMPSON 345/230 KU1A,08:05,-81.23,
12/30/2024,30825.0,229670.0,Batesvil_Batesvil_115kV_FLO_Batesvil_LS_Power_23,BATSV5 BATSV5_BATSV73 A (LN/EMBA/TVA),BATESVILLE-L S POWER 230,08:10,-10.64,
12/30/2024,5701.0,471503.0,FTTXFRFTTXFR,FTTHOMP U1B2 KU1B1 (XF/WAUE/*),FT THOMPSON 345/230 KU1A,08:10,-96.9,
12/30/2024,30825.0,229670.0,Batesvil_Batesvil_115kV_FLO_Batesvil_LS_Power_23,BATSV5 BATSV5_BATSV73 A (LN/EMBA/TVA),BATESVILLE-L S POWER 230,08:15,-10.57,
12/30/2024,5701.0,471503.0,FTTXFRFTTXFR,FTTHOMP U1B2 KU1B1 (XF/WAUE/*),FT THOMPSON 345/230 KU1A,08:15,-97.4,
12/30/2024,30825.0,229670.0,Batesvil_Batesvil_115kV_FLO_Batesvil_LS_Power_23,BATSV5 BATSV5_BATSV73 A (LN/EMBA/TVA),BATESVILLE-L S POWER 230,08:20,-8.700000000000001,
12/30/2024,5701.0,471503.0,FTTXFRFTTXFR,FTTHOMP U1B2 KU1B1 (XF/WAUE/*),FT THOMPSON 345/230 KU1A,08:20,-95.3,
12/30/2024,30825.0,229670.0,Batesvil_Batesvil_115kV_FLO_Batesvil_LS_Power_23,BATSV5 BATSV5_BATSV73 A (LN/EMBA/TVA),BATESVILLE-L S POWER 230,08:25,-9.19,
12/30/2024,5701.0,471503.0,FTTXFRFTTXFR,FTTHOMP U1B2 KU1B1 (XF/WAUE/*),FT THOMPSON 345/230 KU1A,08:25,-63.77,
12/30/2024,30825.0,229670.0,Batesvil_Batesvil_115kV_FLO_Batesvil_LS_Power_23,BATSV5 BATSV5_BATSV73 A (LN/EMBA/TVA),BATESVILLE-L S POWER 230,08:30,-9.16,
12/30/2024,5701.0,471503.0,FTTXFRFTTXFR,FTTHOMP U1B2 KU1B1 (XF/WAUE/*),FT THOMPSON 345/230 KU1A,08:30,-63.77,
12/30/2024,30825.0,229670.0,Batesvil_Batesvil_115kV_FLO_Batesvil_LS_Power_23,BATSV5 BATSV5_BATSV73 A (LN/EMBA/TVA),BATESVILLE-L S POWER 230,08:35,-6.27,
12/30/2024,5701.0,471503.0,FTTXFRFTTXFR,FTTHOMP U1B2 KU1B1 (XF/WAUE/*),FT THOMPSON 345/230 KU1A,08:35,-91.3,
12/30/2024,30825.0,229670.0,Batesvil_Batesvil_115kV_FLO_Batesvil_LS_Power_23,BATSV5 BATSV5_BATSV73 A (LN/EMBA/TVA),BATESVILLE-L S POWER 230,08:40,-6.21,
12/30/2024,5701.0,471503.0,FTTXFRFTTXFR,FTTHOMP U1B2 KU1B1 (XF/WAUE/*),FT THOMPSON 345/230 KU1A,08:40,-95.35,
12/30/2024,30825.0,229670.0,Batesvil_Batesvil_115kV_FLO_Batesvil_LS_Power_23,BATSV5 BATSV5_BATSV73 A (LN/EMBA/TVA),BATESVILLE-L S POWER 230,08:45,-6.66,
12/30/2024,5701.0,471503.0,FTTXFRFTTXFR,FTTHOMP U1B2 KU1B1 (XF/WAUE/*),FT THOMPSON 345/230 KU1A,08:45,-66.5,
12/30/2024,30825.0,229670.0,Batesvil_Batesvil_115kV_FLO_Batesvil_LS_Power_23,BATSV5 BATSV5_BATSV73 A (LN/EMBA/TVA),BATESVILLE-L S POWER 230,08:50,-7.05,
12/30/2024,5701.0,471503.0,FTTXFRFTTXFR,FTTHOMP U1B2 KU1B1 (XF/WAUE/*),FT THOMPSON 345/230 KU1A,08:50,-64.15,
12/30/2024,30825.0,229670.0,Batesvil_Batesvil_115kV_FLO_Batesvil_LS_Power_23,BATSV5 BATSV5_BATSV73 A (LN/EMBA/TVA),BATESVILLE-L S POWER 230,08:55,-7.72,
12/30/2024,5701.0,471503.0,FTTXFRFTTXFR,FTTHOMP U1B2 KU1B1 (XF/WAUE/*),FT THOMPSON 345/230 KU1A,08:55,-65.22,
12/30/2024,5701.0,471503.0,FTTXFRFTTXFR,FTTHOMP U1B2 KU1B1 (XF/WAUE/*),FT THOMPSON 345/230 KU1A,09:00,-65.75,
12/30/2024,5701.0,471503.0,FTTXFRFTTXFR,FTTHOMP U1B2 KU1B1 (XF/WAUE/*),FT THOMPSON 345/230 KU1A,09:05,-57.65,
12/30/2024,5701.0,471503.0,FTTXFRFTTXFR,FTTHOMP U1B2 KU1B1 (XF/WAUE/*),FT THOMPSON 345/230 KU1A,09:10,-53.4,
12/30/2024,,434059.0,EESOC11_MARIONSE_ANGIE_MARION6_1,MARIONSE ANGIE_MARION6 1 (LN/SOCO/EES),MCKNIGHT - DANIEL 500,09:15,-18.0,
12/30/2024,5701.0,471503.0,FTTXFRFTTXFR,FTTHOMP U1B2 KU1B1 (XF/WAUE/*),FT THOMPSON 345/230 KU1A,09:15,-52.94,
12/30/2024,30825.0,229670.0,Batesvil_Batesvil_115kV_FLO_Batesvil_LS_Power_23,BATSV5 BATSV5_BATSV73 A (LN/EMBA/TVA),BATESVILLE-L S POWER 230,09:20,-7.73,
12/30/2024,,434059.0,EESOC11_MARIONSE_ANGIE_MARION6_1,MARIONSE ANGIE_MARION6 1 (LN/SOCO/EES),MCKNIGHT - DANIEL 500,09:20,-26.3,
12/30/2024,5701.0,471503.0,FTTXFRFTTXFR,FTTHOMP U1B2 KU1B1 (XF/WAUE/*),FT THOMPSON 345/230 KU1A,09:20,-56.73,
12/30/2024,30825.0,229670.0,Batesvil_Batesvil_115kV_FLO_Batesvil_LS_Power_23,BATSV5 BATSV5_BATSV73 A (LN/EMBA/TVA),BATESVILLE-L S POWER 230,09:25,-7.99,
12/30/2024,,434059.0,EESOC11_MARIONSE_ANGIE_MARION6_1,MARIONSE ANGIE_MARION6 1 (LN/SOCO/EES),MCKNIGHT - DANIEL 500,09:25,-12.41,
12/30/2024,5701.0,471503.0,FTTXFRFTTXFR,FTTHOMP U1B2 KU1B1 (XF/WAUE/*),FT THOMPSON 345/230 KU1A,09:25,-54.55,
12/30/2024,30825.0,229670.0,Batesvil_Batesvil_115kV_FLO_Batesvil_LS_Power_23,BATSV5 BATSV5_BATSV73 A (LN/EMBA/TVA),BATESVILLE-L S POWER 230,09:30,-6.62,
12/30/2024,,434059.0,EESOC11_MARIONSE_ANGIE_MARION6_1,MARIONSE ANGIE_MARION6 1 (LN/SOCO/EES),MCKNIGHT - DANIEL 500,09:30,-2.37,
12/30/2024,5701.0,471503.0,FTTXFRFTTXFR,FTTHOMP U1B2 KU1B1 (XF/WAUE/*),FT THOMPSON 345/230 KU1A,09:30,-84.7,
12/30/2024,30825.0,229670.0,Batesvil_Batesvil_115kV_FLO_Batesvil_LS_Power_23,BATSV5 BATSV5_BATSV73 A (LN/EMBA/TVA),BATESVILLE-L S POWER 230,09:35,-7.9,
12/30/2024,5701.0,471503.0,FTTXFRFTTXFR,FTTHOMP U1B2 KU1B1 (XF/WAUE/*),FT THOMPSON 345/230 KU1A,09:35,-98.8,
12/30/2024,30825.0,229670.0,Batesvil_Batesvil_115kV_FLO_Batesvil_LS_Power_23,BATSV5 BATSV5_BATSV73 A (LN/EMBA/TVA),BATESVILLE-L S POWER 230,09:40,-6.43,
12/30/2024,5701.0,471503.0,FTTXFRFTTXFR,FTTHOMP U1B2 KU1B1 (XF/WAUE/*),FT THOMPSON 345/230 KU1A,09:40,-97.84,
12/30/2024,30825.0,229670.0,Batesvil_Batesvil_115kV_FLO_Batesvil_LS_Power_23,BATSV5 BATSV5_BATSV73 A (LN/EMBA/TVA),BATESVILLE-L S POWER 230,09:45,-7.31,
12/30/2024,,434059.0,EESOC11_MARIONSE_ANGIE_MARION6_1,MARIONSE ANGIE_MARION6 1 (LN/SOCO/EES),MCKNIGHT - DANIEL 500,09:45,-10.47,
12/30/2024,5701.0,471503.0,FTTXFRFTTXFR,FTTHOMP U1B2 KU1B1 (XF/WAUE/*),FT THOMPSON 345/230 KU1A,09:45,-65.37,
12/30/2024,30825.0,229670.0,Batesvil_Batesvil_115kV_FLO_Batesvil_LS_Power_23,BATSV5 BATSV5_BATSV73 A (LN/EMBA/TVA),BATESVILLE-L S POWER 230,09:50,-7.23,
12/30/2024,5701.0,471503.0,FTTXFRFTTXFR,FTTHOMP U1B2 KU1B1 (XF/WAUE/*),FT THOMPSON 345/230 KU1A,09:50,-64.97,
12/30/2024,30825.0,229670.0,Batesvil_Batesvil_115kV_FLO_Batesvil_LS_Power_23,BATSV5 BATSV5_BATSV73 A (LN/EMBA/TVA),BATESVILLE-L S POWER 230,09:55,-7.02,
12/30/2024,5701.0,471503.0,FTTXFRFTTXFR,FTTHOMP U1B2 KU1B1 (XF/WAUE/*),FT THOMPSON 345/230 KU1A,09:55,-64.66,
12/30/2024,30825.0,229670.0,Batesvil_Batesvil_115kV_FLO_Batesvil_LS_Power_23,BATSV5 BATSV5_BATSV73 A (LN/EMBA/TVA),BATESVILLE-L S POWER 230,10:00,-8.8,
12/30/2024,,434059.0,EESOC11_MARIONSE_ANGIE_MARION6_1,MARIONSE ANGIE_MARION6 1 (LN/SOCO/EES),MCKNIGHT - DANIEL 500,10:00,-20.3,
12/30/2024,5701.0,471503.0,FTTXFRFTTXFR,FTTHOMP U1B2 KU1B1 (XF/WAUE/*),FT THOMPSON 345/230 KU1A,10:00,-65.42,
12/30/2024,30825.0,229670.0,Batesvil_Batesvil_115kV_FLO_Batesvil_LS_Power_23,BATSV5 BATSV5_BATSV73 A (LN/EMBA/TVA),BATESVILLE-L S POWER 230,10:05,-8.82,
12/30/2024,,434059.0,EESOC11_MARIONSE_ANGIE_MARION6_1,MARIONSE ANGIE_MARION6 1 (LN/SOCO/EES),MCKNIGHT - DANIEL 500,10:05,-17.07,
12/30/2024,5701.0,471503.0,FTTXFRFTTXFR,FTTHOMP U1B2 KU1B1 (XF/WAUE/*),FT THOMPSON 345/230 KU1A,10:05,-65.85,
12/30/2024,30825.0,229670.0,Batesvil_Batesvil_115kV_FLO_Batesvil_LS_Power_23,BATSV5 BATSV5_BATSV73 A (LN/EMBA/TVA),BATESVILLE-L S POWER 230,10:10,-7.69,
12/30/2024,,434059.0,EESOC11_MARIONSE_ANGIE_MARION6_1,MARIONSE ANGIE_MARION6 1 (LN/SOCO/EES),MCKNIGHT - DANIEL 500,10:10,-22.09,
12/30/2024,5701.0,471503.0,FTTXFRFTTXFR,FTTHOMP U1B2 KU1B1 (XF/WAUE/*),FT THOMPSON 345/230 KU1A,10:10,-66.47,
12/30/2024,30825.0,229670.0,Batesvil_Batesvil_115kV_FLO_Batesvil_LS_Power_23,BATSV5 BATSV5_BATSV73 A (LN/EMBA/TVA),BATESVILLE-L S POWER 230,10:15,-7.09,
12/30/2024,,434059.0,EESOC11_MARIONSE_ANGIE_MARION6_1,MARIONSE ANGIE_MARION6 1 (LN/SOCO/EES),MCKNIGHT - DANIEL 500,10:15,-9.16,
12/30/2024,5701.0,471503.0,FTTXFRFTTXFR,FTTHOMP U1B2 KU1B1 (XF/WAUE/*),FT THOMPSON 345/230 KU1A,10:15,-66.53,
12/30/2024,30825.0,229670.0,Batesvil_Batesvil_115kV_FLO_Batesvil_LS_Power_23,BATSV5 BATSV5_BATSV73 A (LN/EMBA/TVA),BATESVILLE-L S POWER 230,10:20,-6.95,
12/30/2024,,434059.0,EESOC11_MARIONSE_ANGIE_MARION6_1,MARIONSE ANGIE_MARION6 1 (LN/SOCO/EES),MCKNIGHT - DANIEL 500,10:20,-25.35,
12/30/2024,5701.0,471503.0,FTTXFRFTTXFR,FTTHOMP U1B2 KU1B1 (XF/WAUE/*),FT THOMPSON 345/230 KU1A,10:20,-68.25,
12/30/2024,30825.0,229670.0,Batesvil_Batesvil_115kV_FLO_Batesvil_LS_Power_23,BATSV5 BATSV5_BATSV73 A (LN/EMBA/TVA),BATESVILLE-L S POWER 230,10:25,-5.22,
12/30/2024,,434059.0,EESOC11_MARIONSE_ANGIE_MARION6_1,MARIONSE ANGIE_MARION6 1 (LN/SOCO/EES),MCKNIGHT - DANIEL 500,10:25,-32.45,
12/30/2024,5701.0,471503.0,FTTXFRFTTXFR,FTTHOMP U1B2 KU1B1 (XF/WAUE/*),FT THOMPSON 345/230 KU1A,10:25,-68.7,
12/30/2024,30825.0,229670.0,Batesvil_Batesvil_115kV_FLO_Batesvil_LS_Power_23,BATSV5 BATSV5_BATSV73 A (LN/EMBA/TVA),BATESVILLE-L S POWER 230,10:30,-1.45,
12/30/2024,,434059.0,EESOC11_MARIONSE_ANGIE_MARION6_1,MARIONSE ANGIE_MARION6 1 (LN/SOCO/EES),MCKNIGHT - DANIEL 500,10:30,-11.69,
12/30/2024,5701.0,471503.0,FTTXFRFTTXFR,FTTHOMP U1B2 KU1B1 (XF/WAUE/*),FT THOMPSON 345/230 KU1A,10:30,-69.60000000000001,
12/30/2024,30825.0,229670.0,Batesvil_Batesvil_115kV_FLO_Batesvil_LS_Power_23,BATSV5 BATSV5_BATSV73 A (LN/EMBA/TVA),BATESVILLE-L S POWER 230,10:35,-3.43,
12/30/2024,,434059.0,EESOC11_MARIONSE_ANGIE_MARION6_1,MARIONSE ANGIE_MARION6 1 (LN/SOCO/EES),MCKNIGHT - DANIEL 500,10:35,-20.150000000000002,
12/30/2024,5701.0,471503.0,FTTXFRFTTXFR,FTTHOMP U1B2 KU1B1 (XF/WAUE/*),FT THOMPSON 345/230 KU1A,10:35,-73.14,
12/30/2024,30825.0,229670.0,Batesvil_Batesvil_115kV_FLO_Batesvil_LS_Power_23,BATSV5 BATSV5_BATSV73 A (LN/EMBA/TVA),BATESVILLE-L S POWER 230,10:40,-3.89,
12/30/2024,,434059.0,EESOC11_MARIONSE_ANGIE_MARION6_1,MARIONSE ANGIE_MARION6 1 (LN/SOCO/EES),MCKNIGHT - DANIEL 500,10:40,-17.86,
12/30/2024,5701.0,471503.0,FTTXFRFTTXFR,FTTHOMP U1B2 KU1B1 (XF/WAUE/*),FT THOMPSON 345/230 KU1A,10:40,-74.91,
12/30/2024,30825.0,229670.0,Batesvil_Batesvil_115kV_FLO_Batesvil_LS_Power_23,BATSV5 BATSV5_BATSV73 A (LN/EMBA/TVA),BATESVILLE-L S POWER 230,10:45,-4.5,
12/30/2024,,434059.0,EESOC11_MARIONSE_ANGIE_MARION6_1,MARIONSE ANGIE_MARION6 1 (LN/SOCO/EES),MCKNIGHT - DANIEL 500,10:45,-14.65,
12/30/2024,5701.0,471503.0,FTTXFRFTTXFR,FTTHOMP U1B2 KU1B1 (XF/WAUE/*),FT THOMPSON 345/230 KU1A,10:45,-75.83,
12/30/2024,30825.0,229670.0,Batesvil_Batesvil_115kV_FLO_Batesvil_LS_Power_23,BATSV5 BATSV5_BATSV73 A (LN/EMBA/TVA),BATESVILLE-L S POWER 230,10:50,-4.6000000000000005,
12/30/2024,5701.0,471503.0,FTTXFRFTTXFR,FTTHOMP U1B2 KU1B1 (XF/WAUE/*),FT THOMPSON 345/230 KU1A,10:50,-77.7,
12/30/2024,30825.0,229670.0,Batesvil_Batesvil_115kV_FLO_Batesvil_LS_Power_23,BATSV5 BATSV5_BATSV73 A (LN/EMBA/TVA),BATESVILLE-L S POWER 230,10:55,-5.42,
12/30/2024,,434059.0,EESOC11_MARIONSE_ANGIE_MARION6_1,MARIONSE ANGIE_MARION6 1 (LN/SOCO/EES),MCKNIGHT - DANIEL 500,10:55,-9.59,
12/30/2024,5701.0,471503.0,FTTXFRFTTXFR,FTTHOMP U1B2 KU1B1 (XF/WAUE/*),FT THOMPSON 345/230 KU1A,10:55,-81.28,
12/30/2024,30825.0,229670.0,Batesvil_Batesvil_115kV_FLO_Batesvil_LS_Power_23,BATSV5 BATSV5_BATSV73 A (LN/EMBA/TVA),BATESVILLE-L S POWER 230,11:00,-5.58,
12/30/2024,,434059.0,EESOC11_MARIONSE_ANGIE_MARION6_1,MARIONSE ANGIE_MARION6 1 (LN/SOCO/EES),MCKNIGHT - DANIEL 500,11:00,-0.44,
12/30/2024,5701.0,471503.0,FTTXFRFTTXFR,FTTHOMP U1B2 KU1B1 (XF/WAUE/*),FT THOMPSON 345/230 KU1A,11:00,-83.83,
12/30/2024,30825.0,229670.0,Batesvil_Batesvil_115kV_FLO_Batesvil_LS_Power_23,BATSV5 BATSV5_BATSV73 A (LN/EMBA/TVA),BATESVILLE-L S POWER 230,11:05,-5.18,
12/30/2024,,434059.0,EESOC11_MARIONSE_ANGIE_MARION6_1,MARIONSE ANGIE_MARION6 1 (LN/SOCO/EES),MCKNIGHT - DANIEL 500,11:05,-10.51,
12/30/2024,5701.0,471503.0,FTTXFRFTTXFR,FTTHOMP U1B2 KU1B1 (XF/WAUE/*),FT THOMPSON 345/230 KU1A,11:05,-77.8,
12/30/2024,30825.0,229670.0,Batesvil_Batesvil_115kV_FLO_Batesvil_LS_Power_23,BATSV5 BATSV5_BATSV73 A (LN/EMBA/TVA),BATESVILLE-L S POWER 230,11:10,-5.21,
12/30/2024,,434059.0,EESOC11_MARIONSE_ANGIE_MARION6_1,MARIONSE ANGIE_MARION6 1 (LN/SOCO/EES),MCKNIGHT - DANIEL 500,11:10,-10.17,
12/30/2024,5701.0,471503.0,FTTXFRFTTXFR,FTTHOMP U1B2 KU1B1 (XF/WAUE/*),FT THOMPSON 345/230 KU1A,11:10,-72.51,
12/30/2024,30825.0,229670.0,Batesvil_Batesvil_115kV_FLO_Batesvil_LS_Power_23,BATSV5 BATSV5_BATSV73 A (LN/EMBA/TVA),BATESVILLE-L S POWER 230,11:15,-4.67,
12/30/2024,,434059.0,EESOC11_MARIONSE_ANGIE_MARION6_1,MARIONSE ANGIE_MARION6 1 (LN/SOCO/EES),MCKNIGHT - DANIEL 500,11:15,-24.8,
12/30/2024,5701.0,471503.0,FTTXFRFTTXFR,FTTHOMP U1B2 KU1B1 (XF/WAUE/*),FT THOMPSON 345/230 KU1A,11:15,-73.05,
12/30/2024,30825.0,229670.0,Batesvil_Batesvil_115kV_FLO_Batesvil_LS_Power_23,BATSV5 BATSV5_BATSV73 A (LN/EMBA/TVA),BATESVILLE-L S POWER 230,11:20,-3.76,
12/30/2024,,434059.0,EESOC11_MARIONSE_ANGIE_MARION6_1,MARIONSE ANGIE_MARION6 1 (LN/SOCO/EES),MCKNIGHT - DANIEL 500,11:20,-18.16,
12/30/2024,5701.0,471503.0,FTTXFRFTTXFR,FTTHOMP U1B2 KU1B1 (XF/WAUE/*),FT THOMPSON 345/230 KU1A,11:20,-77.41,
12/30/2024,30825.0,229670.0,Batesvil_Batesvil_115kV_FLO_Batesvil_LS_Power_23,BATSV5 BATSV5_BATSV73 A (LN/EMBA/TVA),BATESVILLE-L S POWER 230,11:25,-4.6000000000000005,
12/30/2024,,434059.0,EESOC11_MARIONSE_ANGIE_MARION6_1,MARIONSE ANGIE_MARION6 1 (LN/SOCO/EES),MCKNIGHT - DANIEL 500,11:25,-13.47,
12/30/2024,5701.0,471503.0,FTTXFRFTTXFR,FTTHOMP U1B2 KU1B1 (XF/WAUE/*),FT THOMPSON 345/230 KU1A,11:25,-78.29,
12/30/2024,30825.0,229670.0,Batesvil_Batesvil_115kV_FLO_Batesvil_LS_Power_23,BATSV5 BATSV5_BATSV73 A (LN/EMBA/TVA),BATESVILLE-L S POWER 230,11:30,-2.5300000000000002,
12/30/2024,5701.0,471503.0,FTTXFRFTTXFR,FTTHOMP U1B2 KU1B1 (XF/WAUE/*),FT THOMPSON 345/230 KU1A,11:30,-78.08,
12/30/2024,30825.0,229670.0,Batesvil_Batesvil_115kV_FLO_Batesvil_LS_Power_23,BATSV5 BATSV5_BATSV73 A (LN/EMBA/TVA),BATESVILLE-L S POWER 230,11:35,-4.23,
12/30/2024,5701.0,471503.0,FTTXFRFTTXFR,FTTHOMP U1B2 KU1B1 (XF/WAUE/*),FT THOMPSON 345/230 KU1A,11:35,-75.98,
12/30/2024,30825.0,229670.0,Batesvil_Batesvil_115kV_FLO_Batesvil_LS_Power_23,BATSV5 BATSV5_BATSV73 A (LN/EMBA/TVA),BATESVILLE-L S POWER 230,11:40,-3.97,
12/30/2024,5701.0,471503.0,FTTXFRFTTXFR,FTTHOMP U1B2 KU1B1 (XF/WAUE/*),FT THOMPSON 345/230 KU1A,11:40,-77.54,
12/30/2024,30825.0,229670.0,Batesvil_Batesvil_115kV_FLO_Batesvil_LS_Power_23,BATSV5 BATSV5_BATSV73 A (LN/EMBA/TVA),BATESVILLE-L S POWER 230,11:45,-4.54,
12/30/2024,5701.0,471503.0,FTTXFRFTTXFR,FTTHOMP U1B2 KU1B1 (XF/WAUE/*),FT THOMPSON 345/230 KU1A,11:45,-76.58,
12/30/2024,30825.0,229670.0,Batesvil_Batesvil_115kV_FLO_Batesvil_LS_Power_23,BATSV5 BATSV5_BATSV73 A (LN/EMBA/TVA),BATESVILLE-L S POWER 230,11:50,-2.39,
12/30/2024,5701.0,471503.0,FTTXFRFTTXFR,FTTHOMP U1B2 KU1B1 (XF/WAUE/*),FT THOMPSON 345/230 KU1A,11:50,-78.57000000000001,
12/30/2024,30825.0,229670.0,Batesvil_Batesvil_115kV_FLO_Batesvil_LS_Power_23,BATSV5 BATSV5_BATSV73 A (LN/EMBA/TVA),BATESVILLE-L S POWER 230,11:55,-1.36,
12/30/2024,,434059.0,EESOC11_MARIONSE_ANGIE_MARION6_1,MARIONSE ANGIE_MARION6 1 (LN/SOCO/EES),MCKNIGHT - DANIEL 500,11:55,-7.58,
12/30/2024,5701.0,471503.0,FTTXFRFTTXFR,FTTHOMP U1B2 KU1B1 (XF/WAUE/*),FT THOMPSON 345/230 KU1A,11:55,-80.0,
12/30/2024,,434059.0,EESOC11_MARIONSE_ANGIE_MARION6_1,MARIONSE ANGIE_MARION6 1 (LN/SOCO/EES),MCKNIGHT - DANIEL 500,12:00,-6.14,
12/30/2024,5701.0,471503.0,FTTXFRFTTXFR,FTTHOMP U1B2 KU1B1 (XF/WAUE/*),FT THOMPSON 345/230 KU1A,12:00,-79.75,
12/30/2024,30825.0,229670.0,Batesvil_Batesvil_115kV_FLO_Batesvil_LS_Power_23,BATSV5 BATSV5_BATSV73 A (LN/EMBA/TVA),BATESVILLE-L S POWER 230,12:05,-0.88,
12/30/2024,,434059.0,EESOC11_MARIONSE_ANGIE_MARION6_1,MARIONSE ANGIE_MARION6 1 (LN/SOCO/EES),MCKNIGHT - DANIEL 500,12:05,-6.41,
12/30/2024,5701.0,471503.0,FTTXFRFTTXFR,FTTHOMP U1B2 KU1B1 (XF/WAUE/*),FT THOMPSON 345/230 KU1A,12:05,-79.17,
12/30/2024,30825.0,229670.0,Batesvil_Batesvil_115kV_FLO_Batesvil_LS_Power_23,BATSV5 BATSV5_BATSV73 A (LN/EMBA/TVA),BATESVILLE-L S POWER 230,12:10,-1.3,
12/30/2024,,434059.0,EESOC11_MARIONSE_ANGIE_MARION6_1,MARIONSE ANGIE_MARION6 1 (LN/SOCO/EES),MCKNIGHT - DANIEL 500,12:10,-6.75,
12/30/2024,5701.0,471503.0,FTTXFRFTTXFR,FTTHOMP U1B2 KU1B1 (XF/WAUE/*),FT THOMPSON 345/230 KU1A,12:10,-77.85000000000001,
12/30/2024,30825.0,229670.0,Batesvil_Batesvil_115kV_FLO_Batesvil_LS_Power_23,BATSV5 BATSV5_BATSV73 A (LN/EMBA/TVA),BATESVILLE-L S POWER 230,12:15,-0.78,
12/30/2024,,434059.0,EESOC11_MARIONSE_ANGIE_MARION6_1,MARIONSE ANGIE_MARION6 1 (LN/SOCO/EES),MCKNIGHT - DANIEL 500,12:15,-3.25,
12/30/2024,5701.0,471503.0,FTTXFRFTTXFR,FTTHOMP U1B2 KU1B1 (XF/WAUE/*),FT THOMPSON 345/230 KU1A,12:15,-77.82000000000001,
12/30/2024,30825.0,229670.0,Batesvil_Batesvil_115kV_FLO_Batesvil_LS_Power_23,BATSV5 BATSV5_BATSV73 A (LN/EMBA/TVA),BATESVILLE-L S POWER 230,12:20,-5.21,
12/30/2024,30825.0,229670.0,Batesvil_Batesvil_115kV_FLO_Batesvil_LS_Power_23,BATSV5 BATSV5_BATSV73 A (LN/EMBA/TVA),BATESVILLE-L S POWER 230,12:25,-5.69,
12/30/2024,30825.0,229670.0,Batesvil_Batesvil_115kV_FLO_Batesvil_LS_Power_23,BATSV5 BATSV5_BATSV73 A (LN/EMBA/TVA),BATESVILLE-L S POWER 230,12:30,-4.22,
12/30/2024,30825.0,229670.0,Batesvil_Batesvil_115kV_FLO_Batesvil_LS_Power_23,BATSV5 BATSV5_BATSV73 A (LN/EMBA/TVA),BATESVILLE-L S POWER 230,12:35,-3.84,
12/30/2024,29254.0,438951.0,TMP781_Pittsburg_Semino_345_kV_FTLO_Canadian_Riv,SEMINOLE SEMINOLE A (LN/OKGE/CSWS),PITTSBURG-CANADIAN RIVER 345,13:35,-33.85,
12/30/2024,30825.0,229670.0,Batesvil_Batesvil_115kV_FLO_Batesvil_LS_Power_23,BATSV5 BATSV5_BATSV73 A (LN/EMBA/TVA),BATESVILLE-L S POWER 230,14:05,-4.15,
12/30/2024,30334.0,465131.0,TMP854_Maryvil_Braddyvil_161kV_ftlo_North_Boro_O,MRYVL_SJ MRYVLBRADD16_1 1 (LN/MPS/MEC),ORENTDRT - NORTHBORO 345,14:40,-915.4,
12/30/2024,,434059.0,EESOC11_MARIONSE_ANGIE_MARION6_1,MARIONSE ANGIE_MARION6 1 (LN/SOCO/EES),MCKNIGHT - DANIEL 500,15:20,-1.0,
12/30/2024,,434059.0,EESOC11_MARIONSE_ANGIE_MARION6_1,MARIONSE ANGIE_MARION6 1 (LN/SOCO/EES),MCKNIGHT - DANIEL 500,15:25,-11.04,
12/30/2024,29541.0,361837.0,ADAMS_CRESTON_161_FLO_CLARINDA_HASTING_161,CRESTON CRESTADAMS16_1 1 (LN/WAUE/MEC),CLARINDA-HASTING 161,16:00,-97.86,
12/30/2024,29541.0,361837.0,ADAMS_CRESTON_161_FLO_CLARINDA_HASTING_161,CRESTON CRESTADAMS16_1 1 (LN/WAUE/MEC),CLARINDA-HASTING 161,16:05,-100.09,
12/30/2024,29541.0,361837.0,ADAMS_CRESTON_161_FLO_CLARINDA_HASTING_161,CRESTON CRESTADAMS16_1 1 (LN/WAUE/MEC),CLARINDA-HASTING 161,16:10,-98.94,
12/30/2024,28668.0,326018.0,TMP221_Belfeld_230_345_KU2A_FTLO_Belfeld_345_230,BELFELD U2A2 KU2A2 (XF/WAUE/*),BELFIELD 345/230 KU1A,16:10,-61.7,
12/30/2024,29541.0,361837.0,ADAMS_CRESTON_161_FLO_CLARINDA_HASTING_161,CRESTON CRESTADAMS16_1 1 (LN/WAUE/MEC),CLARINDA-HASTING 161,16:15,-102.61,
12/30/2024,,466012.0,EA50001_WMPEHV_AT1_AT1,WMPEHV AT1 AT1 (XF/EAI/*),DRIVER - SANBYU 500,16:15,-53.45,
12/30/2024,28668.0,326018.0,TMP221_Belfeld_230_345_KU2A_FTLO_Belfeld_345_230,BELFELD U2A2 KU2A2 (XF/WAUE/*),BELFIELD 345/230 KU1A,16:15,-58.7,
12/30/2024,29541.0,361837.0,ADAMS_CRESTON_161_FLO_CLARINDA_HASTING_161,CRESTON CRESTADAMS16_1 1 (LN/WAUE/MEC),CLARINDA-HASTING 161,16:20,-103.92,
12/30/2024,,466012.0,EA50001_WMPEHV_AT1_AT1,WMPEHV AT1 AT1 (XF/EAI/*),DRIVER - SANBYU 500,16:20,-44.08,
12/30/2024,28668.0,326018.0,TMP221_Belfeld_230_345_KU2A_FTLO_Belfeld_345_230,BELFELD U2A2 KU2A2 (XF/WAUE/*),BELFIELD 345/230 KU1A,16:20,-29.98,
12/30/2024,29541.0,361837.0,ADAMS_CRESTON_161_FLO_CLARINDA_HASTING_161,CRESTON CRESTADAMS16_1 1 (LN/WAUE/MEC),CLARINDA-HASTING 161,16:25,-101.74,
12/30/2024,,466012.0,EA50001_WMPEHV_AT1_AT1,WMPEHV AT1 AT1 (XF/EAI/*),DRIVER - SANBYU 500,16:25,-41.73,
12/30/2024,28668.0,326018.0,TMP221_Belfeld_230_345_KU2A_FTLO_Belfeld_345_230,BELFELD U2A2 KU2A2 (XF/WAUE/*),BELFIELD 345/230 KU1A,16:25,-62.7,
12/30/2024,29541.0,361837.0,ADAMS_CRESTON_161_FLO_CLARINDA_HASTING_161,CRESTON CRESTADAMS16_1 1 (LN/WAUE/MEC),CLARINDA-HASTING 161,16:30,-100.55,
12/30/2024,28668.0,326018.0,TMP221_Belfeld_230_345_KU2A_FTLO_Belfeld_345_230,BELFELD U2A2 KU2A2 (XF/WAUE/*),BELFIELD 345/230 KU1A,16:30,-78.60000000000001,
12/30/2024,29541.0,361837.0,ADAMS_CRESTON_161_FLO_CLARINDA_HASTING_161,CRESTON CRESTADAMS16_1 1 (LN/WAUE/MEC),CLARINDA-HASTING 161,16:35,-100.34,
12/30/2024,28668.0,326018.0,TMP221_Belfeld_230_345_KU2A_FTLO_Belfeld_345_230,BELFELD U2A2 KU2A2 (XF/WAUE/*),BELFIELD 345/230 KU1A,16:35,-82.77,
12/30/2024,29541.0,361837.0,ADAMS_CRESTON_161_FLO_CLARINDA_HASTING_161,CRESTON CRESTADAMS16_1 1 (LN/WAUE/MEC),CLARINDA-HASTING 161,16:40,-101.59,
12/30/2024,28668.0,326018.0,TMP221_Belfeld_230_345_KU2A_FTLO_Belfeld_345_230,BELFELD U2A2 KU2A2 (XF/WAUE/*),BELFIELD 345/230 KU1A,16:40,-84.4,
12/30/2024,29541.0,361837.0,ADAMS_CRESTON_161_FLO_CLARINDA_HASTING_161,CRESTON CRESTADAMS16_1 1 (LN/WAUE/MEC),CLARINDA-HASTING 161,16:45,-99.46,
12/30/2024,28668.0,326018.0,TMP221_Belfeld_230_345_KU2A_FTLO_Belfeld_345_230,BELFELD U2A2 KU2A2 (XF/WAUE/*),BELFIELD 345/230 KU1A,16:45,-85.28,
12/30/2024,29541.0,361837.0,ADAMS_CRESTON_161_FLO_CLARINDA_HASTING_161,CRESTON CRESTADAMS16_1 1 (LN/WAUE/MEC),CLARINDA-HASTING 161,16:50,-99.3,
12/30/2024,28668.0,326018.0,TMP221_Belfeld_230_345_KU2A_FTLO_Belfeld_345_230,BELFELD U2A2 KU2A2 (XF/WAUE/*),BELFIELD 345/230 KU1A,16:50,-85.05,
12/30/2024,29541.0,361837.0,ADAMS_CRESTON_161_FLO_CLARINDA_HASTING_161,CRESTON CRESTADAMS16_1 1 (LN/WAUE/MEC),CLARINDA-HASTING 161,16:55,-99.44,
12/30/2024,28668.0,326018.0,TMP221_Belfeld_230_345_KU2A_FTLO_Belfeld_345_230,BELFELD U2A2 KU2A2 (XF/WAUE/*),BELFIELD 345/230 KU1A,16:55,-50.47,
12/30/2024,29541.0,361837.0,ADAMS_CRESTON_161_FLO_CLARINDA_HASTING_161,CRESTON CRESTADAMS16_1 1 (LN/WAUE/MEC),CLARINDA-HASTING 161,17:00,-98.32,
12/30/2024,28668.0,326018.0,TMP221_Belfeld_230_345_KU2A_FTLO_Belfeld_345_230,BELFELD U2A2 KU2A2 (XF/WAUE/*),BELFIELD 345/230 KU1A,17:00,-29.8,
12/30/2024,29541.0,361837.0,ADAMS_CRESTON_161_FLO_CLARINDA_HASTING_161,CRESTON CRESTADAMS16_1 1 (LN/WAUE/MEC),CLARINDA-HASTING 161,17:05,-97.77,
12/30/2024,28668.0,326018.0,TMP221_Belfeld_230_345_KU2A_FTLO_Belfeld_345_230,BELFELD U2A2 KU2A2 (XF/WAUE/*),BELFIELD 345/230 KU1A,17:05,-87.6,
12/30/2024,29541.0,361837.0,ADAMS_CRESTON_161_FLO_CLARINDA_HASTING_161,CRESTON CRESTADAMS16_1 1 (LN/WAUE/MEC),CLARINDA-HASTING 161,17:10,-102.23,
12/30/2024,28668.0,326018.0,TMP221_Belfeld_230_345_KU2A_FTLO_Belfeld_345_230,BELFELD U2A2 KU2A2 (XF/WAUE/*),BELFIELD 345/230 KU1A,17:10,-85.9,
12/30/2024,29541.0,361837.0,ADAMS_CRESTON_161_FLO_CLARINDA_HASTING_161,CRESTON CRESTADAMS16_1 1 (LN/WAUE/MEC),CLARINDA-HASTING 161,17:15,-99.78,
12/30/2024,29541.0,361837.0,ADAMS_CRESTON_161_FLO_CLARINDA_HASTING_161,CRESTON CRESTADAMS16_1 1 (LN/WAUE/MEC),CLARINDA-HASTING 161,17:20,-104.54,
12/30/2024,28668.0,326018.0,TMP221_Belfeld_230_345_KU2A_FTLO_Belfeld_345_230,BELFELD U2A2 KU2A2 (XF/WAUE/*),BELFIELD 345/230 KU1A,17:20,-37.46,
12/30/2024,28668.0,326018.0,TMP221_Belfeld_230_345_KU2A_FTLO_Belfeld_345_230,BELFELD U2A2 KU2A2 (XF/WAUE/*),BELFIELD 345/230 KU1A,18:00,-39.56,
12/30/2024,28668.0,326018.0,TMP221_Belfeld_230_345_KU2A_FTLO_Belfeld_345_230,BELFELD U2A2 KU2A2 (XF/WAUE/*),BELFIELD 345/230 KU1A,18:05,-44.66,
12/30/2024,28668.0,326018.0,TMP221_Belfeld_230_345_KU2A_FTLO_Belfeld_345_230,BELFELD U2A2 KU2A2 (XF/WAUE/*),BELFIELD 345/230 KU1A,18:55,-39.1,
12/30/2024,30825.0,229670.0,Batesvil_Batesvil_115kV_FLO_Batesvil_LS_Power_23,BATSV5 BATSV5_BATSV73 A (LN/EMBA/TVA),BATESVILLE-L S POWER 230,19:30,-3.64,
12/30/2024,30825.0,229670.0,Batesvil_Batesvil_115kV_FLO_Batesvil_LS_Power_23,BATSV5 BATSV5_BATSV73 A (LN/EMBA/TVA),BATESVILLE-L S POWER 230,19:35,-2.63,
12/30/2024,30825.0,229670.0,Batesvil_Batesvil_115kV_FLO_Batesvil_LS_Power_23,BATSV5 BATSV5_BATSV73 A (LN/EMBA/TVA),BATESVILLE-L S POWER 230,19:40,-1.33,
12/30/2024,30825.0,229670.0,Batesvil_Batesvil_115kV_FLO_Batesvil_LS_Power_23,BATSV5 BATSV5_BATSV73 A (LN/EMBA/TVA),BATESVILLE-L S POWER 230,19:45,-2.46,
12/30/2024,30825.0,229670.0,Batesvil_Batesvil_115kV_FLO_Batesvil_LS_Power_23,BATSV5 BATSV5_BATSV73 A (LN/EMBA/TVA),BATESVILLE-L S POWER 230,19:50,-1.93,
12/30/2024,30825.0,229670.0,Batesvil_Batesvil_115kV_FLO_Batesvil_LS_Power_23,BATSV5 BATSV5_BATSV73 A (LN/EMBA/TVA),BATESVILLE-L S POWER 230,19:55,-1.64,
12/30/2024,30825.0,229670.0,Batesvil_Batesvil_115kV_FLO_Batesvil_LS_Power_23,BATSV5 BATSV5_BATSV73 A (LN/EMBA/TVA),BATESVILLE-L S POWER 230,20:00,-2.39,
12/30/2024,30825.0,229670.0,Batesvil_Batesvil_115kV_FLO_Batesvil_LS_Power_23,BATSV5 BATSV5_BATSV73 A (LN/EMBA/TVA),BATESVILLE-L S POWER 230,20:05,-4.3,
12/30/2024,30825.0,229670.0,Batesvil_Batesvil_115kV_FLO_Batesvil_LS_Power_23,BATSV5 BATSV5_BATSV73 A (LN/EMBA/TVA),BATESVILLE-L S POWER 230,20:10,-3.28,
12/30/2024,30825.0,229670.0,Batesvil_Batesvil_115kV_FLO_Batesvil_LS_Power_23,BATSV5 BATSV5_BATSV73 A (LN/EMBA/TVA),BATESVILLE-L S POWER 230,20:15,-2.44,
12/30/2024,30825.0,229670.0,Batesvil_Batesvil_115kV_FLO_Batesvil_LS_Power_23,BATSV5 BATSV5_BATSV73 A (LN/EMBA/TVA),BATESVILLE-L S POWER 230,20:20,-2.47,
12/30/2024,30825.0,229670.0,Batesvil_Batesvil_115kV_FLO_Batesvil_LS_Power_23,BATSV5 BATSV5_BATSV73 A (LN/EMBA/TVA),BATESVILLE-L S POWER 230,20:25,-2.43,
12/30/2024,30825.0,229670.0,Batesvil_Batesvil_115kV_FLO_Batesvil_LS_Power_23,BATSV5 BATSV5_BATSV73 A (LN/EMBA/TVA),BATESVILLE-L S POWER 230,20:30,-2.08,
12/30/2024,30825.0,229670.0,Batesvil_Batesvil_115kV_FLO_Batesvil_LS_Power_23,BATSV5 BATSV5_BATSV73 A (LN/EMBA/TVA),BATESVILLE-L S POWER 230,20:35,-1.52,
12/30/2024,30825.0,229670.0,Batesvil_Batesvil_115kV_FLO_Batesvil_LS_Power_23,BATSV5 BATSV5_BATSV73 A (LN/EMBA/TVA),BATESVILLE-L S POWER 230,20:40,-1.82,
12/30/2024,30825.0,229670.0,Batesvil_Batesvil_115kV_FLO_Batesvil_LS_Power_23,BATSV5 BATSV5_BATSV73 A (LN/EMBA/TVA),BATESVILLE-L S POWER 230,20:45,-1.57,
12/30/2024,30825.0,229670.0,Batesvil_Batesvil_115kV_FLO_Batesvil_LS_Power_23,BATSV5 BATSV5_BATSV73 A (LN/EMBA/TVA),BATESVILLE-L S POWER 230,20:50,-1.57,
12/30/2024,30825.0,229670.0,Batesvil_Batesvil_115kV_FLO_Batesvil_LS_Power_23,BATSV5 BATSV5_BATSV73 A (LN/EMBA/TVA),BATESVILLE-L S POWER 230,20:55,-1.57,
12/30/2024,30825.0,229670.0,Batesvil_Batesvil_115kV_FLO_Batesvil_LS_Power_23,BATSV5 BATSV5_BATSV73 A (LN/EMBA/TVA),BATESVILLE-L S POWER 230,21:00,-1.59,
12/30/2024,30825.0,229670.0,Batesvil_Batesvil_115kV_FLO_Batesvil_LS_Power_23,BATSV5 BATSV5_BATSV73 A (LN/EMBA/TVA),BATESVILLE-L S POWER 230,21:05,-1.79,
12/30/2024,30825.0,229670.0,Batesvil_Batesvil_115kV_FLO_Batesvil_LS_Power_23,BATSV5 BATSV5_BATSV73 A (LN/EMBA/TVA),BATESVILLE-L S POWER 230,21:10,-1.62,
12/30/2024,30825.0,229670.0,Batesvil_Batesvil_115kV_FLO_Batesvil_LS_Power_23,BATSV5 BATSV5_BATSV73 A (LN/EMBA/TVA),BATESVILLE-L S POWER 230,21:15,-1.89,
12/30/2024,30825.0,229670.0,Batesvil_Batesvil_115kV_FLO_Batesvil_LS_Power_23,BATSV5 BATSV5_BATSV73 A (LN/EMBA/TVA),BATESVILLE-L S POWER 230,21:20,-1.57,
12/30/2024,30825.0,229670.0,Batesvil_Batesvil_115kV_FLO_Batesvil_LS_Power_23,BATSV5 BATSV5_BATSV73 A (LN/EMBA/TVA),BATESVILLE-L S POWER 230,21:25,-1.72,
12/30/2024,30825.0,229670.0,Batesvil_Batesvil_115kV_FLO_Batesvil_LS_Power_23,BATSV5 BATSV5_BATSV73 A (LN/EMBA/TVA),BATESVILLE-L S POWER 230,21:30,-1.5,
12/30/2024,30825.0,229670.0,Batesvil_Batesvil_115kV_FLO_Batesvil_LS_Power_23,BATSV5 BATSV5_BATSV73 A (LN/EMBA/TVA),BATESVILLE-L S POWER 230,21:35,-1.44,
12/30/2024,,390693.0,NSP34X15_NOBLES_TR9_TR9_2,NOBLES TR9 TR9_2 (XF/NSP/*),NOBLES 345/115 TR10,21:35,-21.94,
12/30/2024,30825.0,229670.0,Batesvil_Batesvil_115kV_FLO_Batesvil_LS_Power_23,BATSV5 BATSV5_BATSV73 A (LN/EMBA/TVA),BATESVILLE-L S POWER 230,21:40,-1.1300000000000001,
12/30/2024,,390693.0,NSP34X15_NOBLES_TR9_TR9_2,NOBLES TR9 TR9_2 (XF/NSP/*),NOBLES 345/115 TR10,21:40,-21.77,
12/30/2024,,390693.0,NSP34X15_NOBLES_TR9_TR9_2,NOBLES TR9 TR9_2 (XF/NSP/*),NOBLES 345/115 TR10,21:45,-21.02,
12/30/2024,,390693.0,NSP34X15_NOBLES_TR9_TR9_2,NOBLES TR9 TR9_2 (XF/NSP/*),NOBLES 345/115 TR10,21:50,-20.98,
12/30/2024,,390693.0,NSP34X15_NOBLES_TR9_TR9_2,NOBLES TR9 TR9_2 (XF/NSP/*),NOBLES 345/115 TR10,21:55,-20.7,
12/30/2024,30825.0,229670.0,Batesvil_Batesvil_115kV_FLO_Batesvil_LS_Power_23,BATSV5 BATSV5_BATSV73 A (LN/EMBA/TVA),BATESVILLE-L S POWER 230,22:05,-2.56,
12/30/2024,,390693.0,NSP34X15_NOBLES_TR9_TR9_2,NOBLES TR9 TR9_2 (XF/NSP/*),NOBLES 345/115 TR10,22:05,-6.4,
12/30/2024,25759.0,332040.0,Overton_345_161_xfmr_flo_McCredie_Overton_345,OVER X345 XFMR_1_345 (XF/AMMO/*),MCCREDIE - OVERTON 345,22:05,-379.3,
12/30/2024,30825.0,229670.0,Batesvil_Batesvil_115kV_FLO_Batesvil_LS_Power_23,BATSV5 BATSV5_BATSV73 A (LN/EMBA/TVA),BATESVILLE-L S POWER 230,22:10,-3.75,
12/30/2024,25759.0,332040.0,Overton_345_161_xfmr_flo_McCredie_Overton_345,OVER X345 XFMR_1_345 (XF/AMMO/*),MCCREDIE - OVERTON 345,22:10,-220.53,
12/30/2024,30825.0,229670.0,Batesvil_Batesvil_115kV_FLO_Batesvil_LS_Power_23,BATSV5 BATSV5_BATSV73 A (LN/EMBA/TVA),BATESVILLE-L S POWER 230,22:15,-1.52,
12/30/2024,,434059.0,EESOC11_MARIONSE_ANGIE_MARION6_1,MARIONSE ANGIE_MARION6 1 (LN/SOCO/EES),MCKNIGHT - DANIEL 500,22:15,-9.02,
12/30/2024,25759.0,332040.0,Overton_345_161_xfmr_flo_McCredie_Overton_345,OVER X345 XFMR_1_345 (XF/AMMO/*),MCCREDIE - OVERTON 345,22:15,-137.53,
12/30/2024,2975.0,3545.0,Crete_St_Johns_Tap_345_kV_l_o_Dum_Wi_Cent_765_kV,ST_JOHN 34519 A (LN/NIPS/AEP),WILTON CENTER-DUMONT 765 (11215),22:20,-8.700000000000001,
12/30/2024,,434059.0,EESOC11_MARIONSE_ANGIE_MARION6_1,MARIONSE ANGIE_MARION6 1 (LN/SOCO/EES),MCKNIGHT - DANIEL 500,22:20,-14.42,
12/30/2024,25759.0,332040.0,Overton_345_161_xfmr_flo_McCredie_Overton_345,OVER X345 XFMR_1_345 (XF/AMMO/*),MCCREDIE - OVERTON 345,22:20,-60.57,
12/30/2024,30825.0,229670.0,Batesvil_Batesvil_115kV_FLO_Batesvil_LS_Power_23,BATSV5 BATSV5_BATSV73 A (LN/EMBA/TVA),BATESVILLE-L S POWER 230,22:25,-2.81,
12/30/2024,2975.0,3545.0,Crete_St_Johns_Tap_345_kV_l_o_Dum_Wi_Cent_765_kV,ST_JOHN 34519 A (LN/NIPS/AEP),WILTON CENTER-DUMONT 765 (11215),22:25,-96.8,
12/30/2024,25759.0,332040.0,Overton_345_161_xfmr_flo_McCredie_Overton_345,OVER X345 XFMR_1_345 (XF/AMMO/*),MCCREDIE - OVERTON 345,22:25,-217.05,
12/30/2024,30825.0,229670.0,Batesvil_Batesvil_115kV_FLO_Batesvil_LS_Power_23,BATSV5 BATSV5_BATSV73 A (LN/EMBA/TVA),BATESVILLE-L S POWER 230,22:30,-1.73,
12/30/2024,2975.0,3545.0,Crete_St_Johns_Tap_345_kV_l_o_Dum_Wi_Cent_765_kV,ST_JOHN 34519 A (LN/NIPS/AEP),WILTON CENTER-DUMONT 765 (11215),22:30,-17.3,
12/30/2024,25759.0,332040.0,Overton_345_161_xfmr_flo_McCredie_Overton_345,OVER X345 XFMR_1_345 (XF/AMMO/*),MCCREDIE - OVERTON 345,22:30,-374.71,
12/30/2024,2975.0,3545.0,Crete_St_Johns_Tap_345_kV_l_o_Dum_Wi_Cent_765_kV,ST_JOHN 34519 A (LN/NIPS/AEP),WILTON CENTER-DUMONT 765 (11215),22:35,-156.70000000000002,
12/30/2024,,434059.0,EESOC11_MARIONSE_ANGIE_MARION6_1,MARIONSE ANGIE_MARION6 1 (LN/SOCO/EES),MCKNIGHT - DANIEL 500,22:35,-27.99,
12/30/2024,25759.0,332040.0,Overton_345_161_xfmr_flo_McCredie_Overton_345,OVER X345 XFMR_1_345 (XF/AMMO/*),MCCREDIE - OVERTON 345,22:35,-144.39000000000001,
12/30/2024,2975.0,3545.0,Crete_St_Johns_Tap_345_kV_l_o_Dum_Wi_Cent_765_kV,ST_JOHN 34519 A (LN/NIPS/AEP),WILTON CENTER-DUMONT 765 (11215),22:40,-10.4,
12/30/2024,,434059.0,EESOC11_MARIONSE_ANGIE_MARION6_1,MARIONSE ANGIE_MARION6 1 (LN/SOCO/EES),MCKNIGHT - DANIEL 500,22:40,-13.61,
12/30/2024,25759.0,332040.0,Overton_345_161_xfmr_flo_McCredie_Overton_345,OVER X345 XFMR_1_345 (XF/AMMO/*),MCCREDIE - OVERTON 345,22:40,-282.51,
12/30/2024,,434059.0,EESOC11_MARIONSE_ANGIE_MARION6_1,MARIONSE ANGIE_MARION6 1 (LN/SOCO/EES),MCKNIGHT - DANIEL 500,22:45,-6.37,
12/30/2024,25759.0,332040.0,Overton_345_161_xfmr_flo_McCredie_Overton_345,OVER X345 XFMR_1_345 (XF/AMMO/*),MCCREDIE - OVERTON 345,22:45,-292.07,
12/30/2024,,434059.0,EESOC11_MARIONSE_ANGIE_MARION6_1,MARIONSE ANGIE_MARION6 1 (LN/SOCO/EES),MCKNIGHT - DANIEL 500,22:50,-9.14,
12/30/2024,25759.0,332040.0,Overton_345_161_xfmr_flo_McCredie_Overton_345,OVER X345 XFMR_1_345 (XF/AMMO/*),MCCREDIE - OVERTON 345,22:50,-138.57,
12/30/2024,,434059.0,EESOC11_MARIONSE_ANGIE_MARION6_1,MARIONSE ANGIE_MARION6 1 (LN/SOCO/EES),MCKNIGHT - DANIEL 500,22:55,-7.9,
12/30/2024,,357283.0,NSP34007_WILMART_TR9_TR9,WILMART TR9 TR9 (XF/NSP/*),CRANDALL - WILMARTH 345,22:55,-66.58,
12/30/2024,25759.0,332040.0,Overton_345_161_xfmr_flo_McCredie_Overton_345,OVER X345 XFMR_1_345 (XF/AMMO/*),MCCREDIE - OVERTON 345,22:55,-260.19,
12/30/2024,,434059.0,EESOC11_MARIONSE_ANGIE_MARION6_1,MARIONSE ANGIE_MARION6 1 (LN/SOCO/EES),MCKNIGHT - DANIEL 500,23:00,-5.37,
12/30/2024,,357283.0,NSP34007_WILMART_TR9_TR9,WILMART TR9 TR9 (XF/NSP/*),CRANDALL - WILMARTH 345,23:00,-58.27,
12/30/2024,25759.0,332040.0,Overton_345_161_xfmr_flo_McCredie_Overton_345,OVER X345 XFMR_1_345 (XF/AMMO/*),MCCREDIE - OVERTON 345,23:00,-296.8,
12/30/2024,,434059.0,EESOC11_MARIONSE_ANGIE_MARION6_1,MARIONSE ANGIE_MARION6 1 (LN/SOCO/EES),MCKNIGHT - DANIEL 500,23:05,-2.91,
12/30/2024,,357283.0,NSP34007_WILMART_TR9_TR9,WILMART TR9 TR9 (XF/NSP/*),CRANDALL - WILMARTH 345,23:05,-56.55,
12/30/2024,25759.0,332040.0,Overton_345_161_xfmr_flo_McCredie_Overton_345,OVER X345 XFMR_1_345 (XF/AMMO/*),MCCREDIE - OVERTON 345,23:05,-275.2,
12/30/2024,5701.0,471503.0,FTTXFRFTTXFR,FTTHOMP U1B2 KU1B1 (XF/WAUE/*),FT THOMPSON 345/230 KU1A,23:10,-43.71,
12/30/2024,,357283.0,NSP34007_WILMART_TR9_TR9,WILMART TR9 TR9 (XF/NSP/*),CRANDALL - WILMARTH 345,23:10,-39.69,
12/30/2024,,390693.0,NSP34X15_NOBLES_TR9_TR9_2,NOBLES TR9 TR9_2 (XF/NSP/*),NOBLES 345/115 TR10,23:10,-5.35,
12/30/2024,25759.0,332040.0,Overton_345_161_xfmr_flo_McCredie_Overton_345,OVER X345 XFMR_1_345 (XF/AMMO/*),MCCREDIE - OVERTON 345,23:10,-344.13,
12/30/2024,2975.0,3545.0,Crete_St_Johns_Tap_345_kV_l_o_Dum_Wi_Cent_765_kV,ST_JOHN 34519 A (LN/NIPS/AEP),WILTON CENTER-DUMONT 765 (11215),23:15,-36.5,
12/30/2024,5701.0,471503.0,FTTXFRFTTXFR,FTTHOMP U1B2 KU1B1 (XF/WAUE/*),FT THOMPSON 345/230 KU1A,23:15,-40.89,
12/30/2024,,357283.0,NSP34007_WILMART_TR9_TR9,WILMART TR9 TR9 (XF/NSP/*),CRANDALL - WILMARTH 345,23:15,-59.57,
12/30/2024,25759.0,332040.0,Overton_345_161_xfmr_flo_McCredie_Overton_345,OVER X345 XFMR_1_345 (XF/AMMO/*),MCCREDIE - OVERTON 345,23:15,-306.43,
12/30/2024,2975.0,3545.0,Crete_St_Johns_Tap_345_kV_l_o_Dum_Wi_Cent_765_kV,ST_JOHN 34519 A (LN/NIPS/AEP),WILTON CENTER-DUMONT 765 (11215),23:20,-5.4,
12/30/2024,5701.0,471503.0,FTTXFRFTTXFR,FTTHOMP U1B2 KU1B1 (XF/WAUE/*),FT THOMPSON 345/230 KU1A,23:20,-35.12,
12/30/2024,,357283.0,NSP34007_WILMART_TR9_TR9,WILMART TR9 TR9 (XF/NSP/*),CRANDALL - WILMARTH 345,23:20,-62.57,
12/30/2024,25759.0,332040.0,Overton_345_161_xfmr_flo_McCredie_Overton_345,OVER X345 XFMR_1_345 (XF/AMMO/*),MCCREDIE - OVERTON 345,23:20,-422.7,
12/30/2024,30825.0,229670.0,Batesvil_Batesvil_115kV_FLO_Batesvil_LS_Power_23,BATSV5 BATSV5_BATSV73 A (LN/EMBA/TVA),BATESVILLE-L S POWER 230,23:25,-0.36,
12/30/2024,2975.0,3545.0,Crete_St_Johns_Tap_345_kV_l_o_Dum_Wi_Cent_765_kV,ST_JOHN 34519 A (LN/NIPS/AEP),WILTON CENTER-DUMONT 765 (11215),23:25,-192.9,
12/30/2024,5701.0,471503.0,FTTXFRFTTXFR,FTTHOMP U1B2 KU1B1 (XF/WAUE/*),FT THOMPSON 345/230 KU1A,23:25,-35.65,
12/30/2024,,357283.0,NSP34007_WILMART_TR9_TR9,WILMART TR9 TR9 (XF/NSP/*),CRANDALL - WILMARTH 345,23:25,-106.36,
12/30/2024,25759.0,332040.0,Overton_345_161_xfmr_flo_McCredie_Overton_345,OVER X345 XFMR_1_345 (XF/AMMO/*),MCCREDIE - OVERTON 345,23:25,-32.25,
12/30/2024,2975.0,3545.0,Crete_St_Johns_Tap_345_kV_l_o_Dum_Wi_Cent_765_kV,ST_JOHN 34519 A (LN/NIPS/AEP),WILTON CENTER-DUMONT 765 (11215),23:30,-68.4,
12/30/2024,5701.0,471503.0,FTTXFRFTTXFR,FTTHOMP U1B2 KU1B1 (XF/WAUE/*),FT THOMPSON 345/230 KU1A,23:30,-35.2,
12/30/2024,,357283.0,NSP34007_WILMART_TR9_TR9,WILMART TR9 TR9 (XF/NSP/*),CRANDALL - WILMARTH 345,23:30,-78.85000000000001,
12/30/2024,,390693.0,NSP34X15_NOBLES_TR9_TR9_2,NOBLES TR9 TR9_2 (XF/NSP/*),NOBLES 345/115 TR10,23:30,-2.33,
12/30/2024,25759.0,332040.0,Overton_345_161_xfmr_flo_McCredie_Overton_345,OVER X345 XFMR_1_345 (XF/AMMO/*),MCCREDIE - OVERTON 345,23:30,-196.83,
12/30/2024,,162444.0,AMI13179_REYNOLD4_13857_A,REYNOLD4 13857 A (LN/NIPS/NIPS),WATSEKA - SHELDON SOUTH 138,23:35,-11.7,
12/30/2024,2975.0,3545.0,Crete_St_Johns_Tap_345_kV_l_o_Dum_Wi_Cent_765_kV,ST_JOHN 34519 A (LN/NIPS/AEP),WILTON CENTER-DUMONT 765 (11215),23:35,-31.0,
12/30/2024,5701.0,471503.0,FTTXFRFTTXFR,FTTHOMP U1B2 KU1B1 (XF/WAUE/*),FT THOMPSON 345/230 KU1A,23:35,-44.4,
12/30/2024,,357283.0,NSP34007_WILMART_TR9_TR9,WILMART TR9 TR9 (XF/NSP/*),CRANDALL - WILMARTH 345,23:35,-62.77,
12/30/2024,25759.0,332040.0,Overton_345_161_xfmr_flo_McCredie_Overton_345,OVER X345 XFMR_1_345 (XF/AMMO/*),MCCREDIE - OVERTON 345,23:35,-263.42,
12/30/2024,,121942.0,ALW16068_HAYWARD_TR1_TR1,HAYWARD TR1 TR1 (XF/ALTW/*),ADAMS - HAYWARD 161,23:40,-19.31,
12/30/2024,,162444.0,AMI13179_REYNOLD4_13857_A,REYNOLD4 13857 A (LN/NIPS/NIPS),WATSEKA - SHELDON SOUTH 138,23:40,-20.01,
12/30/2024,,434059.0,EESOC11_MARIONSE_ANGIE_MARION6_1,MARIONSE ANGIE_MARION6 1 (LN/SOCO/EES),MCKNIGHT - DANIEL 500,23:40,-1.78,
12/30/2024,5701.0,471503.0,FTTXFRFTTXFR,FTTHOMP U1B2 KU1B1 (XF/WAUE/*),FT THOMPSON 345/230 KU1A,23:40,-33.49,
12/30/2024,,357283.0,NSP34007_WILMART_TR9_TR9,WILMART TR9 TR9 (XF/NSP/*),CRANDALL - WILMARTH 345,23:40,-58.22,
12/30/2024,25759.0,332040.0,Overton_345_161_xfmr_flo_McCredie_Overton_345,OVER X345 XFMR_1_345 (XF/AMMO/*),MCCREDIE - OVERTON 345,23:40,-301.73,
12/30/2024,,196784.0,BASE_REYNOLD4_13857_A,REYNOLD4 13857 A (LN/NIPS/NIPS),,23:45,-37.33,
12/30/2024,,434059.0,EESOC11_MARIONSE_ANGIE_MARION6_1,MARIONSE ANGIE_MARION6 1 (LN/SOCO/EES),MCKNIGHT - DANIEL 500,23:45,-2.82,
12/30/2024,5701.0,471503.0,FTTXFRFTTXFR,FTTHOMP U1B2 KU1B1 (XF/WAUE/*),FT THOMPSON 345/230 KU1A,23:45,-34.9,
12/30/2024,,357283.0,NSP34007_WILMART_TR9_TR9,WILMART TR9 TR9 (XF/NSP/*),CRANDALL - WILMARTH 345,23:45,-59.6,
12/30/2024,25759.0,332040.0,Overton_345_161_xfmr_flo_McCredie_Overton_345,OVER X345 XFMR_1_345 (XF/AMMO/*),MCCREDIE - OVERTON 345,23:45,-300.56,
12/30/2024,,196784.0,BASE_REYNOLD4_13857_A,REYNOLD4 13857 A (LN/NIPS/NIPS),,23:50,-41.01,
12/30/2024,5701.0,471503.0,FTTXFRFTTXFR,FTTHOMP U1B2 KU1B1 (XF/WAUE/*),FT THOMPSON 345/230 KU1A,23:50,-31.5,
12/30/2024,,357283.0,NSP34007_WILMART_TR9_TR9,WILMART TR9 TR9 (XF/NSP/*),CRANDALL - WILMARTH 345,23:50,-26.27,
12/30/2024,25759.0,332040.0,Overton_345_161_xfmr_flo_McCredie_Overton_345,OVER X345 XFMR_1_345 (XF/AMMO/*),MCCREDIE - OVERTON 345,23:50,-415.75,
12/30/2024,,196784.0,BASE_REYNOLD4_13857_A,REYNOLD4 13857 A (LN/NIPS/NIPS),,23:55,-40.83,
12/30/2024,,357283.0,NSP34007_WILMART_TR9_TR9,WILMART TR9 TR9 (XF/NSP/*),CRANDALL - WILMARTH 345,23:55,-27.97,
12/30/2024,25759.0,332040.0,Overton_345_161_xfmr_flo_McCredie_Overton_345,OVER X345 XFMR_1_345 (XF/AMMO/*),MCCREDIE - OVERTON 345,23:55,-392.46,
12/31/2024,,357283.0,NSP34007_WILMART_TR9_TR9,WILMART TR9 TR9 (XF/NSP/*),CRANDALL - WILMARTH 345,00:00,-54.09,
12/31/2024,,390693.0,NSP34X15_NOBLES_TR9_TR9_2,NOBLES TR9 TR9_2 (XF/NSP/*),NOBLES 345/115 TR10,00:00,-1.46,
12/31/2024,26016.0,1531.0,TEMP39_LN_Tekamho_Sub_1226_161_kV_FTLO_Raun_Fort,TEKAMHO TEKAMSUB1216_1 1 (LN/OPPD/OPPD),FORT CALHOUN-RAUN 345,00:00,-308.40000000000003,
12/31/2024,,196784.0,BASE_REYNOLD4_13857_A,REYNOLD4 13857 A (LN/NIPS/NIPS),,00:05,-53.13,
12/31/2024,,357283.0,NSP34007_WILMART_TR9_TR9,WILMART TR9 TR9 (XF/NSP/*),CRANDALL - WILMARTH 345,00:05,-376.88,
12/31/2024,25759.0,332040.0,Overton_345_161_xfmr_flo_McCredie_Overton_345,OVER X345 XFMR_1_345 (XF/AMMO/*),MCCREDIE - OVERTON 345,00:05,-351.85,
12/31/2024,,196784.0,BASE_REYNOLD4_13857_A,REYNOLD4 13857 A (LN/NIPS/NIPS),,00:10,-116.83,
12/31/2024,5701.0,471503.0,FTTXFRFTTXFR,FTTHOMP U1B2 KU1B1 (XF/WAUE/*),FT THOMPSON 345/230 KU1A,00:10,-27.6,
12/31/2024,,357283.0,NSP34007_WILMART_TR9_TR9,WILMART TR9 TR9 (XF/NSP/*),CRANDALL - WILMARTH 345,00:10,-600.45,
12/31/2024,25759.0,332040.0,Overton_345_161_xfmr_flo_McCredie_Overton_345,OVER X345 XFMR_1_345 (XF/AMMO/*),MCCREDIE - OVERTON 345,00:10,-762.75,
12/31/2024,,196784.0,BASE_REYNOLD4_13857_A,REYNOLD4 13857 A (LN/NIPS/NIPS),,00:15,-63.08,
12/31/2024,5701.0,471503.0,FTTXFRFTTXFR,FTTHOMP U1B2 KU1B1 (XF/WAUE/*),FT THOMPSON 345/230 KU1A,00:15,-21.8,
12/31/2024,,357283.0,NSP34007_WILMART_TR9_TR9,WILMART TR9 TR9 (XF/NSP/*),CRANDALL - WILMARTH 345,00:15,-659.63,
12/31/2024,2569.0,417569.0,Stateline_WolfLake138_flo_Burnham_Munster345,7_STATE STATE17WOL13_1 1 (LN/CE/NIPS),BURNHAM-MUNSTER 345 (34504),00:15,-209.7,
12/31/2024,,196784.0,BASE_REYNOLD4_13857_A,REYNOLD4 13857 A (LN/NIPS/NIPS),,00:20,-52.11,
12/31/2024,5701.0,471503.0,FTTXFRFTTXFR,FTTHOMP U1B2 KU1B1 (XF/WAUE/*),FT THOMPSON 345/230 KU1A,00:20,-32.27,
12/31/2024,,357283.0,NSP34007_WILMART_TR9_TR9,WILMART TR9 TR9 (XF/NSP/*),CRANDALL - WILMARTH 345,00:20,-625.67,
12/31/2024,2569.0,417569.0,Stateline_WolfLake138_flo_Burnham_Munster345,7_STATE STATE17WOL13_1 1 (LN/CE/NIPS),BURNHAM-MUNSTER 345 (34504),00:20,-101.32,
12/31/2024,,196784.0,BASE_REYNOLD4_13857_A,REYNOLD4 13857 A (LN/NIPS/NIPS),,00:25,-28.36,
12/31/2024,5701.0,471503.0,FTTXFRFTTXFR,FTTHOMP U1B2 KU1B1 (XF/WAUE/*),FT THOMPSON 345/230 KU1A,00:25,-0.4,
12/31/2024,,357283.0,NSP34007_WILMART_TR9_TR9,WILMART TR9 TR9 (XF/NSP/*),CRANDALL - WILMARTH 345,00:25,-601.51,
12/31/2024,,196784.0,BASE_REYNOLD4_13857_A,REYNOLD4 13857 A (LN/NIPS/NIPS),,00:30,-33.52,
12/31/2024,,357283.0,NSP34007_WILMART_TR9_TR9,WILMART TR9 TR9 (XF/NSP/*),CRANDALL - WILMARTH 345,00:30,-612.32,
12/31/2024,25759.0,332040.0,Overton_345_161_xfmr_flo_McCredie_Overton_345,OVER X345 XFMR_1_345 (XF/AMMO/*),MCCREDIE - OVERTON 345,00:30,-10.52,
12/31/2024,,196784.0,BASE_REYNOLD4_13857_A,REYNOLD4 13857 A (LN/NIPS/NIPS),,00:35,-44.08,
12/31/2024,,357283.0,NSP34007_WILMART_TR9_TR9,WILMART TR9 TR9 (XF/NSP/*),CRANDALL - WILMARTH 345,00:35,-550.75,
12/31/2024,25759.0,332040.0,Overton_345_161_xfmr_flo_McCredie_Overton_345,OVER X345 XFMR_1_345 (XF/AMMO/*),MCCREDIE - OVERTON 345,00:35,-131.39000000000001,
12/31/2024,,162444.0,AMI13179_REYNOLD4_13857_A,REYNOLD4 13857 A (LN/NIPS/NIPS),WATSEKA - SHELDON SOUTH 138,00:40,-24.19,
12/31/2024,,357283.0,NSP34007_WILMART_TR9_TR9,WILMART TR9 TR9 (XF/NSP/*),CRANDALL - WILMARTH 345,00:40,-435.71,
12/31/2024,25759.0,332040.0,Overton_345_161_xfmr_flo_McCredie_Overton_345,OVER X345 XFMR_1_345 (XF/AMMO/*),MCCREDIE - OVERTON 345,00:40,-317.93,
12/31/2024,,162444.0,AMI13179_REYNOLD4_13857_A,REYNOLD4 13857 A (LN/NIPS/NIPS),WATSEKA - SHELDON SOUTH 138,00:45,-25.51,
12/31/2024,,357283.0,NSP34007_WILMART_TR9_TR9,WILMART TR9 TR9 (XF/NSP/*),CRANDALL - WILMARTH 345,00:45,-292.57,
12/31/2024,25759.0,332040.0,Overton_345_161_xfmr_flo_McCredie_Overton_345,OVER X345 XFMR_1_345 (XF/AMMO/*),MCCREDIE - OVERTON 345,00:45,-577.11,
12/31/2024,,162444.0,AMI13179_REYNOLD4_13857_A,REYNOLD4 13857 A (LN/NIPS/NIPS),WATSEKA - SHELDON SOUTH 138,00:50,-28.79,
12/31/2024,,357283.0,NSP34007_WILMART_TR9_TR9,WILMART TR9 TR9 (XF/NSP/*),CRANDALL - WILMARTH 345,00:50,-259.31,
12/31/2024,25759.0,332040.0,Overton_345_161_xfmr_flo_McCredie_Overton_345,OVER X345 XFMR_1_345 (XF/AMMO/*),MCCREDIE - OVERTON 345,00:50,-747.04,
12/31/2024,,162444.0,AMI13179_REYNOLD4_13857_A,REYNOLD4 13857 A (LN/NIPS/NIPS),WATSEKA - SHELDON SOUTH 138,00:55,-25.56,
12/31/2024,5701.0,471503.0,FTTXFRFTTXFR,FTTHOMP U1B2 KU1B1 (XF/WAUE/*),FT THOMPSON 345/230 KU1A,00:55,-8.78,
12/31/2024,,357283.0,NSP34007_WILMART_TR9_TR9,WILMART TR9 TR9 (XF/NSP/*),CRANDALL - WILMARTH 345,00:55,-252.77,
12/31/2024,25759.0,332040.0,Overton_345_161_xfmr_flo_McCredie_Overton_345,OVER X345 XFMR_1_345 (XF/AMMO/*),MCCREDIE - OVERTON 345,00:55,-703.71,
12/31/2024,,162444.0,AMI13179_REYNOLD4_13857_A,REYNOLD4 13857 A (LN/NIPS/NIPS),WATSEKA - SHELDON SOUTH 138,01:00,-26.44,
12/31/2024,5701.0,471503.0,FTTXFRFTTXFR,FTTHOMP U1B2 KU1B1 (XF/WAUE/*),FT THOMPSON 345/230 KU1A,01:00,-8.89,
12/31/2024,,357283.0,NSP34007_WILMART_TR9_TR9,WILMART TR9 TR9 (XF/NSP/*),CRANDALL - WILMARTH 345,01:00,-247.51000000000005,
12/31/2024,25759.0,332040.0,Overton_345_161_xfmr_flo_McCredie_Overton_345,OVER X345 XFMR_1_345 (XF/AMMO/*),MCCREDIE - OVERTON 345,01:00,-778.47,
12/31/2024,,196784.0,BASE_REYNOLD4_13857_A,REYNOLD4 13857 A (LN/NIPS/NIPS),,01:05,-51.79,
12/31/2024,5701.0,471503.0,FTTXFRFTTXFR,FTTHOMP U1B2 KU1B1 (XF/WAUE/*),FT THOMPSON 345/230 KU1A,01:05,-38.96,
12/31/2024,,357283.0,NSP34007_WILMART_TR9_TR9,WILMART TR9 TR9 (XF/NSP/*),CRANDALL - WILMARTH 345,01:05,-332.32,
12/31/2024,25759.0,332040.0,Overton_345_161_xfmr_flo_McCredie_Overton_345,OVER X345 XFMR_1_345 (XF/AMMO/*),MCCREDIE - OVERTON 345,01:05,-612.59,
12/31/2024,,162444.0,AMI13179_REYNOLD4_13857_A,REYNOLD4 13857 A (LN/NIPS/NIPS),WATSEKA - SHELDON SOUTH 138,01:10,-31.1,
12/31/2024,5701.0,471503.0,FTTXFRFTTXFR,FTTHOMP U1B2 KU1B1 (XF/WAUE/*),FT THOMPSON 345/230 KU1A,01:10,-42.69,
12/31/2024,,357283.0,NSP34007_WILMART_TR9_TR9,WILMART TR9 TR9 (XF/NSP/*),CRANDALL - WILMARTH 345,01:10,-220.82,
12/31/2024,25759.0,332040.0,Overton_345_161_xfmr_flo_McCredie_Overton_345,OVER X345 XFMR_1_345 (XF/AMMO/*),MCCREDIE - OVERTON 345,01:10,-930.89,
12/31/2024,,162444.0,AMI13179_REYNOLD4_13857_A,REYNOLD4 13857 A (LN/NIPS/NIPS),WATSEKA - SHELDON SOUTH 138,01:15,-31.67,
12/31/2024,5701.0,471503.0,FTTXFRFTTXFR,FTTHOMP U1B2 KU1B1 (XF/WAUE/*),FT THOMPSON 345/230 KU1A,01:15,-32.89,
12/31/2024,,357283.0,NSP34007_WILMART_TR9_TR9,WILMART TR9 TR9 (XF/NSP/*),CRANDALL - WILMARTH 345,01:15,-251.05,
12/31/2024,25759.0,332040.0,Overton_345_161_xfmr_flo_McCredie_Overton_345,OVER X345 XFMR_1_345 (XF/AMMO/*),MCCREDIE - OVERTON 345,01:15,-922.34,
12/31/2024,,162444.0,AMI13179_REYNOLD4_13857_A,REYNOLD4 13857 A (LN/NIPS/NIPS),WATSEKA - SHELDON SOUTH 138,01:20,-31.11,
12/31/2024,5701.0,471503.0,FTTXFRFTTXFR,FTTHOMP U1B2 KU1B1 (XF/WAUE/*),FT THOMPSON 345/230 KU1A,01:20,-35.300000000000004,
12/31/2024,,357283.0,NSP34007_WILMART_TR9_TR9,WILMART TR9 TR9 (XF/NSP/*),CRANDALL - WILMARTH 345,01:20,-250.74,
12/31/2024,25759.0,332040.0,Overton_345_161_xfmr_flo_McCredie_Overton_345,OVER X345 XFMR_1_345 (XF/AMMO/*),MCCREDIE - OVERTON 345,01:20,-913.61,
12/31/2024,,162444.0,AMI13179_REYNOLD4_13857_A,REYNOLD4 13857 A (LN/NIPS/NIPS),WATSEKA - SHELDON SOUTH 138,01:25,-26.95,
12/31/2024,5701.0,471503.0,FTTXFRFTTXFR,FTTHOMP U1B2 KU1B1 (XF/WAUE/*),FT THOMPSON 345/230 KU1A,01:25,-46.3,
12/31/2024,,357283.0,NSP34007_WILMART_TR9_TR9,WILMART TR9 TR9 (XF/NSP/*),CRANDALL - WILMARTH 345,01:25,-242.2,
12/31/2024,25759.0,332040.0,Overton_345_161_xfmr_flo_McCredie_Overton_345,OVER X345 XFMR_1_345 (XF/AMMO/*),MCCREDIE - OVERTON 345,01:25,-845.38,
12/31/2024,,162444.0,AMI13179_REYNOLD4_13857_A,REYNOLD4 13857 A (LN/NIPS/NIPS),WATSEKA - SHELDON SOUTH 138,01:30,-26.5,
12/31/2024,5701.0,471503.0,FTTXFRFTTXFR,FTTHOMP U1B2 KU1B1 (XF/WAUE/*),FT THOMPSON 345/230 KU1A,01:30,-37.2,
12/31/2024,,357283.0,NSP34007_WILMART_TR9_TR9,WILMART TR9 TR9 (XF/NSP/*),CRANDALL - WILMARTH 345,01:30,-244.37,
12/31/2024,25759.0,332040.0,Overton_345_161_xfmr_flo_McCredie_Overton_345,OVER X345 XFMR_1_345 (XF/AMMO/*),MCCREDIE - OVERTON 345,01:30,-832.16,
12/31/2024,,162444.0,AMI13179_REYNOLD4_13857_A,REYNOLD4 13857 A (LN/NIPS/NIPS),WATSEKA - SHELDON SOUTH 138,01:35,-26.0,
12/31/2024,5701.0,471503.0,FTTXFRFTTXFR,FTTHOMP U1B2 KU1B1 (XF/WAUE/*),FT THOMPSON 345/230 KU1A,01:35,-34.9,
12/31/2024,,357283.0,NSP34007_WILMART_TR9_TR9,WILMART TR9 TR9 (XF/NSP/*),CRANDALL - WILMARTH 345,01:35,-248.62,
12/31/2024,25759.0,332040.0,Overton_345_161_xfmr_flo_McCredie_Overton_345,OVER X345 XFMR_1_345 (XF/AMMO/*),MCCREDIE - OVERTON 345,01:35,-827.87,
12/31/2024,,162444.0,AMI13179_REYNOLD4_13857_A,REYNOLD4 13857 A (LN/NIPS/NIPS),WATSEKA - SHELDON SOUTH 138,01:40,-23.19,
12/31/2024,5701.0,471503.0,FTTXFRFTTXFR,FTTHOMP U1B2 KU1B1 (XF/WAUE/*),FT THOMPSON 345/230 KU1A,01:40,-31.78,
12/31/2024,,357283.0,NSP34007_WILMART_TR9_TR9,WILMART TR9 TR9 (XF/NSP/*),CRANDALL - WILMARTH 345,01:40,-302.74,
12/31/2024,25759.0,332040.0,Overton_345_161_xfmr_flo_McCredie_Overton_345,OVER X345 XFMR_1_345 (XF/AMMO/*),MCCREDIE - OVERTON 345,01:40,-658.64,
12/31/2024,,162444.0,AMI13179_REYNOLD4_13857_A,REYNOLD4 13857 A (LN/NIPS/NIPS),WATSEKA - SHELDON SOUTH 138,01:45,-24.26,
12/31/2024,,434059.0,EESOC11_MARIONSE_ANGIE_MARION6_1,MARIONSE ANGIE_MARION6 1 (LN/SOCO/EES),MCKNIGHT - DANIEL 500,01:45,-1.25,
12/31/2024,5701.0,471503.0,FTTXFRFTTXFR,FTTHOMP U1B2 KU1B1 (XF/WAUE/*),FT THOMPSON 345/230 KU1A,01:45,-34.49,
12/31/2024,,357283.0,NSP34007_WILMART_TR9_TR9,WILMART TR9 TR9 (XF/NSP/*),CRANDALL - WILMARTH 345,01:45,-262.36,
12/31/2024,25759.0,332040.0,Overton_345_161_xfmr_flo_McCredie_Overton_345,OVER X345 XFMR_1_345 (XF/AMMO/*),MCCREDIE - OVERTON 345,01:45,-764.28,
12/31/2024,,162444.0,AMI13179_REYNOLD4_13857_A,REYNOLD4 13857 A (LN/NIPS/NIPS),WATSEKA - SHELDON SOUTH 138,01:50,-23.18,
12/31/2024,,434059.0,EESOC11_MARIONSE_ANGIE_MARION6_1,MARIONSE ANGIE_MARION6 1 (LN/SOCO/EES),MCKNIGHT - DANIEL 500,01:50,-2.21,
12/31/2024,5701.0,471503.0,FTTXFRFTTXFR,FTTHOMP U1B2 KU1B1 (XF/WAUE/*),FT THOMPSON 345/230 KU1A,01:50,-32.67,
12/31/2024,,357283.0,NSP34007_WILMART_TR9_TR9,WILMART TR9 TR9 (XF/NSP/*),CRANDALL - WILMARTH 345,01:50,-258.16,
12/31/2024,25759.0,332040.0,Overton_345_161_xfmr_flo_McCredie_Overton_345,OVER X345 XFMR_1_345 (XF/AMMO/*),MCCREDIE - OVERTON 345,01:50,-745.06,
12/31/2024,,162444.0,AMI13179_REYNOLD4_13857_A,REYNOLD4 13857 A (LN/NIPS/NIPS),WATSEKA - SHELDON SOUTH 138,01:55,-23.8,
12/31/2024,,434059.0,EESOC11_MARIONSE_ANGIE_MARION6_1,MARIONSE ANGIE_MARION6 1 (LN/SOCO/EES),MCKNIGHT - DANIEL 500,01:55,-5.48,
12/31/2024,5701.0,471503.0,FTTXFRFTTXFR,FTTHOMP U1B2 KU1B1 (XF/WAUE/*),FT THOMPSON 345/230 KU1A,01:55,-32.42,
12/31/2024,,357283.0,NSP34007_WILMART_TR9_TR9,WILMART TR9 TR9 (XF/NSP/*),CRANDALL - WILMARTH 345,01:55,-253.74,
12/31/2024,25759.0,332040.0,Overton_345_161_xfmr_flo_McCredie_Overton_345,OVER X345 XFMR_1_345 (XF/AMMO/*),MCCREDIE - OVERTON 345,01:55,-763.63,
12/31/2024,,162444.0,AMI13179_REYNOLD4_13857_A,REYNOLD4 13857 A (LN/NIPS/NIPS),WATSEKA - SHELDON SOUTH 138,02:00,-20.59,
12/31/2024,,434059.0,EESOC11_MARIONSE_ANGIE_MARION6_1,MARIONSE ANGIE_MARION6 1 (LN/SOCO/EES),MCKNIGHT - DANIEL 500,02:00,-13.67,
12/31/2024,5701.0,471503.0,FTTXFRFTTXFR,FTTHOMP U1B2 KU1B1 (XF/WAUE/*),FT THOMPSON 345/230 KU1A,02:00,-31.38,
12/31/2024,,357283.0,NSP34007_WILMART_TR9_TR9,WILMART TR9 TR9 (XF/NSP/*),CRANDALL - WILMARTH 345,02:00,-253.01000000000005,
12/31/2024,25759.0,332040.0,Overton_345_161_xfmr_flo_McCredie_Overton_345,OVER X345 XFMR_1_345 (XF/AMMO/*),MCCREDIE - OVERTON 345,02:00,-697.61,
12/31/2024,,162444.0,AMI13179_REYNOLD4_13857_A,REYNOLD4 13857 A (LN/NIPS/NIPS),WATSEKA - SHELDON SOUTH 138,02:05,-20.56,
12/31/2024,,434059.0,EESOC11_MARIONSE_ANGIE_MARION6_1,MARIONSE ANGIE_MARION6 1 (LN/SOCO/EES),MCKNIGHT - DANIEL 500,02:05,-12.64,
12/31/2024,5701.0,471503.0,FTTXFRFTTXFR,FTTHOMP U1B2 KU1B1 (XF/WAUE/*),FT THOMPSON 345/230 KU1A,02:05,-39.45,
12/31/2024,,357283.0,NSP34007_WILMART_TR9_TR9,WILMART TR9 TR9 (XF/NSP/*),CRANDALL - WILMARTH 345,02:05,-254.33,
12/31/2024,25759.0,332040.0,Overton_345_161_xfmr_flo_McCredie_Overton_345,OVER X345 XFMR_1_345 (XF/AMMO/*),MCCREDIE - OVERTON 345,02:05,-699.88,
12/31/2024,2569.0,417569.0,Stateline_WolfLake138_flo_Burnham_Munster345,7_STATE STATE17WOL13_1 1 (LN/CE/NIPS),BURNHAM-MUNSTER 345 (34504),02:05,-5.14,
12/31/2024,,162444.0,AMI13179_REYNOLD4_13857_A,REYNOLD4 13857 A (LN/NIPS/NIPS),WATSEKA - SHELDON SOUTH 138,02:10,-22.46,
12/31/2024,,434059.0,EESOC11_MARIONSE_ANGIE_MARION6_1,MARIONSE ANGIE_MARION6 1 (LN/SOCO/EES),MCKNIGHT - DANIEL 500,02:10,-20.46,
12/31/2024,5701.0,471503.0,FTTXFRFTTXFR,FTTHOMP U1B2 KU1B1 (XF/WAUE/*),FT THOMPSON 345/230 KU1A,02:10,-39.95,
12/31/2024,,357283.0,NSP34007_WILMART_TR9_TR9,WILMART TR9 TR9 (XF/NSP/*),CRANDALL - WILMARTH 345,02:10,-257.8,
12/31/2024,25759.0,332040.0,Overton_345_161_xfmr_flo_McCredie_Overton_345,OVER X345 XFMR_1_345 (XF/AMMO/*),MCCREDIE - OVERTON 345,02:10,-648.15,
12/31/2024,2569.0,417569.0,Stateline_WolfLake138_flo_Burnham_Munster345,7_STATE STATE17WOL13_1 1 (LN/CE/NIPS),BURNHAM-MUNSTER 345 (34504),02:10,-135.5,
12/31/2024,,162444.0,AMI13179_REYNOLD4_13857_A,REYNOLD4 13857 A (LN/NIPS/NIPS),WATSEKA - SHELDON SOUTH 138,02:15,-26.98,
12/31/2024,,434059.0,EESOC11_MARIONSE_ANGIE_MARION6_1,MARIONSE ANGIE_MARION6 1 (LN/SOCO/EES),MCKNIGHT - DANIEL 500,02:15,-27.46,
12/31/2024,5701.0,471503.0,FTTXFRFTTXFR,FTTHOMP U1B2 KU1B1 (XF/WAUE/*),FT THOMPSON 345/230 KU1A,02:15,-40.07,
12/31/2024,,357283.0,NSP34007_WILMART_TR9_TR9,WILMART TR9 TR9 (XF/NSP/*),CRANDALL - WILMARTH 345,02:15,-198.56,
12/31/2024,25759.0,332040.0,Overton_345_161_xfmr_flo_McCredie_Overton_345,OVER X345 XFMR_1_345 (XF/AMMO/*),MCCREDIE - OVERTON 345,02:15,-393.01,
12/31/2024,2569.0,417569.0,Stateline_WolfLake138_flo_Burnham_Munster345,7_STATE STATE17WOL13_1 1 (LN/CE/NIPS),BURNHAM-MUNSTER 345 (34504),02:15,-876.5,
12/31/2024,,162444.0,AMI13179_REYNOLD4_13857_A,REYNOLD4 13857 A (LN/NIPS/NIPS),WATSEKA - SHELDON SOUTH 138,02:20,-19.82,
12/31/2024,,434059.0,EESOC11_MARIONSE_ANGIE_MARION6_1,MARIONSE ANGIE_MARION6 1 (LN/SOCO/EES),MCKNIGHT - DANIEL 500,02:20,-46.92,
12/31/2024,5701.0,471503.0,FTTXFRFTTXFR,FTTHOMP U1B2 KU1B1 (XF/WAUE/*),FT THOMPSON 345/230 KU1A,02:20,-34.06,
12/31/2024,,357283.0,NSP34007_WILMART_TR9_TR9,WILMART TR9 TR9 (XF/NSP/*),CRANDALL - WILMARTH 345,02:20,-266.51,
12/31/2024,25759.0,332040.0,Overton_345_161_xfmr_flo_McCredie_Overton_345,OVER X345 XFMR_1_345 (XF/AMMO/*),MCCREDIE - OVERTON 345,02:20,-225.46,
12/31/2024,2569.0,417569.0,Stateline_WolfLake138_flo_Burnham_Munster345,7_STATE STATE17WOL13_1 1 (LN/CE/NIPS),BURNHAM-MUNSTER 345 (34504),02:20,-681.7,
12/31/2024,,162444.0,AMI13179_REYNOLD4_13857_A,REYNOLD4 13857 A (LN/NIPS/NIPS),WATSEKA - SHELDON SOUTH 138,02:25,-24.95,
12/31/2024,,434059.0,EESOC11_MARIONSE_ANGIE_MARION6_1,MARIONSE ANGIE_MARION6 1 (LN/SOCO/EES),MCKNIGHT - DANIEL 500,02:25,-10.81,
12/31/2024,5701.0,471503.0,FTTXFRFTTXFR,FTTHOMP U1B2 KU1B1 (XF/WAUE/*),FT THOMPSON 345/230 KU1A,02:25,-33.67,
12/31/2024,,357283.0,NSP34007_WILMART_TR9_TR9,WILMART TR9 TR9 (XF/NSP/*),CRANDALL - WILMARTH 345,02:25,-219.87,
12/31/2024,25759.0,332040.0,Overton_345_161_xfmr_flo_McCredie_Overton_345,OVER X345 XFMR_1_345 (XF/AMMO/*),MCCREDIE - OVERTON 345,02:25,-843.0,
12/31/2024,,162444.0,AMI13179_REYNOLD4_13857_A,REYNOLD4 13857 A (LN/NIPS/NIPS),WATSEKA - SHELDON SOUTH 138,02:30,-19.31,
12/31/2024,,434059.0,EESOC11_MARIONSE_ANGIE_MARION6_1,MARIONSE ANGIE_MARION6 1 (LN/SOCO/EES),MCKNIGHT - DANIEL 500,02:30,-35.25,
12/31/2024,5701.0,471503.0,FTTXFRFTTXFR,FTTHOMP U1B2 KU1B1 (XF/WAUE/*),FT THOMPSON 345/230 KU1A,02:30,-29.16,
12/31/2024,,357283.0,NSP34007_WILMART_TR9_TR9,WILMART TR9 TR9 (XF/NSP/*),CRANDALL - WILMARTH 345,02:30,-259.23,
12/31/2024,25759.0,332040.0,Overton_345_161_xfmr_flo_McCredie_Overton_345,OVER X345 XFMR_1_345 (XF/AMMO/*),MCCREDIE - OVERTON 345,02:30,-667.24,
12/31/2024,,162444.0,AMI13179_REYNOLD4_13857_A,REYNOLD4 13857 A (LN/NIPS/NIPS),WATSEKA - SHELDON SOUTH 138,02:35,-23.9,
12/31/2024,,434059.0,EESOC11_MARIONSE_ANGIE_MARION6_1,MARIONSE ANGIE_MARION6 1 (LN/SOCO/EES),MCKNIGHT - DANIEL 500,02:35,-9.33,
12/31/2024,,357283.0,NSP34007_WILMART_TR9_TR9,WILMART TR9 TR9 (XF/NSP/*),CRANDALL - WILMARTH 345,02:35,-252.45,
12/31/2024,25759.0,332040.0,Overton_345_161_xfmr_flo_McCredie_Overton_345,OVER X345 XFMR_1_345 (XF/AMMO/*),MCCREDIE - OVERTON 345,02:35,-766.68,
12/31/2024,,162444.0,AMI13179_REYNOLD4_13857_A,REYNOLD4 13857 A (LN/NIPS/NIPS),WATSEKA - SHELDON SOUTH 138,02:40,-23.2,
12/31/2024,,434059.0,EESOC11_MARIONSE_ANGIE_MARION6_1,MARIONSE ANGIE_MARION6 1 (LN/SOCO/EES),MCKNIGHT - DANIEL 500,02:40,-12.41,
12/31/2024,,357283.0,NSP34007_WILMART_TR9_TR9,WILMART TR9 TR9 (XF/NSP/*),CRANDALL - WILMARTH 345,02:40,-246.66,
12/31/2024,25759.0,332040.0,Overton_345_161_xfmr_flo_McCredie_Overton_345,OVER X345 XFMR_1_345 (XF/AMMO/*),MCCREDIE - OVERTON 345,02:40,-761.99,
12/31/2024,,162444.0,AMI13179_REYNOLD4_13857_A,REYNOLD4 13857 A (LN/NIPS/NIPS),WATSEKA - SHELDON SOUTH 138,02:45,-19.81,
12/31/2024,,434059.0,EESOC11_MARIONSE_ANGIE_MARION6_1,MARIONSE ANGIE_MARION6 1 (LN/SOCO/EES),MCKNIGHT - DANIEL 500,02:45,-13.83,
12/31/2024,5701.0,471503.0,FTTXFRFTTXFR,FTTHOMP U1B2 KU1B1 (XF/WAUE/*),FT THOMPSON 345/230 KU1A,02:45,-11.5,
12/31/2024,,357283.0,NSP34007_WILMART_TR9_TR9,WILMART TR9 TR9 (XF/NSP/*),CRANDALL - WILMARTH 345,02:45,-269.89,
12/31/2024,25759.0,332040.0,Overton_345_161_xfmr_flo_McCredie_Overton_345,OVER X345 XFMR_1_345 (XF/AMMO/*),MCCREDIE - OVERTON 345,02:45,-649.42,
12/31/2024,,162444.0,AMI13179_REYNOLD4_13857_A,REYNOLD4 13857 A (LN/NIPS/NIPS),WATSEKA - SHELDON SOUTH 138,02:50,-23.99,
12/31/2024,,434059.0,EESOC11_MARIONSE_ANGIE_MARION6_1,MARIONSE ANGIE_MARION6 1 (LN/SOCO/EES),MCKNIGHT - DANIEL 500,02:50,-8.620000000000001,
12/31/2024,5701.0,471503.0,FTTXFRFTTXFR,FTTHOMP U1B2 KU1B1 (XF/WAUE/*),FT THOMPSON 345/230 KU1A,02:50,-26.26,
12/31/2024,,357283.0,NSP34007_WILMART_TR9_TR9,WILMART TR9 TR9 (XF/NSP/*),CRANDALL - WILMARTH 345,02:50,-249.78,
12/31/2024,25759.0,332040.0,Overton_345_161_xfmr_flo_McCredie_Overton_345,OVER X345 XFMR_1_345 (XF/AMMO/*),MCCREDIE - OVERTON 345,02:50,-775.78,
12/31/2024,,162444.0,AMI13179_REYNOLD4_13857_A,REYNOLD4 13857 A (LN/NIPS/NIPS),WATSEKA - SHELDON SOUTH 138,02:55,-18.93,
12/31/2024,,434059.0,EESOC11_MARIONSE_ANGIE_MARION6_1,MARIONSE ANGIE_MARION6 1 (LN/SOCO/EES),MCKNIGHT - DANIEL 500,02:55,-9.05,
12/31/2024,,357283.0,NSP34007_WILMART_TR9_TR9,WILMART TR9 TR9 (XF/NSP/*),CRANDALL - WILMARTH 345,02:55,-263.6,
12/31/2024,25759.0,332040.0,Overton_345_161_xfmr_flo_McCredie_Overton_345,OVER X345 XFMR_1_345 (XF/AMMO/*),MCCREDIE - OVERTON 345,02:55,-630.6800000000001,
12/31/2024,26604.0,344916.0,TMP430_Maryvil_Midway_161_kV_ftlo_Nodaway_Gentry,MIDWAY5 11303 A (LN/MPS/MPS),FAIRPORT - GENTRY - NODAWAY 161,02:55,-0.92,
12/31/2024,,162444.0,AMI13179_REYNOLD4_13857_A,REYNOLD4 13857 A (LN/NIPS/NIPS),WATSEKA - SHELDON SOUTH 138,03:00,-25.45,
12/31/2024,,434059.0,EESOC11_MARIONSE_ANGIE_MARION6_1,MARIONSE ANGIE_MARION6 1 (LN/SOCO/EES),MCKNIGHT - DANIEL 500,03:00,-6.67,
12/31/2024,,357283.0,NSP34007_WILMART_TR9_TR9,WILMART TR9 TR9 (XF/NSP/*),CRANDALL - WILMARTH 345,03:00,-237.6,
12/31/2024,25759.0,332040.0,Overton_345_161_xfmr_flo_McCredie_Overton_345,OVER X345 XFMR_1_345 (XF/AMMO/*),MCCREDIE - OVERTON 345,03:00,-801.29,
12/31/2024,2569.0,417569.0,Stateline_WolfLake138_flo_Burnham_Munster345,7_STATE STATE17WOL13_1 1 (LN/CE/NIPS),BURNHAM-MUNSTER 345 (34504),03:00,-62.6,
12/31/2024,,162444.0,AMI13179_REYNOLD4_13857_A,REYNOLD4 13857 A (LN/NIPS/NIPS),WATSEKA - SHELDON SOUTH 138,03:05,-20.9,
12/31/2024,,434059.0,EESOC11_MARIONSE_ANGIE_MARION6_1,MARIONSE ANGIE_MARION6 1 (LN/SOCO/EES),MCKNIGHT - DANIEL 500,03:05,-7.71,
12/31/2024,5701.0,471503.0,FTTXFRFTTXFR,FTTHOMP U1B2 KU1B1 (XF/WAUE/*),FT THOMPSON 345/230 KU1A,03:05,-19.77,
12/31/2024,,357283.0,NSP34007_WILMART_TR9_TR9,WILMART TR9 TR9 (XF/NSP/*),CRANDALL - WILMARTH 345,03:05,-349.43,
12/31/2024,25759.0,332040.0,Overton_345_161_xfmr_flo_McCredie_Overton_345,OVER X345 XFMR_1_345 (XF/AMMO/*),MCCREDIE - OVERTON 345,03:05,-82.54,
12/31/2024,2569.0,417569.0,Stateline_WolfLake138_flo_Burnham_Munster345,7_STATE STATE17WOL13_1 1 (LN/CE/NIPS),BURNHAM-MUNSTER 345 (34504),03:05,-563.1,
12/31/2024,26604.0,344916.0,TMP430_Maryvil_Midway_161_kV_ftlo_Nodaway_Gentry,MIDWAY5 11303 A (LN/MPS/MPS),FAIRPORT - GENTRY - NODAWAY 161,03:05,-198.78,
12/31/2024,,162444.0,AMI13179_REYNOLD4_13857_A,REYNOLD4 13857 A (LN/NIPS/NIPS),WATSEKA - SHELDON SOUTH 138,03:10,-29.35,
12/31/2024,,357283.0,NSP34007_WILMART_TR9_TR9,WILMART TR9 TR9 (XF/NSP/*),CRANDALL - WILMARTH 345,03:10,-197.79,
12/31/2024,25759.0,332040.0,Overton_345_161_xfmr_flo_McCredie_Overton_345,OVER X345 XFMR_1_345 (XF/AMMO/*),MCCREDIE - OVERTON 345,03:10,-690.55,
12/31/2024,2569.0,417569.0,Stateline_WolfLake138_flo_Burnham_Munster345,7_STATE STATE17WOL13_1 1 (LN/CE/NIPS),BURNHAM-MUNSTER 345 (34504),03:10,-452.5,
12/31/2024,,162444.0,AMI13179_REYNOLD4_13857_A,REYNOLD4 13857 A (LN/NIPS/NIPS),WATSEKA - SHELDON SOUTH 138,03:15,-23.84,
12/31/2024,,434059.0,EESOC11_MARIONSE_ANGIE_MARION6_1,MARIONSE ANGIE_MARION6 1 (LN/SOCO/EES),MCKNIGHT - DANIEL 500,03:15,-6.03,
12/31/2024,,357283.0,NSP34007_WILMART_TR9_TR9,WILMART TR9 TR9 (XF/NSP/*),CRANDALL - WILMARTH 345,03:15,-298.85,
12/31/2024,2569.0,417569.0,Stateline_WolfLake138_flo_Burnham_Munster345,7_STATE STATE17WOL13_1 1 (LN/CE/NIPS),BURNHAM-MUNSTER 345 (34504),03:15,-807.7,
12/31/2024,26604.0,344916.0,TMP430_Maryvil_Midway_161_kV_ftlo_Nodaway_Gentry,MIDWAY5 11303 A (LN/MPS/MPS),FAIRPORT - GENTRY - NODAWAY 161,03:15,-224.58,
12/31/2024,,162444.0,AMI13179_REYNOLD4_13857_A,REYNOLD4 13857 A (LN/NIPS/NIPS),WATSEKA - SHELDON SOUTH 138,03:20,-29.73,
12/31/2024,,357283.0,NSP34007_WILMART_TR9_TR9,WILMART TR9 TR9 (XF/NSP/*),CRANDALL - WILMARTH 345,03:20,-226.55,
12/31/2024,25759.0,332040.0,Overton_345_161_xfmr_flo_McCredie_Overton_345,OVER X345 XFMR_1_345 (XF/AMMO/*),MCCREDIE - OVERTON 345,03:20,-612.5,
12/31/2024,2569.0,417569.0,Stateline_WolfLake138_flo_Burnham_Munster345,7_STATE STATE17WOL13_1 1 (LN/CE/NIPS),BURNHAM-MUNSTER 345 (34504),03:20,-536.9,
12/31/2024,,162444.0,AMI13179_REYNOLD4_13857_A,REYNOLD4 13857 A (LN/NIPS/NIPS),WATSEKA - SHELDON SOUTH 138,03:25,-9.94,
12/31/2024,,434059.0,EESOC11_MARIONSE_ANGIE_MARION6_1,MARIONSE ANGIE_MARION6 1 (LN/SOCO/EES),MCKNIGHT - DANIEL 500,03:25,-34.13,
12/31/2024,,357283.0,NSP34007_WILMART_TR9_TR9,WILMART TR9 TR9 (XF/NSP/*),CRANDALL - WILMARTH 345,03:25,-436.84,
12/31/2024,26604.0,344916.0,TMP430_Maryvil_Midway_161_kV_ftlo_Nodaway_Gentry,MIDWAY5 11303 A (LN/MPS/MPS),FAIRPORT - GENTRY - NODAWAY 161,03:25,-259.66,
12/31/2024,,162444.0,AMI13179_REYNOLD4_13857_A,REYNOLD4 13857 A (LN/NIPS/NIPS),WATSEKA - SHELDON SOUTH 138,03:30,-21.93,
12/31/2024,,434059.0,EESOC11_MARIONSE_ANGIE_MARION6_1,MARIONSE ANGIE_MARION6 1 (LN/SOCO/EES),MCKNIGHT - DANIEL 500,03:30,-3.85,
12/31/2024,,357283.0,NSP34007_WILMART_TR9_TR9,WILMART TR9 TR9 (XF/NSP/*),CRANDALL - WILMARTH 345,03:30,-256.09000000000003,
12/31/2024,25759.0,332040.0,Overton_345_161_xfmr_flo_McCredie_Overton_345,OVER X345 XFMR_1_345 (XF/AMMO/*),MCCREDIE - OVERTON 345,03:30,-706.11,
12/31/2024,,162444.0,AMI13179_REYNOLD4_13857_A,REYNOLD4 13857 A (LN/NIPS/NIPS),WATSEKA - SHELDON SOUTH 138,03:35,-9.73,
12/31/2024,,434059.0,EESOC11_MARIONSE_ANGIE_MARION6_1,MARIONSE ANGIE_MARION6 1 (LN/SOCO/EES),MCKNIGHT - DANIEL 500,03:35,-4.83,
12/31/2024,,357283.0,NSP34007_WILMART_TR9_TR9,WILMART TR9 TR9 (XF/NSP/*),CRANDALL - WILMARTH 345,03:35,-348.09,
12/31/2024,26604.0,344916.0,TMP430_Maryvil_Midway_161_kV_ftlo_Nodaway_Gentry,MIDWAY5 11303 A (LN/MPS/MPS),FAIRPORT - GENTRY - NODAWAY 161,03:35,-280.5,
12/31/2024,,162444.0,AMI13179_REYNOLD4_13857_A,REYNOLD4 13857 A (LN/NIPS/NIPS),WATSEKA - SHELDON SOUTH 138,03:40,-21.17,
12/31/2024,,434059.0,EESOC11_MARIONSE_ANGIE_MARION6_1,MARIONSE ANGIE_MARION6 1 (LN/SOCO/EES),MCKNIGHT - DANIEL 500,03:40,-4.57,
12/31/2024,,357283.0,NSP34007_WILMART_TR9_TR9,WILMART TR9 TR9 (XF/NSP/*),CRANDALL - WILMARTH 345,03:40,-215.25,
12/31/2024,25759.0,332040.0,Overton_345_161_xfmr_flo_McCredie_Overton_345,OVER X345 XFMR_1_345 (XF/AMMO/*),MCCREDIE - OVERTON 345,03:40,-761.35,
12/31/2024,,162444.0,AMI13179_REYNOLD4_13857_A,REYNOLD4 13857 A (LN/NIPS/NIPS),WATSEKA - SHELDON SOUTH 138,03:45,-18.93,
12/31/2024,,434059.0,EESOC11_MARIONSE_ANGIE_MARION6_1,MARIONSE ANGIE_MARION6 1 (LN/SOCO/EES),MCKNIGHT - DANIEL 500,03:45,-4.83,
12/31/2024,,357283.0,NSP34007_WILMART_TR9_TR9,WILMART TR9 TR9 (XF/NSP/*),CRANDALL - WILMARTH 345,03:45,-286.89,
12/31/2024,2569.0,417569.0,Stateline_WolfLake138_flo_Burnham_Munster345,7_STATE STATE17WOL13_1 1 (LN/CE/NIPS),BURNHAM-MUNSTER 345 (34504),03:45,-786.7,
12/31/2024,26604.0,344916.0,TMP430_Maryvil_Midway_161_kV_ftlo_Nodaway_Gentry,MIDWAY5 11303 A (LN/MPS/MPS),FAIRPORT - GENTRY - NODAWAY 161,03:45,-198.26,
12/31/2024,,162444.0,AMI13179_REYNOLD4_13857_A,REYNOLD4 13857 A (LN/NIPS/NIPS),WATSEKA - SHELDON SOUTH 138,03:50,-24.25,
12/31/2024,,434059.0,EESOC11_MARIONSE_ANGIE_MARION6_1,MARIONSE ANGIE_MARION6 1 (LN/SOCO/EES),MCKNIGHT - DANIEL 500,03:50,-4.8,
12/31/2024,,357283.0,NSP34007_WILMART_TR9_TR9,WILMART TR9 TR9 (XF/NSP/*),CRANDALL - WILMARTH 345,03:50,-254.04,
12/31/2024,25759.0,332040.0,Overton_345_161_xfmr_flo_McCredie_Overton_345,OVER X345 XFMR_1_345 (XF/AMMO/*),MCCREDIE - OVERTON 345,03:50,-228.67,
12/31/2024,2569.0,417569.0,Stateline_WolfLake138_flo_Burnham_Munster345,7_STATE STATE17WOL13_1 1 (LN/CE/NIPS),BURNHAM-MUNSTER 345 (34504),03:50,-786.3,
12/31/2024,26604.0,344916.0,TMP430_Maryvil_Midway_161_kV_ftlo_Nodaway_Gentry,MIDWAY5 11303 A (LN/MPS/MPS),FAIRPORT - GENTRY - NODAWAY 161,03:50,-131.5,
12/31/2024,,162444.0,AMI13179_REYNOLD4_13857_A,REYNOLD4 13857 A (LN/NIPS/NIPS),WATSEKA - SHELDON SOUTH 138,03:55,-26.73,
12/31/2024,,434059.0,EESOC11_MARIONSE_ANGIE_MARION6_1,MARIONSE ANGIE_MARION6 1 (LN/SOCO/EES),MCKNIGHT - DANIEL 500,03:55,-7.08,
12/31/2024,,357283.0,NSP34007_WILMART_TR9_TR9,WILMART TR9 TR9 (XF/NSP/*),CRANDALL - WILMARTH 345,03:55,-248.6,
12/31/2024,25759.0,332040.0,Overton_345_161_xfmr_flo_McCredie_Overton_345,OVER X345 XFMR_1_345 (XF/AMMO/*),MCCREDIE - OVERTON 345,03:55,-501.9,
12/31/2024,2569.0,417569.0,Stateline_WolfLake138_flo_Burnham_Munster345,7_STATE STATE17WOL13_1 1 (LN/CE/NIPS),BURNHAM-MUNSTER 345 (34504),03:55,-541.9,
12/31/2024,26604.0,344916.0,TMP430_Maryvil_Midway_161_kV_ftlo_Nodaway_Gentry,MIDWAY5 11303 A (LN/MPS/MPS),FAIRPORT - GENTRY - NODAWAY 161,03:55,-15.7,
12/31/2024,,162444.0,AMI13179_REYNOLD4_13857_A,REYNOLD4 13857 A (LN/NIPS/NIPS),WATSEKA - SHELDON SOUTH 138,04:00,-26.78,
12/31/2024,,434059.0,EESOC11_MARIONSE_ANGIE_MARION6_1,MARIONSE ANGIE_MARION6 1 (LN/SOCO/EES),MCKNIGHT - DANIEL 500,04:00,-7.75,
12/31/2024,,357283.0,NSP34007_WILMART_TR9_TR9,WILMART TR9 TR9 (XF/NSP/*),CRANDALL - WILMARTH 345,04:00,-253.94,
12/31/2024,25759.0,332040.0,Overton_345_161_xfmr_flo_McCredie_Overton_345,OVER X345 XFMR_1_345 (XF/AMMO/*),MCCREDIE - OVERTON 345,04:00,-461.62,
12/31/2024,2569.0,417569.0,Stateline_WolfLake138_flo_Burnham_Munster345,7_STATE STATE17WOL13_1 1 (LN/CE/NIPS),BURNHAM-MUNSTER 345 (34504),04:00,-589.3000000000001,
12/31/2024,26604.0,344916.0,TMP430_Maryvil_Midway_161_kV_ftlo_Nodaway_Gentry,MIDWAY5 11303 A (LN/MPS/MPS),FAIRPORT - GENTRY - NODAWAY 161,04:00,-21.22,
12/31/2024,,162444.0,AMI13179_REYNOLD4_13857_A,REYNOLD4 13857 A (LN/NIPS/NIPS),WATSEKA - SHELDON SOUTH 138,04:05,-19.23,
12/31/2024,,434059.0,EESOC11_MARIONSE_ANGIE_MARION6_1,MARIONSE ANGIE_MARION6 1 (LN/SOCO/EES),MCKNIGHT - DANIEL 500,04:05,-13.25,
12/31/2024,,357283.0,NSP34007_WILMART_TR9_TR9,WILMART TR9 TR9 (XF/NSP/*),CRANDALL - WILMARTH 345,04:05,-268.1,
12/31/2024,25759.0,332040.0,Overton_345_161_xfmr_flo_McCredie_Overton_345,OVER X345 XFMR_1_345 (XF/AMMO/*),MCCREDIE - OVERTON 345,04:05,-639.9300000000001,
12/31/2024,,162444.0,AMI13179_REYNOLD4_13857_A,REYNOLD4 13857 A (LN/NIPS/NIPS),WATSEKA - SHELDON SOUTH 138,04:10,-15.92,
12/31/2024,,434059.0,EESOC11_MARIONSE_ANGIE_MARION6_1,MARIONSE ANGIE_MARION6 1 (LN/SOCO/EES),MCKNIGHT - DANIEL 500,04:10,-10.89,
12/31/2024,,357283.0,NSP34007_WILMART_TR9_TR9,WILMART TR9 TR9 (XF/NSP/*),CRANDALL - WILMARTH 345,04:10,-319.23,
12/31/2024,25759.0,332040.0,Overton_345_161_xfmr_flo_McCredie_Overton_345,OVER X345 XFMR_1_345 (XF/AMMO/*),MCCREDIE - OVERTON 345,04:10,-430.93,
12/31/2024,26604.0,344916.0,TMP430_Maryvil_Midway_161_kV_ftlo_Nodaway_Gentry,MIDWAY5 11303 A (LN/MPS/MPS),FAIRPORT - GENTRY - NODAWAY 161,04:10,-39.800000000000004,
12/31/2024,,162444.0,AMI13179_REYNOLD4_13857_A,REYNOLD4 13857 A (LN/NIPS/NIPS),WATSEKA - SHELDON SOUTH 138,04:15,-18.11,
12/31/2024,,434059.0,EESOC11_MARIONSE_ANGIE_MARION6_1,MARIONSE ANGIE_MARION6 1 (LN/SOCO/EES),MCKNIGHT - DANIEL 500,04:15,-34.79,
12/31/2024,,357283.0,NSP34007_WILMART_TR9_TR9,WILMART TR9 TR9 (XF/NSP/*),CRANDALL - WILMARTH 345,04:15,-273.28000000000003,
12/31/2024,25759.0,332040.0,Overton_345_161_xfmr_flo_McCredie_Overton_345,OVER X345 XFMR_1_345 (XF/AMMO/*),MCCREDIE - OVERTON 345,04:15,-598.25,
12/31/2024,26604.0,344916.0,TMP430_Maryvil_Midway_161_kV_ftlo_Nodaway_Gentry,MIDWAY5 11303 A (LN/MPS/MPS),FAIRPORT - GENTRY - NODAWAY 161,04:15,-4.88,
12/31/2024,,162444.0,AMI13179_REYNOLD4_13857_A,REYNOLD4 13857 A (LN/NIPS/NIPS),WATSEKA - SHELDON SOUTH 138,04:20,-12.3,
12/31/2024,,434059.0,EESOC11_MARIONSE_ANGIE_MARION6_1,MARIONSE ANGIE_MARION6 1 (LN/SOCO/EES),MCKNIGHT - DANIEL 500,04:20,-29.16,
12/31/2024,,357283.0,NSP34007_WILMART_TR9_TR9,WILMART TR9 TR9 (XF/NSP/*),CRANDALL - WILMARTH 345,04:20,-370.75,
12/31/2024,25759.0,332040.0,Overton_345_161_xfmr_flo_McCredie_Overton_345,OVER X345 XFMR_1_345 (XF/AMMO/*),MCCREDIE - OVERTON 345,04:20,-86.96,
12/31/2024,26604.0,344916.0,TMP430_Maryvil_Midway_161_kV_ftlo_Nodaway_Gentry,MIDWAY5 11303 A (LN/MPS/MPS),FAIRPORT - GENTRY - NODAWAY 161,04:20,-119.43,
12/31/2024,,162444.0,AMI13179_REYNOLD4_13857_A,REYNOLD4 13857 A (LN/NIPS/NIPS),WATSEKA - SHELDON SOUTH 138,04:25,-26.46,
12/31/2024,,434059.0,EESOC11_MARIONSE_ANGIE_MARION6_1,MARIONSE ANGIE_MARION6 1 (LN/SOCO/EES),MCKNIGHT - DANIEL 500,04:25,-9.73,
12/31/2024,,357283.0,NSP34007_WILMART_TR9_TR9,WILMART TR9 TR9 (XF/NSP/*),CRANDALL - WILMARTH 345,04:25,-247.1,
12/31/2024,25759.0,332040.0,Overton_345_161_xfmr_flo_McCredie_Overton_345,OVER X345 XFMR_1_345 (XF/AMMO/*),MCCREDIE - OVERTON 345,04:25,-289.29,
12/31/2024,2569.0,417569.0,Stateline_WolfLake138_flo_Burnham_Munster345,7_STATE STATE17WOL13_1 1 (LN/CE/NIPS),BURNHAM-MUNSTER 345 (34504),04:25,-783.1,
12/31/2024,26604.0,344916.0,TMP430_Maryvil_Midway_161_kV_ftlo_Nodaway_Gentry,MIDWAY5 11303 A (LN/MPS/MPS),FAIRPORT - GENTRY - NODAWAY 161,04:25,-51.26,
12/31/2024,,162444.0,AMI13179_REYNOLD4_13857_A,REYNOLD4 13857 A (LN/NIPS/NIPS),WATSEKA - SHELDON SOUTH 138,04:30,-22.39,
12/31/2024,,434059.0,EESOC11_MARIONSE_ANGIE_MARION6_1,MARIONSE ANGIE_MARION6 1 (LN/SOCO/EES),MCKNIGHT - DANIEL 500,04:30,-14.5,
12/31/2024,,357283.0,NSP34007_WILMART_TR9_TR9,WILMART TR9 TR9 (XF/NSP/*),CRANDALL - WILMARTH 345,04:30,-333.0,
12/31/2024,2569.0,417569.0,Stateline_WolfLake138_flo_Burnham_Munster345,7_STATE STATE17WOL13_1 1 (LN/CE/NIPS),BURNHAM-MUNSTER 345 (34504),04:30,-784.4,
12/31/2024,26604.0,344916.0,TMP430_Maryvil_Midway_161_kV_ftlo_Nodaway_Gentry,MIDWAY5 11303 A (LN/MPS/MPS),FAIRPORT - GENTRY - NODAWAY 161,04:30,-110.69,
12/31/2024,,162444.0,AMI13179_REYNOLD4_13857_A,REYNOLD4 13857 A (LN/NIPS/NIPS),WATSEKA - SHELDON SOUTH 138,04:35,-27.62,
12/31/2024,,434059.0,EESOC11_MARIONSE_ANGIE_MARION6_1,MARIONSE ANGIE_MARION6 1 (LN/SOCO/EES),MCKNIGHT - DANIEL 500,04:35,-6.24,
12/31/2024,,357283.0,NSP34007_WILMART_TR9_TR9,WILMART TR9 TR9 (XF/NSP/*),CRANDALL - WILMARTH 345,04:35,-257.09000000000003,
12/31/2024,25759.0,332040.0,Overton_345_161_xfmr_flo_McCredie_Overton_345,OVER X345 XFMR_1_345 (XF/AMMO/*),MCCREDIE - OVERTON 345,04:35,-387.1,
12/31/2024,2569.0,417569.0,Stateline_WolfLake138_flo_Burnham_Munster345,7_STATE STATE17WOL13_1 1 (LN/CE/NIPS),BURNHAM-MUNSTER 345 (34504),04:35,-714.4,
12/31/2024,26604.0,344916.0,TMP430_Maryvil_Midway_161_kV_ftlo_Nodaway_Gentry,MIDWAY5 11303 A (LN/MPS/MPS),FAIRPORT - GENTRY - NODAWAY 161,04:35,-32.660000000000004,
12/31/2024,,162444.0,AMI13179_REYNOLD4_13857_A,REYNOLD4 13857 A (LN/NIPS/NIPS),WATSEKA - SHELDON SOUTH 138,04:40,-26.49,
12/31/2024,,434059.0,EESOC11_MARIONSE_ANGIE_MARION6_1,MARIONSE ANGIE_MARION6 1 (LN/SOCO/EES),MCKNIGHT - DANIEL 500,04:40,-6.76,
12/31/2024,,357283.0,NSP34007_WILMART_TR9_TR9,WILMART TR9 TR9 (XF/NSP/*),CRANDALL - WILMARTH 345,04:40,-254.22,
12/31/2024,25759.0,332040.0,Overton_345_161_xfmr_flo_McCredie_Overton_345,OVER X345 XFMR_1_345 (XF/AMMO/*),MCCREDIE - OVERTON 345,04:40,-615.8100000000001,
12/31/2024,2569.0,417569.0,Stateline_WolfLake138_flo_Burnham_Munster345,7_STATE STATE17WOL13_1 1 (LN/CE/NIPS),BURNHAM-MUNSTER 345 (34504),04:40,-324.81,
12/31/2024,,162444.0,AMI13179_REYNOLD4_13857_A,REYNOLD4 13857 A (LN/NIPS/NIPS),WATSEKA - SHELDON SOUTH 138,04:45,-27.13,
12/31/2024,,434059.0,EESOC11_MARIONSE_ANGIE_MARION6_1,MARIONSE ANGIE_MARION6 1 (LN/SOCO/EES),MCKNIGHT - DANIEL 500,04:45,-5.47,
12/31/2024,,357283.0,NSP34007_WILMART_TR9_TR9,WILMART TR9 TR9 (XF/NSP/*),CRANDALL - WILMARTH 345,04:45,-244.35,
12/31/2024,25759.0,332040.0,Overton_345_161_xfmr_flo_McCredie_Overton_345,OVER X345 XFMR_1_345 (XF/AMMO/*),MCCREDIE - OVERTON 345,04:45,-638.13,
12/31/2024,2569.0,417569.0,Stateline_WolfLake138_flo_Burnham_Munster345,7_STATE STATE17WOL13_1 1 (LN/CE/NIPS),BURNHAM-MUNSTER 345 (34504),04:45,-309.5,
12/31/2024,,162444.0,AMI13179_REYNOLD4_13857_A,REYNOLD4 13857 A (LN/NIPS/NIPS),WATSEKA - SHELDON SOUTH 138,04:50,-24.35,
12/31/2024,,434059.0,EESOC11_MARIONSE_ANGIE_MARION6_1,MARIONSE ANGIE_MARION6 1 (LN/SOCO/EES),MCKNIGHT - DANIEL 500,04:50,-7.09,
12/31/2024,,357283.0,NSP34007_WILMART_TR9_TR9,WILMART TR9 TR9 (XF/NSP/*),CRANDALL - WILMARTH 345,04:50,-244.07,
12/31/2024,25759.0,332040.0,Overton_345_161_xfmr_flo_McCredie_Overton_345,OVER X345 XFMR_1_345 (XF/AMMO/*),MCCREDIE - OVERTON 345,04:50,-765.53,
12/31/2024,,310528.0,ALWMEC15_IRVINESS_IRVINBEACO16_1_1,IRVINESS IRVINBEACO16_1 1 (LN/ALTW/ALTW),OTTUMWA - MONTEZUMA 345,04:55,-28.21,
12/31/2024,,162444.0,AMI13179_REYNOLD4_13857_A,REYNOLD4 13857 A (LN/NIPS/NIPS),WATSEKA - SHELDON SOUTH 138,04:55,-20.41,
12/31/2024,,434059.0,EESOC11_MARIONSE_ANGIE_MARION6_1,MARIONSE ANGIE_MARION6 1 (LN/SOCO/EES),MCKNIGHT - DANIEL 500,04:55,-7.62,
12/31/2024,,357283.0,NSP34007_WILMART_TR9_TR9,WILMART TR9 TR9 (XF/NSP/*),CRANDALL - WILMARTH 345,04:55,-254.52,
12/31/2024,25759.0,332040.0,Overton_345_161_xfmr_flo_McCredie_Overton_345,OVER X345 XFMR_1_345 (XF/AMMO/*),MCCREDIE - OVERTON 345,04:55,-654.66,
12/31/2024,,162444.0,AMI13179_REYNOLD4_13857_A,REYNOLD4 13857 A (LN/NIPS/NIPS),WATSEKA - SHELDON SOUTH 138,05:00,-22.71,
12/31/2024,,434059.0,EESOC11_MARIONSE_ANGIE_MARION6_1,MARIONSE ANGIE_MARION6 1 (LN/SOCO/EES),MCKNIGHT - DANIEL 500,05:00,-9.99,
12/31/2024,,357283.0,NSP34007_WILMART_TR9_TR9,WILMART TR9 TR9 (XF/NSP/*),CRANDALL - WILMARTH 345,05:00,-252.01000000000005,
12/31/2024,25759.0,332040.0,Overton_345_161_xfmr_flo_McCredie_Overton_345,OVER X345 XFMR_1_345 (XF/AMMO/*),MCCREDIE - OVERTON 345,05:00,-726.81,
12/31/2024,,310528.0,ALWMEC15_IRVINESS_IRVINBEACO16_1_1,IRVINESS IRVINBEACO16_1 1 (LN/ALTW/ALTW),OTTUMWA - MONTEZUMA 345,05:05,-49.57,
12/31/2024,,162444.0,AMI13179_REYNOLD4_13857_A,REYNOLD4 13857 A (LN/NIPS/NIPS),WATSEKA - SHELDON SOUTH 138,05:05,-18.650000000000002,
12/31/2024,,434059.0,EESOC11_MARIONSE_ANGIE_MARION6_1,MARIONSE ANGIE_MARION6 1 (LN/SOCO/EES),MCKNIGHT - DANIEL 500,05:05,-2.47,
12/31/2024,,357283.0,NSP34007_WILMART_TR9_TR9,WILMART TR9 TR9 (XF/NSP/*),CRANDALL - WILMARTH 345,05:05,-270.37,
12/31/2024,25759.0,332040.0,Overton_345_161_xfmr_flo_McCredie_Overton_345,OVER X345 XFMR_1_345 (XF/AMMO/*),MCCREDIE - OVERTON 345,05:05,-569.84,
12/31/2024,26604.0,344916.0,TMP430_Maryvil_Midway_161_kV_ftlo_Nodaway_Gentry,MIDWAY5 11303 A (LN/MPS/MPS),FAIRPORT - GENTRY - NODAWAY 161,05:05,-12.23,
12/31/2024,,310528.0,ALWMEC15_IRVINESS_IRVINBEACO16_1_1,IRVINESS IRVINBEACO16_1 1 (LN/ALTW/ALTW),OTTUMWA - MONTEZUMA 345,05:10,-58.03,
12/31/2024,,162444.0,AMI13179_REYNOLD4_13857_A,REYNOLD4 13857 A (LN/NIPS/NIPS),WATSEKA - SHELDON SOUTH 138,05:10,-15.97,
12/31/2024,,434059.0,EESOC11_MARIONSE_ANGIE_MARION6_1,MARIONSE ANGIE_MARION6 1 (LN/SOCO/EES),MCKNIGHT - DANIEL 500,05:10,-42.33,
12/31/2024,,357283.0,NSP34007_WILMART_TR9_TR9,WILMART TR9 TR9 (XF/NSP/*),CRANDALL - WILMARTH 345,05:10,-285.19,
12/31/2024,25759.0,332040.0,Overton_345_161_xfmr_flo_McCredie_Overton_345,OVER X345 XFMR_1_345 (XF/AMMO/*),MCCREDIE - OVERTON 345,05:10,-153.83,
12/31/2024,2569.0,417569.0,Stateline_WolfLake138_flo_Burnham_Munster345,7_STATE STATE17WOL13_1 1 (LN/CE/NIPS),BURNHAM-MUNSTER 345 (34504),05:10,-513.1,
12/31/2024,26604.0,344916.0,TMP430_Maryvil_Midway_161_kV_ftlo_Nodaway_Gentry,MIDWAY5 11303 A (LN/MPS/MPS),FAIRPORT - GENTRY - NODAWAY 161,05:10,-73.49,
12/31/2024,,310528.0,ALWMEC15_IRVINESS_IRVINBEACO16_1_1,IRVINESS IRVINBEACO16_1 1 (LN/ALTW/ALTW),OTTUMWA - MONTEZUMA 345,05:15,-25.93,
12/31/2024,,162444.0,AMI13179_REYNOLD4_13857_A,REYNOLD4 13857 A (LN/NIPS/NIPS),WATSEKA - SHELDON SOUTH 138,05:15,-19.67,
12/31/2024,,434059.0,EESOC11_MARIONSE_ANGIE_MARION6_1,MARIONSE ANGIE_MARION6 1 (LN/SOCO/EES),MCKNIGHT - DANIEL 500,05:15,-3.98,
12/31/2024,,357283.0,NSP34007_WILMART_TR9_TR9,WILMART TR9 TR9 (XF/NSP/*),CRANDALL - WILMARTH 345,05:15,-265.97,
12/31/2024,25759.0,332040.0,Overton_345_161_xfmr_flo_McCredie_Overton_345,OVER X345 XFMR_1_345 (XF/AMMO/*),MCCREDIE - OVERTON 345,05:15,-547.78,
12/31/2024,2569.0,417569.0,Stateline_WolfLake138_flo_Burnham_Munster345,7_STATE STATE17WOL13_1 1 (LN/CE/NIPS),BURNHAM-MUNSTER 345 (34504),05:15,-116.4,
12/31/2024,26604.0,344916.0,TMP430_Maryvil_Midway_161_kV_ftlo_Nodaway_Gentry,MIDWAY5 11303 A (LN/MPS/MPS),FAIRPORT - GENTRY - NODAWAY 161,05:15,-11.92,
12/31/2024,,310528.0,ALWMEC15_IRVINESS_IRVINBEACO16_1_1,IRVINESS IRVINBEACO16_1 1 (LN/ALTW/ALTW),OTTUMWA - MONTEZUMA 345,05:20,-61.09,
12/31/2024,,162444.0,AMI13179_REYNOLD4_13857_A,REYNOLD4 13857 A (LN/NIPS/NIPS),WATSEKA - SHELDON SOUTH 138,05:20,-19.86,
12/31/2024,,434059.0,EESOC11_MARIONSE_ANGIE_MARION6_1,MARIONSE ANGIE_MARION6 1 (LN/SOCO/EES),MCKNIGHT - DANIEL 500,05:20,-1.92,
12/31/2024,,357283.0,NSP34007_WILMART_TR9_TR9,WILMART TR9 TR9 (XF/NSP/*),CRANDALL - WILMARTH 345,05:20,-284.05,
12/31/2024,25759.0,332040.0,Overton_345_161_xfmr_flo_McCredie_Overton_345,OVER X345 XFMR_1_345 (XF/AMMO/*),MCCREDIE - OVERTON 345,05:20,-223.54,
12/31/2024,2569.0,417569.0,Stateline_WolfLake138_flo_Burnham_Munster345,7_STATE STATE17WOL13_1 1 (LN/CE/NIPS),BURNHAM-MUNSTER 345 (34504),05:20,-524.4,
12/31/2024,26604.0,344916.0,TMP430_Maryvil_Midway_161_kV_ftlo_Nodaway_Gentry,MIDWAY5 11303 A (LN/MPS/MPS),FAIRPORT - GENTRY - NODAWAY 161,05:20,-63.66,
12/31/2024,,310528.0,ALWMEC15_IRVINESS_IRVINBEACO16_1_1,IRVINESS IRVINBEACO16_1 1 (LN/ALTW/ALTW),OTTUMWA - MONTEZUMA 345,05:25,-73.03,
12/31/2024,,162444.0,AMI13179_REYNOLD4_13857_A,REYNOLD4 13857 A (LN/NIPS/NIPS),WATSEKA - SHELDON SOUTH 138,05:25,-17.2,
12/31/2024,,434059.0,EESOC11_MARIONSE_ANGIE_MARION6_1,MARIONSE ANGIE_MARION6 1 (LN/SOCO/EES),MCKNIGHT - DANIEL 500,05:25,-2.07,
12/31/2024,,357283.0,NSP34007_WILMART_TR9_TR9,WILMART TR9 TR9 (XF/NSP/*),CRANDALL - WILMARTH 345,05:25,-260.2,
12/31/2024,25759.0,332040.0,Overton_345_161_xfmr_flo_McCredie_Overton_345,OVER X345 XFMR_1_345 (XF/AMMO/*),MCCREDIE - OVERTON 345,05:25,-550.5,
12/31/2024,26604.0,344916.0,TMP430_Maryvil_Midway_161_kV_ftlo_Nodaway_Gentry,MIDWAY5 11303 A (LN/MPS/MPS),FAIRPORT - GENTRY - NODAWAY 161,05:25,-10.26,
12/31/2024,,310528.0,ALWMEC15_IRVINESS_IRVINBEACO16_1_1,IRVINESS IRVINBEACO16_1 1 (LN/ALTW/ALTW),OTTUMWA - MONTEZUMA 345,05:30,-75.15,
12/31/2024,,162444.0,AMI13179_REYNOLD4_13857_A,REYNOLD4 13857 A (LN/NIPS/NIPS),WATSEKA - SHELDON SOUTH 138,05:30,-14.71,
12/31/2024,,434059.0,EESOC11_MARIONSE_ANGIE_MARION6_1,MARIONSE ANGIE_MARION6 1 (LN/SOCO/EES),MCKNIGHT - DANIEL 500,05:30,-0.74,
12/31/2024,,357283.0,NSP34007_WILMART_TR9_TR9,WILMART TR9 TR9 (XF/NSP/*),CRANDALL - WILMARTH 345,05:30,-392.91,
12/31/2024,25759.0,332040.0,Overton_345_161_xfmr_flo_McCredie_Overton_345,OVER X345 XFMR_1_345 (XF/AMMO/*),MCCREDIE - OVERTON 345,05:30,-11.46,
12/31/2024,2569.0,417569.0,Stateline_WolfLake138_flo_Burnham_Munster345,7_STATE STATE17WOL13_1 1 (LN/CE/NIPS),BURNHAM-MUNSTER 345 (34504),05:30,-217.77,
12/31/2024,26016.0,1531.0,TEMP39_LN_Tekamho_Sub_1226_161_kV_FTLO_Raun_Fort,TEKAMHO TEKAMSUB1216_1 1 (LN/OPPD/OPPD),FORT CALHOUN-RAUN 345,05:30,-52.46,
12/31/2024,26604.0,344916.0,TMP430_Maryvil_Midway_161_kV_ftlo_Nodaway_Gentry,MIDWAY5 11303 A (LN/MPS/MPS),FAIRPORT - GENTRY - NODAWAY 161,05:30,-126.38000000000002,
12/31/2024,,310528.0,ALWMEC15_IRVINESS_IRVINBEACO16_1_1,IRVINESS IRVINBEACO16_1 1 (LN/ALTW/ALTW),OTTUMWA - MONTEZUMA 345,05:35,-53.19,
12/31/2024,,162444.0,AMI13179_REYNOLD4_13857_A,REYNOLD4 13857 A (LN/NIPS/NIPS),WATSEKA - SHELDON SOUTH 138,05:35,-15.18,
12/31/2024,,434059.0,EESOC11_MARIONSE_ANGIE_MARION6_1,MARIONSE ANGIE_MARION6 1 (LN/SOCO/EES),MCKNIGHT - DANIEL 500,05:35,-4.97,
12/31/2024,,357283.0,NSP34007_WILMART_TR9_TR9,WILMART TR9 TR9 (XF/NSP/*),CRANDALL - WILMARTH 345,05:35,-389.21,
12/31/2024,25759.0,332040.0,Overton_345_161_xfmr_flo_McCredie_Overton_345,OVER X345 XFMR_1_345 (XF/AMMO/*),MCCREDIE - OVERTON 345,05:35,-271.14,
12/31/2024,,310528.0,ALWMEC15_IRVINESS_IRVINBEACO16_1_1,IRVINESS IRVINBEACO16_1 1 (LN/ALTW/ALTW),OTTUMWA - MONTEZUMA 345,05:40,-56.34,
12/31/2024,,162444.0,AMI13179_REYNOLD4_13857_A,REYNOLD4 13857 A (LN/NIPS/NIPS),WATSEKA - SHELDON SOUTH 138,05:40,-12.77,
12/31/2024,5566.0,246672.0,Cooper_StJoe345_ftlo_Cooper_Fairport_StJoe345_Fa,COOPER ST_JOCOOPE34_1 A (LN/NPPD/MPS),ST JOE - FAIRPORT - COOPER 345,05:40,-72.94,
12/31/2024,5701.0,471503.0,FTTXFRFTTXFR,FTTHOMP U1B2 KU1B1 (XF/WAUE/*),FT THOMPSON 345/230 KU1A,05:40,-29.4,
12/31/2024,,357283.0,NSP34007_WILMART_TR9_TR9,WILMART TR9 TR9 (XF/NSP/*),CRANDALL - WILMARTH 345,05:40,-266.92,
12/31/2024,25759.0,332040.0,Overton_345_161_xfmr_flo_McCredie_Overton_345,OVER X345 XFMR_1_345 (XF/AMMO/*),MCCREDIE - OVERTON 345,05:40,-455.48,
12/31/2024,,310528.0,ALWMEC15_IRVINESS_IRVINBEACO16_1_1,IRVINESS IRVINBEACO16_1 1 (LN/ALTW/ALTW),OTTUMWA - MONTEZUMA 345,05:45,-36.74,
12/31/2024,,162444.0,AMI13179_REYNOLD4_13857_A,REYNOLD4 13857 A (LN/NIPS/NIPS),WATSEKA - SHELDON SOUTH 138,05:45,-17.78,
12/31/2024,5566.0,246672.0,Cooper_StJoe345_ftlo_Cooper_Fairport_StJoe345_Fa,COOPER ST_JOCOOPE34_1 A (LN/NPPD/MPS),ST JOE - FAIRPORT - COOPER 345,05:45,-3.11,
12/31/2024,,434059.0,EESOC11_MARIONSE_ANGIE_MARION6_1,MARIONSE ANGIE_MARION6 1 (LN/SOCO/EES),MCKNIGHT - DANIEL 500,05:45,-1.59,
12/31/2024,,357283.0,NSP34007_WILMART_TR9_TR9,WILMART TR9 TR9 (XF/NSP/*),CRANDALL - WILMARTH 345,05:45,-267.51,
12/31/2024,25759.0,332040.0,Overton_345_161_xfmr_flo_McCredie_Overton_345,OVER X345 XFMR_1_345 (XF/AMMO/*),MCCREDIE - OVERTON 345,05:45,-669.35,
12/31/2024,2569.0,417569.0,Stateline_WolfLake138_flo_Burnham_Munster345,7_STATE STATE17WOL13_1 1 (LN/CE/NIPS),BURNHAM-MUNSTER 345 (34504),05:45,-34.300000000000004,
12/31/2024,,310528.0,ALWMEC15_IRVINESS_IRVINBEACO16_1_1,IRVINESS IRVINBEACO16_1 1 (LN/ALTW/ALTW),OTTUMWA - MONTEZUMA 345,05:50,-63.49,
12/31/2024,,162444.0,AMI13179_REYNOLD4_13857_A,REYNOLD4 13857 A (LN/NIPS/NIPS),WATSEKA - SHELDON SOUTH 138,05:50,-23.04,
12/31/2024,5566.0,246672.0,Cooper_StJoe345_ftlo_Cooper_Fairport_StJoe345_Fa,COOPER ST_JOCOOPE34_1 A (LN/NPPD/MPS),ST JOE - FAIRPORT - COOPER 345,05:50,-61.85,
12/31/2024,,357283.0,NSP34007_WILMART_TR9_TR9,WILMART TR9 TR9 (XF/NSP/*),CRANDALL - WILMARTH 345,05:50,-285.33,
12/31/2024,25759.0,332040.0,Overton_345_161_xfmr_flo_McCredie_Overton_345,OVER X345 XFMR_1_345 (XF/AMMO/*),MCCREDIE - OVERTON 345,05:50,-152.6,
12/31/2024,2569.0,417569.0,Stateline_WolfLake138_flo_Burnham_Munster345,7_STATE STATE17WOL13_1 1 (LN/CE/NIPS),BURNHAM-MUNSTER 345 (34504),05:50,-508.9,
12/31/2024,26604.0,344916.0,TMP430_Maryvil_Midway_161_kV_ftlo_Nodaway_Gentry,MIDWAY5 11303 A (LN/MPS/MPS),FAIRPORT - GENTRY - NODAWAY 161,05:50,-101.11,
12/31/2024,,310528.0,ALWMEC15_IRVINESS_IRVINBEACO16_1_1,IRVINESS IRVINBEACO16_1 1 (LN/ALTW/ALTW),OTTUMWA - MONTEZUMA 345,05:55,-67.99,
12/31/2024,,162444.0,AMI13179_REYNOLD4_13857_A,REYNOLD4 13857 A (LN/NIPS/NIPS),WATSEKA - SHELDON SOUTH 138,05:55,-31.23,
12/31/2024,,357283.0,NSP34007_WILMART_TR9_TR9,WILMART TR9 TR9 (XF/NSP/*),CRANDALL - WILMARTH 345,05:55,-267.6,
12/31/2024,25759.0,332040.0,Overton_345_161_xfmr_flo_McCredie_Overton_345,OVER X345 XFMR_1_345 (XF/AMMO/*),MCCREDIE - OVERTON 345,05:55,-405.7,
12/31/2024,2569.0,417569.0,Stateline_WolfLake138_flo_Burnham_Munster345,7_STATE STATE17WOL13_1 1 (LN/CE/NIPS),BURNHAM-MUNSTER 345 (34504),05:55,-638.4,
12/31/2024,26604.0,344916.0,TMP430_Maryvil_Midway_161_kV_ftlo_Nodaway_Gentry,MIDWAY5 11303 A (LN/MPS/MPS),FAIRPORT - GENTRY - NODAWAY 161,05:55,-41.32,
12/31/2024,,310528.0,ALWMEC15_IRVINESS_IRVINBEACO16_1_1,IRVINESS IRVINBEACO16_1 1 (LN/ALTW/ALTW),OTTUMWA - MONTEZUMA 345,06:00,-63.49,
12/31/2024,,162444.0,AMI13179_REYNOLD4_13857_A,REYNOLD4 13857 A (LN/NIPS/NIPS),WATSEKA - SHELDON SOUTH 138,06:00,-27.21,
12/31/2024,5566.0,246672.0,Cooper_StJoe345_ftlo_Cooper_Fairport_StJoe345_Fa,COOPER ST_JOCOOPE34_1 A (LN/NPPD/MPS),ST JOE - FAIRPORT - COOPER 345,06:00,-20.01,
12/31/2024,,357283.0,NSP34007_WILMART_TR9_TR9,WILMART TR9 TR9 (XF/NSP/*),CRANDALL - WILMARTH 345,06:00,-296.77,
12/31/2024,25759.0,332040.0,Overton_345_161_xfmr_flo_McCredie_Overton_345,OVER X345 XFMR_1_345 (XF/AMMO/*),MCCREDIE - OVERTON 345,06:00,-159.72,
12/31/2024,2569.0,417569.0,Stateline_WolfLake138_flo_Burnham_Munster345,7_STATE STATE17WOL13_1 1 (LN/CE/NIPS),BURNHAM-MUNSTER 345 (34504),06:00,-742.3,
12/31/2024,,310528.0,ALWMEC15_IRVINESS_IRVINBEACO16_1_1,IRVINESS IRVINBEACO16_1 1 (LN/ALTW/ALTW),OTTUMWA - MONTEZUMA 345,06:05,-32.29,
12/31/2024,,162444.0,AMI13179_REYNOLD4_13857_A,REYNOLD4 13857 A (LN/NIPS/NIPS),WATSEKA - SHELDON SOUTH 138,06:05,-28.59,
12/31/2024,5566.0,246672.0,Cooper_StJoe345_ftlo_Cooper_Fairport_StJoe345_Fa,COOPER ST_JOCOOPE34_1 A (LN/NPPD/MPS),ST JOE - FAIRPORT - COOPER 345,06:05,-4.28,
12/31/2024,,357283.0,NSP34007_WILMART_TR9_TR9,WILMART TR9 TR9 (XF/NSP/*),CRANDALL - WILMARTH 345,06:05,-260.31,
12/31/2024,25759.0,332040.0,Overton_345_161_xfmr_flo_McCredie_Overton_345,OVER X345 XFMR_1_345 (XF/AMMO/*),MCCREDIE - OVERTON 345,06:05,-689.19,
12/31/2024,2569.0,417569.0,Stateline_WolfLake138_flo_Burnham_Munster345,7_STATE STATE17WOL13_1 1 (LN/CE/NIPS),BURNHAM-MUNSTER 345 (34504),06:05,-156.9,
12/31/2024,,310528.0,ALWMEC15_IRVINESS_IRVINBEACO16_1_1,IRVINESS IRVINBEACO16_1 1 (LN/ALTW/ALTW),OTTUMWA - MONTEZUMA 345,06:10,-63.92,
12/31/2024,,162444.0,AMI13179_REYNOLD4_13857_A,REYNOLD4 13857 A (LN/NIPS/NIPS),WATSEKA - SHELDON SOUTH 138,06:10,-18.52,
12/31/2024,5566.0,246672.0,Cooper_StJoe345_ftlo_Cooper_Fairport_StJoe345_Fa,COOPER ST_JOCOOPE34_1 A (LN/NPPD/MPS),ST JOE - FAIRPORT - COOPER 345,06:10,-127.28,
12/31/2024,5701.0,471503.0,FTTXFRFTTXFR,FTTHOMP U1B2 KU1B1 (XF/WAUE/*),FT THOMPSON 345/230 KU1A,06:10,-22.27,
12/31/2024,,357283.0,NSP34007_WILMART_TR9_TR9,WILMART TR9 TR9 (XF/NSP/*),CRANDALL - WILMARTH 345,06:10,-258.03000000000003,
12/31/2024,25759.0,332040.0,Overton_345_161_xfmr_flo_McCredie_Overton_345,OVER X345 XFMR_1_345 (XF/AMMO/*),MCCREDIE - OVERTON 345,06:10,-342.55,
12/31/2024,,310528.0,ALWMEC15_IRVINESS_IRVINBEACO16_1_1,IRVINESS IRVINBEACO16_1 1 (LN/ALTW/ALTW),OTTUMWA - MONTEZUMA 345,06:15,-66.33,
12/31/2024,,162444.0,AMI13179_REYNOLD4_13857_A,REYNOLD4 13857 A (LN/NIPS/NIPS),WATSEKA - SHELDON SOUTH 138,06:15,-17.88,
12/31/2024,5566.0,246672.0,Cooper_StJoe345_ftlo_Cooper_Fairport_StJoe345_Fa,COOPER ST_JOCOOPE34_1 A (LN/NPPD/MPS),ST JOE - FAIRPORT - COOPER 345,06:15,-286.51,
12/31/2024,5701.0,471503.0,FTTXFRFTTXFR,FTTHOMP U1B2 KU1B1 (XF/WAUE/*),FT THOMPSON 345/230 KU1A,06:15,-34.5,
12/31/2024,,357283.0,NSP34007_WILMART_TR9_TR9,WILMART TR9 TR9 (XF/NSP/*),CRANDALL - WILMARTH 345,06:15,-257.15,
12/31/2024,,310528.0,ALWMEC15_IRVINESS_IRVINBEACO16_1_1,IRVINESS IRVINBEACO16_1 1 (LN/ALTW/ALTW),OTTUMWA - MONTEZUMA 345,06:20,-85.25,
12/31/2024,,162444.0,AMI13179_REYNOLD4_13857_A,REYNOLD4 13857 A (LN/NIPS/NIPS),WATSEKA - SHELDON SOUTH 138,06:20,-28.43,
12/31/2024,,357283.0,NSP34007_WILMART_TR9_TR9,WILMART TR9 TR9 (XF/NSP/*),CRANDALL - WILMARTH 345,06:20,-248.08,
12/31/2024,25759.0,332040.0,Overton_345_161_xfmr_flo_McCredie_Overton_345,OVER X345 XFMR_1_345 (XF/AMMO/*),MCCREDIE - OVERTON 345,06:20,-768.05,
12/31/2024,,310528.0,ALWMEC15_IRVINESS_IRVINBEACO16_1_1,IRVINESS IRVINBEACO16_1 1 (LN/ALTW/ALTW),OTTUMWA - MONTEZUMA 345,06:25,-30.35,
12/31/2024,,162444.0,AMI13179_REYNOLD4_13857_A,REYNOLD4 13857 A (LN/NIPS/NIPS),WATSEKA - SHELDON SOUTH 138,06:25,-24.37,
12/31/2024,,357283.0,NSP34007_WILMART_TR9_TR9,WILMART TR9 TR9 (XF/NSP/*),CRANDALL - WILMARTH 345,06:25,-247.09,
12/31/2024,25759.0,332040.0,Overton_345_161_xfmr_flo_McCredie_Overton_345,OVER X345 XFMR_1_345 (XF/AMMO/*),MCCREDIE - OVERTON 345,06:25,-723.46,
12/31/2024,,310528.0,ALWMEC15_IRVINESS_IRVINBEACO16_1_1,IRVINESS IRVINBEACO16_1 1 (LN/ALTW/ALTW),OTTUMWA - MONTEZUMA 345,06:30,-68.4,
12/31/2024,,162444.0,AMI13179_REYNOLD4_13857_A,REYNOLD4 13857 A (LN/NIPS/NIPS),WATSEKA - SHELDON SOUTH 138,06:30,-23.29,
12/31/2024,,357283.0,NSP34007_WILMART_TR9_TR9,WILMART TR9 TR9 (XF/NSP/*),CRANDALL - WILMARTH 345,06:30,-279.85,
12/31/2024,25759.0,332040.0,Overton_345_161_xfmr_flo_McCredie_Overton_345,OVER X345 XFMR_1_345 (XF/AMMO/*),MCCREDIE - OVERTON 345,06:30,-370.01,
12/31/2024,2569.0,417569.0,Stateline_WolfLake138_flo_Burnham_Munster345,7_STATE STATE17WOL13_1 1 (LN/CE/NIPS),BURNHAM-MUNSTER 345 (34504),06:30,-385.5,
12/31/2024,,310528.0,ALWMEC15_IRVINESS_IRVINBEACO16_1_1,IRVINESS IRVINBEACO16_1 1 (LN/ALTW/ALTW),OTTUMWA - MONTEZUMA 345,06:35,-61.94000000000001,
12/31/2024,,162444.0,AMI13179_REYNOLD4_13857_A,REYNOLD4 13857 A (LN/NIPS/NIPS),WATSEKA - SHELDON SOUTH 138,06:35,-24.76,
12/31/2024,,357283.0,NSP34007_WILMART_TR9_TR9,WILMART TR9 TR9 (XF/NSP/*),CRANDALL - WILMARTH 345,06:35,-335.27,
12/31/2024,25759.0,332040.0,Overton_345_161_xfmr_flo_McCredie_Overton_345,OVER X345 XFMR_1_345 (XF/AMMO/*),MCCREDIE - OVERTON 345,06:35,-296.02,
12/31/2024,2569.0,417569.0,Stateline_WolfLake138_flo_Burnham_Munster345,7_STATE STATE17WOL13_1 1 (LN/CE/NIPS),BURNHAM-MUNSTER 345 (34504),06:35,-385.5,
12/31/2024,,310528.0,ALWMEC15_IRVINESS_IRVINBEACO16_1_1,IRVINESS IRVINBEACO16_1 1 (LN/ALTW/ALTW),OTTUMWA - MONTEZUMA 345,06:40,-90.55,
12/31/2024,,162444.0,AMI13179_REYNOLD4_13857_A,REYNOLD4 13857 A (LN/NIPS/NIPS),WATSEKA - SHELDON SOUTH 138,06:40,-17.95,
12/31/2024,,357283.0,NSP34007_WILMART_TR9_TR9,WILMART TR9 TR9 (XF/NSP/*),CRANDALL - WILMARTH 345,06:40,-245.12,
12/31/2024,25759.0,332040.0,Overton_345_161_xfmr_flo_McCredie_Overton_345,OVER X345 XFMR_1_345 (XF/AMMO/*),MCCREDIE - OVERTON 345,06:40,-279.36,
12/31/2024,26016.0,1531.0,TEMP39_LN_Tekamho_Sub_1226_161_kV_FTLO_Raun_Fort,TEKAMHO TEKAMSUB1216_1 1 (LN/OPPD/OPPD),FORT CALHOUN-RAUN 345,06:40,-288.74,
12/31/2024,,310528.0,ALWMEC15_IRVINESS_IRVINBEACO16_1_1,IRVINESS IRVINBEACO16_1 1 (LN/ALTW/ALTW),OTTUMWA - MONTEZUMA 345,06:45,-31.68,
12/31/2024,,162444.0,AMI13179_REYNOLD4_13857_A,REYNOLD4 13857 A (LN/NIPS/NIPS),WATSEKA - SHELDON SOUTH 138,06:45,-23.99,
12/31/2024,,357283.0,NSP34007_WILMART_TR9_TR9,WILMART TR9 TR9 (XF/NSP/*),CRANDALL - WILMARTH 345,06:45,-239.89,
12/31/2024,25759.0,332040.0,Overton_345_161_xfmr_flo_McCredie_Overton_345,OVER X345 XFMR_1_345 (XF/AMMO/*),MCCREDIE - OVERTON 345,06:45,-720.32,
12/31/2024,,310528.0,ALWMEC15_IRVINESS_IRVINBEACO16_1_1,IRVINESS IRVINBEACO16_1 1 (LN/ALTW/ALTW),OTTUMWA - MONTEZUMA 345,06:50,-29.45,
12/31/2024,,162444.0,AMI13179_REYNOLD4_13857_A,REYNOLD4 13857 A (LN/NIPS/NIPS),WATSEKA - SHELDON SOUTH 138,06:50,-24.9,
12/31/2024,,357283.0,NSP34007_WILMART_TR9_TR9,WILMART TR9 TR9 (XF/NSP/*),CRANDALL - WILMARTH 345,06:50,-256.69,
12/31/2024,25759.0,332040.0,Overton_345_161_xfmr_flo_McCredie_Overton_345,OVER X345 XFMR_1_345 (XF/AMMO/*),MCCREDIE - OVERTON 345,06:50,-716.8,
12/31/2024,,310528.0,ALWMEC15_IRVINESS_IRVINBEACO16_1_1,IRVINESS IRVINBEACO16_1 1 (LN/ALTW/ALTW),OTTUMWA - MONTEZUMA 345,06:55,-25.41,
12/31/2024,,162444.0,AMI13179_REYNOLD4_13857_A,REYNOLD4 13857 A (LN/NIPS/NIPS),WATSEKA - SHELDON SOUTH 138,06:55,-29.39,
12/31/2024,,357283.0,NSP34007_WILMART_TR9_TR9,WILMART TR9 TR9 (XF/NSP/*),CRANDALL - WILMARTH 345,06:55,-258.03000000000003,
12/31/2024,25759.0,332040.0,Overton_345_161_xfmr_flo_McCredie_Overton_345,OVER X345 XFMR_1_345 (XF/AMMO/*),MCCREDIE - OVERTON 345,06:55,-737.58,
12/31/2024,2569.0,417569.0,Stateline_WolfLake138_flo_Burnham_Munster345,7_STATE STATE17WOL13_1 1 (LN/CE/NIPS),BURNHAM-MUNSTER 345 (34504),06:55,-115.42,
12/31/2024,,162444.0,AMI13179_REYNOLD4_13857_A,REYNOLD4 13857 A (LN/NIPS/NIPS),WATSEKA - SHELDON SOUTH 138,07:00,-23.87,
12/31/2024,,357283.0,NSP34007_WILMART_TR9_TR9,WILMART TR9 TR9 (XF/NSP/*),CRANDALL - WILMARTH 345,07:00,-229.12,
12/31/2024,25759.0,332040.0,Overton_345_161_xfmr_flo_McCredie_Overton_345,OVER X345 XFMR_1_345 (XF/AMMO/*),MCCREDIE - OVERTON 345,07:00,-765.72,
12/31/2024,26016.0,1531.0,TEMP39_LN_Tekamho_Sub_1226_161_kV_FTLO_Raun_Fort,TEKAMHO TEKAMSUB1216_1 1 (LN/OPPD/OPPD),FORT CALHOUN-RAUN 345,07:00,-1.46,
12/31/2024,,310528.0,ALWMEC15_IRVINESS_IRVINBEACO16_1_1,IRVINESS IRVINBEACO16_1 1 (LN/ALTW/ALTW),OTTUMWA - MONTEZUMA 345,07:05,-36.31,
12/31/2024,,162444.0,AMI13179_REYNOLD4_13857_A,REYNOLD4 13857 A (LN/NIPS/NIPS),WATSEKA - SHELDON SOUTH 138,07:05,-17.19,
12/31/2024,,357283.0,NSP34007_WILMART_TR9_TR9,WILMART TR9 TR9 (XF/NSP/*),CRANDALL - WILMARTH 345,07:05,-225.89,
12/31/2024,25759.0,332040.0,Overton_345_161_xfmr_flo_McCredie_Overton_345,OVER X345 XFMR_1_345 (XF/AMMO/*),MCCREDIE - OVERTON 345,07:05,-721.79,
12/31/2024,26016.0,1531.0,TEMP39_LN_Tekamho_Sub_1226_161_kV_FTLO_Raun_Fort,TEKAMHO TEKAMSUB1216_1 1 (LN/OPPD/OPPD),FORT CALHOUN-RAUN 345,07:05,-16.41,
12/31/2024,,310528.0,ALWMEC15_IRVINESS_IRVINBEACO16_1_1,IRVINESS IRVINBEACO16_1 1 (LN/ALTW/ALTW),OTTUMWA - MONTEZUMA 345,07:10,-34.75,
12/31/2024,,162444.0,AMI13179_REYNOLD4_13857_A,REYNOLD4 13857 A (LN/NIPS/NIPS),WATSEKA - SHELDON SOUTH 138,07:10,-8.700000000000001,
12/31/2024,,357283.0,NSP34007_WILMART_TR9_TR9,WILMART TR9 TR9 (XF/NSP/*),CRANDALL - WILMARTH 345,07:10,-212.03,
12/31/2024,25759.0,332040.0,Overton_345_161_xfmr_flo_McCredie_Overton_345,OVER X345 XFMR_1_345 (XF/AMMO/*),MCCREDIE - OVERTON 345,07:10,-371.9,
12/31/2024,26016.0,1531.0,TEMP39_LN_Tekamho_Sub_1226_161_kV_FTLO_Raun_Fort,TEKAMHO TEKAMSUB1216_1 1 (LN/OPPD/OPPD),FORT CALHOUN-RAUN 345,07:10,-368.12,
12/31/2024,,310528.0,ALWMEC15_IRVINESS_IRVINBEACO16_1_1,IRVINESS IRVINBEACO16_1 1 (LN/ALTW/ALTW),OTTUMWA - MONTEZUMA 345,07:15,-51.07,
12/31/2024,,162444.0,AMI13179_REYNOLD4_13857_A,REYNOLD4 13857 A (LN/NIPS/NIPS),WATSEKA - SHELDON SOUTH 138,07:15,-7.9,
12/31/2024,5566.0,246672.0,Cooper_StJoe345_ftlo_Cooper_Fairport_StJoe345_Fa,COOPER ST_JOCOOPE34_1 A (LN/NPPD/MPS),ST JOE - FAIRPORT - COOPER 345,07:15,-130.0,
12/31/2024,,357283.0,NSP34007_WILMART_TR9_TR9,WILMART TR9 TR9 (XF/NSP/*),CRANDALL - WILMARTH 345,07:15,-209.09,
12/31/2024,2569.0,417569.0,Stateline_WolfLake138_flo_Burnham_Munster345,7_STATE STATE17WOL13_1 1 (LN/CE/NIPS),BURNHAM-MUNSTER 345 (34504),07:15,-24.64,
12/31/2024,26016.0,1531.0,TEMP39_LN_Tekamho_Sub_1226_161_kV_FTLO_Raun_Fort,TEKAMHO TEKAMSUB1216_1 1 (LN/OPPD/OPPD),FORT CALHOUN-RAUN 345,07:15,-454.61,
12/31/2024,,310528.0,ALWMEC15_IRVINESS_IRVINBEACO16_1_1,IRVINESS IRVINBEACO16_1 1 (LN/ALTW/ALTW),OTTUMWA - MONTEZUMA 345,07:20,-72.56,
12/31/2024,,196784.0,BASE_REYNOLD4_13857_A,REYNOLD4 13857 A (LN/NIPS/NIPS),,07:20,-31.84,
12/31/2024,5566.0,246672.0,Cooper_StJoe345_ftlo_Cooper_Fairport_StJoe345_Fa,COOPER ST_JOCOOPE34_1 A (LN/NPPD/MPS),ST JOE - FAIRPORT - COOPER 345,07:20,-100.72,
12/31/2024,,357283.0,NSP34007_WILMART_TR9_TR9,WILMART TR9 TR9 (XF/NSP/*),CRANDALL - WILMARTH 345,07:20,-175.92,
12/31/2024,2569.0,417569.0,Stateline_WolfLake138_flo_Burnham_Munster345,7_STATE STATE17WOL13_1 1 (LN/CE/NIPS),BURNHAM-MUNSTER 345 (34504),07:20,-254.8,
12/31/2024,26016.0,1531.0,TEMP39_LN_Tekamho_Sub_1226_161_kV_FTLO_Raun_Fort,TEKAMHO TEKAMSUB1216_1 1 (LN/OPPD/OPPD),FORT CALHOUN-RAUN 345,07:20,-418.68,
12/31/2024,,162444.0,AMI13179_REYNOLD4_13857_A,REYNOLD4 13857 A (LN/NIPS/NIPS),WATSEKA - SHELDON SOUTH 138,07:25,-19.94,
12/31/2024,5566.0,246672.0,Cooper_StJoe345_ftlo_Cooper_Fairport_StJoe345_Fa,COOPER ST_JOCOOPE34_1 A (LN/NPPD/MPS),ST JOE - FAIRPORT - COOPER 345,07:25,-14.4,
12/31/2024,,357283.0,NSP34007_WILMART_TR9_TR9,WILMART TR9 TR9 (XF/NSP/*),CRANDALL - WILMARTH 345,07:25,-208.29,
12/31/2024,25759.0,332040.0,Overton_345_161_xfmr_flo_McCredie_Overton_345,OVER X345 XFMR_1_345 (XF/AMMO/*),MCCREDIE - OVERTON 345,07:25,-343.66,
12/31/2024,26016.0,1531.0,TEMP39_LN_Tekamho_Sub_1226_161_kV_FTLO_Raun_Fort,TEKAMHO TEKAMSUB1216_1 1 (LN/OPPD/OPPD),FORT CALHOUN-RAUN 345,07:25,-424.89,
12/31/2024,,310528.0,ALWMEC15_IRVINESS_IRVINBEACO16_1_1,IRVINESS IRVINBEACO16_1 1 (LN/ALTW/ALTW),OTTUMWA - MONTEZUMA 345,07:30,-24.77,
12/31/2024,,162444.0,AMI13179_REYNOLD4_13857_A,REYNOLD4 13857 A (LN/NIPS/NIPS),WATSEKA - SHELDON SOUTH 138,07:30,-22.07,
12/31/2024,,357283.0,NSP34007_WILMART_TR9_TR9,WILMART TR9 TR9 (XF/NSP/*),CRANDALL - WILMARTH 345,07:30,-249.18,
12/31/2024,25759.0,332040.0,Overton_345_161_xfmr_flo_McCredie_Overton_345,OVER X345 XFMR_1_345 (XF/AMMO/*),MCCREDIE - OVERTON 345,07:30,-743.7,
12/31/2024,,162444.0,AMI13179_REYNOLD4_13857_A,REYNOLD4 13857 A (LN/NIPS/NIPS),WATSEKA - SHELDON SOUTH 138,07:35,-23.07,
12/31/2024,,357283.0,NSP34007_WILMART_TR9_TR9,WILMART TR9 TR9 (XF/NSP/*),CRANDALL - WILMARTH 345,07:35,-238.85,
12/31/2024,25759.0,332040.0,Overton_345_161_xfmr_flo_McCredie_Overton_345,OVER X345 XFMR_1_345 (XF/AMMO/*),MCCREDIE - OVERTON 345,07:35,-795.04,
12/31/2024,,162444.0,AMI13179_REYNOLD4_13857_A,REYNOLD4 13857 A (LN/NIPS/NIPS),WATSEKA - SHELDON SOUTH 138,07:40,-30.29,
12/31/2024,,357283.0,NSP34007_WILMART_TR9_TR9,WILMART TR9 TR9 (XF/NSP/*),CRANDALL - WILMARTH 345,07:40,-274.29,
12/31/2024,25759.0,332040.0,Overton_345_161_xfmr_flo_McCredie_Overton_345,OVER X345 XFMR_1_345 (XF/AMMO/*),MCCREDIE - OVERTON 345,07:40,-831.97,
12/31/2024,,310528.0,ALWMEC15_IRVINESS_IRVINBEACO16_1_1,IRVINESS IRVINBEACO16_1 1 (LN/ALTW/ALTW),OTTUMWA - MONTEZUMA 345,07:45,-25.59,
12/31/2024,,162444.0,AMI13179_REYNOLD4_13857_A,REYNOLD4 13857 A (LN/NIPS/NIPS),WATSEKA - SHELDON SOUTH 138,07:45,-29.6,
12/31/2024,,357283.0,NSP34007_WILMART_TR9_TR9,WILMART TR9 TR9 (XF/NSP/*),CRANDALL - WILMARTH 345,07:45,-237.33,
12/31/2024,25759.0,332040.0,Overton_345_161_xfmr_flo_McCredie_Overton_345,OVER X345 XFMR_1_345 (XF/AMMO/*),MCCREDIE - OVERTON 345,07:45,-680.67,
12/31/2024,2569.0,417569.0,Stateline_WolfLake138_flo_Burnham_Munster345,7_STATE STATE17WOL13_1 1 (LN/CE/NIPS),BURNHAM-MUNSTER 345 (34504),07:45,-183.33,
12/31/2024,,310528.0,ALWMEC15_IRVINESS_IRVINBEACO16_1_1,IRVINESS IRVINBEACO16_1 1 (LN/ALTW/ALTW),OTTUMWA - MONTEZUMA 345,07:50,-31.39,
12/31/2024,,162444.0,AMI13179_REYNOLD4_13857_A,REYNOLD4 13857 A (LN/NIPS/NIPS),WATSEKA - SHELDON SOUTH 138,07:50,-21.86,
12/31/2024,,357283.0,NSP34007_WILMART_TR9_TR9,WILMART TR9 TR9 (XF/NSP/*),CRANDALL - WILMARTH 345,07:50,-243.62,
12/31/2024,25759.0,332040.0,Overton_345_161_xfmr_flo_McCredie_Overton_345,OVER X345 XFMR_1_345 (XF/AMMO/*),MCCREDIE - OVERTON 345,07:50,-336.35,
12/31/2024,2569.0,417569.0,Stateline_WolfLake138_flo_Burnham_Munster345,7_STATE STATE17WOL13_1 1 (LN/CE/NIPS),BURNHAM-MUNSTER 345 (34504),07:50,-99.0,
12/31/2024,26016.0,1531.0,TEMP39_LN_Tekamho_Sub_1226_161_kV_FTLO_Raun_Fort,TEKAMHO TEKAMSUB1216_1 1 (LN/OPPD/OPPD),FORT CALHOUN-RAUN 345,07:50,-333.18,
12/31/2024,,310528.0,ALWMEC15_IRVINESS_IRVINBEACO16_1_1,IRVINESS IRVINBEACO16_1 1 (LN/ALTW/ALTW),OTTUMWA - MONTEZUMA 345,07:55,-54.16,
12/31/2024,,162444.0,AMI13179_REYNOLD4_13857_A,REYNOLD4 13857 A (LN/NIPS/NIPS),WATSEKA - SHELDON SOUTH 138,07:55,-22.33,
12/31/2024,,357283.0,NSP34007_WILMART_TR9_TR9,WILMART TR9 TR9 (XF/NSP/*),CRANDALL - WILMARTH 345,07:55,-277.98,
12/31/2024,2569.0,417569.0,Stateline_WolfLake138_flo_Burnham_Munster345,7_STATE STATE17WOL13_1 1 (LN/CE/NIPS),BURNHAM-MUNSTER 345 (34504),07:55,-406.4,
12/31/2024,26016.0,1531.0,TEMP39_LN_Tekamho_Sub_1226_161_kV_FTLO_Raun_Fort,TEKAMHO TEKAMSUB1216_1 1 (LN/OPPD/OPPD),FORT CALHOUN-RAUN 345,07:55,-458.18,
12/31/2024,,310528.0,ALWMEC15_IRVINESS_IRVINBEACO16_1_1,IRVINESS IRVINBEACO16_1 1 (LN/ALTW/ALTW),OTTUMWA - MONTEZUMA 345,08:00,-36.87,
12/31/2024,,162444.0,AMI13179_REYNOLD4_13857_A,REYNOLD4 13857 A (LN/NIPS/NIPS),WATSEKA - SHELDON SOUTH 138,08:00,-24.22,
12/31/2024,,357283.0,NSP34007_WILMART_TR9_TR9,WILMART TR9 TR9 (XF/NSP/*),CRANDALL - WILMARTH 345,08:00,-253.08,
12/31/2024,25759.0,332040.0,Overton_345_161_xfmr_flo_McCredie_Overton_345,OVER X345 XFMR_1_345 (XF/AMMO/*),MCCREDIE - OVERTON 345,08:00,-281.32,
12/31/2024,2569.0,417569.0,Stateline_WolfLake138_flo_Burnham_Munster345,7_STATE STATE17WOL13_1 1 (LN/CE/NIPS),BURNHAM-MUNSTER 345 (34504),08:00,-234.78,
12/31/2024,26016.0,1531.0,TEMP39_LN_Tekamho_Sub_1226_161_kV_FTLO_Raun_Fort,TEKAMHO TEKAMSUB1216_1 1 (LN/OPPD/OPPD),FORT CALHOUN-RAUN 345,08:00,-338.39,
12/31/2024,,310528.0,ALWMEC15_IRVINESS_IRVINBEACO16_1_1,IRVINESS IRVINBEACO16_1 1 (LN/ALTW/ALTW),OTTUMWA - MONTEZUMA 345,08:05,-33.76,
12/31/2024,,162444.0,AMI13179_REYNOLD4_13857_A,REYNOLD4 13857 A (LN/NIPS/NIPS),WATSEKA - SHELDON SOUTH 138,08:05,-29.91,
12/31/2024,,357283.0,NSP34007_WILMART_TR9_TR9,WILMART TR9 TR9 (XF/NSP/*),CRANDALL - WILMARTH 345,08:05,-269.59000000000003,
12/31/2024,25759.0,332040.0,Overton_345_161_xfmr_flo_McCredie_Overton_345,OVER X345 XFMR_1_345 (XF/AMMO/*),MCCREDIE - OVERTON 345,08:05,-429.76,
12/31/2024,2569.0,417569.0,Stateline_WolfLake138_flo_Burnham_Munster345,7_STATE STATE17WOL13_1 1 (LN/CE/NIPS),BURNHAM-MUNSTER 345 (34504),08:05,-336.5,
12/31/2024,26016.0,1531.0,TEMP39_LN_Tekamho_Sub_1226_161_kV_FTLO_Raun_Fort,TEKAMHO TEKAMSUB1216_1 1 (LN/OPPD/OPPD),FORT CALHOUN-RAUN 345,08:05,-199.47,
12/31/2024,,310528.0,ALWMEC15_IRVINESS_IRVINBEACO16_1_1,IRVINESS IRVINBEACO16_1 1 (LN/ALTW/ALTW),OTTUMWA - MONTEZUMA 345,08:10,-11.85,
12/31/2024,,162444.0,AMI13179_REYNOLD4_13857_A,REYNOLD4 13857 A (LN/NIPS/NIPS),WATSEKA - SHELDON SOUTH 138,08:10,-25.2,
12/31/2024,,357283.0,NSP34007_WILMART_TR9_TR9,WILMART TR9 TR9 (XF/NSP/*),CRANDALL - WILMARTH 345,08:10,-225.05,
12/31/2024,25759.0,332040.0,Overton_345_161_xfmr_flo_McCredie_Overton_345,OVER X345 XFMR_1_345 (XF/AMMO/*),MCCREDIE - OVERTON 345,08:10,-512.95,
12/31/2024,26016.0,1531.0,TEMP39_LN_Tekamho_Sub_1226_161_kV_FTLO_Raun_Fort,TEKAMHO TEKAMSUB1216_1 1 (LN/OPPD/OPPD),FORT CALHOUN-RAUN 345,08:10,-336.2,
12/31/2024,,162444.0,AMI13179_REYNOLD4_13857_A,REYNOLD4 13857 A (LN/NIPS/NIPS),WATSEKA - SHELDON SOUTH 138,08:15,-28.23,
12/31/2024,,357283.0,NSP34007_WILMART_TR9_TR9,WILMART TR9 TR9 (XF/NSP/*),CRANDALL - WILMARTH 345,08:15,-243.28,
12/31/2024,25759.0,332040.0,Overton_345_161_xfmr_flo_McCredie_Overton_345,OVER X345 XFMR_1_345 (XF/AMMO/*),MCCREDIE - OVERTON 345,08:15,-780.69,
12/31/2024,26016.0,1531.0,TEMP39_LN_Tekamho_Sub_1226_161_kV_FTLO_Raun_Fort,TEKAMHO TEKAMSUB1216_1 1 (LN/OPPD/OPPD),FORT CALHOUN-RAUN 345,08:15,-78.99,
12/31/2024,,310528.0,ALWMEC15_IRVINESS_IRVINBEACO16_1_1,IRVINESS IRVINBEACO16_1 1 (LN/ALTW/ALTW),OTTUMWA - MONTEZUMA 345,08:20,-20.6,
12/31/2024,,162444.0,AMI13179_REYNOLD4_13857_A,REYNOLD4 13857 A (LN/NIPS/NIPS),WATSEKA - SHELDON SOUTH 138,08:20,-21.12,
12/31/2024,,357283.0,NSP34007_WILMART_TR9_TR9,WILMART TR9 TR9 (XF/NSP/*),CRANDALL - WILMARTH 345,08:20,-238.15,
12/31/2024,25759.0,332040.0,Overton_345_161_xfmr_flo_McCredie_Overton_345,OVER X345 XFMR_1_345 (XF/AMMO/*),MCCREDIE - OVERTON 345,08:20,-329.28,
12/31/2024,26016.0,1531.0,TEMP39_LN_Tekamho_Sub_1226_161_kV_FTLO_Raun_Fort,TEKAMHO TEKAMSUB1216_1 1 (LN/OPPD/OPPD),FORT CALHOUN-RAUN 345,08:20,-428.85,
12/31/2024,,310528.0,ALWMEC15_IRVINESS_IRVINBEACO16_1_1,IRVINESS IRVINBEACO16_1 1 (LN/ALTW/ALTW),OTTUMWA - MONTEZUMA 345,08:25,-21.67,
12/31/2024,,162444.0,AMI13179_REYNOLD4_13857_A,REYNOLD4 13857 A (LN/NIPS/NIPS),WATSEKA - SHELDON SOUTH 138,08:25,-21.73,
12/31/2024,,357283.0,NSP34007_WILMART_TR9_TR9,WILMART TR9 TR9 (XF/NSP/*),CRANDALL - WILMARTH 345,08:25,-255.62,
12/31/2024,25759.0,332040.0,Overton_345_161_xfmr_flo_McCredie_Overton_345,OVER X345 XFMR_1_345 (XF/AMMO/*),MCCREDIE - OVERTON 345,08:25,-375.13,
12/31/2024,26016.0,1531.0,TEMP39_LN_Tekamho_Sub_1226_161_kV_FTLO_Raun_Fort,TEKAMHO TEKAMSUB1216_1 1 (LN/OPPD/OPPD),FORT CALHOUN-RAUN 345,08:25,-360.07,
12/31/2024,,310528.0,ALWMEC15_IRVINESS_IRVINBEACO16_1_1,IRVINESS IRVINBEACO16_1 1 (LN/ALTW/ALTW),OTTUMWA - MONTEZUMA 345,08:30,-102.68,
12/31/2024,,162444.0,AMI13179_REYNOLD4_13857_A,REYNOLD4 13857 A (LN/NIPS/NIPS),WATSEKA - SHELDON SOUTH 138,08:30,-18.400000000000002,
12/31/2024,,357283.0,NSP34007_WILMART_TR9_TR9,WILMART TR9 TR9 (XF/NSP/*),CRANDALL - WILMARTH 345,08:30,-243.06,
12/31/2024,25759.0,332040.0,Overton_345_161_xfmr_flo_McCredie_Overton_345,OVER X345 XFMR_1_345 (XF/AMMO/*),MCCREDIE - OVERTON 345,08:30,-80.74,
12/31/2024,26016.0,1531.0,TEMP39_LN_Tekamho_Sub_1226_161_kV_FTLO_Raun_Fort,TEKAMHO TEKAMSUB1216_1 1 (LN/OPPD/OPPD),FORT CALHOUN-RAUN 345,08:30,-592.6,
12/31/2024,,310528.0,ALWMEC15_IRVINESS_IRVINBEACO16_1_1,IRVINESS IRVINBEACO16_1 1 (LN/ALTW/ALTW),OTTUMWA - MONTEZUMA 345,08:35,-19.17,
12/31/2024,,162444.0,AMI13179_REYNOLD4_13857_A,REYNOLD4 13857 A (LN/NIPS/NIPS),WATSEKA - SHELDON SOUTH 138,08:35,-22.17,
12/31/2024,,357283.0,NSP34007_WILMART_TR9_TR9,WILMART TR9 TR9 (XF/NSP/*),CRANDALL - WILMARTH 345,08:35,-224.7,
12/31/2024,25759.0,332040.0,Overton_345_161_xfmr_flo_McCredie_Overton_345,OVER X345 XFMR_1_345 (XF/AMMO/*),MCCREDIE - OVERTON 345,08:35,-406.88,
12/31/2024,26016.0,1531.0,TEMP39_LN_Tekamho_Sub_1226_161_kV_FTLO_Raun_Fort,TEKAMHO TEKAMSUB1216_1 1 (LN/OPPD/OPPD),FORT CALHOUN-RAUN 345,08:35,-394.18,
12/31/2024,,310528.0,ALWMEC15_IRVINESS_IRVINBEACO16_1_1,IRVINESS IRVINBEACO16_1 1 (LN/ALTW/ALTW),OTTUMWA - MONTEZUMA 345,08:40,-30.37,
12/31/2024,,162444.0,AMI13179_REYNOLD4_13857_A,REYNOLD4 13857 A (LN/NIPS/NIPS),WATSEKA - SHELDON SOUTH 138,08:40,-18.900000000000002,
12/31/2024,,357283.0,NSP34007_WILMART_TR9_TR9,WILMART TR9 TR9 (XF/NSP/*),CRANDALL - WILMARTH 345,08:40,-240.64,
12/31/2024,25759.0,332040.0,Overton_345_161_xfmr_flo_McCredie_Overton_345,OVER X345 XFMR_1_345 (XF/AMMO/*),MCCREDIE - OVERTON 345,08:40,-160.09,
12/31/2024,2569.0,417569.0,Stateline_WolfLake138_flo_Burnham_Munster345,7_STATE STATE17WOL13_1 1 (LN/CE/NIPS),BURNHAM-MUNSTER 345 (34504),08:40,-70.60000000000001,
12/31/2024,26016.0,1531.0,TEMP39_LN_Tekamho_Sub_1226_161_kV_FTLO_Raun_Fort,TEKAMHO TEKAMSUB1216_1 1 (LN/OPPD/OPPD),FORT CALHOUN-RAUN 345,08:40,-502.45,
12/31/2024,,310528.0,ALWMEC15_IRVINESS_IRVINBEACO16_1_1,IRVINESS IRVINBEACO16_1 1 (LN/ALTW/ALTW),OTTUMWA - MONTEZUMA 345,08:45,-53.37,
12/31/2024,,162444.0,AMI13179_REYNOLD4_13857_A,REYNOLD4 13857 A (LN/NIPS/NIPS),WATSEKA - SHELDON SOUTH 138,08:45,-21.08,
12/31/2024,,357283.0,NSP34007_WILMART_TR9_TR9,WILMART TR9 TR9 (XF/NSP/*),CRANDALL - WILMARTH 345,08:45,-452.93,
12/31/2024,2569.0,417569.0,Stateline_WolfLake138_flo_Burnham_Munster345,7_STATE STATE17WOL13_1 1 (LN/CE/NIPS),BURNHAM-MUNSTER 345 (34504),08:45,-257.2,
12/31/2024,26016.0,1531.0,TEMP39_LN_Tekamho_Sub_1226_161_kV_FTLO_Raun_Fort,TEKAMHO TEKAMSUB1216_1 1 (LN/OPPD/OPPD),FORT CALHOUN-RAUN 345,08:45,-79.37,
12/31/2024,,310528.0,ALWMEC15_IRVINESS_IRVINBEACO16_1_1,IRVINESS IRVINBEACO16_1 1 (LN/ALTW/ALTW),OTTUMWA - MONTEZUMA 345,08:50,-27.41,
12/31/2024,,162444.0,AMI13179_REYNOLD4_13857_A,REYNOLD4 13857 A (LN/NIPS/NIPS),WATSEKA - SHELDON SOUTH 138,08:50,-18.150000000000002,
12/31/2024,,357283.0,NSP34007_WILMART_TR9_TR9,WILMART TR9 TR9 (XF/NSP/*),CRANDALL - WILMARTH 345,08:50,-248.37,
12/31/2024,25759.0,332040.0,Overton_345_161_xfmr_flo_McCredie_Overton_345,OVER X345 XFMR_1_345 (XF/AMMO/*),MCCREDIE - OVERTON 345,08:50,-167.92,
12/31/2024,2569.0,417569.0,Stateline_WolfLake138_flo_Burnham_Munster345,7_STATE STATE17WOL13_1 1 (LN/CE/NIPS),BURNHAM-MUNSTER 345 (34504),08:50,-10.200000000000001,
12/31/2024,26016.0,1531.0,TEMP39_LN_Tekamho_Sub_1226_161_kV_FTLO_Raun_Fort,TEKAMHO TEKAMSUB1216_1 1 (LN/OPPD/OPPD),FORT CALHOUN-RAUN 345,08:50,-503.8,
12/31/2024,,162444.0,AMI13179_REYNOLD4_13857_A,REYNOLD4 13857 A (LN/NIPS/NIPS),WATSEKA - SHELDON SOUTH 138,08:55,-24.01,
12/31/2024,,357283.0,NSP34007_WILMART_TR9_TR9,WILMART TR9 TR9 (XF/NSP/*),CRANDALL - WILMARTH 345,08:55,-349.49,
12/31/2024,25759.0,332040.0,Overton_345_161_xfmr_flo_McCredie_Overton_345,OVER X345 XFMR_1_345 (XF/AMMO/*),MCCREDIE - OVERTON 345,08:55,-483.22,
12/31/2024,26016.0,1531.0,TEMP39_LN_Tekamho_Sub_1226_161_kV_FTLO_Raun_Fort,TEKAMHO TEKAMSUB1216_1 1 (LN/OPPD/OPPD),FORT CALHOUN-RAUN 345,08:55,-52.57,
12/31/2024,,310528.0,ALWMEC15_IRVINESS_IRVINBEACO16_1_1,IRVINESS IRVINBEACO16_1 1 (LN/ALTW/ALTW),OTTUMWA - MONTEZUMA 345,09:00,-21.0,
12/31/2024,,162444.0,AMI13179_REYNOLD4_13857_A,REYNOLD4 13857 A (LN/NIPS/NIPS),WATSEKA - SHELDON SOUTH 138,09:00,-26.52,
12/31/2024,,357283.0,NSP34007_WILMART_TR9_TR9,WILMART TR9 TR9 (XF/NSP/*),CRANDALL - WILMARTH 345,09:00,-248.14,
12/31/2024,25759.0,332040.0,Overton_345_161_xfmr_flo_McCredie_Overton_345,OVER X345 XFMR_1_345 (XF/AMMO/*),MCCREDIE - OVERTON 345,09:00,-747.27,
12/31/2024,26016.0,1531.0,TEMP39_LN_Tekamho_Sub_1226_161_kV_FTLO_Raun_Fort,TEKAMHO TEKAMSUB1216_1 1 (LN/OPPD/OPPD),FORT CALHOUN-RAUN 345,09:00,-66.75,
12/31/2024,,310528.0,ALWMEC15_IRVINESS_IRVINBEACO16_1_1,IRVINESS IRVINBEACO16_1 1 (LN/ALTW/ALTW),OTTUMWA - MONTEZUMA 345,09:05,-20.62,
12/31/2024,,162444.0,AMI13179_REYNOLD4_13857_A,REYNOLD4 13857 A (LN/NIPS/NIPS),WATSEKA - SHELDON SOUTH 138,09:05,-21.75,
12/31/2024,,357283.0,NSP34007_WILMART_TR9_TR9,WILMART TR9 TR9 (XF/NSP/*),CRANDALL - WILMARTH 345,09:05,-243.99,
12/31/2024,25759.0,332040.0,Overton_345_161_xfmr_flo_McCredie_Overton_345,OVER X345 XFMR_1_345 (XF/AMMO/*),MCCREDIE - OVERTON 345,09:05,-383.51,
12/31/2024,26016.0,1531.0,TEMP39_LN_Tekamho_Sub_1226_161_kV_FTLO_Raun_Fort,TEKAMHO TEKAMSUB1216_1 1 (LN/OPPD/OPPD),FORT CALHOUN-RAUN 345,09:05,-367.91,
12/31/2024,,310528.0,ALWMEC15_IRVINESS_IRVINBEACO16_1_1,IRVINESS IRVINBEACO16_1 1 (LN/ALTW/ALTW),OTTUMWA - MONTEZUMA 345,09:10,-25.57,
12/31/2024,,162444.0,AMI13179_REYNOLD4_13857_A,REYNOLD4 13857 A (LN/NIPS/NIPS),WATSEKA - SHELDON SOUTH 138,09:10,-22.41,
12/31/2024,,357283.0,NSP34007_WILMART_TR9_TR9,WILMART TR9 TR9 (XF/NSP/*),CRANDALL - WILMARTH 345,09:10,-212.18,
12/31/2024,25759.0,332040.0,Overton_345_161_xfmr_flo_McCredie_Overton_345,OVER X345 XFMR_1_345 (XF/AMMO/*),MCCREDIE - OVERTON 345,09:10,-401.61,
12/31/2024,2569.0,417569.0,Stateline_WolfLake138_flo_Burnham_Munster345,7_STATE STATE17WOL13_1 1 (LN/CE/NIPS),BURNHAM-MUNSTER 345 (34504),09:10,-71.95,
12/31/2024,26016.0,1531.0,TEMP39_LN_Tekamho_Sub_1226_161_kV_FTLO_Raun_Fort,TEKAMHO TEKAMSUB1216_1 1 (LN/OPPD/OPPD),FORT CALHOUN-RAUN 345,09:10,-381.5,
12/31/2024,,310528.0,ALWMEC15_IRVINESS_IRVINBEACO16_1_1,IRVINESS IRVINBEACO16_1 1 (LN/ALTW/ALTW),OTTUMWA - MONTEZUMA 345,09:15,-25.85,
12/31/2024,,162444.0,AMI13179_REYNOLD4_13857_A,REYNOLD4 13857 A (LN/NIPS/NIPS),WATSEKA - SHELDON SOUTH 138,09:15,-21.82,
12/31/2024,,357283.0,NSP34007_WILMART_TR9_TR9,WILMART TR9 TR9 (XF/NSP/*),CRANDALL - WILMARTH 345,09:15,-130.09,
12/31/2024,2569.0,417569.0,Stateline_WolfLake138_flo_Burnham_Munster345,7_STATE STATE17WOL13_1 1 (LN/CE/NIPS),BURNHAM-MUNSTER 345 (34504),09:15,-273.2,
12/31/2024,26016.0,1531.0,TEMP39_LN_Tekamho_Sub_1226_161_kV_FTLO_Raun_Fort,TEKAMHO TEKAMSUB1216_1 1 (LN/OPPD/OPPD),FORT CALHOUN-RAUN 345,09:15,-804.05,
12/31/2024,,310528.0,ALWMEC15_IRVINESS_IRVINBEACO16_1_1,IRVINESS IRVINBEACO16_1 1 (LN/ALTW/ALTW),OTTUMWA - MONTEZUMA 345,09:20,-52.8,
12/31/2024,,162444.0,AMI13179_REYNOLD4_13857_A,REYNOLD4 13857 A (LN/NIPS/NIPS),WATSEKA - SHELDON SOUTH 138,09:20,-19.23,
12/31/2024,,357283.0,NSP34007_WILMART_TR9_TR9,WILMART TR9 TR9 (XF/NSP/*),CRANDALL - WILMARTH 345,09:20,-212.64,
12/31/2024,2569.0,417569.0,Stateline_WolfLake138_flo_Burnham_Munster345,7_STATE STATE17WOL13_1 1 (LN/CE/NIPS),BURNHAM-MUNSTER 345 (34504),09:20,-333.8,
12/31/2024,26016.0,1531.0,TEMP39_LN_Tekamho_Sub_1226_161_kV_FTLO_Raun_Fort,TEKAMHO TEKAMSUB1216_1 1 (LN/OPPD/OPPD),FORT CALHOUN-RAUN 345,09:20,-559.14,
12/31/2024,,310528.0,ALWMEC15_IRVINESS_IRVINBEACO16_1_1,IRVINESS IRVINBEACO16_1 1 (LN/ALTW/ALTW),OTTUMWA - MONTEZUMA 345,09:25,-24.25,
12/31/2024,,162444.0,AMI13179_REYNOLD4_13857_A,REYNOLD4 13857 A (LN/NIPS/NIPS),WATSEKA - SHELDON SOUTH 138,09:25,-16.87,
12/31/2024,,357283.0,NSP34007_WILMART_TR9_TR9,WILMART TR9 TR9 (XF/NSP/*),CRANDALL - WILMARTH 345,09:25,-154.19,
12/31/2024,25759.0,332040.0,Overton_345_161_xfmr_flo_McCredie_Overton_345,OVER X345 XFMR_1_345 (XF/AMMO/*),MCCREDIE - OVERTON 345,09:25,-189.23,
12/31/2024,25904.0,337768.0,Petersburg_N_Petersburg_115_kV_FLO_Hoskins_Shell,PTRBRG_N 1368 A (LN/NPPD/NPPD),HOSKINS - SHELL CREEK 345,09:25,-1481.75,
12/31/2024,26016.0,1531.0,TEMP39_LN_Tekamho_Sub_1226_161_kV_FTLO_Raun_Fort,TEKAMHO TEKAMSUB1216_1 1 (LN/OPPD/OPPD),FORT CALHOUN-RAUN 345,09:25,-253.51000000000005,
12/31/2024,,310528.0,ALWMEC15_IRVINESS_IRVINBEACO16_1_1,IRVINESS IRVINBEACO16_1 1 (LN/ALTW/ALTW),OTTUMWA - MONTEZUMA 345,09:30,-30.72,
12/31/2024,,162444.0,AMI13179_REYNOLD4_13857_A,REYNOLD4 13857 A (LN/NIPS/NIPS),WATSEKA - SHELDON SOUTH 138,09:30,-16.740000000000002,
12/31/2024,,357283.0,NSP34007_WILMART_TR9_TR9,WILMART TR9 TR9 (XF/NSP/*),CRANDALL - WILMARTH 345,09:30,-301.6,
12/31/2024,25759.0,332040.0,Overton_345_161_xfmr_flo_McCredie_Overton_345,OVER X345 XFMR_1_345 (XF/AMMO/*),MCCREDIE - OVERTON 345,09:30,-94.77,
12/31/2024,25904.0,337768.0,Petersburg_N_Petersburg_115_kV_FLO_Hoskins_Shell,PTRBRG_N 1368 A (LN/NPPD/NPPD),HOSKINS - SHELL CREEK 345,09:30,-385.4,
12/31/2024,26016.0,1531.0,TEMP39_LN_Tekamho_Sub_1226_161_kV_FTLO_Raun_Fort,TEKAMHO TEKAMSUB1216_1 1 (LN/OPPD/OPPD),FORT CALHOUN-RAUN 345,09:30,-222.45,
12/31/2024,,162444.0,AMI13179_REYNOLD4_13857_A,REYNOLD4 13857 A (LN/NIPS/NIPS),WATSEKA - SHELDON SOUTH 138,09:35,-23.81,
12/31/2024,,357283.0,NSP34007_WILMART_TR9_TR9,WILMART TR9 TR9 (XF/NSP/*),CRANDALL - WILMARTH 345,09:35,-218.8,
12/31/2024,25759.0,332040.0,Overton_345_161_xfmr_flo_McCredie_Overton_345,OVER X345 XFMR_1_345 (XF/AMMO/*),MCCREDIE - OVERTON 345,09:35,-704.26,
12/31/2024,25904.0,337768.0,Petersburg_N_Petersburg_115_kV_FLO_Hoskins_Shell,PTRBRG_N 1368 A (LN/NPPD/NPPD),HOSKINS - SHELL CREEK 345,09:35,-187.0,
12/31/2024,26016.0,1531.0,TEMP39_LN_Tekamho_Sub_1226_161_kV_FTLO_Raun_Fort,TEKAMHO TEKAMSUB1216_1 1 (LN/OPPD/OPPD),FORT CALHOUN-RAUN 345,09:35,-13.68,
12/31/2024,,310528.0,ALWMEC15_IRVINESS_IRVINBEACO16_1_1,IRVINESS IRVINBEACO16_1 1 (LN/ALTW/ALTW),OTTUMWA - MONTEZUMA 345,09:40,-26.27,
12/31/2024,,162444.0,AMI13179_REYNOLD4_13857_A,REYNOLD4 13857 A (LN/NIPS/NIPS),WATSEKA - SHELDON SOUTH 138,09:40,-19.76,
12/31/2024,,357283.0,NSP34007_WILMART_TR9_TR9,WILMART TR9 TR9 (XF/NSP/*),CRANDALL - WILMARTH 345,09:40,-232.33,
12/31/2024,25759.0,332040.0,Overton_345_161_xfmr_flo_McCredie_Overton_345,OVER X345 XFMR_1_345 (XF/AMMO/*),MCCREDIE - OVERTON 345,09:40,-341.47,
12/31/2024,25904.0,337768.0,Petersburg_N_Petersburg_115_kV_FLO_Hoskins_Shell,PTRBRG_N 1368 A (LN/NPPD/NPPD),HOSKINS - SHELL CREEK 345,09:40,-202.8,
12/31/2024,26016.0,1531.0,TEMP39_LN_Tekamho_Sub_1226_161_kV_FTLO_Raun_Fort,TEKAMHO TEKAMSUB1216_1 1 (LN/OPPD/OPPD),FORT CALHOUN-RAUN 345,09:40,-323.35,
12/31/2024,,310528.0,ALWMEC15_IRVINESS_IRVINBEACO16_1_1,IRVINESS IRVINBEACO16_1 1 (LN/ALTW/ALTW),OTTUMWA - MONTEZUMA 345,09:45,-31.3,
12/31/2024,,162444.0,AMI13179_REYNOLD4_13857_A,REYNOLD4 13857 A (LN/NIPS/NIPS),WATSEKA - SHELDON SOUTH 138,09:45,-16.01,
12/31/2024,,434059.0,EESOC11_MARIONSE_ANGIE_MARION6_1,MARIONSE ANGIE_MARION6 1 (LN/SOCO/EES),MCKNIGHT - DANIEL 500,09:45,-1.01,
12/31/2024,,357283.0,NSP34007_WILMART_TR9_TR9,WILMART TR9 TR9 (XF/NSP/*),CRANDALL - WILMARTH 345,09:45,-233.18,
12/31/2024,25759.0,332040.0,Overton_345_161_xfmr_flo_McCredie_Overton_345,OVER X345 XFMR_1_345 (XF/AMMO/*),MCCREDIE - OVERTON 345,09:45,-134.3,
12/31/2024,25904.0,337768.0,Petersburg_N_Petersburg_115_kV_FLO_Hoskins_Shell,PTRBRG_N 1368 A (LN/NPPD/NPPD),HOSKINS - SHELL CREEK 345,09:45,-542.9,
12/31/2024,26016.0,1531.0,TEMP39_LN_Tekamho_Sub_1226_161_kV_FTLO_Raun_Fort,TEKAMHO TEKAMSUB1216_1 1 (LN/OPPD/OPPD),FORT CALHOUN-RAUN 345,09:45,-391.17,
12/31/2024,,310528.0,ALWMEC15_IRVINESS_IRVINBEACO16_1_1,IRVINESS IRVINBEACO16_1 1 (LN/ALTW/ALTW),OTTUMWA - MONTEZUMA 345,09:50,-21.16,
12/31/2024,,162444.0,AMI13179_REYNOLD4_13857_A,REYNOLD4 13857 A (LN/NIPS/NIPS),WATSEKA - SHELDON SOUTH 138,09:50,-18.02,
12/31/2024,,357283.0,NSP34007_WILMART_TR9_TR9,WILMART TR9 TR9 (XF/NSP/*),CRANDALL - WILMARTH 345,09:50,-236.25,
12/31/2024,25759.0,332040.0,Overton_345_161_xfmr_flo_McCredie_Overton_345,OVER X345 XFMR_1_345 (XF/AMMO/*),MCCREDIE - OVERTON 345,09:50,-313.22,
12/31/2024,25904.0,337768.0,Petersburg_N_Petersburg_115_kV_FLO_Hoskins_Shell,PTRBRG_N 1368 A (LN/NPPD/NPPD),HOSKINS - SHELL CREEK 345,09:50,-175.9,
12/31/2024,26016.0,1531.0,TEMP39_LN_Tekamho_Sub_1226_161_kV_FTLO_Raun_Fort,TEKAMHO TEKAMSUB1216_1 1 (LN/OPPD/OPPD),FORT CALHOUN-RAUN 345,09:50,-301.8,
12/31/2024,,162444.0,AMI13179_REYNOLD4_13857_A,REYNOLD4 13857 A (LN/NIPS/NIPS),WATSEKA - SHELDON SOUTH 138,09:55,-22.64,
12/31/2024,,357283.0,NSP34007_WILMART_TR9_TR9,WILMART TR9 TR9 (XF/NSP/*),CRANDALL - WILMARTH 345,09:55,-219.71,
12/31/2024,25759.0,332040.0,Overton_345_161_xfmr_flo_McCredie_Overton_345,OVER X345 XFMR_1_345 (XF/AMMO/*),MCCREDIE - OVERTON 345,09:55,-735.24,
12/31/2024,29369.0,311316.0,West_Memphis_AT1_161_500kV_flo_Sans_Souci_Driver,WMPEHV AT1 AT1L (XF/EAI/*),SANSSU - DRIVER 500,09:55,-24.15,
12/31/2024,,162444.0,AMI13179_REYNOLD4_13857_A,REYNOLD4 13857 A (LN/NIPS/NIPS),WATSEKA - SHELDON SOUTH 138,10:00,-27.51,
12/31/2024,,434059.0,EESOC11_MARIONSE_ANGIE_MARION6_1,MARIONSE ANGIE_MARION6 1 (LN/SOCO/EES),MCKNIGHT - DANIEL 500,10:00,-14.71,
12/31/2024,,357283.0,NSP34007_WILMART_TR9_TR9,WILMART TR9 TR9 (XF/NSP/*),CRANDALL - WILMARTH 345,10:00,-274.17,
12/31/2024,25759.0,332040.0,Overton_345_161_xfmr_flo_McCredie_Overton_345,OVER X345 XFMR_1_345 (XF/AMMO/*),MCCREDIE - OVERTON 345,10:00,-554.08,
12/31/2024,25904.0,337768.0,Petersburg_N_Petersburg_115_kV_FLO_Hoskins_Shell,PTRBRG_N 1368 A (LN/NPPD/NPPD),HOSKINS - SHELL CREEK 345,10:00,-169.75,
12/31/2024,2569.0,417569.0,Stateline_WolfLake138_flo_Burnham_Munster345,7_STATE STATE17WOL13_1 1 (LN/CE/NIPS),BURNHAM-MUNSTER 345 (34504),10:00,-287.7,
12/31/2024,,162444.0,AMI13179_REYNOLD4_13857_A,REYNOLD4 13857 A (LN/NIPS/NIPS),WATSEKA - SHELDON SOUTH 138,10:05,-19.240000000000002,
12/31/2024,,434059.0,EESOC11_MARIONSE_ANGIE_MARION6_1,MARIONSE ANGIE_MARION6 1 (LN/SOCO/EES),MCKNIGHT - DANIEL 500,10:05,-14.29,
12/31/2024,,357283.0,NSP34007_WILMART_TR9_TR9,WILMART TR9 TR9 (XF/NSP/*),CRANDALL - WILMARTH 345,10:05,-354.62,
12/31/2024,25904.0,337768.0,Petersburg_N_Petersburg_115_kV_FLO_Hoskins_Shell,PTRBRG_N 1368 A (LN/NPPD/NPPD),HOSKINS - SHELL CREEK 345,10:05,-328.4,
12/31/2024,2569.0,417569.0,Stateline_WolfLake138_flo_Burnham_Munster345,7_STATE STATE17WOL13_1 1 (LN/CE/NIPS),BURNHAM-MUNSTER 345 (34504),10:05,-287.7,
12/31/2024,26016.0,1531.0,TEMP39_LN_Tekamho_Sub_1226_161_kV_FTLO_Raun_Fort,TEKAMHO TEKAMSUB1216_1 1 (LN/OPPD/OPPD),FORT CALHOUN-RAUN 345,10:05,-194.27,
12/31/2024,,310528.0,ALWMEC15_IRVINESS_IRVINBEACO16_1_1,IRVINESS IRVINBEACO16_1 1 (LN/ALTW/ALTW),OTTUMWA - MONTEZUMA 345,10:10,-6.6,
12/31/2024,,162444.0,AMI13179_REYNOLD4_13857_A,REYNOLD4 13857 A (LN/NIPS/NIPS),WATSEKA - SHELDON SOUTH 138,10:10,-17.330000000000002,
12/31/2024,,434059.0,EESOC11_MARIONSE_ANGIE_MARION6_1,MARIONSE ANGIE_MARION6 1 (LN/SOCO/EES),MCKNIGHT - DANIEL 500,10:10,-15.92,
12/31/2024,,357283.0,NSP34007_WILMART_TR9_TR9,WILMART TR9 TR9 (XF/NSP/*),CRANDALL - WILMARTH 345,10:10,-355.14,
12/31/2024,25759.0,332040.0,Overton_345_161_xfmr_flo_McCredie_Overton_345,OVER X345 XFMR_1_345 (XF/AMMO/*),MCCREDIE - OVERTON 345,10:10,-99.96,
12/31/2024,25904.0,337768.0,Petersburg_N_Petersburg_115_kV_FLO_Hoskins_Shell,PTRBRG_N 1368 A (LN/NPPD/NPPD),HOSKINS - SHELL CREEK 345,10:10,-353.48,
12/31/2024,26016.0,1531.0,TEMP39_LN_Tekamho_Sub_1226_161_kV_FTLO_Raun_Fort,TEKAMHO TEKAMSUB1216_1 1 (LN/OPPD/OPPD),FORT CALHOUN-RAUN 345,10:10,-182.21,
12/31/2024,,162444.0,AMI13179_REYNOLD4_13857_A,REYNOLD4 13857 A (LN/NIPS/NIPS),WATSEKA - SHELDON SOUTH 138,10:15,-19.97,
12/31/2024,,434059.0,EESOC11_MARIONSE_ANGIE_MARION6_1,MARIONSE ANGIE_MARION6 1 (LN/SOCO/EES),MCKNIGHT - DANIEL 500,10:15,-27.68,
12/31/2024,,357283.0,NSP34007_WILMART_TR9_TR9,WILMART TR9 TR9 (XF/NSP/*),CRANDALL - WILMARTH 345,10:15,-175.84,
12/31/2024,25759.0,332040.0,Overton_345_161_xfmr_flo_McCredie_Overton_345,OVER X345 XFMR_1_345 (XF/AMMO/*),MCCREDIE - OVERTON 345,10:15,-344.66,
12/31/2024,25904.0,337768.0,Petersburg_N_Petersburg_115_kV_FLO_Hoskins_Shell,PTRBRG_N 1368 A (LN/NPPD/NPPD),HOSKINS - SHELL CREEK 345,10:15,-244.59,
12/31/2024,26016.0,1531.0,TEMP39_LN_Tekamho_Sub_1226_161_kV_FTLO_Raun_Fort,TEKAMHO TEKAMSUB1216_1 1 (LN/OPPD/OPPD),FORT CALHOUN-RAUN 345,10:15,-300.59000000000003,
12/31/2024,29369.0,311316.0,West_Memphis_AT1_161_500kV_flo_Sans_Souci_Driver,WMPEHV AT1 AT1L (XF/EAI/*),SANSSU - DRIVER 500,10:15,-35.76,
12/31/2024,,310528.0,ALWMEC15_IRVINESS_IRVINBEACO16_1_1,IRVINESS IRVINBEACO16_1 1 (LN/ALTW/ALTW),OTTUMWA - MONTEZUMA 345,10:20,-35.59,
12/31/2024,,162444.0,AMI13179_REYNOLD4_13857_A,REYNOLD4 13857 A (LN/NIPS/NIPS),WATSEKA - SHELDON SOUTH 138,10:20,-14.65,
12/31/2024,,434059.0,EESOC11_MARIONSE_ANGIE_MARION6_1,MARIONSE ANGIE_MARION6 1 (LN/SOCO/EES),MCKNIGHT - DANIEL 500,10:20,-16.56,
12/31/2024,,357283.0,NSP34007_WILMART_TR9_TR9,WILMART TR9 TR9 (XF/NSP/*),CRANDALL - WILMARTH 345,10:20,-262.31,
12/31/2024,25759.0,332040.0,Overton_345_161_xfmr_flo_McCredie_Overton_345,OVER X345 XFMR_1_345 (XF/AMMO/*),MCCREDIE - OVERTON 345,10:20,-65.91,
12/31/2024,25904.0,337768.0,Petersburg_N_Petersburg_115_kV_FLO_Hoskins_Shell,PTRBRG_N 1368 A (LN/NPPD/NPPD),HOSKINS - SHELL CREEK 345,10:20,-254.77,
12/31/2024,26016.0,1531.0,TEMP39_LN_Tekamho_Sub_1226_161_kV_FTLO_Raun_Fort,TEKAMHO TEKAMSUB1216_1 1 (LN/OPPD/OPPD),FORT CALHOUN-RAUN 345,10:20,-398.85,
12/31/2024,29369.0,311316.0,West_Memphis_AT1_161_500kV_flo_Sans_Souci_Driver,WMPEHV AT1 AT1L (XF/EAI/*),SANSSU - DRIVER 500,10:20,-33.65,
12/31/2024,,162444.0,AMI13179_REYNOLD4_13857_A,REYNOLD4 13857 A (LN/NIPS/NIPS),WATSEKA - SHELDON SOUTH 138,10:25,-23.97,
12/31/2024,,434059.0,EESOC11_MARIONSE_ANGIE_MARION6_1,MARIONSE ANGIE_MARION6 1 (LN/SOCO/EES),MCKNIGHT - DANIEL 500,10:25,-5.32,
12/31/2024,,357283.0,NSP34007_WILMART_TR9_TR9,WILMART TR9 TR9 (XF/NSP/*),CRANDALL - WILMARTH 345,10:25,-231.22,
12/31/2024,25759.0,332040.0,Overton_345_161_xfmr_flo_McCredie_Overton_345,OVER X345 XFMR_1_345 (XF/AMMO/*),MCCREDIE - OVERTON 345,10:25,-679.7,
12/31/2024,25904.0,337768.0,Petersburg_N_Petersburg_115_kV_FLO_Hoskins_Shell,PTRBRG_N 1368 A (LN/NPPD/NPPD),HOSKINS - SHELL CREEK 345,10:25,-194.1,
12/31/2024,,162444.0,AMI13179_REYNOLD4_13857_A,REYNOLD4 13857 A (LN/NIPS/NIPS),WATSEKA - SHELDON SOUTH 138,10:30,-26.41,
12/31/2024,,434059.0,EESOC11_MARIONSE_ANGIE_MARION6_1,MARIONSE ANGIE_MARION6 1 (LN/SOCO/EES),MCKNIGHT - DANIEL 500,10:30,-20.09,
12/31/2024,,357283.0,NSP34007_WILMART_TR9_TR9,WILMART TR9 TR9 (XF/NSP/*),CRANDALL - WILMARTH 345,10:30,-235.71,
12/31/2024,25759.0,332040.0,Overton_345_161_xfmr_flo_McCredie_Overton_345,OVER X345 XFMR_1_345 (XF/AMMO/*),MCCREDIE - OVERTON 345,10:30,-800.93,
12/31/2024,29369.0,311316.0,West_Memphis_AT1_161_500kV_flo_Sans_Souci_Driver,WMPEHV AT1 AT1L (XF/EAI/*),SANSSU - DRIVER 500,10:30,-30.78,
12/31/2024,,162444.0,AMI13179_REYNOLD4_13857_A,REYNOLD4 13857 A (LN/NIPS/NIPS),WATSEKA - SHELDON SOUTH 138,10:35,-26.8,
12/31/2024,,434059.0,EESOC11_MARIONSE_ANGIE_MARION6_1,MARIONSE ANGIE_MARION6 1 (LN/SOCO/EES),MCKNIGHT - DANIEL 500,10:35,-22.17,
12/31/2024,,357283.0,NSP34007_WILMART_TR9_TR9,WILMART TR9 TR9 (XF/NSP/*),CRANDALL - WILMARTH 345,10:35,-211.27,
12/31/2024,25759.0,332040.0,Overton_345_161_xfmr_flo_McCredie_Overton_345,OVER X345 XFMR_1_345 (XF/AMMO/*),MCCREDIE - OVERTON 345,10:35,-810.89,
12/31/2024,25904.0,337768.0,Petersburg_N_Petersburg_115_kV_FLO_Hoskins_Shell,PTRBRG_N 1368 A (LN/NPPD/NPPD),HOSKINS - SHELL CREEK 345,10:35,-333.26,
12/31/2024,29369.0,311316.0,West_Memphis_AT1_161_500kV_flo_Sans_Souci_Driver,WMPEHV AT1 AT1L (XF/EAI/*),SANSSU - DRIVER 500,10:35,-31.71,
12/31/2024,,310528.0,ALWMEC15_IRVINESS_IRVINBEACO16_1_1,IRVINESS IRVINBEACO16_1 1 (LN/ALTW/ALTW),OTTUMWA - MONTEZUMA 345,10:40,-32.44,
12/31/2024,,162444.0,AMI13179_REYNOLD4_13857_A,REYNOLD4 13857 A (LN/NIPS/NIPS),WATSEKA - SHELDON SOUTH 138,10:40,-15.97,
12/31/2024,,434059.0,EESOC11_MARIONSE_ANGIE_MARION6_1,MARIONSE ANGIE_MARION6 1 (LN/SOCO/EES),MCKNIGHT - DANIEL 500,10:40,-18.82,
12/31/2024,,357283.0,NSP34007_WILMART_TR9_TR9,WILMART TR9 TR9 (XF/NSP/*),CRANDALL - WILMARTH 345,10:40,-242.68,
12/31/2024,25759.0,332040.0,Overton_345_161_xfmr_flo_McCredie_Overton_345,OVER X345 XFMR_1_345 (XF/AMMO/*),MCCREDIE - OVERTON 345,10:40,-167.91,
12/31/2024,25904.0,337768.0,Petersburg_N_Petersburg_115_kV_FLO_Hoskins_Shell,PTRBRG_N 1368 A (LN/NPPD/NPPD),HOSKINS - SHELL CREEK 345,10:40,-337.9,
12/31/2024,26016.0,1531.0,TEMP39_LN_Tekamho_Sub_1226_161_kV_FTLO_Raun_Fort,TEKAMHO TEKAMSUB1216_1 1 (LN/OPPD/OPPD),FORT CALHOUN-RAUN 345,10:40,-377.55,
12/31/2024,,162444.0,AMI13179_REYNOLD4_13857_A,REYNOLD4 13857 A (LN/NIPS/NIPS),WATSEKA - SHELDON SOUTH 138,10:45,-19.79,
12/31/2024,,434059.0,EESOC11_MARIONSE_ANGIE_MARION6_1,MARIONSE ANGIE_MARION6 1 (LN/SOCO/EES),MCKNIGHT - DANIEL 500,10:45,-10.03,
12/31/2024,,357283.0,NSP34007_WILMART_TR9_TR9,WILMART TR9 TR9 (XF/NSP/*),CRANDALL - WILMARTH 345,10:45,-225.95,
12/31/2024,25759.0,332040.0,Overton_345_161_xfmr_flo_McCredie_Overton_345,OVER X345 XFMR_1_345 (XF/AMMO/*),MCCREDIE - OVERTON 345,10:45,-380.72,
12/31/2024,25904.0,337768.0,Petersburg_N_Petersburg_115_kV_FLO_Hoskins_Shell,PTRBRG_N 1368 A (LN/NPPD/NPPD),HOSKINS - SHELL CREEK 345,10:45,-349.26,
12/31/2024,26016.0,1531.0,TEMP39_LN_Tekamho_Sub_1226_161_kV_FTLO_Raun_Fort,TEKAMHO TEKAMSUB1216_1 1 (LN/OPPD/OPPD),FORT CALHOUN-RAUN 345,10:45,-277.3,
12/31/2024,,310528.0,ALWMEC15_IRVINESS_IRVINBEACO16_1_1,IRVINESS IRVINBEACO16_1 1 (LN/ALTW/ALTW),OTTUMWA - MONTEZUMA 345,10:50,-31.720000000000006,
12/31/2024,,162444.0,AMI13179_REYNOLD4_13857_A,REYNOLD4 13857 A (LN/NIPS/NIPS),WATSEKA - SHELDON SOUTH 138,10:50,-17.39,
12/31/2024,,357283.0,NSP34007_WILMART_TR9_TR9,WILMART TR9 TR9 (XF/NSP/*),CRANDALL - WILMARTH 345,10:50,-219.74,
12/31/2024,25904.0,337768.0,Petersburg_N_Petersburg_115_kV_FLO_Hoskins_Shell,PTRBRG_N 1368 A (LN/NPPD/NPPD),HOSKINS - SHELL CREEK 345,10:50,-169.0,
12/31/2024,26016.0,1531.0,TEMP39_LN_Tekamho_Sub_1226_161_kV_FTLO_Raun_Fort,TEKAMHO TEKAMSUB1216_1 1 (LN/OPPD/OPPD),FORT CALHOUN-RAUN 345,10:50,-681.29,
12/31/2024,,162444.0,AMI13179_REYNOLD4_13857_A,REYNOLD4 13857 A (LN/NIPS/NIPS),WATSEKA - SHELDON SOUTH 138,10:55,-22.05,
12/31/2024,,434059.0,EESOC11_MARIONSE_ANGIE_MARION6_1,MARIONSE ANGIE_MARION6 1 (LN/SOCO/EES),MCKNIGHT - DANIEL 500,10:55,-32.9,
12/31/2024,,357283.0,NSP34007_WILMART_TR9_TR9,WILMART TR9 TR9 (XF/NSP/*),CRANDALL - WILMARTH 345,10:55,-226.19,
12/31/2024,25759.0,332040.0,Overton_345_161_xfmr_flo_McCredie_Overton_345,OVER X345 XFMR_1_345 (XF/AMMO/*),MCCREDIE - OVERTON 345,10:55,-394.01,
12/31/2024,25904.0,337768.0,Petersburg_N_Petersburg_115_kV_FLO_Hoskins_Shell,PTRBRG_N 1368 A (LN/NPPD/NPPD),HOSKINS - SHELL CREEK 345,10:55,-190.9,
12/31/2024,26016.0,1531.0,TEMP39_LN_Tekamho_Sub_1226_161_kV_FTLO_Raun_Fort,TEKAMHO TEKAMSUB1216_1 1 (LN/OPPD/OPPD),FORT CALHOUN-RAUN 345,10:55,-350.33,
12/31/2024,,310528.0,ALWMEC15_IRVINESS_IRVINBEACO16_1_1,IRVINESS IRVINBEACO16_1 1 (LN/ALTW/ALTW),OTTUMWA - MONTEZUMA 345,11:00,-20.74,
12/31/2024,,162444.0,AMI13179_REYNOLD4_13857_A,REYNOLD4 13857 A (LN/NIPS/NIPS),WATSEKA - SHELDON SOUTH 138,11:00,-20.58,
12/31/2024,,434059.0,EESOC11_MARIONSE_ANGIE_MARION6_1,MARIONSE ANGIE_MARION6 1 (LN/SOCO/EES),MCKNIGHT - DANIEL 500,11:00,-30.57,
12/31/2024,,357283.0,NSP34007_WILMART_TR9_TR9,WILMART TR9 TR9 (XF/NSP/*),CRANDALL - WILMARTH 345,11:00,-237.25,
12/31/2024,25759.0,332040.0,Overton_345_161_xfmr_flo_McCredie_Overton_345,OVER X345 XFMR_1_345 (XF/AMMO/*),MCCREDIE - OVERTON 345,11:00,-330.28,
12/31/2024,26016.0,1531.0,TEMP39_LN_Tekamho_Sub_1226_161_kV_FTLO_Raun_Fort,TEKAMHO TEKAMSUB1216_1 1 (LN/OPPD/OPPD),FORT CALHOUN-RAUN 345,11:00,-407.46,
12/31/2024,,162444.0,AMI13179_REYNOLD4_13857_A,REYNOLD4 13857 A (LN/NIPS/NIPS),WATSEKA - SHELDON SOUTH 138,11:05,-27.41,
12/31/2024,,434059.0,EESOC11_MARIONSE_ANGIE_MARION6_1,MARIONSE ANGIE_MARION6 1 (LN/SOCO/EES),MCKNIGHT - DANIEL 500,11:05,-7.4,
12/31/2024,,357283.0,NSP34007_WILMART_TR9_TR9,WILMART TR9 TR9 (XF/NSP/*),CRANDALL - WILMARTH 345,11:05,-233.07,
12/31/2024,25759.0,332040.0,Overton_345_161_xfmr_flo_McCredie_Overton_345,OVER X345 XFMR_1_345 (XF/AMMO/*),MCCREDIE - OVERTON 345,11:05,-743.67,
12/31/2024,2569.0,417569.0,Stateline_WolfLake138_flo_Burnham_Munster345,7_STATE STATE17WOL13_1 1 (LN/CE/NIPS),BURNHAM-MUNSTER 345 (34504),11:05,-38.7,
12/31/2024,,162444.0,AMI13179_REYNOLD4_13857_A,REYNOLD4 13857 A (LN/NIPS/NIPS),WATSEKA - SHELDON SOUTH 138,11:10,-21.15,
12/31/2024,,434059.0,EESOC11_MARIONSE_ANGIE_MARION6_1,MARIONSE ANGIE_MARION6 1 (LN/SOCO/EES),MCKNIGHT - DANIEL 500,11:10,-4.26,
12/31/2024,,357283.0,NSP34007_WILMART_TR9_TR9,WILMART TR9 TR9 (XF/NSP/*),CRANDALL - WILMARTH 345,11:10,-236.56,
12/31/2024,25759.0,332040.0,Overton_345_161_xfmr_flo_McCredie_Overton_345,OVER X345 XFMR_1_345 (XF/AMMO/*),MCCREDIE - OVERTON 345,11:10,-361.37,
12/31/2024,2569.0,417569.0,Stateline_WolfLake138_flo_Burnham_Munster345,7_STATE STATE17WOL13_1 1 (LN/CE/NIPS),BURNHAM-MUNSTER 345 (34504),11:10,-38.7,
12/31/2024,26016.0,1531.0,TEMP39_LN_Tekamho_Sub_1226_161_kV_FTLO_Raun_Fort,TEKAMHO TEKAMSUB1216_1 1 (LN/OPPD/OPPD),FORT CALHOUN-RAUN 345,11:10,-341.36,
12/31/2024,,162444.0,AMI13179_REYNOLD4_13857_A,REYNOLD4 13857 A (LN/NIPS/NIPS),WATSEKA - SHELDON SOUTH 138,11:15,-22.08,
12/31/2024,,434059.0,EESOC11_MARIONSE_ANGIE_MARION6_1,MARIONSE ANGIE_MARION6 1 (LN/SOCO/EES),MCKNIGHT - DANIEL 500,11:15,-33.44,
12/31/2024,,357283.0,NSP34007_WILMART_TR9_TR9,WILMART TR9 TR9 (XF/NSP/*),CRANDALL - WILMARTH 345,11:15,-259.07,
12/31/2024,25759.0,332040.0,Overton_345_161_xfmr_flo_McCredie_Overton_345,OVER X345 XFMR_1_345 (XF/AMMO/*),MCCREDIE - OVERTON 345,11:15,-369.91,
12/31/2024,26016.0,1531.0,TEMP39_LN_Tekamho_Sub_1226_161_kV_FTLO_Raun_Fort,TEKAMHO TEKAMSUB1216_1 1 (LN/OPPD/OPPD),FORT CALHOUN-RAUN 345,11:15,-316.45,
12/31/2024,,310528.0,ALWMEC15_IRVINESS_IRVINBEACO16_1_1,IRVINESS IRVINBEACO16_1 1 (LN/ALTW/ALTW),OTTUMWA - MONTEZUMA 345,11:20,-12.58,
12/31/2024,,162444.0,AMI13179_REYNOLD4_13857_A,REYNOLD4 13857 A (LN/NIPS/NIPS),WATSEKA - SHELDON SOUTH 138,11:20,-17.72,
12/31/2024,28930.0,332620.0,Doud_Boone_Junction_161kV_flo_Story_County_Marsh,DOUD2 DOUD2BNE_J16_1 1 (LN/ALTW/ALTW),STORY CO-MARSHALTOWN WEST MAIN 161,11:20,-14.03,
12/31/2024,,357283.0,NSP34007_WILMART_TR9_TR9,WILMART TR9 TR9 (XF/NSP/*),CRANDALL - WILMARTH 345,11:20,-213.46,
12/31/2024,25904.0,337768.0,Petersburg_N_Petersburg_115_kV_FLO_Hoskins_Shell,PTRBRG_N 1368 A (LN/NPPD/NPPD),HOSKINS - SHELL CREEK 345,11:20,-153.85,
12/31/2024,26016.0,1531.0,TEMP39_LN_Tekamho_Sub_1226_161_kV_FTLO_Raun_Fort,TEKAMHO TEKAMSUB1216_1 1 (LN/OPPD/OPPD),FORT CALHOUN-RAUN 345,11:20,-713.85,
12/31/2024,,310528.0,ALWMEC15_IRVINESS_IRVINBEACO16_1_1,IRVINESS IRVINBEACO16_1 1 (LN/ALTW/ALTW),OTTUMWA - MONTEZUMA 345,11:25,-19.21,
12/31/2024,,162444.0,AMI13179_REYNOLD4_13857_A,REYNOLD4 13857 A (LN/NIPS/NIPS),WATSEKA - SHELDON SOUTH 138,11:25,-16.490000000000002,
12/31/2024,28930.0,332620.0,Doud_Boone_Junction_161kV_flo_Story_County_Marsh,DOUD2 DOUD2BNE_J16_1 1 (LN/ALTW/ALTW),STORY CO-MARSHALTOWN WEST MAIN 161,11:25,-10.81,
12/31/2024,,357283.0,NSP34007_WILMART_TR9_TR9,WILMART TR9 TR9 (XF/NSP/*),CRANDALL - WILMARTH 345,11:25,-226.37,
12/31/2024,25904.0,337768.0,Petersburg_N_Petersburg_115_kV_FLO_Hoskins_Shell,PTRBRG_N 1368 A (LN/NPPD/NPPD),HOSKINS - SHELL CREEK 345,11:25,-166.49,
12/31/2024,26016.0,1531.0,TEMP39_LN_Tekamho_Sub_1226_161_kV_FTLO_Raun_Fort,TEKAMHO TEKAMSUB1216_1 1 (LN/OPPD/OPPD),FORT CALHOUN-RAUN 345,11:25,-659.23,
12/31/2024,,310528.0,ALWMEC15_IRVINESS_IRVINBEACO16_1_1,IRVINESS IRVINBEACO16_1 1 (LN/ALTW/ALTW),OTTUMWA - MONTEZUMA 345,11:30,-27.64,
12/31/2024,,162444.0,AMI13179_REYNOLD4_13857_A,REYNOLD4 13857 A (LN/NIPS/NIPS),WATSEKA - SHELDON SOUTH 138,11:30,-17.04,
12/31/2024,28930.0,332620.0,Doud_Boone_Junction_161kV_flo_Story_County_Marsh,DOUD2 DOUD2BNE_J16_1 1 (LN/ALTW/ALTW),STORY CO-MARSHALTOWN WEST MAIN 161,11:30,-3.18,
12/31/2024,,434059.0,EESOC11_MARIONSE_ANGIE_MARION6_1,MARIONSE ANGIE_MARION6 1 (LN/SOCO/EES),MCKNIGHT - DANIEL 500,11:30,-33.62,
12/31/2024,,357283.0,NSP34007_WILMART_TR9_TR9,WILMART TR9 TR9 (XF/NSP/*),CRANDALL - WILMARTH 345,11:30,-369.4,
12/31/2024,25904.0,337768.0,Petersburg_N_Petersburg_115_kV_FLO_Hoskins_Shell,PTRBRG_N 1368 A (LN/NPPD/NPPD),HOSKINS - SHELL CREEK 345,11:30,-94.99,
12/31/2024,26016.0,1531.0,TEMP39_LN_Tekamho_Sub_1226_161_kV_FTLO_Raun_Fort,TEKAMHO TEKAMSUB1216_1 1 (LN/OPPD/OPPD),FORT CALHOUN-RAUN 345,11:30,-428.38,
12/31/2024,,310528.0,ALWMEC15_IRVINESS_IRVINBEACO16_1_1,IRVINESS IRVINBEACO16_1 1 (LN/ALTW/ALTW),OTTUMWA - MONTEZUMA 345,11:35,-99.33,
12/31/2024,,162444.0,AMI13179_REYNOLD4_13857_A,REYNOLD4 13857 A (LN/NIPS/NIPS),WATSEKA - SHELDON SOUTH 138,11:35,-16.82,
12/31/2024,,434059.0,EESOC11_MARIONSE_ANGIE_MARION6_1,MARIONSE ANGIE_MARION6 1 (LN/SOCO/EES),MCKNIGHT - DANIEL 500,11:35,-33.22,
12/31/2024,,357283.0,NSP34007_WILMART_TR9_TR9,WILMART TR9 TR9 (XF/NSP/*),CRANDALL - WILMARTH 345,11:35,-353.01,
12/31/2024,26016.0,1531.0,TEMP39_LN_Tekamho_Sub_1226_161_kV_FTLO_Raun_Fort,TEKAMHO TEKAMSUB1216_1 1 (LN/OPPD/OPPD),FORT CALHOUN-RAUN 345,11:35,-411.08,
12/31/2024,,310528.0,ALWMEC15_IRVINESS_IRVINBEACO16_1_1,IRVINESS IRVINBEACO16_1 1 (LN/ALTW/ALTW),OTTUMWA - MONTEZUMA 345,11:40,-28.33,
12/31/2024,,162444.0,AMI13179_REYNOLD4_13857_A,REYNOLD4 13857 A (LN/NIPS/NIPS),WATSEKA - SHELDON SOUTH 138,11:40,-18.76,
12/31/2024,,434059.0,EESOC11_MARIONSE_ANGIE_MARION6_1,MARIONSE ANGIE_MARION6 1 (LN/SOCO/EES),MCKNIGHT - DANIEL 500,11:40,-28.71,
12/31/2024,,357283.0,NSP34007_WILMART_TR9_TR9,WILMART TR9 TR9 (XF/NSP/*),CRANDALL - WILMARTH 345,11:40,-288.94,
12/31/2024,25759.0,332040.0,Overton_345_161_xfmr_flo_McCredie_Overton_345,OVER X345 XFMR_1_345 (XF/AMMO/*),MCCREDIE - OVERTON 345,11:40,-160.01,
12/31/2024,2569.0,417569.0,Stateline_WolfLake138_flo_Burnham_Munster345,7_STATE STATE17WOL13_1 1 (LN/CE/NIPS),BURNHAM-MUNSTER 345 (34504),11:40,-35.1,
12/31/2024,26016.0,1531.0,TEMP39_LN_Tekamho_Sub_1226_161_kV_FTLO_Raun_Fort,TEKAMHO TEKAMSUB1216_1 1 (LN/OPPD/OPPD),FORT CALHOUN-RAUN 345,11:40,-343.24,
12/31/2024,,310528.0,ALWMEC15_IRVINESS_IRVINBEACO16_1_1,IRVINESS IRVINBEACO16_1 1 (LN/ALTW/ALTW),OTTUMWA - MONTEZUMA 345,11:45,-73.4,
12/31/2024,,162444.0,AMI13179_REYNOLD4_13857_A,REYNOLD4 13857 A (LN/NIPS/NIPS),WATSEKA - SHELDON SOUTH 138,11:45,-16.87,
12/31/2024,28930.0,332620.0,Doud_Boone_Junction_161kV_flo_Story_County_Marsh,DOUD2 DOUD2BNE_J16_1 1 (LN/ALTW/ALTW),STORY CO-MARSHALTOWN WEST MAIN 161,11:45,-1.08,
12/31/2024,,434059.0,EESOC11_MARIONSE_ANGIE_MARION6_1,MARIONSE ANGIE_MARION6 1 (LN/SOCO/EES),MCKNIGHT - DANIEL 500,11:45,-34.27,
12/31/2024,,357283.0,NSP34007_WILMART_TR9_TR9,WILMART TR9 TR9 (XF/NSP/*),CRANDALL - WILMARTH 345,11:45,-300.3,
12/31/2024,25904.0,337768.0,Petersburg_N_Petersburg_115_kV_FLO_Hoskins_Shell,PTRBRG_N 1368 A (LN/NPPD/NPPD),HOSKINS - SHELL CREEK 345,11:45,-98.8,
12/31/2024,2569.0,417569.0,Stateline_WolfLake138_flo_Burnham_Munster345,7_STATE STATE17WOL13_1 1 (LN/CE/NIPS),BURNHAM-MUNSTER 345 (34504),11:45,-35.1,
12/31/2024,26016.0,1531.0,TEMP39_LN_Tekamho_Sub_1226_161_kV_FTLO_Raun_Fort,TEKAMHO TEKAMSUB1216_1 1 (LN/OPPD/OPPD),FORT CALHOUN-RAUN 345,11:45,-383.09,
12/31/2024,,310528.0,ALWMEC15_IRVINESS_IRVINBEACO16_1_1,IRVINESS IRVINBEACO16_1 1 (LN/ALTW/ALTW),OTTUMWA - MONTEZUMA 345,11:50,-34.83,
12/31/2024,,162444.0,AMI13179_REYNOLD4_13857_A,REYNOLD4 13857 A (LN/NIPS/NIPS),WATSEKA - SHELDON SOUTH 138,11:50,-16.42,
12/31/2024,,434059.0,EESOC11_MARIONSE_ANGIE_MARION6_1,MARIONSE ANGIE_MARION6 1 (LN/SOCO/EES),MCKNIGHT - DANIEL 500,11:50,-24.43,
12/31/2024,,357283.0,NSP34007_WILMART_TR9_TR9,WILMART TR9 TR9 (XF/NSP/*),CRANDALL - WILMARTH 345,11:50,-283.53000000000003,
12/31/2024,25759.0,332040.0,Overton_345_161_xfmr_flo_McCredie_Overton_345,OVER X345 XFMR_1_345 (XF/AMMO/*),MCCREDIE - OVERTON 345,11:50,-81.9,
12/31/2024,25904.0,337768.0,Petersburg_N_Petersburg_115_kV_FLO_Hoskins_Shell,PTRBRG_N 1368 A (LN/NPPD/NPPD),HOSKINS - SHELL CREEK 345,11:50,-98.8,
12/31/2024,2569.0,417569.0,Stateline_WolfLake138_flo_Burnham_Munster345,7_STATE STATE17WOL13_1 1 (LN/CE/NIPS),BURNHAM-MUNSTER 345 (34504),11:50,-36.5,
12/31/2024,26016.0,1531.0,TEMP39_LN_Tekamho_Sub_1226_161_kV_FTLO_Raun_Fort,TEKAMHO TEKAMSUB1216_1 1 (LN/OPPD/OPPD),FORT CALHOUN-RAUN 345,11:50,-355.21,
12/31/2024,,310528.0,ALWMEC15_IRVINESS_IRVINBEACO16_1_1,IRVINESS IRVINBEACO16_1 1 (LN/ALTW/ALTW),OTTUMWA - MONTEZUMA 345,11:55,-22.7,
12/31/2024,,162444.0,AMI13179_REYNOLD4_13857_A,REYNOLD4 13857 A (LN/NIPS/NIPS),WATSEKA - SHELDON SOUTH 138,11:55,-19.490000000000002,
12/31/2024,,434059.0,EESOC11_MARIONSE_ANGIE_MARION6_1,MARIONSE ANGIE_MARION6 1 (LN/SOCO/EES),MCKNIGHT - DANIEL 500,11:55,-37.17,
12/31/2024,,357283.0,NSP34007_WILMART_TR9_TR9,WILMART TR9 TR9 (XF/NSP/*),CRANDALL - WILMARTH 345,11:55,-238.33,
12/31/2024,25759.0,332040.0,Overton_345_161_xfmr_flo_McCredie_Overton_345,OVER X345 XFMR_1_345 (XF/AMMO/*),MCCREDIE - OVERTON 345,11:55,-258.73,
12/31/2024,25904.0,337768.0,Petersburg_N_Petersburg_115_kV_FLO_Hoskins_Shell,PTRBRG_N 1368 A (LN/NPPD/NPPD),HOSKINS - SHELL CREEK 345,11:55,-183.7,
12/31/2024,26016.0,1531.0,TEMP39_LN_Tekamho_Sub_1226_161_kV_FTLO_Raun_Fort,TEKAMHO TEKAMSUB1216_1 1 (LN/OPPD/OPPD),FORT CALHOUN-RAUN 345,11:55,-368.85,
12/31/2024,,310528.0,ALWMEC15_IRVINESS_IRVINBEACO16_1_1,IRVINESS IRVINBEACO16_1 1 (LN/ALTW/ALTW),OTTUMWA - MONTEZUMA 345,12:00,-23.73,
12/31/2024,,162444.0,AMI13179_REYNOLD4_13857_A,REYNOLD4 13857 A (LN/NIPS/NIPS),WATSEKA - SHELDON SOUTH 138,12:00,-19.490000000000002,
12/31/2024,,434059.0,EESOC11_MARIONSE_ANGIE_MARION6_1,MARIONSE ANGIE_MARION6 1 (LN/SOCO/EES),MCKNIGHT - DANIEL 500,12:00,-27.35,
12/31/2024,,357283.0,NSP34007_WILMART_TR9_TR9,WILMART TR9 TR9 (XF/NSP/*),CRANDALL - WILMARTH 345,12:00,-232.81,
12/31/2024,25759.0,332040.0,Overton_345_161_xfmr_flo_McCredie_Overton_345,OVER X345 XFMR_1_345 (XF/AMMO/*),MCCREDIE - OVERTON 345,12:00,-272.08,
12/31/2024,25904.0,337768.0,Petersburg_N_Petersburg_115_kV_FLO_Hoskins_Shell,PTRBRG_N 1368 A (LN/NPPD/NPPD),HOSKINS - SHELL CREEK 345,12:00,-231.51,
12/31/2024,26016.0,1531.0,TEMP39_LN_Tekamho_Sub_1226_161_kV_FTLO_Raun_Fort,TEKAMHO TEKAMSUB1216_1 1 (LN/OPPD/OPPD),FORT CALHOUN-RAUN 345,12:00,-373.69,
12/31/2024,,310528.0,ALWMEC15_IRVINESS_IRVINBEACO16_1_1,IRVINESS IRVINBEACO16_1 1 (LN/ALTW/ALTW),OTTUMWA - MONTEZUMA 345,12:05,-49.68,
12/31/2024,,162444.0,AMI13179_REYNOLD4_13857_A,REYNOLD4 13857 A (LN/NIPS/NIPS),WATSEKA - SHELDON SOUTH 138,12:05,-18.21,
12/31/2024,,357283.0,NSP34007_WILMART_TR9_TR9,WILMART TR9 TR9 (XF/NSP/*),CRANDALL - WILMARTH 345,12:05,-232.98,
12/31/2024,25904.0,337768.0,Petersburg_N_Petersburg_115_kV_FLO_Hoskins_Shell,PTRBRG_N 1368 A (LN/NPPD/NPPD),HOSKINS - SHELL CREEK 345,12:05,-57.76,
12/31/2024,26016.0,1531.0,TEMP39_LN_Tekamho_Sub_1226_161_kV_FTLO_Raun_Fort,TEKAMHO TEKAMSUB1216_1 1 (LN/OPPD/OPPD),FORT CALHOUN-RAUN 345,12:05,-172.92,
12/31/2024,5577.0,292316.0,TEMP82_Nashua_345_161kV_FTLO_Nashua_Hawthorn_345,NASHUA T1 T1_H (XF/KCPL/*),NASHUA - HAWTHORN 345,12:05,-697.7,
12/31/2024,,162444.0,AMI13179_REYNOLD4_13857_A,REYNOLD4 13857 A (LN/NIPS/NIPS),WATSEKA - SHELDON SOUTH 138,12:10,-18.13,
12/31/2024,,357283.0,NSP34007_WILMART_TR9_TR9,WILMART TR9 TR9 (XF/NSP/*),CRANDALL - WILMARTH 345,12:10,-228.88,
12/31/2024,2569.0,417569.0,Stateline_WolfLake138_flo_Burnham_Munster345,7_STATE STATE17WOL13_1 1 (LN/CE/NIPS),BURNHAM-MUNSTER 345 (34504),12:10,-83.7,
12/31/2024,26016.0,1531.0,TEMP39_LN_Tekamho_Sub_1226_161_kV_FTLO_Raun_Fort,TEKAMHO TEKAMSUB1216_1 1 (LN/OPPD/OPPD),FORT CALHOUN-RAUN 345,12:10,-323.03000000000003,
12/31/2024,5577.0,292316.0,TEMP82_Nashua_345_161kV_FTLO_Nashua_Hawthorn_345,NASHUA T1 T1_H (XF/KCPL/*),NASHUA - HAWTHORN 345,12:10,-405.32,
12/31/2024,,162444.0,AMI13179_REYNOLD4_13857_A,REYNOLD4 13857 A (LN/NIPS/NIPS),WATSEKA - SHELDON SOUTH 138,12:15,-20.23,
12/31/2024,,357283.0,NSP34007_WILMART_TR9_TR9,WILMART TR9 TR9 (XF/NSP/*),CRANDALL - WILMARTH 345,12:15,-255.04,
12/31/2024,25904.0,337768.0,Petersburg_N_Petersburg_115_kV_FLO_Hoskins_Shell,PTRBRG_N 1368 A (LN/NPPD/NPPD),HOSKINS - SHELL CREEK 345,12:15,-117.48,
12/31/2024,2569.0,417569.0,Stateline_WolfLake138_flo_Burnham_Munster345,7_STATE STATE17WOL13_1 1 (LN/CE/NIPS),BURNHAM-MUNSTER 345 (34504),12:15,-362.3,
12/31/2024,5577.0,292316.0,TEMP82_Nashua_345_161kV_FTLO_Nashua_Hawthorn_345,NASHUA T1 T1_H (XF/KCPL/*),NASHUA - HAWTHORN 345,12:15,-627.63,
12/31/2024,,162444.0,AMI13179_REYNOLD4_13857_A,REYNOLD4 13857 A (LN/NIPS/NIPS),WATSEKA - SHELDON SOUTH 138,12:20,-17.98,
12/31/2024,,357283.0,NSP34007_WILMART_TR9_TR9,WILMART TR9 TR9 (XF/NSP/*),CRANDALL - WILMARTH 345,12:20,-236.54,
12/31/2024,2569.0,417569.0,Stateline_WolfLake138_flo_Burnham_Munster345,7_STATE STATE17WOL13_1 1 (LN/CE/NIPS),BURNHAM-MUNSTER 345 (34504),12:20,-84.09,
12/31/2024,26016.0,1531.0,TEMP39_LN_Tekamho_Sub_1226_161_kV_FTLO_Raun_Fort,TEKAMHO TEKAMSUB1216_1 1 (LN/OPPD/OPPD),FORT CALHOUN-RAUN 345,12:20,-361.22,
12/31/2024,5577.0,292316.0,TEMP82_Nashua_345_161kV_FTLO_Nashua_Hawthorn_345,NASHUA T1 T1_H (XF/KCPL/*),NASHUA - HAWTHORN 345,12:20,-420.0,
12/31/2024,,162444.0,AMI13179_REYNOLD4_13857_A,REYNOLD4 13857 A (LN/NIPS/NIPS),WATSEKA - SHELDON SOUTH 138,12:25,-17.07,
12/31/2024,,434059.0,EESOC11_MARIONSE_ANGIE_MARION6_1,MARIONSE ANGIE_MARION6 1 (LN/SOCO/EES),MCKNIGHT - DANIEL 500,12:25,-10.54,
12/31/2024,,357283.0,NSP34007_WILMART_TR9_TR9,WILMART TR9 TR9 (XF/NSP/*),CRANDALL - WILMARTH 345,12:25,-277.32,
12/31/2024,2569.0,417569.0,Stateline_WolfLake138_flo_Burnham_Munster345,7_STATE STATE17WOL13_1 1 (LN/CE/NIPS),BURNHAM-MUNSTER 345 (34504),12:25,-55.2,
12/31/2024,26016.0,1531.0,TEMP39_LN_Tekamho_Sub_1226_161_kV_FTLO_Raun_Fort,TEKAMHO TEKAMSUB1216_1 1 (LN/OPPD/OPPD),FORT CALHOUN-RAUN 345,12:25,-28.26,
12/31/2024,5577.0,292316.0,TEMP82_Nashua_345_161kV_FTLO_Nashua_Hawthorn_345,NASHUA T1 T1_H (XF/KCPL/*),NASHUA - HAWTHORN 345,12:25,-623.6,
12/31/2024,,162444.0,AMI13179_REYNOLD4_13857_A,REYNOLD4 13857 A (LN/NIPS/NIPS),WATSEKA - SHELDON SOUTH 138,12:30,-17.43,
12/31/2024,,357283.0,NSP34007_WILMART_TR9_TR9,WILMART TR9 TR9 (XF/NSP/*),CRANDALL - WILMARTH 345,12:30,-232.44,
12/31/2024,26016.0,1531.0,TEMP39_LN_Tekamho_Sub_1226_161_kV_FTLO_Raun_Fort,TEKAMHO TEKAMSUB1216_1 1 (LN/OPPD/OPPD),FORT CALHOUN-RAUN 345,12:30,-393.16,
12/31/2024,5577.0,292316.0,TEMP82_Nashua_345_161kV_FTLO_Nashua_Hawthorn_345,NASHUA T1 T1_H (XF/KCPL/*),NASHUA - HAWTHORN 345,12:30,-466.01,
12/31/2024,,310528.0,ALWMEC15_IRVINESS_IRVINBEACO16_1_1,IRVINESS IRVINBEACO16_1 1 (LN/ALTW/ALTW),OTTUMWA - MONTEZUMA 345,12:35,-42.11,
12/31/2024,,162444.0,AMI13179_REYNOLD4_13857_A,REYNOLD4 13857 A (LN/NIPS/NIPS),WATSEKA - SHELDON SOUTH 138,12:35,-16.6,
12/31/2024,,357283.0,NSP34007_WILMART_TR9_TR9,WILMART TR9 TR9 (XF/NSP/*),CRANDALL - WILMARTH 345,12:35,-219.88,
12/31/2024,26016.0,1531.0,TEMP39_LN_Tekamho_Sub_1226_161_kV_FTLO_Raun_Fort,TEKAMHO TEKAMSUB1216_1 1 (LN/OPPD/OPPD),FORT CALHOUN-RAUN 345,12:35,-418.16,
12/31/2024,5577.0,292316.0,TEMP82_Nashua_345_161kV_FTLO_Nashua_Hawthorn_345,NASHUA T1 T1_H (XF/KCPL/*),NASHUA - HAWTHORN 345,12:35,-449.9,
12/31/2024,,162444.0,AMI13179_REYNOLD4_13857_A,REYNOLD4 13857 A (LN/NIPS/NIPS),WATSEKA - SHELDON SOUTH 138,12:40,-17.240000000000002,
12/31/2024,,357283.0,NSP34007_WILMART_TR9_TR9,WILMART TR9 TR9 (XF/NSP/*),CRANDALL - WILMARTH 345,12:40,-235.32,
12/31/2024,26016.0,1531.0,TEMP39_LN_Tekamho_Sub_1226_161_kV_FTLO_Raun_Fort,TEKAMHO TEKAMSUB1216_1 1 (LN/OPPD/OPPD),FORT CALHOUN-RAUN 345,12:40,-426.51,
12/31/2024,5577.0,292316.0,TEMP82_Nashua_345_161kV_FTLO_Nashua_Hawthorn_345,NASHUA T1 T1_H (XF/KCPL/*),NASHUA - HAWTHORN 345,12:40,-458.24,
12/31/2024,,162444.0,AMI13179_REYNOLD4_13857_A,REYNOLD4 13857 A (LN/NIPS/NIPS),WATSEKA - SHELDON SOUTH 138,12:45,-16.46,
12/31/2024,28930.0,332620.0,Doud_Boone_Junction_161kV_flo_Story_County_Marsh,DOUD2 DOUD2BNE_J16_1 1 (LN/ALTW/ALTW),STORY CO-MARSHALTOWN WEST MAIN 161,12:45,-1.5,
12/31/2024,,357283.0,NSP34007_WILMART_TR9_TR9,WILMART TR9 TR9 (XF/NSP/*),CRANDALL - WILMARTH 345,12:45,-241.38,
12/31/2024,26016.0,1531.0,TEMP39_LN_Tekamho_Sub_1226_161_kV_FTLO_Raun_Fort,TEKAMHO TEKAMSUB1216_1 1 (LN/OPPD/OPPD),FORT CALHOUN-RAUN 345,12:45,-522.36,
12/31/2024,5577.0,292316.0,TEMP82_Nashua_345_161kV_FTLO_Nashua_Hawthorn_345,NASHUA T1 T1_H (XF/KCPL/*),NASHUA - HAWTHORN 345,12:45,-261.57,
12/31/2024,,162444.0,AMI13179_REYNOLD4_13857_A,REYNOLD4 13857 A (LN/NIPS/NIPS),WATSEKA - SHELDON SOUTH 138,12:50,-15.93,
12/31/2024,28930.0,332620.0,Doud_Boone_Junction_161kV_flo_Story_County_Marsh,DOUD2 DOUD2BNE_J16_1 1 (LN/ALTW/ALTW),STORY CO-MARSHALTOWN WEST MAIN 161,12:50,-2.42,
12/31/2024,,357283.0,NSP34007_WILMART_TR9_TR9,WILMART TR9 TR9 (XF/NSP/*),CRANDALL - WILMARTH 345,12:50,-220.5,
12/31/2024,26016.0,1531.0,TEMP39_LN_Tekamho_Sub_1226_161_kV_FTLO_Raun_Fort,TEKAMHO TEKAMSUB1216_1 1 (LN/OPPD/OPPD),FORT CALHOUN-RAUN 345,12:50,-568.9,
12/31/2024,5577.0,292316.0,TEMP82_Nashua_345_161kV_FTLO_Nashua_Hawthorn_345,NASHUA T1 T1_H (XF/KCPL/*),NASHUA - HAWTHORN 345,12:50,-248.19,
12/31/2024,,310528.0,ALWMEC15_IRVINESS_IRVINBEACO16_1_1,IRVINESS IRVINBEACO16_1 1 (LN/ALTW/ALTW),OTTUMWA - MONTEZUMA 345,12:55,-5.79,
12/31/2024,,162444.0,AMI13179_REYNOLD4_13857_A,REYNOLD4 13857 A (LN/NIPS/NIPS),WATSEKA - SHELDON SOUTH 138,12:55,-16.86,
12/31/2024,28930.0,332620.0,Doud_Boone_Junction_161kV_flo_Story_County_Marsh,DOUD2 DOUD2BNE_J16_1 1 (LN/ALTW/ALTW),STORY CO-MARSHALTOWN WEST MAIN 161,12:55,-12.08,
12/31/2024,,357283.0,NSP34007_WILMART_TR9_TR9,WILMART TR9 TR9 (XF/NSP/*),CRANDALL - WILMARTH 345,12:55,-230.4,
12/31/2024,26016.0,1531.0,TEMP39_LN_Tekamho_Sub_1226_161_kV_FTLO_Raun_Fort,TEKAMHO TEKAMSUB1216_1 1 (LN/OPPD/OPPD),FORT CALHOUN-RAUN 345,12:55,-709.42,
12/31/2024,,162444.0,AMI13179_REYNOLD4_13857_A,REYNOLD4 13857 A (LN/NIPS/NIPS),WATSEKA - SHELDON SOUTH 138,13:00,-15.64,
12/31/2024,,357283.0,NSP34007_WILMART_TR9_TR9,WILMART TR9 TR9 (XF/NSP/*),CRANDALL - WILMARTH 345,13:00,-228.41,
12/31/2024,26016.0,1531.0,TEMP39_LN_Tekamho_Sub_1226_161_kV_FTLO_Raun_Fort,TEKAMHO TEKAMSUB1216_1 1 (LN/OPPD/OPPD),FORT CALHOUN-RAUN 345,13:00,-373.27,
12/31/2024,5577.0,292316.0,TEMP82_Nashua_345_161kV_FTLO_Nashua_Hawthorn_345,NASHUA T1 T1_H (XF/KCPL/*),NASHUA - HAWTHORN 345,13:00,-550.75,
12/31/2024,,162444.0,AMI13179_REYNOLD4_13857_A,REYNOLD4 13857 A (LN/NIPS/NIPS),WATSEKA - SHELDON SOUTH 138,13:05,-16.15,
12/31/2024,,357283.0,NSP34007_WILMART_TR9_TR9,WILMART TR9 TR9 (XF/NSP/*),CRANDALL - WILMARTH 345,13:05,-245.88,
12/31/2024,2569.0,417569.0,Stateline_WolfLake138_flo_Burnham_Munster345,7_STATE STATE17WOL13_1 1 (LN/CE/NIPS),BURNHAM-MUNSTER 345 (34504),13:05,-44.02,
12/31/2024,26016.0,1531.0,TEMP39_LN_Tekamho_Sub_1226_161_kV_FTLO_Raun_Fort,TEKAMHO TEKAMSUB1216_1 1 (LN/OPPD/OPPD),FORT CALHOUN-RAUN 345,13:05,-423.96,
12/31/2024,5577.0,292316.0,TEMP82_Nashua_345_161kV_FTLO_Nashua_Hawthorn_345,NASHUA T1 T1_H (XF/KCPL/*),NASHUA - HAWTHORN 345,13:05,-373.9,
12/31/2024,,162444.0,AMI13179_REYNOLD4_13857_A,REYNOLD4 13857 A (LN/NIPS/NIPS),WATSEKA - SHELDON SOUTH 138,13:10,-17.69,
12/31/2024,,357283.0,NSP34007_WILMART_TR9_TR9,WILMART TR9 TR9 (XF/NSP/*),CRANDALL - WILMARTH 345,13:10,-231.54,
12/31/2024,2569.0,417569.0,Stateline_WolfLake138_flo_Burnham_Munster345,7_STATE STATE17WOL13_1 1 (LN/CE/NIPS),BURNHAM-MUNSTER 345 (34504),13:10,-37.0,
12/31/2024,26016.0,1531.0,TEMP39_LN_Tekamho_Sub_1226_161_kV_FTLO_Raun_Fort,TEKAMHO TEKAMSUB1216_1 1 (LN/OPPD/OPPD),FORT CALHOUN-RAUN 345,13:10,-414.12,
12/31/2024,5577.0,292316.0,TEMP82_Nashua_345_161kV_FTLO_Nashua_Hawthorn_345,NASHUA T1 T1_H (XF/KCPL/*),NASHUA - HAWTHORN 345,13:10,-480.38,
12/31/2024,,162444.0,AMI13179_REYNOLD4_13857_A,REYNOLD4 13857 A (LN/NIPS/NIPS),WATSEKA - SHELDON SOUTH 138,13:15,-17.61,
12/31/2024,,357283.0,NSP34007_WILMART_TR9_TR9,WILMART TR9 TR9 (XF/NSP/*),CRANDALL - WILMARTH 345,13:15,-237.89,
12/31/2024,2569.0,417569.0,Stateline_WolfLake138_flo_Burnham_Munster345,7_STATE STATE17WOL13_1 1 (LN/CE/NIPS),BURNHAM-MUNSTER 345 (34504),13:15,-226.97,
12/31/2024,26016.0,1531.0,TEMP39_LN_Tekamho_Sub_1226_161_kV_FTLO_Raun_Fort,TEKAMHO TEKAMSUB1216_1 1 (LN/OPPD/OPPD),FORT CALHOUN-RAUN 345,13:15,-478.03,
12/31/2024,5577.0,292316.0,TEMP82_Nashua_345_161kV_FTLO_Nashua_Hawthorn_345,NASHUA T1 T1_H (XF/KCPL/*),NASHUA - HAWTHORN 345,13:15,-129.18,
12/31/2024,,162444.0,AMI13179_REYNOLD4_13857_A,REYNOLD4 13857 A (LN/NIPS/NIPS),WATSEKA - SHELDON SOUTH 138,13:20,-20.06,
12/31/2024,,434059.0,EESOC11_MARIONSE_ANGIE_MARION6_1,MARIONSE ANGIE_MARION6 1 (LN/SOCO/EES),MCKNIGHT - DANIEL 500,13:20,-35.85,
12/31/2024,,357283.0,NSP34007_WILMART_TR9_TR9,WILMART TR9 TR9 (XF/NSP/*),CRANDALL - WILMARTH 345,13:20,-257.07,
12/31/2024,2569.0,417569.0,Stateline_WolfLake138_flo_Burnham_Munster345,7_STATE STATE17WOL13_1 1 (LN/CE/NIPS),BURNHAM-MUNSTER 345 (34504),13:20,-357.9,
12/31/2024,26016.0,1531.0,TEMP39_LN_Tekamho_Sub_1226_161_kV_FTLO_Raun_Fort,TEKAMHO TEKAMSUB1216_1 1 (LN/OPPD/OPPD),FORT CALHOUN-RAUN 345,13:20,-453.45,
12/31/2024,5577.0,292316.0,TEMP82_Nashua_345_161kV_FTLO_Nashua_Hawthorn_345,NASHUA T1 T1_H (XF/KCPL/*),NASHUA - HAWTHORN 345,13:20,-60.68,
12/31/2024,,310528.0,ALWMEC15_IRVINESS_IRVINBEACO16_1_1,IRVINESS IRVINBEACO16_1 1 (LN/ALTW/ALTW),OTTUMWA - MONTEZUMA 345,13:25,-27.38,
12/31/2024,,162444.0,AMI13179_REYNOLD4_13857_A,REYNOLD4 13857 A (LN/NIPS/NIPS),WATSEKA - SHELDON SOUTH 138,13:25,-15.33,
12/31/2024,28930.0,332620.0,Doud_Boone_Junction_161kV_flo_Story_County_Marsh,DOUD2 DOUD2BNE_J16_1 1 (LN/ALTW/ALTW),STORY CO-MARSHALTOWN WEST MAIN 161,13:25,-6.22,
12/31/2024,,434059.0,EESOC11_MARIONSE_ANGIE_MARION6_1,MARIONSE ANGIE_MARION6 1 (LN/SOCO/EES),MCKNIGHT - DANIEL 500,13:25,-26.87,
12/31/2024,,357283.0,NSP34007_WILMART_TR9_TR9,WILMART TR9 TR9 (XF/NSP/*),CRANDALL - WILMARTH 345,13:25,-228.37,
12/31/2024,26016.0,1531.0,TEMP39_LN_Tekamho_Sub_1226_161_kV_FTLO_Raun_Fort,TEKAMHO TEKAMSUB1216_1 1 (LN/OPPD/OPPD),FORT CALHOUN-RAUN 345,13:25,-609.11,
12/31/2024,5577.0,292316.0,TEMP82_Nashua_345_161kV_FTLO_Nashua_Hawthorn_345,NASHUA T1 T1_H (XF/KCPL/*),NASHUA - HAWTHORN 345,13:25,-51.38,
12/31/2024,,162444.0,AMI13179_REYNOLD4_13857_A,REYNOLD4 13857 A (LN/NIPS/NIPS),WATSEKA - SHELDON SOUTH 138,13:30,-16.46,
12/31/2024,28930.0,332620.0,Doud_Boone_Junction_161kV_flo_Story_County_Marsh,DOUD2 DOUD2BNE_J16_1 1 (LN/ALTW/ALTW),STORY CO-MARSHALTOWN WEST MAIN 161,13:30,-5.08,
12/31/2024,,434059.0,EESOC11_MARIONSE_ANGIE_MARION6_1,MARIONSE ANGIE_MARION6 1 (LN/SOCO/EES),MCKNIGHT - DANIEL 500,13:30,-15.13,
12/31/2024,,357283.0,NSP34007_WILMART_TR9_TR9,WILMART TR9 TR9 (XF/NSP/*),CRANDALL - WILMARTH 345,13:30,-233.63,
12/31/2024,26016.0,1531.0,TEMP39_LN_Tekamho_Sub_1226_161_kV_FTLO_Raun_Fort,TEKAMHO TEKAMSUB1216_1 1 (LN/OPPD/OPPD),FORT CALHOUN-RAUN 345,13:30,-516.71,
12/31/2024,5577.0,292316.0,TEMP82_Nashua_345_161kV_FTLO_Nashua_Hawthorn_345,NASHUA T1 T1_H (XF/KCPL/*),NASHUA - HAWTHORN 345,13:30,-178.06,
12/31/2024,,310528.0,ALWMEC15_IRVINESS_IRVINBEACO16_1_1,IRVINESS IRVINBEACO16_1 1 (LN/ALTW/ALTW),OTTUMWA - MONTEZUMA 345,13:35,-32.410000000000004,
12/31/2024,,162444.0,AMI13179_REYNOLD4_13857_A,REYNOLD4 13857 A (LN/NIPS/NIPS),WATSEKA - SHELDON SOUTH 138,13:35,-16.1,
12/31/2024,28930.0,332620.0,Doud_Boone_Junction_161kV_flo_Story_County_Marsh,DOUD2 DOUD2BNE_J16_1 1 (LN/ALTW/ALTW),STORY CO-MARSHALTOWN WEST MAIN 161,13:35,-0.38,
12/31/2024,,434059.0,EESOC11_MARIONSE_ANGIE_MARION6_1,MARIONSE ANGIE_MARION6 1 (LN/SOCO/EES),MCKNIGHT - DANIEL 500,13:35,-17.01,
12/31/2024,,357283.0,NSP34007_WILMART_TR9_TR9,WILMART TR9 TR9 (XF/NSP/*),CRANDALL - WILMARTH 345,13:35,-228.07,
12/31/2024,26016.0,1531.0,TEMP39_LN_Tekamho_Sub_1226_161_kV_FTLO_Raun_Fort,TEKAMHO TEKAMSUB1216_1 1 (LN/OPPD/OPPD),FORT CALHOUN-RAUN 345,13:35,-492.43,
12/31/2024,5577.0,292316.0,TEMP82_Nashua_345_161kV_FTLO_Nashua_Hawthorn_345,NASHUA T1 T1_H (XF/KCPL/*),NASHUA - HAWTHORN 345,13:35,-219.58,
12/31/2024,,310528.0,ALWMEC15_IRVINESS_IRVINBEACO16_1_1,IRVINESS IRVINBEACO16_1 1 (LN/ALTW/ALTW),OTTUMWA - MONTEZUMA 345,13:40,-36.15,
12/31/2024,,162444.0,AMI13179_REYNOLD4_13857_A,REYNOLD4 13857 A (LN/NIPS/NIPS),WATSEKA - SHELDON SOUTH 138,13:40,-16.59,
12/31/2024,,357283.0,NSP34007_WILMART_TR9_TR9,WILMART TR9 TR9 (XF/NSP/*),CRANDALL - WILMARTH 345,13:40,-235.1,
12/31/2024,26016.0,1531.0,TEMP39_LN_Tekamho_Sub_1226_161_kV_FTLO_Raun_Fort,TEKAMHO TEKAMSUB1216_1 1 (LN/OPPD/OPPD),FORT CALHOUN-RAUN 345,13:40,-480.96,
12/31/2024,5577.0,292316.0,TEMP82_Nashua_345_161kV_FTLO_Nashua_Hawthorn_345,NASHUA T1 T1_H (XF/KCPL/*),NASHUA - HAWTHORN 345,13:40,-297.38,
12/31/2024,,310528.0,ALWMEC15_IRVINESS_IRVINBEACO16_1_1,IRVINESS IRVINBEACO16_1 1 (LN/ALTW/ALTW),OTTUMWA - MONTEZUMA 345,13:45,-73.66,
12/31/2024,,162444.0,AMI13179_REYNOLD4_13857_A,REYNOLD4 13857 A (LN/NIPS/NIPS),WATSEKA - SHELDON SOUTH 138,13:45,-22.31,
12/31/2024,,434059.0,EESOC11_MARIONSE_ANGIE_MARION6_1,MARIONSE ANGIE_MARION6 1 (LN/SOCO/EES),MCKNIGHT - DANIEL 500,13:45,-26.7,
12/31/2024,,357283.0,NSP34007_WILMART_TR9_TR9,WILMART TR9 TR9 (XF/NSP/*),CRANDALL - WILMARTH 345,13:45,-271.53000000000003,
12/31/2024,2569.0,417569.0,Stateline_WolfLake138_flo_Burnham_Munster345,7_STATE STATE17WOL13_1 1 (LN/CE/NIPS),BURNHAM-MUNSTER 345 (34504),13:45,-490.6,
12/31/2024,26016.0,1531.0,TEMP39_LN_Tekamho_Sub_1226_161_kV_FTLO_Raun_Fort,TEKAMHO TEKAMSUB1216_1 1 (LN/OPPD/OPPD),FORT CALHOUN-RAUN 345,13:45,-248.91,
12/31/2024,5577.0,292316.0,TEMP82_Nashua_345_161kV_FTLO_Nashua_Hawthorn_345,NASHUA T1 T1_H (XF/KCPL/*),NASHUA - HAWTHORN 345,13:45,-219.09,
12/31/2024,,162444.0,AMI13179_REYNOLD4_13857_A,REYNOLD4 13857 A (LN/NIPS/NIPS),WATSEKA - SHELDON SOUTH 138,13:50,-23.03,
12/31/2024,,434059.0,EESOC11_MARIONSE_ANGIE_MARION6_1,MARIONSE ANGIE_MARION6 1 (LN/SOCO/EES),MCKNIGHT - DANIEL 500,13:50,-3.24,
12/31/2024,,357283.0,NSP34007_WILMART_TR9_TR9,WILMART TR9 TR9 (XF/NSP/*),CRANDALL - WILMARTH 345,13:50,-265.54,
12/31/2024,2569.0,417569.0,Stateline_WolfLake138_flo_Burnham_Munster345,7_STATE STATE17WOL13_1 1 (LN/CE/NIPS),BURNHAM-MUNSTER 345 (34504),13:50,-431.8,
12/31/2024,26016.0,1531.0,TEMP39_LN_Tekamho_Sub_1226_161_kV_FTLO_Raun_Fort,TEKAMHO TEKAMSUB1216_1 1 (LN/OPPD/OPPD),FORT CALHOUN-RAUN 345,13:50,-294.11,
12/31/2024,5577.0,292316.0,TEMP82_Nashua_345_161kV_FTLO_Nashua_Hawthorn_345,NASHUA T1 T1_H (XF/KCPL/*),NASHUA - HAWTHORN 345,13:50,-301.72,
12/31/2024,,162444.0,AMI13179_REYNOLD4_13857_A,REYNOLD4 13857 A (LN/NIPS/NIPS),WATSEKA - SHELDON SOUTH 138,13:55,-22.64,
12/31/2024,,434059.0,EESOC11_MARIONSE_ANGIE_MARION6_1,MARIONSE ANGIE_MARION6 1 (LN/SOCO/EES),MCKNIGHT - DANIEL 500,13:55,-21.22,
12/31/2024,,357283.0,NSP34007_WILMART_TR9_TR9,WILMART TR9 TR9 (XF/NSP/*),CRANDALL - WILMARTH 345,13:55,-265.38,
12/31/2024,2569.0,417569.0,Stateline_WolfLake138_flo_Burnham_Munster345,7_STATE STATE17WOL13_1 1 (LN/CE/NIPS),BURNHAM-MUNSTER 345 (34504),13:55,-474.4,
12/31/2024,26016.0,1531.0,TEMP39_LN_Tekamho_Sub_1226_161_kV_FTLO_Raun_Fort,TEKAMHO TEKAMSUB1216_1 1 (LN/OPPD/OPPD),FORT CALHOUN-RAUN 345,13:55,-277.85,
12/31/2024,5577.0,292316.0,TEMP82_Nashua_345_161kV_FTLO_Nashua_Hawthorn_345,NASHUA T1 T1_H (XF/KCPL/*),NASHUA - HAWTHORN 345,13:55,-271.07,
12/31/2024,,162444.0,AMI13179_REYNOLD4_13857_A,REYNOLD4 13857 A (LN/NIPS/NIPS),WATSEKA - SHELDON SOUTH 138,14:00,-16.81,
12/31/2024,,357283.0,NSP34007_WILMART_TR9_TR9,WILMART TR9 TR9 (XF/NSP/*),CRANDALL - WILMARTH 345,14:00,-228.81,
12/31/2024,25904.0,337768.0,Petersburg_N_Petersburg_115_kV_FLO_Hoskins_Shell,PTRBRG_N 1368 A (LN/NPPD/NPPD),HOSKINS - SHELL CREEK 345,14:00,-175.35,
12/31/2024,26016.0,1531.0,TEMP39_LN_Tekamho_Sub_1226_161_kV_FTLO_Raun_Fort,TEKAMHO TEKAMSUB1216_1 1 (LN/OPPD/OPPD),FORT CALHOUN-RAUN 345,14:00,-388.53,
12/31/2024,5577.0,292316.0,TEMP82_Nashua_345_161kV_FTLO_Nashua_Hawthorn_345,NASHUA T1 T1_H (XF/KCPL/*),NASHUA - HAWTHORN 345,14:00,-453.06,
12/31/2024,,162444.0,AMI13179_REYNOLD4_13857_A,REYNOLD4 13857 A (LN/NIPS/NIPS),WATSEKA - SHELDON SOUTH 138,14:05,-16.05,
12/31/2024,,357283.0,NSP34007_WILMART_TR9_TR9,WILMART TR9 TR9 (XF/NSP/*),CRANDALL - WILMARTH 345,14:05,-235.4,
12/31/2024,25904.0,337768.0,Petersburg_N_Petersburg_115_kV_FLO_Hoskins_Shell,PTRBRG_N 1368 A (LN/NPPD/NPPD),HOSKINS - SHELL CREEK 345,14:05,-272.3,
12/31/2024,26016.0,1531.0,TEMP39_LN_Tekamho_Sub_1226_161_kV_FTLO_Raun_Fort,TEKAMHO TEKAMSUB1216_1 1 (LN/OPPD/OPPD),FORT CALHOUN-RAUN 345,14:05,-71.19,
12/31/2024,5577.0,292316.0,TEMP82_Nashua_345_161kV_FTLO_Nashua_Hawthorn_345,NASHUA T1 T1_H (XF/KCPL/*),NASHUA - HAWTHORN 345,14:05,-776.08,
12/31/2024,,162444.0,AMI13179_REYNOLD4_13857_A,REYNOLD4 13857 A (LN/NIPS/NIPS),WATSEKA - SHELDON SOUTH 138,14:10,-15.97,
12/31/2024,,357283.0,NSP34007_WILMART_TR9_TR9,WILMART TR9 TR9 (XF/NSP/*),CRANDALL - WILMARTH 345,14:10,-236.94,
12/31/2024,26016.0,1531.0,TEMP39_LN_Tekamho_Sub_1226_161_kV_FTLO_Raun_Fort,TEKAMHO TEKAMSUB1216_1 1 (LN/OPPD/OPPD),FORT CALHOUN-RAUN 345,14:10,-202.72,
12/31/2024,5577.0,292316.0,TEMP82_Nashua_345_161kV_FTLO_Nashua_Hawthorn_345,NASHUA T1 T1_H (XF/KCPL/*),NASHUA - HAWTHORN 345,14:10,-683.58,
12/31/2024,,310528.0,ALWMEC15_IRVINESS_IRVINBEACO16_1_1,IRVINESS IRVINBEACO16_1 1 (LN/ALTW/ALTW),OTTUMWA - MONTEZUMA 345,14:15,-98.82,
12/31/2024,,162444.0,AMI13179_REYNOLD4_13857_A,REYNOLD4 13857 A (LN/NIPS/NIPS),WATSEKA - SHELDON SOUTH 138,14:15,-17.34,
12/31/2024,,357283.0,NSP34007_WILMART_TR9_TR9,WILMART TR9 TR9 (XF/NSP/*),CRANDALL - WILMARTH 345,14:15,-244.53,
12/31/2024,26016.0,1531.0,TEMP39_LN_Tekamho_Sub_1226_161_kV_FTLO_Raun_Fort,TEKAMHO TEKAMSUB1216_1 1 (LN/OPPD/OPPD),FORT CALHOUN-RAUN 345,14:15,-527.75,
12/31/2024,5577.0,292316.0,TEMP82_Nashua_345_161kV_FTLO_Nashua_Hawthorn_345,NASHUA T1 T1_H (XF/KCPL/*),NASHUA - HAWTHORN 345,14:15,-175.6,
12/31/2024,,310528.0,ALWMEC15_IRVINESS_IRVINBEACO16_1_1,IRVINESS IRVINBEACO16_1 1 (LN/ALTW/ALTW),OTTUMWA - MONTEZUMA 345,14:20,-36.230000000000004,
12/31/2024,,162444.0,AMI13179_REYNOLD4_13857_A,REYNOLD4 13857 A (LN/NIPS/NIPS),WATSEKA - SHELDON SOUTH 138,14:20,-18.29,
12/31/2024,5566.0,246672.0,Cooper_StJoe345_ftlo_Cooper_Fairport_StJoe345_Fa,COOPER ST_JOCOOPE34_1 A (LN/NPPD/MPS),ST JOE - FAIRPORT - COOPER 345,14:20,-2.21,
12/31/2024,,357283.0,NSP34007_WILMART_TR9_TR9,WILMART TR9 TR9 (XF/NSP/*),CRANDALL - WILMARTH 345,14:20,-228.16,
12/31/2024,25904.0,337768.0,Petersburg_N_Petersburg_115_kV_FLO_Hoskins_Shell,PTRBRG_N 1368 A (LN/NPPD/NPPD),HOSKINS - SHELL CREEK 345,14:20,-262.3,
12/31/2024,26016.0,1531.0,TEMP39_LN_Tekamho_Sub_1226_161_kV_FTLO_Raun_Fort,TEKAMHO TEKAMSUB1216_1 1 (LN/OPPD/OPPD),FORT CALHOUN-RAUN 345,14:20,-382.98,
12/31/2024,5577.0,292316.0,TEMP82_Nashua_345_161kV_FTLO_Nashua_Hawthorn_345,NASHUA T1 T1_H (XF/KCPL/*),NASHUA - HAWTHORN 345,14:20,-442.8,
12/31/2024,,310528.0,ALWMEC15_IRVINESS_IRVINBEACO16_1_1,IRVINESS IRVINBEACO16_1 1 (LN/ALTW/ALTW),OTTUMWA - MONTEZUMA 345,14:25,-52.97,
12/31/2024,,162444.0,AMI13179_REYNOLD4_13857_A,REYNOLD4 13857 A (LN/NIPS/NIPS),WATSEKA - SHELDON SOUTH 138,14:25,-18.21,
12/31/2024,5566.0,246672.0,Cooper_StJoe345_ftlo_Cooper_Fairport_StJoe345_Fa,COOPER ST_JOCOOPE34_1 A (LN/NPPD/MPS),ST JOE - FAIRPORT - COOPER 345,14:25,-77.58,
12/31/2024,,434059.0,EESOC11_MARIONSE_ANGIE_MARION6_1,MARIONSE ANGIE_MARION6 1 (LN/SOCO/EES),MCKNIGHT - DANIEL 500,14:25,-26.85,
12/31/2024,,357283.0,NSP34007_WILMART_TR9_TR9,WILMART TR9 TR9 (XF/NSP/*),CRANDALL - WILMARTH 345,14:25,-238.88,
12/31/2024,25904.0,337768.0,Petersburg_N_Petersburg_115_kV_FLO_Hoskins_Shell,PTRBRG_N 1368 A (LN/NPPD/NPPD),HOSKINS - SHELL CREEK 345,14:25,-115.78,
12/31/2024,2569.0,417569.0,Stateline_WolfLake138_flo_Burnham_Munster345,7_STATE STATE17WOL13_1 1 (LN/CE/NIPS),BURNHAM-MUNSTER 345 (34504),14:25,-158.55,
12/31/2024,26016.0,1531.0,TEMP39_LN_Tekamho_Sub_1226_161_kV_FTLO_Raun_Fort,TEKAMHO TEKAMSUB1216_1 1 (LN/OPPD/OPPD),FORT CALHOUN-RAUN 345,14:25,-339.64,
12/31/2024,,162444.0,AMI13179_REYNOLD4_13857_A,REYNOLD4 13857 A (LN/NIPS/NIPS),WATSEKA - SHELDON SOUTH 138,14:30,-22.95,
12/31/2024,,434059.0,EESOC11_MARIONSE_ANGIE_MARION6_1,MARIONSE ANGIE_MARION6 1 (LN/SOCO/EES),MCKNIGHT - DANIEL 500,14:30,-20.25,
12/31/2024,,357283.0,NSP34007_WILMART_TR9_TR9,WILMART TR9 TR9 (XF/NSP/*),CRANDALL - WILMARTH 345,14:30,-266.02,
12/31/2024,25904.0,337768.0,Petersburg_N_Petersburg_115_kV_FLO_Hoskins_Shell,PTRBRG_N 1368 A (LN/NPPD/NPPD),HOSKINS - SHELL CREEK 345,14:30,-21.7,
12/31/2024,2569.0,417569.0,Stateline_WolfLake138_flo_Burnham_Munster345,7_STATE STATE17WOL13_1 1 (LN/CE/NIPS),BURNHAM-MUNSTER 345 (34504),14:30,-462.9,
12/31/2024,5577.0,292316.0,TEMP82_Nashua_345_161kV_FTLO_Nashua_Hawthorn_345,NASHUA T1 T1_H (XF/KCPL/*),NASHUA - HAWTHORN 345,14:30,-655.15,
12/31/2024,,310528.0,ALWMEC15_IRVINESS_IRVINBEACO16_1_1,IRVINESS IRVINBEACO16_1 1 (LN/ALTW/ALTW),OTTUMWA - MONTEZUMA 345,14:35,-47.73,
12/31/2024,,162444.0,AMI13179_REYNOLD4_13857_A,REYNOLD4 13857 A (LN/NIPS/NIPS),WATSEKA - SHELDON SOUTH 138,14:35,-16.87,
12/31/2024,5566.0,246672.0,Cooper_StJoe345_ftlo_Cooper_Fairport_StJoe345_Fa,COOPER ST_JOCOOPE34_1 A (LN/NPPD/MPS),ST JOE - FAIRPORT - COOPER 345,14:35,-10.16,
12/31/2024,,434059.0,EESOC11_MARIONSE_ANGIE_MARION6_1,MARIONSE ANGIE_MARION6 1 (LN/SOCO/EES),MCKNIGHT - DANIEL 500,14:35,-37.43,
12/31/2024,,357283.0,NSP34007_WILMART_TR9_TR9,WILMART TR9 TR9 (XF/NSP/*),CRANDALL - WILMARTH 345,14:35,-286.48,
12/31/2024,2569.0,417569.0,Stateline_WolfLake138_flo_Burnham_Munster345,7_STATE STATE17WOL13_1 1 (LN/CE/NIPS),BURNHAM-MUNSTER 345 (34504),14:35,-67.7,
12/31/2024,26016.0,1531.0,TEMP39_LN_Tekamho_Sub_1226_161_kV_FTLO_Raun_Fort,TEKAMHO TEKAMSUB1216_1 1 (LN/OPPD/OPPD),FORT CALHOUN-RAUN 345,14:35,-221.15,
12/31/2024,5577.0,292316.0,TEMP82_Nashua_345_161kV_FTLO_Nashua_Hawthorn_345,NASHUA T1 T1_H (XF/KCPL/*),NASHUA - HAWTHORN 345,14:35,-256.5,
12/31/2024,,310528.0,ALWMEC15_IRVINESS_IRVINBEACO16_1_1,IRVINESS IRVINBEACO16_1 1 (LN/ALTW/ALTW),OTTUMWA - MONTEZUMA 345,14:40,-52.6,
12/31/2024,,162444.0,AMI13179_REYNOLD4_13857_A,REYNOLD4 13857 A (LN/NIPS/NIPS),WATSEKA - SHELDON SOUTH 138,14:40,-17.490000000000002,
12/31/2024,,434059.0,EESOC11_MARIONSE_ANGIE_MARION6_1,MARIONSE ANGIE_MARION6 1 (LN/SOCO/EES),MCKNIGHT - DANIEL 500,14:40,-12.77,
12/31/2024,,357283.0,NSP34007_WILMART_TR9_TR9,WILMART TR9 TR9 (XF/NSP/*),CRANDALL - WILMARTH 345,14:40,-288.86,
12/31/2024,26016.0,1531.0,TEMP39_LN_Tekamho_Sub_1226_161_kV_FTLO_Raun_Fort,TEKAMHO TEKAMSUB1216_1 1 (LN/OPPD/OPPD),FORT CALHOUN-RAUN 345,14:40,-34.69,
12/31/2024,5577.0,292316.0,TEMP82_Nashua_345_161kV_FTLO_Nashua_Hawthorn_345,NASHUA T1 T1_H (XF/KCPL/*),NASHUA - HAWTHORN 345,14:40,-628.7,
12/31/2024,,310528.0,ALWMEC15_IRVINESS_IRVINBEACO16_1_1,IRVINESS IRVINBEACO16_1 1 (LN/ALTW/ALTW),OTTUMWA - MONTEZUMA 345,14:45,-17.05,
12/31/2024,,162444.0,AMI13179_REYNOLD4_13857_A,REYNOLD4 13857 A (LN/NIPS/NIPS),WATSEKA - SHELDON SOUTH 138,14:45,-17.56,
12/31/2024,5566.0,246672.0,Cooper_StJoe345_ftlo_Cooper_Fairport_StJoe345_Fa,COOPER ST_JOCOOPE34_1 A (LN/NPPD/MPS),ST JOE - FAIRPORT - COOPER 345,14:45,-1.75,
12/31/2024,28930.0,332620.0,Doud_Boone_Junction_161kV_flo_Story_County_Marsh,DOUD2 DOUD2BNE_J16_1 1 (LN/ALTW/ALTW),STORY CO-MARSHALTOWN WEST MAIN 161,14:45,-11.22,
12/31/2024,,357283.0,NSP34007_WILMART_TR9_TR9,WILMART TR9 TR9 (XF/NSP/*),CRANDALL - WILMARTH 345,14:45,-242.63,
12/31/2024,26016.0,1531.0,TEMP39_LN_Tekamho_Sub_1226_161_kV_FTLO_Raun_Fort,TEKAMHO TEKAMSUB1216_1 1 (LN/OPPD/OPPD),FORT CALHOUN-RAUN 345,14:45,-688.66,
12/31/2024,,162444.0,AMI13179_REYNOLD4_13857_A,REYNOLD4 13857 A (LN/NIPS/NIPS),WATSEKA - SHELDON SOUTH 138,14:50,-18.01,
12/31/2024,,357283.0,NSP34007_WILMART_TR9_TR9,WILMART TR9 TR9 (XF/NSP/*),CRANDALL - WILMARTH 345,14:50,-220.97,
12/31/2024,25904.0,337768.0,Petersburg_N_Petersburg_115_kV_FLO_Hoskins_Shell,PTRBRG_N 1368 A (LN/NPPD/NPPD),HOSKINS - SHELL CREEK 345,14:50,-396.3,
12/31/2024,26016.0,1531.0,TEMP39_LN_Tekamho_Sub_1226_161_kV_FTLO_Raun_Fort,TEKAMHO TEKAMSUB1216_1 1 (LN/OPPD/OPPD),FORT CALHOUN-RAUN 345,14:50,-206.48,
12/31/2024,5577.0,292316.0,TEMP82_Nashua_345_161kV_FTLO_Nashua_Hawthorn_345,NASHUA T1 T1_H (XF/KCPL/*),NASHUA - HAWTHORN 345,14:50,-689.6,
12/31/2024,,310528.0,ALWMEC15_IRVINESS_IRVINBEACO16_1_1,IRVINESS IRVINBEACO16_1 1 (LN/ALTW/ALTW),OTTUMWA - MONTEZUMA 345,14:55,-39.6,
12/31/2024,,162444.0,AMI13179_REYNOLD4_13857_A,REYNOLD4 13857 A (LN/NIPS/NIPS),WATSEKA - SHELDON SOUTH 138,14:55,-17.19,
12/31/2024,,357283.0,NSP34007_WILMART_TR9_TR9,WILMART TR9 TR9 (XF/NSP/*),CRANDALL - WILMARTH 345,14:55,-214.46,
12/31/2024,26016.0,1531.0,TEMP39_LN_Tekamho_Sub_1226_161_kV_FTLO_Raun_Fort,TEKAMHO TEKAMSUB1216_1 1 (LN/OPPD/OPPD),FORT CALHOUN-RAUN 345,14:55,-392.19,
12/31/2024,5577.0,292316.0,TEMP82_Nashua_345_161kV_FTLO_Nashua_Hawthorn_345,NASHUA T1 T1_H (XF/KCPL/*),NASHUA - HAWTHORN 345,14:55,-456.15,
12/31/2024,,310528.0,ALWMEC15_IRVINESS_IRVINBEACO16_1_1,IRVINESS IRVINBEACO16_1 1 (LN/ALTW/ALTW),OTTUMWA - MONTEZUMA 345,15:00,-55.97,
12/31/2024,,162444.0,AMI13179_REYNOLD4_13857_A,REYNOLD4 13857 A (LN/NIPS/NIPS),WATSEKA - SHELDON SOUTH 138,15:00,-14.53,
12/31/2024,,357283.0,NSP34007_WILMART_TR9_TR9,WILMART TR9 TR9 (XF/NSP/*),CRANDALL - WILMARTH 345,15:00,-220.11,
12/31/2024,26016.0,1531.0,TEMP39_LN_Tekamho_Sub_1226_161_kV_FTLO_Raun_Fort,TEKAMHO TEKAMSUB1216_1 1 (LN/OPPD/OPPD),FORT CALHOUN-RAUN 345,15:00,-145.63,
12/31/2024,5577.0,292316.0,TEMP82_Nashua_345_161kV_FTLO_Nashua_Hawthorn_345,NASHUA T1 T1_H (XF/KCPL/*),NASHUA - HAWTHORN 345,15:00,-530.12,
12/31/2024,,162444.0,AMI13179_REYNOLD4_13857_A,REYNOLD4 13857 A (LN/NIPS/NIPS),WATSEKA - SHELDON SOUTH 138,15:05,-17.1,
12/31/2024,,357283.0,NSP34007_WILMART_TR9_TR9,WILMART TR9 TR9 (XF/NSP/*),CRANDALL - WILMARTH 345,15:05,-209.44,
12/31/2024,2569.0,417569.0,Stateline_WolfLake138_flo_Burnham_Munster345,7_STATE STATE17WOL13_1 1 (LN/CE/NIPS),BURNHAM-MUNSTER 345 (34504),15:05,-45.68,
12/31/2024,26016.0,1531.0,TEMP39_LN_Tekamho_Sub_1226_161_kV_FTLO_Raun_Fort,TEKAMHO TEKAMSUB1216_1 1 (LN/OPPD/OPPD),FORT CALHOUN-RAUN 345,15:05,-417.89,
12/31/2024,5577.0,292316.0,TEMP82_Nashua_345_161kV_FTLO_Nashua_Hawthorn_345,NASHUA T1 T1_H (XF/KCPL/*),NASHUA - HAWTHORN 345,15:05,-311.14,
12/31/2024,,162444.0,AMI13179_REYNOLD4_13857_A,REYNOLD4 13857 A (LN/NIPS/NIPS),WATSEKA - SHELDON SOUTH 138,15:10,-23.06,
12/31/2024,,357283.0,NSP34007_WILMART_TR9_TR9,WILMART TR9 TR9 (XF/NSP/*),CRANDALL - WILMARTH 345,15:10,-239.84,
12/31/2024,25904.0,337768.0,Petersburg_N_Petersburg_115_kV_FLO_Hoskins_Shell,PTRBRG_N 1368 A (LN/NPPD/NPPD),HOSKINS - SHELL CREEK 345,15:10,-151.3,
12/31/2024,2569.0,417569.0,Stateline_WolfLake138_flo_Burnham_Munster345,7_STATE STATE17WOL13_1 1 (LN/CE/NIPS),BURNHAM-MUNSTER 345 (34504),15:10,-366.7,
12/31/2024,26016.0,1531.0,TEMP39_LN_Tekamho_Sub_1226_161_kV_FTLO_Raun_Fort,TEKAMHO TEKAMSUB1216_1 1 (LN/OPPD/OPPD),FORT CALHOUN-RAUN 345,15:10,-244.84,
12/31/2024,5577.0,292316.0,TEMP82_Nashua_345_161kV_FTLO_Nashua_Hawthorn_345,NASHUA T1 T1_H (XF/KCPL/*),NASHUA - HAWTHORN 345,15:10,-365.37,
12/31/2024,,162444.0,AMI13179_REYNOLD4_13857_A,REYNOLD4 13857 A (LN/NIPS/NIPS),WATSEKA - SHELDON SOUTH 138,15:15,-18.82,
12/31/2024,,357283.0,NSP34007_WILMART_TR9_TR9,WILMART TR9 TR9 (XF/NSP/*),CRANDALL - WILMARTH 345,15:15,-239.46,
12/31/2024,2569.0,417569.0,Stateline_WolfLake138_flo_Burnham_Munster345,7_STATE STATE17WOL13_1 1 (LN/CE/NIPS),BURNHAM-MUNSTER 345 (34504),15:15,-109.77,
12/31/2024,26016.0,1531.0,TEMP39_LN_Tekamho_Sub_1226_161_kV_FTLO_Raun_Fort,TEKAMHO TEKAMSUB1216_1 1 (LN/OPPD/OPPD),FORT CALHOUN-RAUN 345,15:15,-468.76,
12/31/2024,5577.0,292316.0,TEMP82_Nashua_345_161kV_FTLO_Nashua_Hawthorn_345,NASHUA T1 T1_H (XF/KCPL/*),NASHUA - HAWTHORN 345,15:15,-295.19,
12/31/2024,,310528.0,ALWMEC15_IRVINESS_IRVINBEACO16_1_1,IRVINESS IRVINBEACO16_1 1 (LN/ALTW/ALTW),OTTUMWA - MONTEZUMA 345,15:20,-67.07000000000001,
12/31/2024,,162444.0,AMI13179_REYNOLD4_13857_A,REYNOLD4 13857 A (LN/NIPS/NIPS),WATSEKA - SHELDON SOUTH 138,15:20,-23.1,
12/31/2024,,434059.0,EESOC11_MARIONSE_ANGIE_MARION6_1,MARIONSE ANGIE_MARION6 1 (LN/SOCO/EES),MCKNIGHT - DANIEL 500,15:20,-26.51,
12/31/2024,,357283.0,NSP34007_WILMART_TR9_TR9,WILMART TR9 TR9 (XF/NSP/*),CRANDALL - WILMARTH 345,15:20,-283.27,
12/31/2024,2569.0,417569.0,Stateline_WolfLake138_flo_Burnham_Munster345,7_STATE STATE17WOL13_1 1 (LN/CE/NIPS),BURNHAM-MUNSTER 345 (34504),15:20,-463.2,
12/31/2024,26016.0,1531.0,TEMP39_LN_Tekamho_Sub_1226_161_kV_FTLO_Raun_Fort,TEKAMHO TEKAMSUB1216_1 1 (LN/OPPD/OPPD),FORT CALHOUN-RAUN 345,15:20,-246.33,
12/31/2024,5577.0,292316.0,TEMP82_Nashua_345_161kV_FTLO_Nashua_Hawthorn_345,NASHUA T1 T1_H (XF/KCPL/*),NASHUA - HAWTHORN 345,15:20,-197.7,
12/31/2024,,310528.0,ALWMEC15_IRVINESS_IRVINBEACO16_1_1,IRVINESS IRVINBEACO16_1 1 (LN/ALTW/ALTW),OTTUMWA - MONTEZUMA 345,15:25,-24.31,
12/31/2024,,162444.0,AMI13179_REYNOLD4_13857_A,REYNOLD4 13857 A (LN/NIPS/NIPS),WATSEKA - SHELDON SOUTH 138,15:25,-16.0,
12/31/2024,28930.0,332620.0,Doud_Boone_Junction_161kV_flo_Story_County_Marsh,DOUD2 DOUD2BNE_J16_1 1 (LN/ALTW/ALTW),STORY CO-MARSHALTOWN WEST MAIN 161,15:25,-7.81,
12/31/2024,,434059.0,EESOC11_MARIONSE_ANGIE_MARION6_1,MARIONSE ANGIE_MARION6 1 (LN/SOCO/EES),MCKNIGHT - DANIEL 500,15:25,-27.16,
12/31/2024,,357283.0,NSP34007_WILMART_TR9_TR9,WILMART TR9 TR9 (XF/NSP/*),CRANDALL - WILMARTH 345,15:25,-257.09000000000003,
12/31/2024,26016.0,1531.0,TEMP39_LN_Tekamho_Sub_1226_161_kV_FTLO_Raun_Fort,TEKAMHO TEKAMSUB1216_1 1 (LN/OPPD/OPPD),FORT CALHOUN-RAUN 345,15:25,-638.0600000000001,
12/31/2024,,310528.0,ALWMEC15_IRVINESS_IRVINBEACO16_1_1,IRVINESS IRVINBEACO16_1 1 (LN/ALTW/ALTW),OTTUMWA - MONTEZUMA 345,15:30,-34.57,
12/31/2024,,162444.0,AMI13179_REYNOLD4_13857_A,REYNOLD4 13857 A (LN/NIPS/NIPS),WATSEKA - SHELDON SOUTH 138,15:30,-17.490000000000002,
12/31/2024,,357283.0,NSP34007_WILMART_TR9_TR9,WILMART TR9 TR9 (XF/NSP/*),CRANDALL - WILMARTH 345,15:30,-282.09000000000003,
12/31/2024,26016.0,1531.0,TEMP39_LN_Tekamho_Sub_1226_161_kV_FTLO_Raun_Fort,TEKAMHO TEKAMSUB1216_1 1 (LN/OPPD/OPPD),FORT CALHOUN-RAUN 345,15:30,-333.82,
12/31/2024,5577.0,292316.0,TEMP82_Nashua_345_161kV_FTLO_Nashua_Hawthorn_345,NASHUA T1 T1_H (XF/KCPL/*),NASHUA - HAWTHORN 345,15:30,-286.09000000000003,
12/31/2024,,310528.0,ALWMEC15_IRVINESS_IRVINBEACO16_1_1,IRVINESS IRVINBEACO16_1 1 (LN/ALTW/ALTW),OTTUMWA - MONTEZUMA 345,15:35,-67.33,
12/31/2024,,162444.0,AMI13179_REYNOLD4_13857_A,REYNOLD4 13857 A (LN/NIPS/NIPS),WATSEKA - SHELDON SOUTH 138,15:35,-17.42,
12/31/2024,28930.0,332620.0,Doud_Boone_Junction_161kV_flo_Story_County_Marsh,DOUD2 DOUD2BNE_J16_1 1 (LN/ALTW/ALTW),STORY CO-MARSHALTOWN WEST MAIN 161,15:35,-8.2,
12/31/2024,,357283.0,NSP34007_WILMART_TR9_TR9,WILMART TR9 TR9 (XF/NSP/*),CRANDALL - WILMARTH 345,15:35,-212.05,
12/31/2024,26016.0,1531.0,TEMP39_LN_Tekamho_Sub_1226_161_kV_FTLO_Raun_Fort,TEKAMHO TEKAMSUB1216_1 1 (LN/OPPD/OPPD),FORT CALHOUN-RAUN 345,15:35,-667.04,
12/31/2024,,310528.0,ALWMEC15_IRVINESS_IRVINBEACO16_1_1,IRVINESS IRVINBEACO16_1 1 (LN/ALTW/ALTW),OTTUMWA - MONTEZUMA 345,15:40,-70.66,
12/31/2024,,162444.0,AMI13179_REYNOLD4_13857_A,REYNOLD4 13857 A (LN/NIPS/NIPS),WATSEKA - SHELDON SOUTH 138,15:40,-15.44,
12/31/2024,,357283.0,NSP34007_WILMART_TR9_TR9,WILMART TR9 TR9 (XF/NSP/*),CRANDALL - WILMARTH 345,15:40,-211.7,
12/31/2024,26016.0,1531.0,TEMP39_LN_Tekamho_Sub_1226_161_kV_FTLO_Raun_Fort,TEKAMHO TEKAMSUB1216_1 1 (LN/OPPD/OPPD),FORT CALHOUN-RAUN 345,15:40,-318.79,
12/31/2024,5577.0,292316.0,TEMP82_Nashua_345_161kV_FTLO_Nashua_Hawthorn_345,NASHUA T1 T1_H (XF/KCPL/*),NASHUA - HAWTHORN 345,15:40,-286.09000000000003,
12/31/2024,,310528.0,ALWMEC15_IRVINESS_IRVINBEACO16_1_1,IRVINESS IRVINBEACO16_1 1 (LN/ALTW/ALTW),OTTUMWA - MONTEZUMA 345,15:45,-98.33,
12/31/2024,,162444.0,AMI13179_REYNOLD4_13857_A,REYNOLD4 13857 A (LN/NIPS/NIPS),WATSEKA - SHELDON SOUTH 138,15:45,-17.6,
12/31/2024,,357283.0,NSP34007_WILMART_TR9_TR9,WILMART TR9 TR9 (XF/NSP/*),CRANDALL - WILMARTH 345,15:45,-240.86,
12/31/2024,2569.0,417569.0,Stateline_WolfLake138_flo_Burnham_Munster345,7_STATE STATE17WOL13_1 1 (LN/CE/NIPS),BURNHAM-MUNSTER 345 (34504),15:45,-103.9,
12/31/2024,26016.0,1531.0,TEMP39_LN_Tekamho_Sub_1226_161_kV_FTLO_Raun_Fort,TEKAMHO TEKAMSUB1216_1 1 (LN/OPPD/OPPD),FORT CALHOUN-RAUN 345,15:45,-571.69,
12/31/2024,,162444.0,AMI13179_REYNOLD4_13857_A,REYNOLD4 13857 A (LN/NIPS/NIPS),WATSEKA - SHELDON SOUTH 138,15:50,-18.080000000000002,
12/31/2024,,357283.0,NSP34007_WILMART_TR9_TR9,WILMART TR9 TR9 (XF/NSP/*),CRANDALL - WILMARTH 345,15:50,-245.35,
12/31/2024,2569.0,417569.0,Stateline_WolfLake138_flo_Burnham_Munster345,7_STATE STATE17WOL13_1 1 (LN/CE/NIPS),BURNHAM-MUNSTER 345 (34504),15:50,-244.15,
12/31/2024,5577.0,292316.0,TEMP82_Nashua_345_161kV_FTLO_Nashua_Hawthorn_345,NASHUA T1 T1_H (XF/KCPL/*),NASHUA - HAWTHORN 345,15:50,-658.59,
12/31/2024,,310528.0,ALWMEC15_IRVINESS_IRVINBEACO16_1_1,IRVINESS IRVINBEACO16_1 1 (LN/ALTW/ALTW),OTTUMWA - MONTEZUMA 345,15:55,-75.56,
12/31/2024,,162444.0,AMI13179_REYNOLD4_13857_A,REYNOLD4 13857 A (LN/NIPS/NIPS),WATSEKA - SHELDON SOUTH 138,15:55,-28.96,
12/31/2024,,357283.0,NSP34007_WILMART_TR9_TR9,WILMART TR9 TR9 (XF/NSP/*),CRANDALL - WILMARTH 345,15:55,-289.59000000000003,
12/31/2024,2569.0,417569.0,Stateline_WolfLake138_flo_Burnham_Munster345,7_STATE STATE17WOL13_1 1 (LN/CE/NIPS),BURNHAM-MUNSTER 345 (34504),15:55,-731.8,
12/31/2024,5577.0,292316.0,TEMP82_Nashua_345_161kV_FTLO_Nashua_Hawthorn_345,NASHUA T1 T1_H (XF/KCPL/*),NASHUA - HAWTHORN 345,15:55,-120.97,
12/31/2024,,310528.0,ALWMEC15_IRVINESS_IRVINBEACO16_1_1,IRVINESS IRVINBEACO16_1 1 (LN/ALTW/ALTW),OTTUMWA - MONTEZUMA 345,16:00,-69.14,
12/31/2024,,162444.0,AMI13179_REYNOLD4_13857_A,REYNOLD4 13857 A (LN/NIPS/NIPS),WATSEKA - SHELDON SOUTH 138,16:00,-24.42,
12/31/2024,,357283.0,NSP34007_WILMART_TR9_TR9,WILMART TR9 TR9 (XF/NSP/*),CRANDALL - WILMARTH 345,16:00,-306.04,
12/31/2024,2569.0,417569.0,Stateline_WolfLake138_flo_Burnham_Munster345,7_STATE STATE17WOL13_1 1 (LN/CE/NIPS),BURNHAM-MUNSTER 345 (34504),16:00,-520.99,
12/31/2024,5577.0,292316.0,TEMP82_Nashua_345_161kV_FTLO_Nashua_Hawthorn_345,NASHUA T1 T1_H (XF/KCPL/*),NASHUA - HAWTHORN 345,16:00,-120.28,
12/31/2024,,310528.0,ALWMEC15_IRVINESS_IRVINBEACO16_1_1,IRVINESS IRVINBEACO16_1 1 (LN/ALTW/ALTW),OTTUMWA - MONTEZUMA 345,16:05,-37.74,
12/31/2024,,162444.0,AMI13179_REYNOLD4_13857_A,REYNOLD4 13857 A (LN/NIPS/NIPS),WATSEKA - SHELDON SOUTH 138,16:05,-15.94,
12/31/2024,,357283.0,NSP34007_WILMART_TR9_TR9,WILMART TR9 TR9 (XF/NSP/*),CRANDALL - WILMARTH 345,16:05,-245.75,
12/31/2024,25904.0,337768.0,Petersburg_N_Petersburg_115_kV_FLO_Hoskins_Shell,PTRBRG_N 1368 A (LN/NPPD/NPPD),HOSKINS - SHELL CREEK 345,16:05,-67.55,
12/31/2024,26016.0,1531.0,TEMP39_LN_Tekamho_Sub_1226_161_kV_FTLO_Raun_Fort,TEKAMHO TEKAMSUB1216_1 1 (LN/OPPD/OPPD),FORT CALHOUN-RAUN 345,16:05,-507.59,
12/31/2024,5577.0,292316.0,TEMP82_Nashua_345_161kV_FTLO_Nashua_Hawthorn_345,NASHUA T1 T1_H (XF/KCPL/*),NASHUA - HAWTHORN 345,16:05,-171.8,
12/31/2024,,310528.0,ALWMEC15_IRVINESS_IRVINBEACO16_1_1,IRVINESS IRVINBEACO16_1 1 (LN/ALTW/ALTW),OTTUMWA - MONTEZUMA 345,16:10,-20.330000000000002,
12/31/2024,,162444.0,AMI13179_REYNOLD4_13857_A,REYNOLD4 13857 A (LN/NIPS/NIPS),WATSEKA - SHELDON SOUTH 138,16:10,-16.77,
12/31/2024,28930.0,332620.0,Doud_Boone_Junction_161kV_flo_Story_County_Marsh,DOUD2 DOUD2BNE_J16_1 1 (LN/ALTW/ALTW),STORY CO-MARSHALTOWN WEST MAIN 161,16:10,-11.17,
12/31/2024,,357283.0,NSP34007_WILMART_TR9_TR9,WILMART TR9 TR9 (XF/NSP/*),CRANDALL - WILMARTH 345,16:10,-211.2,
12/31/2024,25904.0,337768.0,Petersburg_N_Petersburg_115_kV_FLO_Hoskins_Shell,PTRBRG_N 1368 A (LN/NPPD/NPPD),HOSKINS - SHELL CREEK 345,16:10,-394.17,
12/31/2024,26016.0,1531.0,TEMP39_LN_Tekamho_Sub_1226_161_kV_FTLO_Raun_Fort,TEKAMHO TEKAMSUB1216_1 1 (LN/OPPD/OPPD),FORT CALHOUN-RAUN 345,16:10,-624.4300000000001,
12/31/2024,,310528.0,ALWMEC15_IRVINESS_IRVINBEACO16_1_1,IRVINESS IRVINBEACO16_1 1 (LN/ALTW/ALTW),OTTUMWA - MONTEZUMA 345,16:15,-13.93,
12/31/2024,,162444.0,AMI13179_REYNOLD4_13857_A,REYNOLD4 13857 A (LN/NIPS/NIPS),WATSEKA - SHELDON SOUTH 138,16:15,-18.37,
12/31/2024,28930.0,332620.0,Doud_Boone_Junction_161kV_flo_Story_County_Marsh,DOUD2 DOUD2BNE_J16_1 1 (LN/ALTW/ALTW),STORY CO-MARSHALTOWN WEST MAIN 161,16:15,-13.91,
12/31/2024,,357283.0,NSP34007_WILMART_TR9_TR9,WILMART TR9 TR9 (XF/NSP/*),CRANDALL - WILMARTH 345,16:15,-210.19,
12/31/2024,25904.0,337768.0,Petersburg_N_Petersburg_115_kV_FLO_Hoskins_Shell,PTRBRG_N 1368 A (LN/NPPD/NPPD),HOSKINS - SHELL CREEK 345,16:15,-271.18,
12/31/2024,26016.0,1531.0,TEMP39_LN_Tekamho_Sub_1226_161_kV_FTLO_Raun_Fort,TEKAMHO TEKAMSUB1216_1 1 (LN/OPPD/OPPD),FORT CALHOUN-RAUN 345,16:15,-693.83,
12/31/2024,,310528.0,ALWMEC15_IRVINESS_IRVINBEACO16_1_1,IRVINESS IRVINBEACO16_1 1 (LN/ALTW/ALTW),OTTUMWA - MONTEZUMA 345,16:20,-24.94,
12/31/2024,,162444.0,AMI13179_REYNOLD4_13857_A,REYNOLD4 13857 A (LN/NIPS/NIPS),WATSEKA - SHELDON SOUTH 138,16:20,-18.27,
12/31/2024,28930.0,332620.0,Doud_Boone_Junction_161kV_flo_Story_County_Marsh,DOUD2 DOUD2BNE_J16_1 1 (LN/ALTW/ALTW),STORY CO-MARSHALTOWN WEST MAIN 161,16:20,-5.67,
12/31/2024,,357283.0,NSP34007_WILMART_TR9_TR9,WILMART TR9 TR9 (XF/NSP/*),CRANDALL - WILMARTH 345,16:20,-220.32,
12/31/2024,25904.0,337768.0,Petersburg_N_Petersburg_115_kV_FLO_Hoskins_Shell,PTRBRG_N 1368 A (LN/NPPD/NPPD),HOSKINS - SHELL CREEK 345,16:20,-227.88,
12/31/2024,26016.0,1531.0,TEMP39_LN_Tekamho_Sub_1226_161_kV_FTLO_Raun_Fort,TEKAMHO TEKAMSUB1216_1 1 (LN/OPPD/OPPD),FORT CALHOUN-RAUN 345,16:20,-583.3000000000001,
12/31/2024,5577.0,292316.0,TEMP82_Nashua_345_161kV_FTLO_Nashua_Hawthorn_345,NASHUA T1 T1_H (XF/KCPL/*),NASHUA - HAWTHORN 345,16:20,-164.6,
12/31/2024,,310528.0,ALWMEC15_IRVINESS_IRVINBEACO16_1_1,IRVINESS IRVINBEACO16_1 1 (LN/ALTW/ALTW),OTTUMWA - MONTEZUMA 345,16:25,-42.7,
12/31/2024,,162444.0,AMI13179_REYNOLD4_13857_A,REYNOLD4 13857 A (LN/NIPS/NIPS),WATSEKA - SHELDON SOUTH 138,16:25,-22.61,
12/31/2024,,357283.0,NSP34007_WILMART_TR9_TR9,WILMART TR9 TR9 (XF/NSP/*),CRANDALL - WILMARTH 345,16:25,-226.84,
12/31/2024,25904.0,337768.0,Petersburg_N_Petersburg_115_kV_FLO_Hoskins_Shell,PTRBRG_N 1368 A (LN/NPPD/NPPD),HOSKINS - SHELL CREEK 345,16:25,-110.3,
12/31/2024,2569.0,417569.0,Stateline_WolfLake138_flo_Burnham_Munster345,7_STATE STATE17WOL13_1 1 (LN/CE/NIPS),BURNHAM-MUNSTER 345 (34504),16:25,-293.13,
12/31/2024,26016.0,1531.0,TEMP39_LN_Tekamho_Sub_1226_161_kV_FTLO_Raun_Fort,TEKAMHO TEKAMSUB1216_1 1 (LN/OPPD/OPPD),FORT CALHOUN-RAUN 345,16:25,-508.86,
12/31/2024,5577.0,292316.0,TEMP82_Nashua_345_161kV_FTLO_Nashua_Hawthorn_345,NASHUA T1 T1_H (XF/KCPL/*),NASHUA - HAWTHORN 345,16:25,-121.66,
12/31/2024,,310528.0,ALWMEC15_IRVINESS_IRVINBEACO16_1_1,IRVINESS IRVINBEACO16_1 1 (LN/ALTW/ALTW),OTTUMWA - MONTEZUMA 345,16:30,-66.54,
12/31/2024,,162444.0,AMI13179_REYNOLD4_13857_A,REYNOLD4 13857 A (LN/NIPS/NIPS),WATSEKA - SHELDON SOUTH 138,16:30,-27.09,
12/31/2024,,357283.0,NSP34007_WILMART_TR9_TR9,WILMART TR9 TR9 (XF/NSP/*),CRANDALL - WILMARTH 345,16:30,-262.03000000000003,
12/31/2024,25904.0,337768.0,Petersburg_N_Petersburg_115_kV_FLO_Hoskins_Shell,PTRBRG_N 1368 A (LN/NPPD/NPPD),HOSKINS - SHELL CREEK 345,16:30,-7.7,
12/31/2024,2569.0,417569.0,Stateline_WolfLake138_flo_Burnham_Munster345,7_STATE STATE17WOL13_1 1 (LN/CE/NIPS),BURNHAM-MUNSTER 345 (34504),16:30,-597.5,
12/31/2024,26016.0,1531.0,TEMP39_LN_Tekamho_Sub_1226_161_kV_FTLO_Raun_Fort,TEKAMHO TEKAMSUB1216_1 1 (LN/OPPD/OPPD),FORT CALHOUN-RAUN 345,16:30,-172.74,
12/31/2024,5577.0,292316.0,TEMP82_Nashua_345_161kV_FTLO_Nashua_Hawthorn_345,NASHUA T1 T1_H (XF/KCPL/*),NASHUA - HAWTHORN 345,16:30,-143.15,
12/31/2024,,310528.0,ALWMEC15_IRVINESS_IRVINBEACO16_1_1,IRVINESS IRVINBEACO16_1 1 (LN/ALTW/ALTW),OTTUMWA - MONTEZUMA 345,16:35,-58.25,
12/31/2024,,162444.0,AMI13179_REYNOLD4_13857_A,REYNOLD4 13857 A (LN/NIPS/NIPS),WATSEKA - SHELDON SOUTH 138,16:35,-28.36,
12/31/2024,,357283.0,NSP34007_WILMART_TR9_TR9,WILMART TR9 TR9 (XF/NSP/*),CRANDALL - WILMARTH 345,16:35,-268.41,
12/31/2024,2569.0,417569.0,Stateline_WolfLake138_flo_Burnham_Munster345,7_STATE STATE17WOL13_1 1 (LN/CE/NIPS),BURNHAM-MUNSTER 345 (34504),16:35,-603.2,
12/31/2024,26016.0,1531.0,TEMP39_LN_Tekamho_Sub_1226_161_kV_FTLO_Raun_Fort,TEKAMHO TEKAMSUB1216_1 1 (LN/OPPD/OPPD),FORT CALHOUN-RAUN 345,16:35,-219.22,
12/31/2024,5577.0,292316.0,TEMP82_Nashua_345_161kV_FTLO_Nashua_Hawthorn_345,NASHUA T1 T1_H (XF/KCPL/*),NASHUA - HAWTHORN 345,16:35,-143.15,
12/31/2024,,310528.0,ALWMEC15_IRVINESS_IRVINBEACO16_1_1,IRVINESS IRVINBEACO16_1 1 (LN/ALTW/ALTW),OTTUMWA - MONTEZUMA 345,16:40,-73.63,
12/31/2024,,162444.0,AMI13179_REYNOLD4_13857_A,REYNOLD4 13857 A (LN/NIPS/NIPS),WATSEKA - SHELDON SOUTH 138,16:40,-17.91,
12/31/2024,,357283.0,NSP34007_WILMART_TR9_TR9,WILMART TR9 TR9 (XF/NSP/*),CRANDALL - WILMARTH 345,16:40,-258.37,
12/31/2024,25904.0,337768.0,Petersburg_N_Petersburg_115_kV_FLO_Hoskins_Shell,PTRBRG_N 1368 A (LN/NPPD/NPPD),HOSKINS - SHELL CREEK 345,16:40,-46.07,
12/31/2024,2569.0,417569.0,Stateline_WolfLake138_flo_Burnham_Munster345,7_STATE STATE17WOL13_1 1 (LN/CE/NIPS),BURNHAM-MUNSTER 345 (34504),16:40,-203.5,
12/31/2024,26016.0,1531.0,TEMP39_LN_Tekamho_Sub_1226_161_kV_FTLO_Raun_Fort,TEKAMHO TEKAMSUB1216_1 1 (LN/OPPD/OPPD),FORT CALHOUN-RAUN 345,16:40,-504.13,
12/31/2024,5577.0,292316.0,TEMP82_Nashua_345_161kV_FTLO_Nashua_Hawthorn_345,NASHUA T1 T1_H (XF/KCPL/*),NASHUA - HAWTHORN 345,16:40,-18.400000000000002,
12/31/2024,,310528.0,ALWMEC15_IRVINESS_IRVINBEACO16_1_1,IRVINESS IRVINBEACO16_1 1 (LN/ALTW/ALTW),OTTUMWA - MONTEZUMA 345,16:45,-21.04,
12/31/2024,,162444.0,AMI13179_REYNOLD4_13857_A,REYNOLD4 13857 A (LN/NIPS/NIPS),WATSEKA - SHELDON SOUTH 138,16:45,-17.01,
12/31/2024,28930.0,332620.0,Doud_Boone_Junction_161kV_flo_Story_County_Marsh,DOUD2 DOUD2BNE_J16_1 1 (LN/ALTW/ALTW),STORY CO-MARSHALTOWN WEST MAIN 161,16:45,-10.73,
12/31/2024,,357283.0,NSP34007_WILMART_TR9_TR9,WILMART TR9 TR9 (XF/NSP/*),CRANDALL - WILMARTH 345,16:45,-227.8,
12/31/2024,26016.0,1531.0,TEMP39_LN_Tekamho_Sub_1226_161_kV_FTLO_Raun_Fort,TEKAMHO TEKAMSUB1216_1 1 (LN/OPPD/OPPD),FORT CALHOUN-RAUN 345,16:45,-673.73,
12/31/2024,,310528.0,ALWMEC15_IRVINESS_IRVINBEACO16_1_1,IRVINESS IRVINBEACO16_1 1 (LN/ALTW/ALTW),OTTUMWA - MONTEZUMA 345,16:50,-36.29,
12/31/2024,,162444.0,AMI13179_REYNOLD4_13857_A,REYNOLD4 13857 A (LN/NIPS/NIPS),WATSEKA - SHELDON SOUTH 138,16:50,-17.06,
12/31/2024,,357283.0,NSP34007_WILMART_TR9_TR9,WILMART TR9 TR9 (XF/NSP/*),CRANDALL - WILMARTH 345,16:50,-227.46,
12/31/2024,25904.0,337768.0,Petersburg_N_Petersburg_115_kV_FLO_Hoskins_Shell,PTRBRG_N 1368 A (LN/NPPD/NPPD),HOSKINS - SHELL CREEK 345,16:50,-160.16,
12/31/2024,26016.0,1531.0,TEMP39_LN_Tekamho_Sub_1226_161_kV_FTLO_Raun_Fort,TEKAMHO TEKAMSUB1216_1 1 (LN/OPPD/OPPD),FORT CALHOUN-RAUN 345,16:50,-469.22,
12/31/2024,5577.0,292316.0,TEMP82_Nashua_345_161kV_FTLO_Nashua_Hawthorn_345,NASHUA T1 T1_H (XF/KCPL/*),NASHUA - HAWTHORN 345,16:50,-288.19,
12/31/2024,,310528.0,ALWMEC15_IRVINESS_IRVINBEACO16_1_1,IRVINESS IRVINBEACO16_1 1 (LN/ALTW/ALTW),OTTUMWA - MONTEZUMA 345,16:55,-30.73,
12/31/2024,,162444.0,AMI13179_REYNOLD4_13857_A,REYNOLD4 13857 A (LN/NIPS/NIPS),WATSEKA - SHELDON SOUTH 138,16:55,-18.14,
12/31/2024,28930.0,332620.0,Doud_Boone_Junction_161kV_flo_Story_County_Marsh,DOUD2 DOUD2BNE_J16_1 1 (LN/ALTW/ALTW),STORY CO-MARSHALTOWN WEST MAIN 161,16:55,-0.87,
12/31/2024,,357283.0,NSP34007_WILMART_TR9_TR9,WILMART TR9 TR9 (XF/NSP/*),CRANDALL - WILMARTH 345,16:55,-224.13,
12/31/2024,25904.0,337768.0,Petersburg_N_Petersburg_115_kV_FLO_Hoskins_Shell,PTRBRG_N 1368 A (LN/NPPD/NPPD),HOSKINS - SHELL CREEK 345,16:55,-344.17,
12/31/2024,26016.0,1531.0,TEMP39_LN_Tekamho_Sub_1226_161_kV_FTLO_Raun_Fort,TEKAMHO TEKAMSUB1216_1 1 (LN/OPPD/OPPD),FORT CALHOUN-RAUN 345,16:55,-373.58,
12/31/2024,5577.0,292316.0,TEMP82_Nashua_345_161kV_FTLO_Nashua_Hawthorn_345,NASHUA T1 T1_H (XF/KCPL/*),NASHUA - HAWTHORN 345,16:55,-267.0,
12/31/2024,,310528.0,ALWMEC15_IRVINESS_IRVINBEACO16_1_1,IRVINESS IRVINBEACO16_1 1 (LN/ALTW/ALTW),OTTUMWA - MONTEZUMA 345,17:00,-37.01,
12/31/2024,,162444.0,AMI13179_REYNOLD4_13857_A,REYNOLD4 13857 A (LN/NIPS/NIPS),WATSEKA - SHELDON SOUTH 138,17:00,-18.36,
12/31/2024,,357283.0,NSP34007_WILMART_TR9_TR9,WILMART TR9 TR9 (XF/NSP/*),CRANDALL - WILMARTH 345,17:00,-228.46,
12/31/2024,26016.0,1531.0,TEMP39_LN_Tekamho_Sub_1226_161_kV_FTLO_Raun_Fort,TEKAMHO TEKAMSUB1216_1 1 (LN/OPPD/OPPD),FORT CALHOUN-RAUN 345,17:00,-352.76,
12/31/2024,5577.0,292316.0,TEMP82_Nashua_345_161kV_FTLO_Nashua_Hawthorn_345,NASHUA T1 T1_H (XF/KCPL/*),NASHUA - HAWTHORN 345,17:00,-393.26,
12/31/2024,,310528.0,ALWMEC15_IRVINESS_IRVINBEACO16_1_1,IRVINESS IRVINBEACO16_1 1 (LN/ALTW/ALTW),OTTUMWA - MONTEZUMA 345,17:05,-89.75,
12/31/2024,,162444.0,AMI13179_REYNOLD4_13857_A,REYNOLD4 13857 A (LN/NIPS/NIPS),WATSEKA - SHELDON SOUTH 138,17:05,-16.92,
12/31/2024,,357283.0,NSP34007_WILMART_TR9_TR9,WILMART TR9 TR9 (XF/NSP/*),CRANDALL - WILMARTH 345,17:05,-178.57,
12/31/2024,26016.0,1531.0,TEMP39_LN_Tekamho_Sub_1226_161_kV_FTLO_Raun_Fort,TEKAMHO TEKAMSUB1216_1 1 (LN/OPPD/OPPD),FORT CALHOUN-RAUN 345,17:05,-260.54,
12/31/2024,5577.0,292316.0,TEMP82_Nashua_345_161kV_FTLO_Nashua_Hawthorn_345,NASHUA T1 T1_H (XF/KCPL/*),NASHUA - HAWTHORN 345,17:05,-235.83,
12/31/2024,,310528.0,ALWMEC15_IRVINESS_IRVINBEACO16_1_1,IRVINESS IRVINBEACO16_1 1 (LN/ALTW/ALTW),OTTUMWA - MONTEZUMA 345,17:10,-15.17,
12/31/2024,,162444.0,AMI13179_REYNOLD4_13857_A,REYNOLD4 13857 A (LN/NIPS/NIPS),WATSEKA - SHELDON SOUTH 138,17:10,-19.35,
12/31/2024,5566.0,246672.0,Cooper_StJoe345_ftlo_Cooper_Fairport_StJoe345_Fa,COOPER ST_JOCOOPE34_1 A (LN/NPPD/MPS),ST JOE - FAIRPORT - COOPER 345,17:10,-103.92,
12/31/2024,,357283.0,NSP34007_WILMART_TR9_TR9,WILMART TR9 TR9 (XF/NSP/*),CRANDALL - WILMARTH 345,17:10,-279.91,
12/31/2024,2569.0,417569.0,Stateline_WolfLake138_flo_Burnham_Munster345,7_STATE STATE17WOL13_1 1 (LN/CE/NIPS),BURNHAM-MUNSTER 345 (34504),17:10,-49.99,
12/31/2024,26016.0,1531.0,TEMP39_LN_Tekamho_Sub_1226_161_kV_FTLO_Raun_Fort,TEKAMHO TEKAMSUB1216_1 1 (LN/OPPD/OPPD),FORT CALHOUN-RAUN 345,17:10,-285.83,
12/31/2024,,310528.0,ALWMEC15_IRVINESS_IRVINBEACO16_1_1,IRVINESS IRVINBEACO16_1 1 (LN/ALTW/ALTW),OTTUMWA - MONTEZUMA 345,17:15,-40.07,
12/31/2024,,162444.0,AMI13179_REYNOLD4_13857_A,REYNOLD4 13857 A (LN/NIPS/NIPS),WATSEKA - SHELDON SOUTH 138,17:15,-26.22,
12/31/2024,,357283.0,NSP34007_WILMART_TR9_TR9,WILMART TR9 TR9 (XF/NSP/*),CRANDALL - WILMARTH 345,17:15,-147.88,
12/31/2024,2569.0,417569.0,Stateline_WolfLake138_flo_Burnham_Munster345,7_STATE STATE17WOL13_1 1 (LN/CE/NIPS),BURNHAM-MUNSTER 345 (34504),17:15,-427.0,
12/31/2024,5577.0,292316.0,TEMP82_Nashua_345_161kV_FTLO_Nashua_Hawthorn_345,NASHUA T1 T1_H (XF/KCPL/*),NASHUA - HAWTHORN 345,17:15,-195.01,
12/31/2024,,310528.0,ALWMEC15_IRVINESS_IRVINBEACO16_1_1,IRVINESS IRVINBEACO16_1 1 (LN/ALTW/ALTW),OTTUMWA - MONTEZUMA 345,17:20,-39.57,
12/31/2024,,162444.0,AMI13179_REYNOLD4_13857_A,REYNOLD4 13857 A (LN/NIPS/NIPS),WATSEKA - SHELDON SOUTH 138,17:20,-34.34,
12/31/2024,,357283.0,NSP34007_WILMART_TR9_TR9,WILMART TR9 TR9 (XF/NSP/*),CRANDALL - WILMARTH 345,17:20,-245.72,
12/31/2024,2569.0,417569.0,Stateline_WolfLake138_flo_Burnham_Munster345,7_STATE STATE17WOL13_1 1 (LN/CE/NIPS),BURNHAM-MUNSTER 345 (34504),17:20,-718.9,
12/31/2024,,310528.0,ALWMEC15_IRVINESS_IRVINBEACO16_1_1,IRVINESS IRVINBEACO16_1 1 (LN/ALTW/ALTW),OTTUMWA - MONTEZUMA 345,17:25,-31.3,
12/31/2024,,162444.0,AMI13179_REYNOLD4_13857_A,REYNOLD4 13857 A (LN/NIPS/NIPS),WATSEKA - SHELDON SOUTH 138,17:25,-20.37,
12/31/2024,5566.0,246672.0,Cooper_StJoe345_ftlo_Cooper_Fairport_StJoe345_Fa,COOPER ST_JOCOOPE34_1 A (LN/NPPD/MPS),ST JOE - FAIRPORT - COOPER 345,17:25,-130.91,
12/31/2024,28930.0,332620.0,Doud_Boone_Junction_161kV_flo_Story_County_Marsh,DOUD2 DOUD2BNE_J16_1 1 (LN/ALTW/ALTW),STORY CO-MARSHALTOWN WEST MAIN 161,17:25,-0.35,
12/31/2024,,357283.0,NSP34007_WILMART_TR9_TR9,WILMART TR9 TR9 (XF/NSP/*),CRANDALL - WILMARTH 345,17:25,-175.68,
12/31/2024,,310528.0,ALWMEC15_IRVINESS_IRVINBEACO16_1_1,IRVINESS IRVINBEACO16_1 1 (LN/ALTW/ALTW),OTTUMWA - MONTEZUMA 345,17:30,-24.49,
12/31/2024,,162444.0,AMI13179_REYNOLD4_13857_A,REYNOLD4 13857 A (LN/NIPS/NIPS),WATSEKA - SHELDON SOUTH 138,17:30,-22.91,
12/31/2024,5566.0,246672.0,Cooper_StJoe345_ftlo_Cooper_Fairport_StJoe345_Fa,COOPER ST_JOCOOPE34_1 A (LN/NPPD/MPS),ST JOE - FAIRPORT - COOPER 345,17:30,-168.07,
12/31/2024,28930.0,332620.0,Doud_Boone_Junction_161kV_flo_Story_County_Marsh,DOUD2 DOUD2BNE_J16_1 1 (LN/ALTW/ALTW),STORY CO-MARSHALTOWN WEST MAIN 161,17:30,-2.0100000000000002,
12/31/2024,,357283.0,NSP34007_WILMART_TR9_TR9,WILMART TR9 TR9 (XF/NSP/*),CRANDALL - WILMARTH 345,17:30,-128.25,
12/31/2024,,310528.0,ALWMEC15_IRVINESS_IRVINBEACO16_1_1,IRVINESS IRVINBEACO16_1 1 (LN/ALTW/ALTW),OTTUMWA - MONTEZUMA 345,17:35,-15.83,
12/31/2024,,162444.0,AMI13179_REYNOLD4_13857_A,REYNOLD4 13857 A (LN/NIPS/NIPS),WATSEKA - SHELDON SOUTH 138,17:35,-19.650000000000002,
12/31/2024,5566.0,246672.0,Cooper_StJoe345_ftlo_Cooper_Fairport_StJoe345_Fa,COOPER ST_JOCOOPE34_1 A (LN/NPPD/MPS),ST JOE - FAIRPORT - COOPER 345,17:35,-114.05,
12/31/2024,28930.0,332620.0,Doud_Boone_Junction_161kV_flo_Story_County_Marsh,DOUD2 DOUD2BNE_J16_1 1 (LN/ALTW/ALTW),STORY CO-MARSHALTOWN WEST MAIN 161,17:35,-8.65,
12/31/2024,,357283.0,NSP34007_WILMART_TR9_TR9,WILMART TR9 TR9 (XF/NSP/*),CRANDALL - WILMARTH 345,17:35,-120.12,
12/31/2024,26016.0,1531.0,TEMP39_LN_Tekamho_Sub_1226_161_kV_FTLO_Raun_Fort,TEKAMHO TEKAMSUB1216_1 1 (LN/OPPD/OPPD),FORT CALHOUN-RAUN 345,17:35,-120.25,
12/31/2024,,310528.0,ALWMEC15_IRVINESS_IRVINBEACO16_1_1,IRVINESS IRVINBEACO16_1 1 (LN/ALTW/ALTW),OTTUMWA - MONTEZUMA 345,17:40,-99.58,
12/31/2024,,162444.0,AMI13179_REYNOLD4_13857_A,REYNOLD4 13857 A (LN/NIPS/NIPS),WATSEKA - SHELDON SOUTH 138,17:40,-13.02,
12/31/2024,5566.0,246672.0,Cooper_StJoe345_ftlo_Cooper_Fairport_StJoe345_Fa,COOPER ST_JOCOOPE34_1 A (LN/NPPD/MPS),ST JOE - FAIRPORT - COOPER 345,17:40,-110.43,
12/31/2024,28930.0,332620.0,Doud_Boone_Junction_161kV_flo_Story_County_Marsh,DOUD2 DOUD2BNE_J16_1 1 (LN/ALTW/ALTW),STORY CO-MARSHALTOWN WEST MAIN 161,17:40,-1.6,
12/31/2024,,357283.0,NSP34007_WILMART_TR9_TR9,WILMART TR9 TR9 (XF/NSP/*),CRANDALL - WILMARTH 345,17:40,-133.25,
12/31/2024,26016.0,1531.0,TEMP39_LN_Tekamho_Sub_1226_161_kV_FTLO_Raun_Fort,TEKAMHO TEKAMSUB1216_1 1 (LN/OPPD/OPPD),FORT CALHOUN-RAUN 345,17:40,-135.53,
12/31/2024,,310528.0,ALWMEC15_IRVINESS_IRVINBEACO16_1_1,IRVINESS IRVINBEACO16_1 1 (LN/ALTW/ALTW),OTTUMWA - MONTEZUMA 345,17:45,-109.73,
12/31/2024,,162444.0,AMI13179_REYNOLD4_13857_A,REYNOLD4 13857 A (LN/NIPS/NIPS),WATSEKA - SHELDON SOUTH 138,17:45,-12.84,
12/31/2024,5566.0,246672.0,Cooper_StJoe345_ftlo_Cooper_Fairport_StJoe345_Fa,COOPER ST_JOCOOPE34_1 A (LN/NPPD/MPS),ST JOE - FAIRPORT - COOPER 345,17:45,-85.22,
12/31/2024,28930.0,332620.0,Doud_Boone_Junction_161kV_flo_Story_County_Marsh,DOUD2 DOUD2BNE_J16_1 1 (LN/ALTW/ALTW),STORY CO-MARSHALTOWN WEST MAIN 161,17:45,-4.8100000000000005,
12/31/2024,,357283.0,NSP34007_WILMART_TR9_TR9,WILMART TR9 TR9 (XF/NSP/*),CRANDALL - WILMARTH 345,17:45,-123.08,
12/31/2024,26016.0,1531.0,TEMP39_LN_Tekamho_Sub_1226_161_kV_FTLO_Raun_Fort,TEKAMHO TEKAMSUB1216_1 1 (LN/OPPD/OPPD),FORT CALHOUN-RAUN 345,17:45,-161.97,
12/31/2024,,310528.0,ALWMEC15_IRVINESS_IRVINBEACO16_1_1,IRVINESS IRVINBEACO16_1 1 (LN/ALTW/ALTW),OTTUMWA - MONTEZUMA 345,17:50,-121.56,
12/31/2024,,162444.0,AMI13179_REYNOLD4_13857_A,REYNOLD4 13857 A (LN/NIPS/NIPS),WATSEKA - SHELDON SOUTH 138,17:50,-21.79,
12/31/2024,28930.0,332620.0,Doud_Boone_Junction_161kV_flo_Story_County_Marsh,DOUD2 DOUD2BNE_J16_1 1 (LN/ALTW/ALTW),STORY CO-MARSHALTOWN WEST MAIN 161,17:50,-15.31,
12/31/2024,,357283.0,NSP34007_WILMART_TR9_TR9,WILMART TR9 TR9 (XF/NSP/*),CRANDALL - WILMARTH 345,17:50,-114.01,
12/31/2024,26016.0,1531.0,TEMP39_LN_Tekamho_Sub_1226_161_kV_FTLO_Raun_Fort,TEKAMHO TEKAMSUB1216_1 1 (LN/OPPD/OPPD),FORT CALHOUN-RAUN 345,17:50,-356.67,
12/31/2024,,162444.0,AMI13179_REYNOLD4_13857_A,REYNOLD4 13857 A (LN/NIPS/NIPS),WATSEKA - SHELDON SOUTH 138,17:55,-21.27,
12/31/2024,28930.0,332620.0,Doud_Boone_Junction_161kV_flo_Story_County_Marsh,DOUD2 DOUD2BNE_J16_1 1 (LN/ALTW/ALTW),STORY CO-MARSHALTOWN WEST MAIN 161,17:55,-14.33,
12/31/2024,,357283.0,NSP34007_WILMART_TR9_TR9,WILMART TR9 TR9 (XF/NSP/*),CRANDALL - WILMARTH 345,17:55,-140.23,
12/31/2024,26016.0,1531.0,TEMP39_LN_Tekamho_Sub_1226_161_kV_FTLO_Raun_Fort,TEKAMHO TEKAMSUB1216_1 1 (LN/OPPD/OPPD),FORT CALHOUN-RAUN 345,17:55,-424.31,
12/31/2024,,310528.0,ALWMEC15_IRVINESS_IRVINBEACO16_1_1,IRVINESS IRVINBEACO16_1 1 (LN/ALTW/ALTW),OTTUMWA - MONTEZUMA 345,18:00,-0.25,
12/31/2024,,162444.0,AMI13179_REYNOLD4_13857_A,REYNOLD4 13857 A (LN/NIPS/NIPS),WATSEKA - SHELDON SOUTH 138,18:00,-19.76,
12/31/2024,,357283.0,NSP34007_WILMART_TR9_TR9,WILMART TR9 TR9 (XF/NSP/*),CRANDALL - WILMARTH 345,18:00,-92.37,
12/31/2024,26016.0,1531.0,TEMP39_LN_Tekamho_Sub_1226_161_kV_FTLO_Raun_Fort,TEKAMHO TEKAMSUB1216_1 1 (LN/OPPD/OPPD),FORT CALHOUN-RAUN 345,18:00,-370.32,
12/31/2024,,162444.0,AMI13179_REYNOLD4_13857_A,REYNOLD4 13857 A (LN/NIPS/NIPS),WATSEKA - SHELDON SOUTH 138,18:05,-11.65,
12/31/2024,,357283.0,NSP34007_WILMART_TR9_TR9,WILMART TR9 TR9 (XF/NSP/*),CRANDALL - WILMARTH 345,18:05,-98.39,
12/31/2024,25904.0,337768.0,Petersburg_N_Petersburg_115_kV_FLO_Hoskins_Shell,PTRBRG_N 1368 A (LN/NPPD/NPPD),HOSKINS - SHELL CREEK 345,18:05,-11.77,
12/31/2024,26016.0,1531.0,TEMP39_LN_Tekamho_Sub_1226_161_kV_FTLO_Raun_Fort,TEKAMHO TEKAMSUB1216_1 1 (LN/OPPD/OPPD),FORT CALHOUN-RAUN 345,18:05,-338.71,
12/31/2024,,310528.0,ALWMEC15_IRVINESS_IRVINBEACO16_1_1,IRVINESS IRVINBEACO16_1 1 (LN/ALTW/ALTW),OTTUMWA - MONTEZUMA 345,18:10,-9.620000000000001,
12/31/2024,,162444.0,AMI13179_REYNOLD4_13857_A,REYNOLD4 13857 A (LN/NIPS/NIPS),WATSEKA - SHELDON SOUTH 138,18:10,-12.03,
12/31/2024,5566.0,246672.0,Cooper_StJoe345_ftlo_Cooper_Fairport_StJoe345_Fa,COOPER ST_JOCOOPE34_1 A (LN/NPPD/MPS),ST JOE - FAIRPORT - COOPER 345,18:10,-40.65,
12/31/2024,,357283.0,NSP34007_WILMART_TR9_TR9,WILMART TR9 TR9 (XF/NSP/*),CRANDALL - WILMARTH 345,18:10,-180.89,
12/31/2024,26016.0,1531.0,TEMP39_LN_Tekamho_Sub_1226_161_kV_FTLO_Raun_Fort,TEKAMHO TEKAMSUB1216_1 1 (LN/OPPD/OPPD),FORT CALHOUN-RAUN 345,18:10,-68.26,
12/31/2024,,310528.0,ALWMEC15_IRVINESS_IRVINBEACO16_1_1,IRVINESS IRVINBEACO16_1 1 (LN/ALTW/ALTW),OTTUMWA - MONTEZUMA 345,18:15,-13.48,
12/31/2024,,162444.0,AMI13179_REYNOLD4_13857_A,REYNOLD4 13857 A (LN/NIPS/NIPS),WATSEKA - SHELDON SOUTH 138,18:15,-12.09,
12/31/2024,5566.0,246672.0,Cooper_StJoe345_ftlo_Cooper_Fairport_StJoe345_Fa,COOPER ST_JOCOOPE34_1 A (LN/NPPD/MPS),ST JOE - FAIRPORT - COOPER 345,18:15,-74.69,
12/31/2024,,357283.0,NSP34007_WILMART_TR9_TR9,WILMART TR9 TR9 (XF/NSP/*),CRANDALL - WILMARTH 345,18:15,-133.11,
12/31/2024,,310528.0,ALWMEC15_IRVINESS_IRVINBEACO16_1_1,IRVINESS IRVINBEACO16_1 1 (LN/ALTW/ALTW),OTTUMWA - MONTEZUMA 345,18:20,-14.84,
12/31/2024,,162444.0,AMI13179_REYNOLD4_13857_A,REYNOLD4 13857 A (LN/NIPS/NIPS),WATSEKA - SHELDON SOUTH 138,18:20,-16.51,
12/31/2024,5566.0,246672.0,Cooper_StJoe345_ftlo_Cooper_Fairport_StJoe345_Fa,COOPER ST_JOCOOPE34_1 A (LN/NPPD/MPS),ST JOE - FAIRPORT - COOPER 345,18:20,-91.19,
12/31/2024,,357283.0,NSP34007_WILMART_TR9_TR9,WILMART TR9 TR9 (XF/NSP/*),CRANDALL - WILMARTH 345,18:20,-98.05,
12/31/2024,26016.0,1531.0,TEMP39_LN_Tekamho_Sub_1226_161_kV_FTLO_Raun_Fort,TEKAMHO TEKAMSUB1216_1 1 (LN/OPPD/OPPD),FORT CALHOUN-RAUN 345,18:20,-51.28,
12/31/2024,,310528.0,ALWMEC15_IRVINESS_IRVINBEACO16_1_1,IRVINESS IRVINBEACO16_1 1 (LN/ALTW/ALTW),OTTUMWA - MONTEZUMA 345,18:25,-14.57,
12/31/2024,,162444.0,AMI13179_REYNOLD4_13857_A,REYNOLD4 13857 A (LN/NIPS/NIPS),WATSEKA - SHELDON SOUTH 138,18:25,-15.44,
12/31/2024,5566.0,246672.0,Cooper_StJoe345_ftlo_Cooper_Fairport_StJoe345_Fa,COOPER ST_JOCOOPE34_1 A (LN/NPPD/MPS),ST JOE - FAIRPORT - COOPER 345,18:25,-91.41,
12/31/2024,,357283.0,NSP34007_WILMART_TR9_TR9,WILMART TR9 TR9 (XF/NSP/*),CRANDALL - WILMARTH 345,18:25,-96.06,
12/31/2024,2569.0,417569.0,Stateline_WolfLake138_flo_Burnham_Munster345,7_STATE STATE17WOL13_1 1 (LN/CE/NIPS),BURNHAM-MUNSTER 345 (34504),18:25,-15.32,
12/31/2024,26016.0,1531.0,TEMP39_LN_Tekamho_Sub_1226_161_kV_FTLO_Raun_Fort,TEKAMHO TEKAMSUB1216_1 1 (LN/OPPD/OPPD),FORT CALHOUN-RAUN 345,18:25,-54.08,
12/31/2024,,162444.0,AMI13179_REYNOLD4_13857_A,REYNOLD4 13857 A (LN/NIPS/NIPS),WATSEKA - SHELDON SOUTH 138,18:30,-14.6,
12/31/2024,5566.0,246672.0,Cooper_StJoe345_ftlo_Cooper_Fairport_StJoe345_Fa,COOPER ST_JOCOOPE34_1 A (LN/NPPD/MPS),ST JOE - FAIRPORT - COOPER 345,18:30,-7.98,
12/31/2024,,357283.0,NSP34007_WILMART_TR9_TR9,WILMART TR9 TR9 (XF/NSP/*),CRANDALL - WILMARTH 345,18:30,-86.04,
12/31/2024,26016.0,1531.0,TEMP39_LN_Tekamho_Sub_1226_161_kV_FTLO_Raun_Fort,TEKAMHO TEKAMSUB1216_1 1 (LN/OPPD/OPPD),FORT CALHOUN-RAUN 345,18:30,-262.0,
12/31/2024,,162444.0,AMI13179_REYNOLD4_13857_A,REYNOLD4 13857 A (LN/NIPS/NIPS),WATSEKA - SHELDON SOUTH 138,18:35,-18.43,
12/31/2024,5566.0,246672.0,Cooper_StJoe345_ftlo_Cooper_Fairport_StJoe345_Fa,COOPER ST_JOCOOPE34_1 A (LN/NPPD/MPS),ST JOE - FAIRPORT - COOPER 345,18:35,-6.11,
12/31/2024,,434059.0,EESOC11_MARIONSE_ANGIE_MARION6_1,MARIONSE ANGIE_MARION6 1 (LN/SOCO/EES),MCKNIGHT - DANIEL 500,18:35,-1.1500000000000001,
12/31/2024,,357283.0,NSP34007_WILMART_TR9_TR9,WILMART TR9 TR9 (XF/NSP/*),CRANDALL - WILMARTH 345,18:35,-85.36,
12/31/2024,26016.0,1531.0,TEMP39_LN_Tekamho_Sub_1226_161_kV_FTLO_Raun_Fort,TEKAMHO TEKAMSUB1216_1 1 (LN/OPPD/OPPD),FORT CALHOUN-RAUN 345,18:35,-272.02,
12/31/2024,,162444.0,AMI13179_REYNOLD4_13857_A,REYNOLD4 13857 A (LN/NIPS/NIPS),WATSEKA - SHELDON SOUTH 138,18:40,-16.41,
12/31/2024,,357283.0,NSP34007_WILMART_TR9_TR9,WILMART TR9 TR9 (XF/NSP/*),CRANDALL - WILMARTH 345,18:40,-86.97,
12/31/2024,26016.0,1531.0,TEMP39_LN_Tekamho_Sub_1226_161_kV_FTLO_Raun_Fort,TEKAMHO TEKAMSUB1216_1 1 (LN/OPPD/OPPD),FORT CALHOUN-RAUN 345,18:40,-276.79,
12/31/2024,,162444.0,AMI13179_REYNOLD4_13857_A,REYNOLD4 13857 A (LN/NIPS/NIPS),WATSEKA - SHELDON SOUTH 138,18:45,-10.7,
12/31/2024,,434059.0,EESOC11_MARIONSE_ANGIE_MARION6_1,MARIONSE ANGIE_MARION6 1 (LN/SOCO/EES),MCKNIGHT - DANIEL 500,18:45,-20.74,
12/31/2024,,357283.0,NSP34007_WILMART_TR9_TR9,WILMART TR9 TR9 (XF/NSP/*),CRANDALL - WILMARTH 345,18:45,-87.88,
12/31/2024,26016.0,1531.0,TEMP39_LN_Tekamho_Sub_1226_161_kV_FTLO_Raun_Fort,TEKAMHO TEKAMSUB1216_1 1 (LN/OPPD/OPPD),FORT CALHOUN-RAUN 345,18:45,-270.41,
12/31/2024,,310528.0,ALWMEC15_IRVINESS_IRVINBEACO16_1_1,IRVINESS IRVINBEACO16_1 1 (LN/ALTW/ALTW),OTTUMWA - MONTEZUMA 345,18:50,-3.52,
12/31/2024,,162444.0,AMI13179_REYNOLD4_13857_A,REYNOLD4 13857 A (LN/NIPS/NIPS),WATSEKA - SHELDON SOUTH 138,18:50,-10.73,
12/31/2024,5566.0,246672.0,Cooper_StJoe345_ftlo_Cooper_Fairport_StJoe345_Fa,COOPER ST_JOCOOPE34_1 A (LN/NPPD/MPS),ST JOE - FAIRPORT - COOPER 345,18:50,-19.150000000000002,
12/31/2024,,434059.0,EESOC11_MARIONSE_ANGIE_MARION6_1,MARIONSE ANGIE_MARION6 1 (LN/SOCO/EES),MCKNIGHT - DANIEL 500,18:50,-10.66,
12/31/2024,,357283.0,NSP34007_WILMART_TR9_TR9,WILMART TR9 TR9 (XF/NSP/*),CRANDALL - WILMARTH 345,18:50,-82.11,
12/31/2024,26016.0,1531.0,TEMP39_LN_Tekamho_Sub_1226_161_kV_FTLO_Raun_Fort,TEKAMHO TEKAMSUB1216_1 1 (LN/OPPD/OPPD),FORT CALHOUN-RAUN 345,18:50,-192.83,
12/31/2024,,310528.0,ALWMEC15_IRVINESS_IRVINBEACO16_1_1,IRVINESS IRVINBEACO16_1 1 (LN/ALTW/ALTW),OTTUMWA - MONTEZUMA 345,18:55,-2.78,
12/31/2024,,162444.0,AMI13179_REYNOLD4_13857_A,REYNOLD4 13857 A (LN/NIPS/NIPS),WATSEKA - SHELDON SOUTH 138,18:55,-14.42,
12/31/2024,5566.0,246672.0,Cooper_StJoe345_ftlo_Cooper_Fairport_StJoe345_Fa,COOPER ST_JOCOOPE34_1 A (LN/NPPD/MPS),ST JOE - FAIRPORT - COOPER 345,18:55,-87.67,
12/31/2024,,434059.0,EESOC11_MARIONSE_ANGIE_MARION6_1,MARIONSE ANGIE_MARION6 1 (LN/SOCO/EES),MCKNIGHT - DANIEL 500,18:55,-14.48,
12/31/2024,,357283.0,NSP34007_WILMART_TR9_TR9,WILMART TR9 TR9 (XF/NSP/*),CRANDALL - WILMARTH 345,18:55,-117.54,
12/31/2024,,310528.0,ALWMEC15_IRVINESS_IRVINBEACO16_1_1,IRVINESS IRVINBEACO16_1 1 (LN/ALTW/ALTW),OTTUMWA - MONTEZUMA 345,19:00,-14.46,
12/31/2024,,162444.0,AMI13179_REYNOLD4_13857_A,REYNOLD4 13857 A (LN/NIPS/NIPS),WATSEKA - SHELDON SOUTH 138,19:00,-11.75,
12/31/2024,5566.0,246672.0,Cooper_StJoe345_ftlo_Cooper_Fairport_StJoe345_Fa,COOPER ST_JOCOOPE34_1 A (LN/NPPD/MPS),ST JOE - FAIRPORT - COOPER 345,19:00,-76.26,
12/31/2024,,357283.0,NSP34007_WILMART_TR9_TR9,WILMART TR9 TR9 (XF/NSP/*),CRANDALL - WILMARTH 345,19:00,-77.60000000000001,
12/31/2024,2569.0,417569.0,Stateline_WolfLake138_flo_Burnham_Munster345,7_STATE STATE17WOL13_1 1 (LN/CE/NIPS),BURNHAM-MUNSTER 345 (34504),19:00,-26.8,
12/31/2024,,310528.0,ALWMEC15_IRVINESS_IRVINBEACO16_1_1,IRVINESS IRVINBEACO16_1 1 (LN/ALTW/ALTW),OTTUMWA - MONTEZUMA 345,19:05,-9.84,
12/31/2024,,162444.0,AMI13179_REYNOLD4_13857_A,REYNOLD4 13857 A (LN/NIPS/NIPS),WATSEKA - SHELDON SOUTH 138,19:05,-12.6,
12/31/2024,5566.0,246672.0,Cooper_StJoe345_ftlo_Cooper_Fairport_StJoe345_Fa,COOPER ST_JOCOOPE34_1 A (LN/NPPD/MPS),ST JOE - FAIRPORT - COOPER 345,19:05,-24.94,
12/31/2024,,434059.0,EESOC11_MARIONSE_ANGIE_MARION6_1,MARIONSE ANGIE_MARION6 1 (LN/SOCO/EES),MCKNIGHT - DANIEL 500,19:05,-22.65,
12/31/2024,,357283.0,NSP34007_WILMART_TR9_TR9,WILMART TR9 TR9 (XF/NSP/*),CRANDALL - WILMARTH 345,19:05,-62.53,
12/31/2024,2569.0,417569.0,Stateline_WolfLake138_flo_Burnham_Munster345,7_STATE STATE17WOL13_1 1 (LN/CE/NIPS),BURNHAM-MUNSTER 345 (34504),19:05,-104.95,
12/31/2024,,310528.0,ALWMEC15_IRVINESS_IRVINBEACO16_1_1,IRVINESS IRVINBEACO16_1 1 (LN/ALTW/ALTW),OTTUMWA - MONTEZUMA 345,19:10,-47.73,
12/31/2024,,162444.0,AMI13179_REYNOLD4_13857_A,REYNOLD4 13857 A (LN/NIPS/NIPS),WATSEKA - SHELDON SOUTH 138,19:10,-13.0,
12/31/2024,,434059.0,EESOC11_MARIONSE_ANGIE_MARION6_1,MARIONSE ANGIE_MARION6 1 (LN/SOCO/EES),MCKNIGHT - DANIEL 500,19:10,-8.44,
12/31/2024,2569.0,417569.0,Stateline_WolfLake138_flo_Burnham_Munster345,7_STATE STATE17WOL13_1 1 (LN/CE/NIPS),BURNHAM-MUNSTER 345 (34504),19:10,-48.2,
12/31/2024,,310528.0,ALWMEC15_IRVINESS_IRVINBEACO16_1_1,IRVINESS IRVINBEACO16_1 1 (LN/ALTW/ALTW),OTTUMWA - MONTEZUMA 345,19:15,-34.27,
12/31/2024,,162444.0,AMI13179_REYNOLD4_13857_A,REYNOLD4 13857 A (LN/NIPS/NIPS),WATSEKA - SHELDON SOUTH 138,19:15,-21.62,
12/31/2024,,434059.0,EESOC11_MARIONSE_ANGIE_MARION6_1,MARIONSE ANGIE_MARION6 1 (LN/SOCO/EES),MCKNIGHT - DANIEL 500,19:15,-11.11,
12/31/2024,2569.0,417569.0,Stateline_WolfLake138_flo_Burnham_Munster345,7_STATE STATE17WOL13_1 1 (LN/CE/NIPS),BURNHAM-MUNSTER 345 (34504),19:15,-57.2,
12/31/2024,,162444.0,AMI13179_REYNOLD4_13857_A,REYNOLD4 13857 A (LN/NIPS/NIPS),WATSEKA - SHELDON SOUTH 138,19:20,-20.32,
12/31/2024,,434059.0,EESOC11_MARIONSE_ANGIE_MARION6_1,MARIONSE ANGIE_MARION6 1 (LN/SOCO/EES),MCKNIGHT - DANIEL 500,19:20,-21.6,
12/31/2024,,357283.0,NSP34007_WILMART_TR9_TR9,WILMART TR9 TR9 (XF/NSP/*),CRANDALL - WILMARTH 345,19:20,-29.51,
12/31/2024,2569.0,417569.0,Stateline_WolfLake138_flo_Burnham_Munster345,7_STATE STATE17WOL13_1 1 (LN/CE/NIPS),BURNHAM-MUNSTER 345 (34504),19:20,-36.83,
12/31/2024,,310528.0,ALWMEC15_IRVINESS_IRVINBEACO16_1_1,IRVINESS IRVINBEACO16_1 1 (LN/ALTW/ALTW),OTTUMWA - MONTEZUMA 345,19:25,-2.2800000000000002,
12/31/2024,,162444.0,AMI13179_REYNOLD4_13857_A,REYNOLD4 13857 A (LN/NIPS/NIPS),WATSEKA - SHELDON SOUTH 138,19:25,-18.16,
12/31/2024,,434059.0,EESOC11_MARIONSE_ANGIE_MARION6_1,MARIONSE ANGIE_MARION6 1 (LN/SOCO/EES),MCKNIGHT - DANIEL 500,19:25,-20.45,
12/31/2024,,357283.0,NSP34007_WILMART_TR9_TR9,WILMART TR9 TR9 (XF/NSP/*),CRANDALL - WILMARTH 345,19:25,-44.58,
12/31/2024,26016.0,1531.0,TEMP39_LN_Tekamho_Sub_1226_161_kV_FTLO_Raun_Fort,TEKAMHO TEKAMSUB1216_1 1 (LN/OPPD/OPPD),FORT CALHOUN-RAUN 345,19:25,-116.66,
12/31/2024,,310528.0,ALWMEC15_IRVINESS_IRVINBEACO16_1_1,IRVINESS IRVINBEACO16_1 1 (LN/ALTW/ALTW),OTTUMWA - MONTEZUMA 345,19:30,-3.24,
12/31/2024,,162444.0,AMI13179_REYNOLD4_13857_A,REYNOLD4 13857 A (LN/NIPS/NIPS),WATSEKA - SHELDON SOUTH 138,19:30,-9.620000000000001,
12/31/2024,,357283.0,NSP34007_WILMART_TR9_TR9,WILMART TR9 TR9 (XF/NSP/*),CRANDALL - WILMARTH 345,19:30,-54.32,
12/31/2024,26016.0,1531.0,TEMP39_LN_Tekamho_Sub_1226_161_kV_FTLO_Raun_Fort,TEKAMHO TEKAMSUB1216_1 1 (LN/OPPD/OPPD),FORT CALHOUN-RAUN 345,19:30,-321.45,
12/31/2024,,310528.0,ALWMEC15_IRVINESS_IRVINBEACO16_1_1,IRVINESS IRVINBEACO16_1 1 (LN/ALTW/ALTW),OTTUMWA - MONTEZUMA 345,19:35,-2.78,
12/31/2024,,162444.0,AMI13179_REYNOLD4_13857_A,REYNOLD4 13857 A (LN/NIPS/NIPS),WATSEKA - SHELDON SOUTH 138,19:35,-17.63,
12/31/2024,,357283.0,NSP34007_WILMART_TR9_TR9,WILMART TR9 TR9 (XF/NSP/*),CRANDALL - WILMARTH 345,19:35,-51.58,
12/31/2024,26016.0,1531.0,TEMP39_LN_Tekamho_Sub_1226_161_kV_FTLO_Raun_Fort,TEKAMHO TEKAMSUB1216_1 1 (LN/OPPD/OPPD),FORT CALHOUN-RAUN 345,19:35,-355.69,
12/31/2024,,310528.0,ALWMEC15_IRVINESS_IRVINBEACO16_1_1,IRVINESS IRVINBEACO16_1 1 (LN/ALTW/ALTW),OTTUMWA - MONTEZUMA 345,19:40,-2.12,
12/31/2024,,162444.0,AMI13179_REYNOLD4_13857_A,REYNOLD4 13857 A (LN/NIPS/NIPS),WATSEKA - SHELDON SOUTH 138,19:40,-19.150000000000002,
12/31/2024,,357283.0,NSP34007_WILMART_TR9_TR9,WILMART TR9 TR9 (XF/NSP/*),CRANDALL - WILMARTH 345,19:40,-57.44,
12/31/2024,26016.0,1531.0,TEMP39_LN_Tekamho_Sub_1226_161_kV_FTLO_Raun_Fort,TEKAMHO TEKAMSUB1216_1 1 (LN/OPPD/OPPD),FORT CALHOUN-RAUN 345,19:40,-317.61,
12/31/2024,,310528.0,ALWMEC15_IRVINESS_IRVINBEACO16_1_1,IRVINESS IRVINBEACO16_1 1 (LN/ALTW/ALTW),OTTUMWA - MONTEZUMA 345,19:45,-5.5,
12/31/2024,,162444.0,AMI13179_REYNOLD4_13857_A,REYNOLD4 13857 A (LN/NIPS/NIPS),WATSEKA - SHELDON SOUTH 138,19:45,-19.13,
12/31/2024,,357283.0,NSP34007_WILMART_TR9_TR9,WILMART TR9 TR9 (XF/NSP/*),CRANDALL - WILMARTH 345,19:45,-86.62,
12/31/2024,26016.0,1531.0,TEMP39_LN_Tekamho_Sub_1226_161_kV_FTLO_Raun_Fort,TEKAMHO TEKAMSUB1216_1 1 (LN/OPPD/OPPD),FORT CALHOUN-RAUN 345,19:45,-228.51,
12/31/2024,,162444.0,AMI13179_REYNOLD4_13857_A,REYNOLD4 13857 A (LN/NIPS/NIPS),WATSEKA - SHELDON SOUTH 138,19:50,-20.16,
12/31/2024,,357283.0,NSP34007_WILMART_TR9_TR9,WILMART TR9 TR9 (XF/NSP/*),CRANDALL - WILMARTH 345,19:50,-108.99,
12/31/2024,2569.0,417569.0,Stateline_WolfLake138_flo_Burnham_Munster345,7_STATE STATE17WOL13_1 1 (LN/CE/NIPS),BURNHAM-MUNSTER 345 (34504),19:50,-461.47,
12/31/2024,26016.0,1531.0,TEMP39_LN_Tekamho_Sub_1226_161_kV_FTLO_Raun_Fort,TEKAMHO TEKAMSUB1216_1 1 (LN/OPPD/OPPD),FORT CALHOUN-RAUN 345,19:50,-17.91,
12/31/2024,,162444.0,AMI13179_REYNOLD4_13857_A,REYNOLD4 13857 A (LN/NIPS/NIPS),WATSEKA - SHELDON SOUTH 138,19:55,-15.43,
12/31/2024,,434059.0,EESOC11_MARIONSE_ANGIE_MARION6_1,MARIONSE ANGIE_MARION6 1 (LN/SOCO/EES),MCKNIGHT - DANIEL 500,19:55,-18.23,
12/31/2024,,357283.0,NSP34007_WILMART_TR9_TR9,WILMART TR9 TR9 (XF/NSP/*),CRANDALL - WILMARTH 345,19:55,-17.64,
12/31/2024,26016.0,1531.0,TEMP39_LN_Tekamho_Sub_1226_161_kV_FTLO_Raun_Fort,TEKAMHO TEKAMSUB1216_1 1 (LN/OPPD/OPPD),FORT CALHOUN-RAUN 345,19:55,-20.19,
12/31/2024,,310528.0,ALWMEC15_IRVINESS_IRVINBEACO16_1_1,IRVINESS IRVINBEACO16_1 1 (LN/ALTW/ALTW),OTTUMWA - MONTEZUMA 345,20:00,-3.02,
12/31/2024,,162444.0,AMI13179_REYNOLD4_13857_A,REYNOLD4 13857 A (LN/NIPS/NIPS),WATSEKA - SHELDON SOUTH 138,20:00,-9.84,
12/31/2024,5566.0,246672.0,Cooper_StJoe345_ftlo_Cooper_Fairport_StJoe345_Fa,COOPER ST_JOCOOPE34_1 A (LN/NPPD/MPS),ST JOE - FAIRPORT - COOPER 345,20:00,-7.07,
12/31/2024,,434059.0,EESOC11_MARIONSE_ANGIE_MARION6_1,MARIONSE ANGIE_MARION6 1 (LN/SOCO/EES),MCKNIGHT - DANIEL 500,20:00,-19.23,
12/31/2024,,357283.0,NSP34007_WILMART_TR9_TR9,WILMART TR9 TR9 (XF/NSP/*),CRANDALL - WILMARTH 345,20:00,-35.31,
12/31/2024,2569.0,417569.0,Stateline_WolfLake138_flo_Burnham_Munster345,7_STATE STATE17WOL13_1 1 (LN/CE/NIPS),BURNHAM-MUNSTER 345 (34504),20:00,-7.92,
12/31/2024,,162444.0,AMI13179_REYNOLD4_13857_A,REYNOLD4 13857 A (LN/NIPS/NIPS),WATSEKA - SHELDON SOUTH 138,20:05,-11.42,
12/31/2024,5566.0,246672.0,Cooper_StJoe345_ftlo_Cooper_Fairport_StJoe345_Fa,COOPER ST_JOCOOPE34_1 A (LN/NPPD/MPS),ST JOE - FAIRPORT - COOPER 345,20:05,-9.14,
12/31/2024,,434059.0,EESOC11_MARIONSE_ANGIE_MARION6_1,MARIONSE ANGIE_MARION6 1 (LN/SOCO/EES),MCKNIGHT - DANIEL 500,20:05,-16.42,
12/31/2024,,357283.0,NSP34007_WILMART_TR9_TR9,WILMART TR9 TR9 (XF/NSP/*),CRANDALL - WILMARTH 345,20:05,-14.6,
12/31/2024,2569.0,417569.0,Stateline_WolfLake138_flo_Burnham_Munster345,7_STATE STATE17WOL13_1 1 (LN/CE/NIPS),BURNHAM-MUNSTER 345 (34504),20:05,-37.2,
12/31/2024,,162444.0,AMI13179_REYNOLD4_13857_A,REYNOLD4 13857 A (LN/NIPS/NIPS),WATSEKA - SHELDON SOUTH 138,20:10,-10.73,
12/31/2024,5566.0,246672.0,Cooper_StJoe345_ftlo_Cooper_Fairport_StJoe345_Fa,COOPER ST_JOCOOPE34_1 A (LN/NPPD/MPS),ST JOE - FAIRPORT - COOPER 345,20:10,-64.85,
12/31/2024,,357283.0,NSP34007_WILMART_TR9_TR9,WILMART TR9 TR9 (XF/NSP/*),CRANDALL - WILMARTH 345,20:10,-72.10000000000001,
12/31/2024,2569.0,417569.0,Stateline_WolfLake138_flo_Burnham_Munster345,7_STATE STATE17WOL13_1 1 (LN/CE/NIPS),BURNHAM-MUNSTER 345 (34504),20:10,-20.79,
12/31/2024,26016.0,1531.0,TEMP39_LN_Tekamho_Sub_1226_161_kV_FTLO_Raun_Fort,TEKAMHO TEKAMSUB1216_1 1 (LN/OPPD/OPPD),FORT CALHOUN-RAUN 345,20:10,-2.42,
12/31/2024,,162444.0,AMI13179_REYNOLD4_13857_A,REYNOLD4 13857 A (LN/NIPS/NIPS),WATSEKA - SHELDON SOUTH 138,20:15,-18.31,
12/31/2024,,357283.0,NSP34007_WILMART_TR9_TR9,WILMART TR9 TR9 (XF/NSP/*),CRANDALL - WILMARTH 345,20:15,-9.370000000000001,
12/31/2024,2569.0,417569.0,Stateline_WolfLake138_flo_Burnham_Munster345,7_STATE STATE17WOL13_1 1 (LN/CE/NIPS),BURNHAM-MUNSTER 345 (34504),20:15,-453.3,
12/31/2024,26016.0,1531.0,TEMP39_LN_Tekamho_Sub_1226_161_kV_FTLO_Raun_Fort,TEKAMHO TEKAMSUB1216_1 1 (LN/OPPD/OPPD),FORT CALHOUN-RAUN 345,20:15,-231.83,
12/31/2024,,162444.0,AMI13179_REYNOLD4_13857_A,REYNOLD4 13857 A (LN/NIPS/NIPS),WATSEKA - SHELDON SOUTH 138,20:20,-12.63,
12/31/2024,,434059.0,EESOC11_MARIONSE_ANGIE_MARION6_1,MARIONSE ANGIE_MARION6 1 (LN/SOCO/EES),MCKNIGHT - DANIEL 500,20:20,-5.46,
12/31/2024,,357283.0,NSP34007_WILMART_TR9_TR9,WILMART TR9 TR9 (XF/NSP/*),CRANDALL - WILMARTH 345,20:20,-14.08,
12/31/2024,2569.0,417569.0,Stateline_WolfLake138_flo_Burnham_Munster345,7_STATE STATE17WOL13_1 1 (LN/CE/NIPS),BURNHAM-MUNSTER 345 (34504),20:20,-118.99,
12/31/2024,26016.0,1531.0,TEMP39_LN_Tekamho_Sub_1226_161_kV_FTLO_Raun_Fort,TEKAMHO TEKAMSUB1216_1 1 (LN/OPPD/OPPD),FORT CALHOUN-RAUN 345,20:20,-123.63000000000002,
12/31/2024,,162444.0,AMI13179_REYNOLD4_13857_A,REYNOLD4 13857 A (LN/NIPS/NIPS),WATSEKA - SHELDON SOUTH 138,20:25,-9.74,
12/31/2024,,357283.0,NSP34007_WILMART_TR9_TR9,WILMART TR9 TR9 (XF/NSP/*),CRANDALL - WILMARTH 345,20:25,-49.29,
12/31/2024,26016.0,1531.0,TEMP39_LN_Tekamho_Sub_1226_161_kV_FTLO_Raun_Fort,TEKAMHO TEKAMSUB1216_1 1 (LN/OPPD/OPPD),FORT CALHOUN-RAUN 345,20:25,-341.71,
12/31/2024,,162444.0,AMI13179_REYNOLD4_13857_A,REYNOLD4 13857 A (LN/NIPS/NIPS),WATSEKA - SHELDON SOUTH 138,20:30,-10.89,
12/31/2024,2569.0,417569.0,Stateline_WolfLake138_flo_Burnham_Munster345,7_STATE STATE17WOL13_1 1 (LN/CE/NIPS),BURNHAM-MUNSTER 345 (34504),20:30,-14.69,
12/31/2024,26016.0,1531.0,TEMP39_LN_Tekamho_Sub_1226_161_kV_FTLO_Raun_Fort,TEKAMHO TEKAMSUB1216_1 1 (LN/OPPD/OPPD),FORT CALHOUN-RAUN 345,20:30,-134.82,
12/31/2024,,162444.0,AMI13179_REYNOLD4_13857_A,REYNOLD4 13857 A (LN/NIPS/NIPS),WATSEKA - SHELDON SOUTH 138,20:35,-9.88,
12/31/2024,26016.0,1531.0,TEMP39_LN_Tekamho_Sub_1226_161_kV_FTLO_Raun_Fort,TEKAMHO TEKAMSUB1216_1 1 (LN/OPPD/OPPD),FORT CALHOUN-RAUN 345,20:35,-410.49,
12/31/2024,,162444.0,AMI13179_REYNOLD4_13857_A,REYNOLD4 13857 A (LN/NIPS/NIPS),WATSEKA - SHELDON SOUTH 138,20:40,-9.99,
12/31/2024,,434059.0,EESOC11_MARIONSE_ANGIE_MARION6_1,MARIONSE ANGIE_MARION6 1 (LN/SOCO/EES),MCKNIGHT - DANIEL 500,20:40,-4.42,
12/31/2024,26016.0,1531.0,TEMP39_LN_Tekamho_Sub_1226_161_kV_FTLO_Raun_Fort,TEKAMHO TEKAMSUB1216_1 1 (LN/OPPD/OPPD),FORT CALHOUN-RAUN 345,20:40,-148.56,
12/31/2024,,162444.0,AMI13179_REYNOLD4_13857_A,REYNOLD4 13857 A (LN/NIPS/NIPS),WATSEKA - SHELDON SOUTH 138,20:45,-10.13,
12/31/2024,2569.0,417569.0,Stateline_WolfLake138_flo_Burnham_Munster345,7_STATE STATE17WOL13_1 1 (LN/CE/NIPS),BURNHAM-MUNSTER 345 (34504),20:45,-6.16,
12/31/2024,26016.0,1531.0,TEMP39_LN_Tekamho_Sub_1226_161_kV_FTLO_Raun_Fort,TEKAMHO TEKAMSUB1216_1 1 (LN/OPPD/OPPD),FORT CALHOUN-RAUN 345,20:45,-439.93,
12/31/2024,,162444.0,AMI13179_REYNOLD4_13857_A,REYNOLD4 13857 A (LN/NIPS/NIPS),WATSEKA - SHELDON SOUTH 138,20:50,-9.97,
12/31/2024,,390693.0,NSP34X15_NOBLES_TR9_TR9_2,NOBLES TR9 TR9_2 (XF/NSP/*),NOBLES 345/115 TR10,20:50,-19.35,
12/31/2024,26016.0,1531.0,TEMP39_LN_Tekamho_Sub_1226_161_kV_FTLO_Raun_Fort,TEKAMHO TEKAMSUB1216_1 1 (LN/OPPD/OPPD),FORT CALHOUN-RAUN 345,20:50,-43.57,
12/31/2024,,162444.0,AMI13179_REYNOLD4_13857_A,REYNOLD4 13857 A (LN/NIPS/NIPS),WATSEKA - SHELDON SOUTH 138,20:55,-10.39,
12/31/2024,,390693.0,NSP34X15_NOBLES_TR9_TR9_2,NOBLES TR9 TR9_2 (XF/NSP/*),NOBLES 345/115 TR10,20:55,-5.08,
12/31/2024,2569.0,417569.0,Stateline_WolfLake138_flo_Burnham_Munster345,7_STATE STATE17WOL13_1 1 (LN/CE/NIPS),BURNHAM-MUNSTER 345 (34504),20:55,-54.43,
12/31/2024,26016.0,1531.0,TEMP39_LN_Tekamho_Sub_1226_161_kV_FTLO_Raun_Fort,TEKAMHO TEKAMSUB1216_1 1 (LN/OPPD/OPPD),FORT CALHOUN-RAUN 345,20:55,-305.41,
12/31/2024,,162444.0,AMI13179_REYNOLD4_13857_A,REYNOLD4 13857 A (LN/NIPS/NIPS),WATSEKA - SHELDON SOUTH 138,21:00,-10.38,
12/31/2024,2569.0,417569.0,Stateline_WolfLake138_flo_Burnham_Munster345,7_STATE STATE17WOL13_1 1 (LN/CE/NIPS),BURNHAM-MUNSTER 345 (34504),21:00,-31.6,
12/31/2024,,162444.0,AMI13179_REYNOLD4_13857_A,REYNOLD4 13857 A (LN/NIPS/NIPS),WATSEKA - SHELDON SOUTH 138,21:05,-28.77,
12/31/2024,,390693.0,NSP34X15_NOBLES_TR9_TR9_2,NOBLES TR9 TR9_2 (XF/NSP/*),NOBLES 345/115 TR10,21:05,-12.65,
12/31/2024,2569.0,417569.0,Stateline_WolfLake138_flo_Burnham_Munster345,7_STATE STATE17WOL13_1 1 (LN/CE/NIPS),BURNHAM-MUNSTER 345 (34504),21:05,-756.2,
12/31/2024,,390693.0,NSP34X15_NOBLES_TR9_TR9_2,NOBLES TR9 TR9_2 (XF/NSP/*),NOBLES 345/115 TR10,21:10,-20.14,
12/31/2024,2569.0,417569.0,Stateline_WolfLake138_flo_Burnham_Munster345,7_STATE STATE17WOL13_1 1 (LN/CE/NIPS),BURNHAM-MUNSTER 345 (34504),21:10,-128.15,
12/31/2024,,390693.0,NSP34X15_NOBLES_TR9_TR9_2,NOBLES TR9 TR9_2 (XF/NSP/*),NOBLES 345/115 TR10,21:15,-20.3,
12/31/2024,2569.0,417569.0,Stateline_WolfLake138_flo_Burnham_Munster345,7_STATE STATE17WOL13_1 1 (LN/CE/NIPS),BURNHAM-MUNSTER 345 (34504),21:15,-56.6,
12/31/2024,,390693.0,NSP34X15_NOBLES_TR9_TR9_2,NOBLES TR9 TR9_2 (XF/NSP/*),NOBLES 345/115 TR10,21:20,-1.1300000000000001,
12/31/2024,2569.0,417569.0,Stateline_WolfLake138_flo_Burnham_Munster345,7_STATE STATE17WOL13_1 1 (LN/CE/NIPS),BURNHAM-MUNSTER 345 (34504),21:20,-90.59,
12/31/2024,26016.0,1531.0,TEMP39_LN_Tekamho_Sub_1226_161_kV_FTLO_Raun_Fort,TEKAMHO TEKAMSUB1216_1 1 (LN/OPPD/OPPD),FORT CALHOUN-RAUN 345,21:20,-355.37,
12/31/2024,26016.0,1531.0,TEMP39_LN_Tekamho_Sub_1226_161_kV_FTLO_Raun_Fort,TEKAMHO TEKAMSUB1216_1 1 (LN/OPPD/OPPD),FORT CALHOUN-RAUN 345,21:25,-395.26,
12/31/2024,26016.0,1531.0,TEMP39_LN_Tekamho_Sub_1226_161_kV_FTLO_Raun_Fort,TEKAMHO TEKAMSUB1216_1 1 (LN/OPPD/OPPD),FORT CALHOUN-RAUN 345,21:30,-398.9,
12/31/2024,,357283.0,NSP34007_WILMART_TR9_TR9,WILMART TR9 TR9 (XF/NSP/*),CRANDALL - WILMARTH 345,21:35,-49.34,
12/31/2024,26016.0,1531.0,TEMP39_LN_Tekamho_Sub_1226_161_kV_FTLO_Raun_Fort,TEKAMHO TEKAMSUB1216_1 1 (LN/OPPD/OPPD),FORT CALHOUN-RAUN 345,21:35,-340.91,
12/31/2024,,357283.0,NSP34007_WILMART_TR9_TR9,WILMART TR9 TR9 (XF/NSP/*),CRANDALL - WILMARTH 345,21:40,-31.21,
12/31/2024,26016.0,1531.0,TEMP39_LN_Tekamho_Sub_1226_161_kV_FTLO_Raun_Fort,TEKAMHO TEKAMSUB1216_1 1 (LN/OPPD/OPPD),FORT CALHOUN-RAUN 345,21:40,-388.2,
12/31/2024,,357283.0,NSP34007_WILMART_TR9_TR9,WILMART TR9 TR9 (XF/NSP/*),CRANDALL - WILMARTH 345,21:45,-20.79,
12/31/2024,26016.0,1531.0,TEMP39_LN_Tekamho_Sub_1226_161_kV_FTLO_Raun_Fort,TEKAMHO TEKAMSUB1216_1 1 (LN/OPPD/OPPD),FORT CALHOUN-RAUN 345,21:45,-57.28,
12/31/2024,,357283.0,NSP34007_WILMART_TR9_TR9,WILMART TR9 TR9 (XF/NSP/*),CRANDALL - WILMARTH 345,21:50,-61.52,
12/31/2024,26016.0,1531.0,TEMP39_LN_Tekamho_Sub_1226_161_kV_FTLO_Raun_Fort,TEKAMHO TEKAMSUB1216_1 1 (LN/OPPD/OPPD),FORT CALHOUN-RAUN 345,21:50,-310.81,
12/31/2024,,357283.0,NSP34007_WILMART_TR9_TR9,WILMART TR9 TR9 (XF/NSP/*),CRANDALL - WILMARTH 345,21:55,-32.33,
12/31/2024,26016.0,1531.0,TEMP39_LN_Tekamho_Sub_1226_161_kV_FTLO_Raun_Fort,TEKAMHO TEKAMSUB1216_1 1 (LN/OPPD/OPPD),FORT CALHOUN-RAUN 345,21:55,-380.34,
12/31/2024,,357283.0,NSP34007_WILMART_TR9_TR9,WILMART TR9 TR9 (XF/NSP/*),CRANDALL - WILMARTH 345,22:00,-12.8,
12/31/2024,25904.0,337768.0,Petersburg_N_Petersburg_115_kV_FLO_Hoskins_Shell,PTRBRG_N 1368 A (LN/NPPD/NPPD),HOSKINS - SHELL CREEK 345,22:00,-37.07,
12/31/2024,2569.0,417569.0,Stateline_WolfLake138_flo_Burnham_Munster345,7_STATE STATE17WOL13_1 1 (LN/CE/NIPS),BURNHAM-MUNSTER 345 (34504),22:00,-424.3,
12/31/2024,26016.0,1531.0,TEMP39_LN_Tekamho_Sub_1226_161_kV_FTLO_Raun_Fort,TEKAMHO TEKAMSUB1216_1 1 (LN/OPPD/OPPD),FORT CALHOUN-RAUN 345,22:00,-216.16,
12/31/2024,,357283.0,NSP34007_WILMART_TR9_TR9,WILMART TR9 TR9 (XF/NSP/*),CRANDALL - WILMARTH 345,22:05,-30.54,
12/31/2024,25904.0,337768.0,Petersburg_N_Petersburg_115_kV_FLO_Hoskins_Shell,PTRBRG_N 1368 A (LN/NPPD/NPPD),HOSKINS - SHELL CREEK 345,22:05,-37.07,
12/31/2024,2569.0,417569.0,Stateline_WolfLake138_flo_Burnham_Munster345,7_STATE STATE17WOL13_1 1 (LN/CE/NIPS),BURNHAM-MUNSTER 345 (34504),22:05,-702.84,
12/31/2024,26016.0,1531.0,TEMP39_LN_Tekamho_Sub_1226_161_kV_FTLO_Raun_Fort,TEKAMHO TEKAMSUB1216_1 1 (LN/OPPD/OPPD),FORT CALHOUN-RAUN 345,22:05,-50.35,
12/31/2024,,357283.0,NSP34007_WILMART_TR9_TR9,WILMART TR9 TR9 (XF/NSP/*),CRANDALL - WILMARTH 345,22:10,-138.41,
12/31/2024,25904.0,337768.0,Petersburg_N_Petersburg_115_kV_FLO_Hoskins_Shell,PTRBRG_N 1368 A (LN/NPPD/NPPD),HOSKINS - SHELL CREEK 345,22:10,-349.5,
12/31/2024,2569.0,417569.0,Stateline_WolfLake138_flo_Burnham_Munster345,7_STATE STATE17WOL13_1 1 (LN/CE/NIPS),BURNHAM-MUNSTER 345 (34504),22:10,-451.4,
12/31/2024,,357283.0,NSP34007_WILMART_TR9_TR9,WILMART TR9 TR9 (XF/NSP/*),CRANDALL - WILMARTH 345,22:15,-132.72,
12/31/2024,25904.0,337768.0,Petersburg_N_Petersburg_115_kV_FLO_Hoskins_Shell,PTRBRG_N 1368 A (LN/NPPD/NPPD),HOSKINS - SHELL CREEK 345,22:15,-349.99,
12/31/2024,2569.0,417569.0,Stateline_WolfLake138_flo_Burnham_Munster345,7_STATE STATE17WOL13_1 1 (LN/CE/NIPS),BURNHAM-MUNSTER 345 (34504),22:15,-451.4,
12/31/2024,,357283.0,NSP34007_WILMART_TR9_TR9,WILMART TR9 TR9 (XF/NSP/*),CRANDALL - WILMARTH 345,22:20,-91.59,
12/31/2024,2569.0,417569.0,Stateline_WolfLake138_flo_Burnham_Munster345,7_STATE STATE17WOL13_1 1 (LN/CE/NIPS),BURNHAM-MUNSTER 345 (34504),22:20,-29.13,
12/31/2024,26016.0,1531.0,TEMP39_LN_Tekamho_Sub_1226_161_kV_FTLO_Raun_Fort,TEKAMHO TEKAMSUB1216_1 1 (LN/OPPD/OPPD),FORT CALHOUN-RAUN 345,22:20,-216.37,
12/31/2024,,357283.0,NSP34007_WILMART_TR9_TR9,WILMART TR9 TR9 (XF/NSP/*),CRANDALL - WILMARTH 345,22:25,-63.54,
12/31/2024,25904.0,337768.0,Petersburg_N_Petersburg_115_kV_FLO_Hoskins_Shell,PTRBRG_N 1368 A (LN/NPPD/NPPD),HOSKINS - SHELL CREEK 345,22:25,-449.77,
12/31/2024,26016.0,1531.0,TEMP39_LN_Tekamho_Sub_1226_161_kV_FTLO_Raun_Fort,TEKAMHO TEKAMSUB1216_1 1 (LN/OPPD/OPPD),FORT CALHOUN-RAUN 345,22:25,-187.13,
12/31/2024,,162444.0,AMI13179_REYNOLD4_13857_A,REYNOLD4 13857 A (LN/NIPS/NIPS),WATSEKA - SHELDON SOUTH 138,22:30,-8.98,
12/31/2024,,357283.0,NSP34007_WILMART_TR9_TR9,WILMART TR9 TR9 (XF/NSP/*),CRANDALL - WILMARTH 345,22:30,-62.36,
12/31/2024,25904.0,337768.0,Petersburg_N_Petersburg_115_kV_FLO_Hoskins_Shell,PTRBRG_N 1368 A (LN/NPPD/NPPD),HOSKINS - SHELL CREEK 345,22:30,-282.45,
12/31/2024,26016.0,1531.0,TEMP39_LN_Tekamho_Sub_1226_161_kV_FTLO_Raun_Fort,TEKAMHO TEKAMSUB1216_1 1 (LN/OPPD/OPPD),FORT CALHOUN-RAUN 345,22:30,-223.38,
12/31/2024,,162444.0,AMI13179_REYNOLD4_13857_A,REYNOLD4 13857 A (LN/NIPS/NIPS),WATSEKA - SHELDON SOUTH 138,22:35,-8.6,
12/31/2024,,357283.0,NSP34007_WILMART_TR9_TR9,WILMART TR9 TR9 (XF/NSP/*),CRANDALL - WILMARTH 345,22:35,-88.29,
12/31/2024,26016.0,1531.0,TEMP39_LN_Tekamho_Sub_1226_161_kV_FTLO_Raun_Fort,TEKAMHO TEKAMSUB1216_1 1 (LN/OPPD/OPPD),FORT CALHOUN-RAUN 345,22:35,-291.04,
12/31/2024,,162444.0,AMI13179_REYNOLD4_13857_A,REYNOLD4 13857 A (LN/NIPS/NIPS),WATSEKA - SHELDON SOUTH 138,22:40,-8.69,
12/31/2024,,357283.0,NSP34007_WILMART_TR9_TR9,WILMART TR9 TR9 (XF/NSP/*),CRANDALL - WILMARTH 345,22:40,-69.17,
12/31/2024,26016.0,1531.0,TEMP39_LN_Tekamho_Sub_1226_161_kV_FTLO_Raun_Fort,TEKAMHO TEKAMSUB1216_1 1 (LN/OPPD/OPPD),FORT CALHOUN-RAUN 345,22:40,-273.88,
12/31/2024,,357283.0,NSP34007_WILMART_TR9_TR9,WILMART TR9 TR9 (XF/NSP/*),CRANDALL - WILMARTH 345,22:45,-71.11,
12/31/2024,,390693.0,NSP34X15_NOBLES_TR9_TR9_2,NOBLES TR9 TR9_2 (XF/NSP/*),NOBLES 345/115 TR10,22:45,-2.24,
12/31/2024,26016.0,1531.0,TEMP39_LN_Tekamho_Sub_1226_161_kV_FTLO_Raun_Fort,TEKAMHO TEKAMSUB1216_1 1 (LN/OPPD/OPPD),FORT CALHOUN-RAUN 345,22:45,-273.2,
12/31/2024,,357283.0,NSP34007_WILMART_TR9_TR9,WILMART TR9 TR9 (XF/NSP/*),CRANDALL - WILMARTH 345,22:50,-71.72,
12/31/2024,26016.0,1531.0,TEMP39_LN_Tekamho_Sub_1226_161_kV_FTLO_Raun_Fort,TEKAMHO TEKAMSUB1216_1 1 (LN/OPPD/OPPD),FORT CALHOUN-RAUN 345,22:50,-272.17,
12/31/2024,,357283.0,NSP34007_WILMART_TR9_TR9,WILMART TR9 TR9 (XF/NSP/*),CRANDALL - WILMARTH 345,22:55,-72.87,
12/31/2024,,390693.0,NSP34X15_NOBLES_TR9_TR9_2,NOBLES TR9 TR9_2 (XF/NSP/*),NOBLES 345/115 TR10,22:55,-2.34,
12/31/2024,2569.0,417569.0,Stateline_WolfLake138_flo_Burnham_Munster345,7_STATE STATE17WOL13_1 1 (LN/CE/NIPS),BURNHAM-MUNSTER 345 (34504),22:55,-8.82,
12/31/2024,26016.0,1531.0,TEMP39_LN_Tekamho_Sub_1226_161_kV_FTLO_Raun_Fort,TEKAMHO TEKAMSUB1216_1 1 (LN/OPPD/OPPD),FORT CALHOUN-RAUN 345,22:55,-265.93,
12/31/2024,,357283.0,NSP34007_WILMART_TR9_TR9,WILMART TR9 TR9 (XF/NSP/*),CRANDALL - WILMARTH 345,23:00,-75.2,
12/31/2024,,390693.0,NSP34X15_NOBLES_TR9_TR9_2,NOBLES TR9 TR9_2 (XF/NSP/*),NOBLES 345/115 TR10,23:00,-2.56,
12/31/2024,2569.0,417569.0,Stateline_WolfLake138_flo_Burnham_Munster345,7_STATE STATE17WOL13_1 1 (LN/CE/NIPS),BURNHAM-MUNSTER 345 (34504),23:00,-24.0,
12/31/2024,26016.0,1531.0,TEMP39_LN_Tekamho_Sub_1226_161_kV_FTLO_Raun_Fort,TEKAMHO TEKAMSUB1216_1 1 (LN/OPPD/OPPD),FORT CALHOUN-RAUN 345,23:00,-233.46,
12/31/2024,,357283.0,NSP34007_WILMART_TR9_TR9,WILMART TR9 TR9 (XF/NSP/*),CRANDALL - WILMARTH 345,23:05,-83.11,
12/31/2024,,390693.0,NSP34X15_NOBLES_TR9_TR9_2,NOBLES TR9 TR9_2 (XF/NSP/*),NOBLES 345/115 TR10,23:05,-5.92,
12/31/2024,2569.0,417569.0,Stateline_WolfLake138_flo_Burnham_Munster345,7_STATE STATE17WOL13_1 1 (LN/CE/NIPS),BURNHAM-MUNSTER 345 (34504),23:05,-118.14,
12/31/2024,26016.0,1531.0,TEMP39_LN_Tekamho_Sub_1226_161_kV_FTLO_Raun_Fort,TEKAMHO TEKAMSUB1216_1 1 (LN/OPPD/OPPD),FORT CALHOUN-RAUN 345,23:05,-163.51,
12/31/2024,,357283.0,NSP34007_WILMART_TR9_TR9,WILMART TR9 TR9 (XF/NSP/*),CRANDALL - WILMARTH 345,23:10,-184.07,
12/31/2024,,390693.0,NSP34X15_NOBLES_TR9_TR9_2,NOBLES TR9 TR9_2 (XF/NSP/*),NOBLES 345/115 TR10,23:10,-15.53,
12/31/2024,,357283.0,NSP34007_WILMART_TR9_TR9,WILMART TR9 TR9 (XF/NSP/*),CRANDALL - WILMARTH 345,23:15,-209.16,
12/31/2024,,390693.0,NSP34X15_NOBLES_TR9_TR9_2,NOBLES TR9 TR9_2 (XF/NSP/*),NOBLES 345/115 TR10,23:15,-16.27,
12/31/2024,,357283.0,NSP34007_WILMART_TR9_TR9,WILMART TR9 TR9 (XF/NSP/*),CRANDALL - WILMARTH 345,23:20,-186.3,
12/31/2024,,390693.0,NSP34X15_NOBLES_TR9_TR9_2,NOBLES TR9 TR9_2 (XF/NSP/*),NOBLES 345/115 TR10,23:20,-15.81,
12/31/2024,,357283.0,NSP34007_WILMART_TR9_TR9,WILMART TR9 TR9 (XF/NSP/*),CRANDALL - WILMARTH 345,23:25,-85.65,
12/31/2024,,390693.0,NSP34X15_NOBLES_TR9_TR9_2,NOBLES TR9 TR9_2 (XF/NSP/*),NOBLES 345/115 TR10,23:25,-20.74,
12/31/2024,,390693.0,NSP34X15_NOBLES_TR9_TR9_2,NOBLES TR9 TR9_2 (XF/NSP/*),NOBLES 345/115 TR10,23:30,-25.48,
12/31/2024,5566.0,246672.0,Cooper_StJoe345_ftlo_Cooper_Fairport_StJoe345_Fa,COOPER ST_JOCOOPE34_1 A (LN/NPPD/MPS),ST JOE - FAIRPORT - COOPER 345,23:35,-24.61,
12/31/2024,,357283.0,NSP34007_WILMART_TR9_TR9,WILMART TR9 TR9 (XF/NSP/*),CRANDALL - WILMARTH 345,23:35,-12.02,
12/31/2024,,390693.0,NSP34X15_NOBLES_TR9_TR9_2,NOBLES TR9 TR9_2 (XF/NSP/*),NOBLES 345/115 TR10,23:35,-21.92,
12/31/2024,5566.0,246672.0,Cooper_StJoe345_ftlo_Cooper_Fairport_StJoe345_Fa,COOPER ST_JOCOOPE34_1 A (LN/NPPD/MPS),ST JOE - FAIRPORT - COOPER 345,23:40,-57.03,
12/31/2024,,357283.0,NSP34007_WILMART_TR9_TR9,WILMART TR9 TR9 (XF/NSP/*),CRANDALL - WILMARTH 345,23:40,-98.14,
12/31/2024,,390693.0,NSP34X15_NOBLES_TR9_TR9_2,NOBLES TR9 TR9_2 (XF/NSP/*),NOBLES 345/115 TR10,23:40,-9.91,
12/31/2024,2569.0,417569.0,Stateline_WolfLake138_flo_Burnham_Munster345,7_STATE STATE17WOL13_1 1 (LN/CE/NIPS),BURNHAM-MUNSTER 345 (34504),23:40,-65.7,
12/31/2024,,357283.0,NSP34007_WILMART_TR9_TR9,WILMART TR9 TR9 (XF/NSP/*),CRANDALL - WILMARTH 345,23:45,-89.24,
12/31/2024,,390693.0,NSP34X15_NOBLES_TR9_TR9_2,NOBLES TR9 TR9_2 (XF/NSP/*),NOBLES 345/115 TR10,23:45,-9.67,
12/31/2024,2569.0,417569.0,Stateline_WolfLake138_flo_Burnham_Munster345,7_STATE STATE17WOL13_1 1 (LN/CE/NIPS),BURNHAM-MUNSTER 345 (34504),23:45,-445.3,
12/31/2024,5566.0,246672.0,Cooper_StJoe345_ftlo_Cooper_Fairport_StJoe345_Fa,COOPER ST_JOCOOPE34_1 A (LN/NPPD/MPS),ST JOE - FAIRPORT - COOPER 345,23:50,-0.77,
12/31/2024,,357283.0,NSP34007_WILMART_TR9_TR9,WILMART TR9 TR9 (XF/NSP/*),CRANDALL - WILMARTH 345,23:50,-71.92,
12/31/2024,,390693.0,NSP34X15_NOBLES_TR9_TR9_2,NOBLES TR9 TR9_2 (XF/NSP/*),NOBLES 345/115 TR10,23:50,-14.34,
12/31/2024,2569.0,417569.0,Stateline_WolfLake138_flo_Burnham_Munster345,7_STATE STATE17WOL13_1 1 (LN/CE/NIPS),BURNHAM-MUNSTER 345 (34504),23:50,-445.3,
12/31/2024,5566.0,246672.0,Cooper_StJoe345_ftlo_Cooper_Fairport_StJoe345_Fa,COOPER ST_JOCOOPE34_1 A (LN/NPPD/MPS),ST JOE - FAIRPORT - COOPER 345,23:55,-9.4,
12/31/2024,,357283.0,NSP34007_WILMART_TR9_TR9,WILMART TR9 TR9 (XF/NSP/*),CRANDALL - WILMARTH 345,23:55,-55.47,
12/31/2024,,390693.0,NSP34X15_NOBLES_TR9_TR9_2,NOBLES TR9 TR9_2 (XF/NSP/*),NOBLES 345/115 TR10,23:55,-1.55,
12/31/2024,26016.0,1531.0,TEMP39_LN_Tekamho_Sub_1226_161_kV_FTLO_Raun_Fort,TEKAMHO TEKAMSUB1216_1 1 (LN/OPPD/OPPD),FORT CALHOUN-RAUN 345,23:55,-285.85,
