market_date,flowgate_nerc_id,constraint_id,constraint_name,branch_name,contingency,hour,shadow_price,constraint_description
07/09/2024,29015.0,3443.0,Duneare_Michigan_City_13839_138kv_flo_Wilton_Cen,DUNEACRE 13839 A (LN/NIPS/NIPS),WILTON CENTER-DUMONT 765 (11215),00:05,-25.8,
07/09/2024,29015.0,3443.0,Duneare_Michigan_City_13839_138kv_flo_Wilton_Cen,DUNEACRE 13839 A (LN/NIPS/NIPS),WILTON CENTER-DUMONT 765 (11215),00:15,-60.3,
07/09/2024,29015.0,3443.0,Duneare_Michigan_City_13839_138kv_flo_Wilton_Cen,DUNEACRE 13839 A (LN/NIPS/NIPS),WILTON CENTER-DUMONT 765 (11215),00:20,-68.4,
07/09/2024,29015.0,3443.0,Duneare_Michigan_City_13839_138kv_flo_Wilton_Cen,DUNEACRE 13839 A (LN/NIPS/NIPS),WILTON CENTER-DUMONT 765 (11215),00:25,-193.2,
07/09/2024,29015.0,3443.0,Duneare_Michigan_City_13839_138kv_flo_Wilton_Cen,DUNEACRE 13839 A (LN/NIPS/NIPS),WILTON CENTER-DUMONT 765 (11215),00:30,-19.45,
07/09/2024,29015.0,3443.0,Duneare_Michigan_City_13839_138kv_flo_Wilton_Cen,DUNEACRE 13839 A (LN/NIPS/NIPS),WILTON CENTER-DUMONT 765 (11215),00:40,-33.43,
07/09/2024,29015.0,3443.0,Duneare_Michigan_City_13839_138kv_flo_Wilton_Cen,DUNEACRE 13839 A (LN/NIPS/NIPS),WILTON CENTER-DUMONT 765 (11215),00:45,-141.9,
07/09/2024,29015.0,3443.0,Duneare_Michigan_City_13839_138kv_flo_Wilton_Cen,DUNEACRE 13839 A (LN/NIPS/NIPS),WILTON CENTER-DUMONT 765 (11215),00:50,-141.9,
07/09/2024,29015.0,3443.0,Duneare_Michigan_City_13839_138kv_flo_Wilton_Cen,DUNEACRE 13839 A (LN/NIPS/NIPS),WILTON CENTER-DUMONT 765 (11215),00:55,-95.3,
07/09/2024,29015.0,3443.0,Duneare_Michigan_City_13839_138kv_flo_Wilton_Cen,DUNEACRE 13839 A (LN/NIPS/NIPS),WILTON CENTER-DUMONT 765 (11215),01:00,-32.1,
07/09/2024,29015.0,3443.0,Duneare_Michigan_City_13839_138kv_flo_Wilton_Cen,DUNEACRE 13839 A (LN/NIPS/NIPS),WILTON CENTER-DUMONT 765 (11215),01:05,-131.6,
07/09/2024,29015.0,3443.0,Duneare_Michigan_City_13839_138kv_flo_Wilton_Cen,DUNEACRE 13839 A (LN/NIPS/NIPS),WILTON CENTER-DUMONT 765 (11215),01:10,-138.70000000000002,
07/09/2024,29015.0,3443.0,Duneare_Michigan_City_13839_138kv_flo_Wilton_Cen,DUNEACRE 13839 A (LN/NIPS/NIPS),WILTON CENTER-DUMONT 765 (11215),01:15,-138.70000000000002,
07/09/2024,29015.0,3443.0,Duneare_Michigan_City_13839_138kv_flo_Wilton_Cen,DUNEACRE 13839 A (LN/NIPS/NIPS),WILTON CENTER-DUMONT 765 (11215),01:20,-178.9,
07/09/2024,29015.0,3443.0,Duneare_Michigan_City_13839_138kv_flo_Wilton_Cen,DUNEACRE 13839 A (LN/NIPS/NIPS),WILTON CENTER-DUMONT 765 (11215),01:25,-146.1,
07/09/2024,29015.0,3443.0,Duneare_Michigan_City_13839_138kv_flo_Wilton_Cen,DUNEACRE 13839 A (LN/NIPS/NIPS),WILTON CENTER-DUMONT 765 (11215),01:30,-171.5,
07/09/2024,29015.0,3443.0,Duneare_Michigan_City_13839_138kv_flo_Wilton_Cen,DUNEACRE 13839 A (LN/NIPS/NIPS),WILTON CENTER-DUMONT 765 (11215),01:50,-35.5,
07/09/2024,29015.0,3443.0,Duneare_Michigan_City_13839_138kv_flo_Wilton_Cen,DUNEACRE 13839 A (LN/NIPS/NIPS),WILTON CENTER-DUMONT 765 (11215),01:55,-114.1,
07/09/2024,29015.0,3443.0,Duneare_Michigan_City_13839_138kv_flo_Wilton_Cen,DUNEACRE 13839 A (LN/NIPS/NIPS),WILTON CENTER-DUMONT 765 (11215),02:00,-108.9,
07/09/2024,29015.0,3443.0,Duneare_Michigan_City_13839_138kv_flo_Wilton_Cen,DUNEACRE 13839 A (LN/NIPS/NIPS),WILTON CENTER-DUMONT 765 (11215),02:05,-98.0,
07/09/2024,29015.0,3443.0,Duneare_Michigan_City_13839_138kv_flo_Wilton_Cen,DUNEACRE 13839 A (LN/NIPS/NIPS),WILTON CENTER-DUMONT 765 (11215),02:10,-49.7,
07/09/2024,29015.0,3443.0,Duneare_Michigan_City_13839_138kv_flo_Wilton_Cen,DUNEACRE 13839 A (LN/NIPS/NIPS),WILTON CENTER-DUMONT 765 (11215),02:15,-43.9,
07/09/2024,29015.0,3443.0,Duneare_Michigan_City_13839_138kv_flo_Wilton_Cen,DUNEACRE 13839 A (LN/NIPS/NIPS),WILTON CENTER-DUMONT 765 (11215),02:20,-34.5,
07/09/2024,29015.0,3443.0,Duneare_Michigan_City_13839_138kv_flo_Wilton_Cen,DUNEACRE 13839 A (LN/NIPS/NIPS),WILTON CENTER-DUMONT 765 (11215),02:25,-34.5,
07/09/2024,29015.0,3443.0,Duneare_Michigan_City_13839_138kv_flo_Wilton_Cen,DUNEACRE 13839 A (LN/NIPS/NIPS),WILTON CENTER-DUMONT 765 (11215),02:30,-52.1,
07/09/2024,29015.0,3443.0,Duneare_Michigan_City_13839_138kv_flo_Wilton_Cen,DUNEACRE 13839 A (LN/NIPS/NIPS),WILTON CENTER-DUMONT 765 (11215),02:35,-44.7,
07/09/2024,29015.0,3443.0,Duneare_Michigan_City_13839_138kv_flo_Wilton_Cen,DUNEACRE 13839 A (LN/NIPS/NIPS),WILTON CENTER-DUMONT 765 (11215),02:40,-85.6,
07/09/2024,29015.0,3443.0,Duneare_Michigan_City_13839_138kv_flo_Wilton_Cen,DUNEACRE 13839 A (LN/NIPS/NIPS),WILTON CENTER-DUMONT 765 (11215),02:45,-100.8,
07/09/2024,29015.0,3443.0,Duneare_Michigan_City_13839_138kv_flo_Wilton_Cen,DUNEACRE 13839 A (LN/NIPS/NIPS),WILTON CENTER-DUMONT 765 (11215),02:50,-77.4,
07/09/2024,29015.0,3443.0,Duneare_Michigan_City_13839_138kv_flo_Wilton_Cen,DUNEACRE 13839 A (LN/NIPS/NIPS),WILTON CENTER-DUMONT 765 (11215),02:55,-48.0,
07/09/2024,29015.0,3443.0,Duneare_Michigan_City_13839_138kv_flo_Wilton_Cen,DUNEACRE 13839 A (LN/NIPS/NIPS),WILTON CENTER-DUMONT 765 (11215),03:00,-24.1,
07/09/2024,29015.0,3443.0,Duneare_Michigan_City_13839_138kv_flo_Wilton_Cen,DUNEACRE 13839 A (LN/NIPS/NIPS),WILTON CENTER-DUMONT 765 (11215),03:05,-77.10000000000001,
07/09/2024,29015.0,3443.0,Duneare_Michigan_City_13839_138kv_flo_Wilton_Cen,DUNEACRE 13839 A (LN/NIPS/NIPS),WILTON CENTER-DUMONT 765 (11215),03:10,-76.2,
07/09/2024,29015.0,3443.0,Duneare_Michigan_City_13839_138kv_flo_Wilton_Cen,DUNEACRE 13839 A (LN/NIPS/NIPS),WILTON CENTER-DUMONT 765 (11215),03:15,-124.7,
07/09/2024,29015.0,3443.0,Duneare_Michigan_City_13839_138kv_flo_Wilton_Cen,DUNEACRE 13839 A (LN/NIPS/NIPS),WILTON CENTER-DUMONT 765 (11215),03:20,-123.5,
07/09/2024,29015.0,3443.0,Duneare_Michigan_City_13839_138kv_flo_Wilton_Cen,DUNEACRE 13839 A (LN/NIPS/NIPS),WILTON CENTER-DUMONT 765 (11215),03:25,-37.2,
07/09/2024,29015.0,3443.0,Duneare_Michigan_City_13839_138kv_flo_Wilton_Cen,DUNEACRE 13839 A (LN/NIPS/NIPS),WILTON CENTER-DUMONT 765 (11215),03:30,-67.4,
07/09/2024,29015.0,3443.0,Duneare_Michigan_City_13839_138kv_flo_Wilton_Cen,DUNEACRE 13839 A (LN/NIPS/NIPS),WILTON CENTER-DUMONT 765 (11215),03:35,-67.4,
07/09/2024,29015.0,3443.0,Duneare_Michigan_City_13839_138kv_flo_Wilton_Cen,DUNEACRE 13839 A (LN/NIPS/NIPS),WILTON CENTER-DUMONT 765 (11215),03:50,-62.54,
07/09/2024,29015.0,3443.0,Duneare_Michigan_City_13839_138kv_flo_Wilton_Cen,DUNEACRE 13839 A (LN/NIPS/NIPS),WILTON CENTER-DUMONT 765 (11215),03:55,-24.5,
07/09/2024,29015.0,3443.0,Duneare_Michigan_City_13839_138kv_flo_Wilton_Cen,DUNEACRE 13839 A (LN/NIPS/NIPS),WILTON CENTER-DUMONT 765 (11215),04:00,-24.5,
07/09/2024,29015.0,3443.0,Duneare_Michigan_City_13839_138kv_flo_Wilton_Cen,DUNEACRE 13839 A (LN/NIPS/NIPS),WILTON CENTER-DUMONT 765 (11215),04:05,-148.70000000000002,
07/09/2024,29015.0,3443.0,Duneare_Michigan_City_13839_138kv_flo_Wilton_Cen,DUNEACRE 13839 A (LN/NIPS/NIPS),WILTON CENTER-DUMONT 765 (11215),04:10,-94.9,
07/09/2024,29015.0,3443.0,Duneare_Michigan_City_13839_138kv_flo_Wilton_Cen,DUNEACRE 13839 A (LN/NIPS/NIPS),WILTON CENTER-DUMONT 765 (11215),04:15,-208.4,
07/09/2024,29015.0,3443.0,Duneare_Michigan_City_13839_138kv_flo_Wilton_Cen,DUNEACRE 13839 A (LN/NIPS/NIPS),WILTON CENTER-DUMONT 765 (11215),04:20,-204.84,
07/09/2024,29015.0,3443.0,Duneare_Michigan_City_13839_138kv_flo_Wilton_Cen,DUNEACRE 13839 A (LN/NIPS/NIPS),WILTON CENTER-DUMONT 765 (11215),04:25,-195.6,
07/09/2024,29015.0,3443.0,Duneare_Michigan_City_13839_138kv_flo_Wilton_Cen,DUNEACRE 13839 A (LN/NIPS/NIPS),WILTON CENTER-DUMONT 765 (11215),04:30,-164.4,
07/09/2024,29015.0,3443.0,Duneare_Michigan_City_13839_138kv_flo_Wilton_Cen,DUNEACRE 13839 A (LN/NIPS/NIPS),WILTON CENTER-DUMONT 765 (11215),04:35,-214.1,
07/09/2024,29015.0,3443.0,Duneare_Michigan_City_13839_138kv_flo_Wilton_Cen,DUNEACRE 13839 A (LN/NIPS/NIPS),WILTON CENTER-DUMONT 765 (11215),04:40,-139.9,
07/09/2024,29015.0,3443.0,Duneare_Michigan_City_13839_138kv_flo_Wilton_Cen,DUNEACRE 13839 A (LN/NIPS/NIPS),WILTON CENTER-DUMONT 765 (11215),04:45,-113.1,
07/09/2024,29015.0,3443.0,Duneare_Michigan_City_13839_138kv_flo_Wilton_Cen,DUNEACRE 13839 A (LN/NIPS/NIPS),WILTON CENTER-DUMONT 765 (11215),04:50,-103.0,
07/09/2024,29015.0,3443.0,Duneare_Michigan_City_13839_138kv_flo_Wilton_Cen,DUNEACRE 13839 A (LN/NIPS/NIPS),WILTON CENTER-DUMONT 765 (11215),04:55,-12.3,
07/09/2024,29015.0,3443.0,Duneare_Michigan_City_13839_138kv_flo_Wilton_Cen,DUNEACRE 13839 A (LN/NIPS/NIPS),WILTON CENTER-DUMONT 765 (11215),06:00,-142.3,
07/09/2024,29015.0,3443.0,Duneare_Michigan_City_13839_138kv_flo_Wilton_Cen,DUNEACRE 13839 A (LN/NIPS/NIPS),WILTON CENTER-DUMONT 765 (11215),06:05,-332.5,
07/09/2024,29015.0,3443.0,Duneare_Michigan_City_13839_138kv_flo_Wilton_Cen,DUNEACRE 13839 A (LN/NIPS/NIPS),WILTON CENTER-DUMONT 765 (11215),06:30,-33.4,
07/09/2024,29015.0,3443.0,Duneare_Michigan_City_13839_138kv_flo_Wilton_Cen,DUNEACRE 13839 A (LN/NIPS/NIPS),WILTON CENTER-DUMONT 765 (11215),06:35,-182.9,
07/09/2024,29015.0,3443.0,Duneare_Michigan_City_13839_138kv_flo_Wilton_Cen,DUNEACRE 13839 A (LN/NIPS/NIPS),WILTON CENTER-DUMONT 765 (11215),06:40,-211.1,
07/09/2024,29015.0,3443.0,Duneare_Michigan_City_13839_138kv_flo_Wilton_Cen,DUNEACRE 13839 A (LN/NIPS/NIPS),WILTON CENTER-DUMONT 765 (11215),06:45,-95.4,
07/09/2024,29015.0,3443.0,Duneare_Michigan_City_13839_138kv_flo_Wilton_Cen,DUNEACRE 13839 A (LN/NIPS/NIPS),WILTON CENTER-DUMONT 765 (11215),07:10,-199.3,
07/09/2024,29015.0,3443.0,Duneare_Michigan_City_13839_138kv_flo_Wilton_Cen,DUNEACRE 13839 A (LN/NIPS/NIPS),WILTON CENTER-DUMONT 765 (11215),07:15,-64.6,
07/09/2024,29015.0,3443.0,Duneare_Michigan_City_13839_138kv_flo_Wilton_Cen,DUNEACRE 13839 A (LN/NIPS/NIPS),WILTON CENTER-DUMONT 765 (11215),07:20,-136.1,
07/09/2024,,356021.0,EE13236_CALVNX_CALVNX_RIVTR24_1,CALVNX CALVNX_RIVTR24 1 (LN/EES/EES),CALVIN - RIVTRIN (LINE 1) 138,09:30,-76.68,
07/09/2024,,356021.0,EE13236_CALVNX_CALVNX_RIVTR24_1,CALVNX CALVNX_RIVTR24 1 (LN/EES/EES),CALVIN - RIVTRIN (LINE 1) 138,09:40,-2.41,
07/09/2024,,356021.0,EE13236_CALVNX_CALVNX_RIVTR24_1,CALVNX CALVNX_RIVTR24 1 (LN/EES/EES),CALVIN - RIVTRIN (LINE 1) 138,09:45,-4.82,
07/09/2024,,356021.0,EE13236_CALVNX_CALVNX_RIVTR24_1,CALVNX CALVNX_RIVTR24 1 (LN/EES/EES),CALVIN - RIVTRIN (LINE 1) 138,09:50,-30.95,
07/09/2024,,331256.0,WEC13332_BLUFFCRK_WHIG53_2,BLUFFCRK WHIG53 2 (LN/WEC/WEC),UNIVERSITY - MUKWONAGO 138 (UNIG52,09:50,-6.21,
07/09/2024,,356021.0,EE13236_CALVNX_CALVNX_RIVTR24_1,CALVNX CALVNX_RIVTR24 1 (LN/EES/EES),CALVIN - RIVTRIN (LINE 1) 138,09:55,-16.0,
07/09/2024,,356021.0,EE13236_CALVNX_CALVNX_RIVTR24_1,CALVNX CALVNX_RIVTR24 1 (LN/EES/EES),CALVIN - RIVTRIN (LINE 1) 138,10:00,-78.74,
07/09/2024,,356021.0,EE13236_CALVNX_CALVNX_RIVTR24_1,CALVNX CALVNX_RIVTR24 1 (LN/EES/EES),CALVIN - RIVTRIN (LINE 1) 138,10:10,-700.0,
07/09/2024,,356021.0,EE13236_CALVNX_CALVNX_RIVTR24_1,CALVNX CALVNX_RIVTR24 1 (LN/EES/EES),CALVIN - RIVTRIN (LINE 1) 138,10:15,-1000.0,
07/09/2024,,331256.0,WEC13332_BLUFFCRK_WHIG53_2,BLUFFCRK WHIG53 2 (LN/WEC/WEC),UNIVERSITY - MUKWONAGO 138 (UNIG52,10:15,-3.73,
07/09/2024,,356021.0,EE13236_CALVNX_CALVNX_RIVTR24_1,CALVNX CALVNX_RIVTR24 1 (LN/EES/EES),CALVIN - RIVTRIN (LINE 1) 138,10:20,-1000.0,
07/09/2024,,356021.0,EE13236_CALVNX_CALVNX_RIVTR24_1,CALVNX CALVNX_RIVTR24 1 (LN/EES/EES),CALVIN - RIVTRIN (LINE 1) 138,10:25,-1000.0,
07/09/2024,,356021.0,EE13236_CALVNX_CALVNX_RIVTR24_1,CALVNX CALVNX_RIVTR24 1 (LN/EES/EES),CALVIN - RIVTRIN (LINE 1) 138,10:30,-1000.0,
07/09/2024,,331256.0,WEC13332_BLUFFCRK_WHIG53_2,BLUFFCRK WHIG53 2 (LN/WEC/WEC),UNIVERSITY - MUKWONAGO 138 (UNIG52,10:30,-1.24,
07/09/2024,,412120.0,BASE_7MILECRK_X-159_1,7MILECRK X-159 1 (LN/ALTE/ALTE),,10:35,-47.74,
07/09/2024,,356021.0,EE13236_CALVNX_CALVNX_RIVTR24_1,CALVNX CALVNX_RIVTR24 1 (LN/EES/EES),CALVIN - RIVTRIN (LINE 1) 138,10:35,-740.9,
07/09/2024,,331256.0,WEC13332_BLUFFCRK_WHIG53_2,BLUFFCRK WHIG53 2 (LN/WEC/WEC),UNIVERSITY - MUKWONAGO 138 (UNIG52,10:35,-1.31,
07/09/2024,,412120.0,BASE_7MILECRK_X-159_1,7MILECRK X-159 1 (LN/ALTE/ALTE),,10:40,-85.45,
07/09/2024,,356021.0,EE13236_CALVNX_CALVNX_RIVTR24_1,CALVNX CALVNX_RIVTR24 1 (LN/EES/EES),CALVIN - RIVTRIN (LINE 1) 138,10:40,-1000.0,
07/09/2024,,331256.0,WEC13332_BLUFFCRK_WHIG53_2,BLUFFCRK WHIG53 2 (LN/WEC/WEC),UNIVERSITY - MUKWONAGO 138 (UNIG52,10:40,-49.18,
07/09/2024,,326678.0,EE23157_SHP_SHP____CLDS164_A,SHP SHP____CLDS164 A (LN/EES/EES),JACINTO-PEACH CREEK 230,10:45,-859.54,
07/09/2024,,331256.0,WEC13332_BLUFFCRK_WHIG53_2,BLUFFCRK WHIG53 2 (LN/WEC/WEC),UNIVERSITY - MUKWONAGO 138 (UNIG52,10:45,-6.33,
07/09/2024,,326678.0,EE23157_SHP_SHP____CLDS164_A,SHP SHP____CLDS164 A (LN/EES/EES),JACINTO-PEACH CREEK 230,10:50,-700.0,
07/09/2024,,331256.0,WEC13332_BLUFFCRK_WHIG53_2,BLUFFCRK WHIG53 2 (LN/WEC/WEC),UNIVERSITY - MUKWONAGO 138 (UNIG52,10:50,-22.84,
07/09/2024,,412120.0,BASE_7MILECRK_X-159_1,7MILECRK X-159 1 (LN/ALTE/ALTE),,10:55,-57.96,
07/09/2024,,326678.0,EE23157_SHP_SHP____CLDS164_A,SHP SHP____CLDS164 A (LN/EES/EES),JACINTO-PEACH CREEK 230,10:55,-881.37,
07/09/2024,,331256.0,WEC13332_BLUFFCRK_WHIG53_2,BLUFFCRK WHIG53 2 (LN/WEC/WEC),UNIVERSITY - MUKWONAGO 138 (UNIG52,10:55,-94.43,
07/09/2024,,412120.0,BASE_7MILECRK_X-159_1,7MILECRK X-159 1 (LN/ALTE/ALTE),,11:00,-184.04,
07/09/2024,,326678.0,EE23157_SHP_SHP____CLDS164_A,SHP SHP____CLDS164 A (LN/EES/EES),JACINTO-PEACH CREEK 230,11:00,-1000.0,
07/09/2024,,331082.0,EE23X156_LNG_LNG____LACON_4_A,LNG LNG____LACON_4 A (LN/EES/EES),LEWIS CREEK 230/138 AT1,11:00,-1000.0,
07/09/2024,,331256.0,WEC13332_BLUFFCRK_WHIG53_2,BLUFFCRK WHIG53 2 (LN/WEC/WEC),UNIVERSITY - MUKWONAGO 138 (UNIG52,11:00,-79.45,
07/09/2024,,412120.0,BASE_7MILECRK_X-159_1,7MILECRK X-159 1 (LN/ALTE/ALTE),,11:05,-48.38,
07/09/2024,,326678.0,EE23157_SHP_SHP____CLDS164_A,SHP SHP____CLDS164 A (LN/EES/EES),JACINTO-PEACH CREEK 230,11:05,-700.0,
07/09/2024,,331082.0,EE23X156_LNG_LNG____LACON_4_A,LNG LNG____LACON_4 A (LN/EES/EES),LEWIS CREEK 230/138 AT1,11:05,-1000.0,
07/09/2024,,331256.0,WEC13332_BLUFFCRK_WHIG53_2,BLUFFCRK WHIG53 2 (LN/WEC/WEC),UNIVERSITY - MUKWONAGO 138 (UNIG52,11:05,-28.05,
07/09/2024,,412120.0,BASE_7MILECRK_X-159_1,7MILECRK X-159 1 (LN/ALTE/ALTE),,11:10,-60.26,
07/09/2024,,326678.0,EE23157_SHP_SHP____CLDS164_A,SHP SHP____CLDS164 A (LN/EES/EES),JACINTO-PEACH CREEK 230,11:10,-700.0,
07/09/2024,,331082.0,EE23X156_LNG_LNG____LACON_4_A,LNG LNG____LACON_4 A (LN/EES/EES),LEWIS CREEK 230/138 AT1,11:10,-1000.0,
07/09/2024,,331256.0,WEC13332_BLUFFCRK_WHIG53_2,BLUFFCRK WHIG53 2 (LN/WEC/WEC),UNIVERSITY - MUKWONAGO 138 (UNIG52,11:10,-11.12,
07/09/2024,,412120.0,BASE_7MILECRK_X-159_1,7MILECRK X-159 1 (LN/ALTE/ALTE),,11:15,-49.13,
07/09/2024,,326678.0,EE23157_SHP_SHP____CLDS164_A,SHP SHP____CLDS164 A (LN/EES/EES),JACINTO-PEACH CREEK 230,11:15,-700.0,
07/09/2024,,331082.0,EE23X156_LNG_LNG____LACON_4_A,LNG LNG____LACON_4 A (LN/EES/EES),LEWIS CREEK 230/138 AT1,11:15,-1000.0,
07/09/2024,,331256.0,WEC13332_BLUFFCRK_WHIG53_2,BLUFFCRK WHIG53 2 (LN/WEC/WEC),UNIVERSITY - MUKWONAGO 138 (UNIG52,11:15,-4.23,
07/09/2024,,412120.0,BASE_7MILECRK_X-159_1,7MILECRK X-159 1 (LN/ALTE/ALTE),,11:20,-125.47,
07/09/2024,,326678.0,EE23157_SHP_SHP____CLDS164_A,SHP SHP____CLDS164 A (LN/EES/EES),JACINTO-PEACH CREEK 230,11:20,-700.0,
07/09/2024,,331082.0,EE23X156_LNG_LNG____LACON_4_A,LNG LNG____LACON_4 A (LN/EES/EES),LEWIS CREEK 230/138 AT1,11:20,-1000.0,
07/09/2024,,331256.0,WEC13332_BLUFFCRK_WHIG53_2,BLUFFCRK WHIG53 2 (LN/WEC/WEC),UNIVERSITY - MUKWONAGO 138 (UNIG52,11:20,-8.99,
07/09/2024,,412120.0,BASE_7MILECRK_X-159_1,7MILECRK X-159 1 (LN/ALTE/ALTE),,11:25,-50.39,
07/09/2024,,326678.0,EE23157_SHP_SHP____CLDS164_A,SHP SHP____CLDS164 A (LN/EES/EES),JACINTO-PEACH CREEK 230,11:25,-85.18,
07/09/2024,,331082.0,EE23X156_LNG_LNG____LACON_4_A,LNG LNG____LACON_4 A (LN/EES/EES),LEWIS CREEK 230/138 AT1,11:25,-1000.0,
07/09/2024,,331256.0,WEC13332_BLUFFCRK_WHIG53_2,BLUFFCRK WHIG53 2 (LN/WEC/WEC),UNIVERSITY - MUKWONAGO 138 (UNIG52,11:25,-4.14,
07/09/2024,,412120.0,BASE_7MILECRK_X-159_1,7MILECRK X-159 1 (LN/ALTE/ALTE),,11:30,-149.22,
07/09/2024,,331082.0,EE23X156_LNG_LNG____LACON_4_A,LNG LNG____LACON_4 A (LN/EES/EES),LEWIS CREEK 230/138 AT1,11:30,-3.79,
07/09/2024,,412120.0,BASE_7MILECRK_X-159_1,7MILECRK X-159 1 (LN/ALTE/ALTE),,11:35,-135.92000000000002,
07/09/2024,,331082.0,EE23X156_LNG_LNG____LACON_4_A,LNG LNG____LACON_4 A (LN/EES/EES),LEWIS CREEK 230/138 AT1,11:35,-3.07,
07/09/2024,,331256.0,WEC13332_BLUFFCRK_WHIG53_2,BLUFFCRK WHIG53 2 (LN/WEC/WEC),UNIVERSITY - MUKWONAGO 138 (UNIG52,11:35,-27.93,
07/09/2024,,331082.0,EE23X156_LNG_LNG____LACON_4_A,LNG LNG____LACON_4 A (LN/EES/EES),LEWIS CREEK 230/138 AT1,11:40,-1.19,
07/09/2024,,331256.0,WEC13332_BLUFFCRK_WHIG53_2,BLUFFCRK WHIG53 2 (LN/WEC/WEC),UNIVERSITY - MUKWONAGO 138 (UNIG52,11:40,-108.15,
07/09/2024,,331082.0,EE23X156_LNG_LNG____LACON_4_A,LNG LNG____LACON_4 A (LN/EES/EES),LEWIS CREEK 230/138 AT1,11:45,-1.66,
07/09/2024,,331256.0,WEC13332_BLUFFCRK_WHIG53_2,BLUFFCRK WHIG53 2 (LN/WEC/WEC),UNIVERSITY - MUKWONAGO 138 (UNIG52,11:45,-163.83,
07/09/2024,,331082.0,EE23X156_LNG_LNG____LACON_4_A,LNG LNG____LACON_4 A (LN/EES/EES),LEWIS CREEK 230/138 AT1,11:50,-2.58,
07/09/2024,,331256.0,WEC13332_BLUFFCRK_WHIG53_2,BLUFFCRK WHIG53 2 (LN/WEC/WEC),UNIVERSITY - MUKWONAGO 138 (UNIG52,11:50,-51.62,
07/09/2024,,331082.0,EE23X156_LNG_LNG____LACON_4_A,LNG LNG____LACON_4 A (LN/EES/EES),LEWIS CREEK 230/138 AT1,11:55,-2.08,
07/09/2024,,331256.0,WEC13332_BLUFFCRK_WHIG53_2,BLUFFCRK WHIG53 2 (LN/WEC/WEC),UNIVERSITY - MUKWONAGO 138 (UNIG52,11:55,-9.47,
07/09/2024,,326678.0,EE23157_SHP_SHP____CLDS164_A,SHP SHP____CLDS164 A (LN/EES/EES),JACINTO-PEACH CREEK 230,12:00,-700.0,
07/09/2024,,454638.0,EE23204_TAR_TAR_LUCEBAYOU4_A,TAR TAR_LUCEBAYOU4 A (LN/EES/EES),PORTER - LEWIS CREEK 230,12:00,-1000.0,
07/09/2024,,331082.0,EE23X156_LNG_LNG____LACON_4_A,LNG LNG____LACON_4 A (LN/EES/EES),LEWIS CREEK 230/138 AT1,12:00,-1000.0,
07/09/2024,,331256.0,WEC13332_BLUFFCRK_WHIG53_2,BLUFFCRK WHIG53 2 (LN/WEC/WEC),UNIVERSITY - MUKWONAGO 138 (UNIG52,12:00,-10.61,
07/09/2024,,454638.0,EE23204_TAR_TAR_LUCEBAYOU4_A,TAR TAR_LUCEBAYOU4 A (LN/EES/EES),PORTER - LEWIS CREEK 230,12:05,-1000.0,
07/09/2024,,331256.0,WEC13332_BLUFFCRK_WHIG53_2,BLUFFCRK WHIG53 2 (LN/WEC/WEC),UNIVERSITY - MUKWONAGO 138 (UNIG52,12:05,-7.14,
07/09/2024,,454638.0,EE23204_TAR_TAR_LUCEBAYOU4_A,TAR TAR_LUCEBAYOU4 A (LN/EES/EES),PORTER - LEWIS CREEK 230,12:10,-1000.0,
07/09/2024,,331256.0,WEC13332_BLUFFCRK_WHIG53_2,BLUFFCRK WHIG53 2 (LN/WEC/WEC),UNIVERSITY - MUKWONAGO 138 (UNIG52,12:10,-8.51,
07/09/2024,,454638.0,EE23204_TAR_TAR_LUCEBAYOU4_A,TAR TAR_LUCEBAYOU4 A (LN/EES/EES),PORTER - LEWIS CREEK 230,12:15,-93.5,
07/09/2024,,331256.0,WEC13332_BLUFFCRK_WHIG53_2,BLUFFCRK WHIG53 2 (LN/WEC/WEC),UNIVERSITY - MUKWONAGO 138 (UNIG52,12:15,-10.77,
07/09/2024,,331256.0,WEC13332_BLUFFCRK_WHIG53_2,BLUFFCRK WHIG53 2 (LN/WEC/WEC),UNIVERSITY - MUKWONAGO 138 (UNIG52,12:20,-12.54,
07/09/2024,,331256.0,WEC13332_BLUFFCRK_WHIG53_2,BLUFFCRK WHIG53 2 (LN/WEC/WEC),UNIVERSITY - MUKWONAGO 138 (UNIG52,12:25,-4.46,
07/09/2024,,331256.0,WEC13332_BLUFFCRK_WHIG53_2,BLUFFCRK WHIG53 2 (LN/WEC/WEC),UNIVERSITY - MUKWONAGO 138 (UNIG52,12:30,-38.01,
07/09/2024,,331256.0,WEC13332_BLUFFCRK_WHIG53_2,BLUFFCRK WHIG53 2 (LN/WEC/WEC),UNIVERSITY - MUKWONAGO 138 (UNIG52,12:35,-44.08,
07/09/2024,,331256.0,WEC13332_BLUFFCRK_WHIG53_2,BLUFFCRK WHIG53 2 (LN/WEC/WEC),UNIVERSITY - MUKWONAGO 138 (UNIG52,12:40,-23.9,
07/09/2024,,331256.0,WEC13332_BLUFFCRK_WHIG53_2,BLUFFCRK WHIG53 2 (LN/WEC/WEC),UNIVERSITY - MUKWONAGO 138 (UNIG52,12:45,-56.18,
07/09/2024,,331256.0,WEC13332_BLUFFCRK_WHIG53_2,BLUFFCRK WHIG53 2 (LN/WEC/WEC),UNIVERSITY - MUKWONAGO 138 (UNIG52,12:50,-115.8,
07/09/2024,,331256.0,WEC13332_BLUFFCRK_WHIG53_2,BLUFFCRK WHIG53 2 (LN/WEC/WEC),UNIVERSITY - MUKWONAGO 138 (UNIG52,12:55,-302.24,
07/09/2024,,331256.0,WEC13332_BLUFFCRK_WHIG53_2,BLUFFCRK WHIG53 2 (LN/WEC/WEC),UNIVERSITY - MUKWONAGO 138 (UNIG52,13:00,-44.55,
07/09/2024,,331256.0,WEC13332_BLUFFCRK_WHIG53_2,BLUFFCRK WHIG53 2 (LN/WEC/WEC),UNIVERSITY - MUKWONAGO 138 (UNIG52,13:05,-130.58,
07/09/2024,,331256.0,WEC13332_BLUFFCRK_WHIG53_2,BLUFFCRK WHIG53 2 (LN/WEC/WEC),UNIVERSITY - MUKWONAGO 138 (UNIG52,13:10,-37.61,
07/09/2024,,331256.0,WEC13332_BLUFFCRK_WHIG53_2,BLUFFCRK WHIG53 2 (LN/WEC/WEC),UNIVERSITY - MUKWONAGO 138 (UNIG52,13:15,-34.08,
07/09/2024,,331256.0,WEC13332_BLUFFCRK_WHIG53_2,BLUFFCRK WHIG53 2 (LN/WEC/WEC),UNIVERSITY - MUKWONAGO 138 (UNIG52,13:20,-48.38,
07/09/2024,,331256.0,WEC13332_BLUFFCRK_WHIG53_2,BLUFFCRK WHIG53 2 (LN/WEC/WEC),UNIVERSITY - MUKWONAGO 138 (UNIG52,13:25,-61.99,
07/09/2024,,340506.0,EE34011_LCR230_AT1_AT1,LCR230 AT1 AT1 (XF/EES/*),GRIMES - ROCKY CREEK 345,13:30,-7.96,
07/09/2024,,331256.0,WEC13332_BLUFFCRK_WHIG53_2,BLUFFCRK WHIG53 2 (LN/WEC/WEC),UNIVERSITY - MUKWONAGO 138 (UNIG52,13:30,-45.88,
07/09/2024,,340506.0,EE34011_LCR230_AT1_AT1,LCR230 AT1 AT1 (XF/EES/*),GRIMES - ROCKY CREEK 345,13:35,-3.25,
07/09/2024,,331256.0,WEC13332_BLUFFCRK_WHIG53_2,BLUFFCRK WHIG53 2 (LN/WEC/WEC),UNIVERSITY - MUKWONAGO 138 (UNIG52,13:35,-55.25,
07/09/2024,,331256.0,WEC13332_BLUFFCRK_WHIG53_2,BLUFFCRK WHIG53 2 (LN/WEC/WEC),UNIVERSITY - MUKWONAGO 138 (UNIG52,13:40,-110.06,
07/09/2024,,331256.0,WEC13332_BLUFFCRK_WHIG53_2,BLUFFCRK WHIG53 2 (LN/WEC/WEC),UNIVERSITY - MUKWONAGO 138 (UNIG52,13:45,-147.28,
07/09/2024,,331256.0,WEC13332_BLUFFCRK_WHIG53_2,BLUFFCRK WHIG53 2 (LN/WEC/WEC),UNIVERSITY - MUKWONAGO 138 (UNIG52,13:50,-183.53,
07/09/2024,,331256.0,WEC13332_BLUFFCRK_WHIG53_2,BLUFFCRK WHIG53 2 (LN/WEC/WEC),UNIVERSITY - MUKWONAGO 138 (UNIG52,13:55,-348.87,
07/09/2024,,331256.0,WEC13332_BLUFFCRK_WHIG53_2,BLUFFCRK WHIG53 2 (LN/WEC/WEC),UNIVERSITY - MUKWONAGO 138 (UNIG52,14:00,-318.91,
07/09/2024,,331256.0,WEC13332_BLUFFCRK_WHIG53_2,BLUFFCRK WHIG53 2 (LN/WEC/WEC),UNIVERSITY - MUKWONAGO 138 (UNIG52,14:05,-57.59,
07/09/2024,,331256.0,WEC13332_BLUFFCRK_WHIG53_2,BLUFFCRK WHIG53 2 (LN/WEC/WEC),UNIVERSITY - MUKWONAGO 138 (UNIG52,14:10,-148.41,
07/09/2024,,331256.0,WEC13332_BLUFFCRK_WHIG53_2,BLUFFCRK WHIG53 2 (LN/WEC/WEC),UNIVERSITY - MUKWONAGO 138 (UNIG52,14:15,-36.37,
07/09/2024,,331256.0,WEC13332_BLUFFCRK_WHIG53_2,BLUFFCRK WHIG53 2 (LN/WEC/WEC),UNIVERSITY - MUKWONAGO 138 (UNIG52,14:20,-65.71000000000001,
07/09/2024,,331256.0,WEC13332_BLUFFCRK_WHIG53_2,BLUFFCRK WHIG53 2 (LN/WEC/WEC),UNIVERSITY - MUKWONAGO 138 (UNIG52,14:25,-57.04,
07/09/2024,,331256.0,WEC13332_BLUFFCRK_WHIG53_2,BLUFFCRK WHIG53 2 (LN/WEC/WEC),UNIVERSITY - MUKWONAGO 138 (UNIG52,14:30,-39.7,
07/09/2024,,331256.0,WEC13332_BLUFFCRK_WHIG53_2,BLUFFCRK WHIG53 2 (LN/WEC/WEC),UNIVERSITY - MUKWONAGO 138 (UNIG52,14:35,-46.52,
07/09/2024,,331256.0,WEC13332_BLUFFCRK_WHIG53_2,BLUFFCRK WHIG53 2 (LN/WEC/WEC),UNIVERSITY - MUKWONAGO 138 (UNIG52,14:40,-37.53,
07/09/2024,,331256.0,WEC13332_BLUFFCRK_WHIG53_2,BLUFFCRK WHIG53 2 (LN/WEC/WEC),UNIVERSITY - MUKWONAGO 138 (UNIG52,14:45,-40.45,
07/09/2024,,331256.0,WEC13332_BLUFFCRK_WHIG53_2,BLUFFCRK WHIG53 2 (LN/WEC/WEC),UNIVERSITY - MUKWONAGO 138 (UNIG52,14:50,-38.32,
07/09/2024,,331256.0,WEC13332_BLUFFCRK_WHIG53_2,BLUFFCRK WHIG53 2 (LN/WEC/WEC),UNIVERSITY - MUKWONAGO 138 (UNIG52,14:55,-32.74,
07/09/2024,,331256.0,WEC13332_BLUFFCRK_WHIG53_2,BLUFFCRK WHIG53 2 (LN/WEC/WEC),UNIVERSITY - MUKWONAGO 138 (UNIG52,15:00,-23.3,
07/09/2024,,331256.0,WEC13332_BLUFFCRK_WHIG53_2,BLUFFCRK WHIG53 2 (LN/WEC/WEC),UNIVERSITY - MUKWONAGO 138 (UNIG52,15:05,-63.69000000000001,
07/09/2024,,331256.0,WEC13332_BLUFFCRK_WHIG53_2,BLUFFCRK WHIG53 2 (LN/WEC/WEC),UNIVERSITY - MUKWONAGO 138 (UNIG52,15:10,-232.52,
07/09/2024,,331256.0,WEC13332_BLUFFCRK_WHIG53_2,BLUFFCRK WHIG53 2 (LN/WEC/WEC),UNIVERSITY - MUKWONAGO 138 (UNIG52,15:15,-43.71,
07/09/2024,20708.0,242652.0,Batesvil_Tallahatchie_Ind_Pk_161kV_flo_Choctaw_C,5BATESVI 5BATES_TALLA 1 (LN/TVA/TVA),CHOCTAW-CLAY 500,15:20,-40.04,
07/09/2024,,331256.0,WEC13332_BLUFFCRK_WHIG53_2,BLUFFCRK WHIG53 2 (LN/WEC/WEC),UNIVERSITY - MUKWONAGO 138 (UNIG52,15:20,-42.34,
07/09/2024,20708.0,242652.0,Batesvil_Tallahatchie_Ind_Pk_161kV_flo_Choctaw_C,5BATESVI 5BATES_TALLA 1 (LN/TVA/TVA),CHOCTAW-CLAY 500,15:25,-38.39,
07/09/2024,,331256.0,WEC13332_BLUFFCRK_WHIG53_2,BLUFFCRK WHIG53 2 (LN/WEC/WEC),UNIVERSITY - MUKWONAGO 138 (UNIG52,15:25,-51.74,
07/09/2024,20708.0,242652.0,Batesvil_Tallahatchie_Ind_Pk_161kV_flo_Choctaw_C,5BATESVI 5BATES_TALLA 1 (LN/TVA/TVA),CHOCTAW-CLAY 500,15:30,-54.79,
07/09/2024,,272376.0,EE50136_DELHI_E_DELHI__TALULA3_A,DELHI_E DELHI__TALULA3 A (LN/EES/EES),BAXTER WILSON - PERRYVILLE 500,15:30,-91.19,
07/09/2024,,331256.0,WEC13332_BLUFFCRK_WHIG53_2,BLUFFCRK WHIG53 2 (LN/WEC/WEC),UNIVERSITY - MUKWONAGO 138 (UNIG52,15:30,-85.05,
07/09/2024,20708.0,242652.0,Batesvil_Tallahatchie_Ind_Pk_161kV_flo_Choctaw_C,5BATESVI 5BATES_TALLA 1 (LN/TVA/TVA),CHOCTAW-CLAY 500,15:35,-90.35,
07/09/2024,,272376.0,EE50136_DELHI_E_DELHI__TALULA3_A,DELHI_E DELHI__TALULA3 A (LN/EES/EES),BAXTER WILSON - PERRYVILLE 500,15:35,-3.66,
07/09/2024,,331256.0,WEC13332_BLUFFCRK_WHIG53_2,BLUFFCRK WHIG53 2 (LN/WEC/WEC),UNIVERSITY - MUKWONAGO 138 (UNIG52,15:35,-168.8,
07/09/2024,20708.0,242652.0,Batesvil_Tallahatchie_Ind_Pk_161kV_flo_Choctaw_C,5BATESVI 5BATES_TALLA 1 (LN/TVA/TVA),CHOCTAW-CLAY 500,15:40,-59.1,
07/09/2024,,272376.0,EE50136_DELHI_E_DELHI__TALULA3_A,DELHI_E DELHI__TALULA3 A (LN/EES/EES),BAXTER WILSON - PERRYVILLE 500,15:40,-238.05,
07/09/2024,,331256.0,WEC13332_BLUFFCRK_WHIG53_2,BLUFFCRK WHIG53 2 (LN/WEC/WEC),UNIVERSITY - MUKWONAGO 138 (UNIG52,15:40,-84.74,
07/09/2024,20708.0,242652.0,Batesvil_Tallahatchie_Ind_Pk_161kV_flo_Choctaw_C,5BATESVI 5BATES_TALLA 1 (LN/TVA/TVA),CHOCTAW-CLAY 500,15:45,-93.82,
07/09/2024,,272376.0,EE50136_DELHI_E_DELHI__TALULA3_A,DELHI_E DELHI__TALULA3 A (LN/EES/EES),BAXTER WILSON - PERRYVILLE 500,15:45,-35.35,
07/09/2024,,331256.0,WEC13332_BLUFFCRK_WHIG53_2,BLUFFCRK WHIG53 2 (LN/WEC/WEC),UNIVERSITY - MUKWONAGO 138 (UNIG52,15:45,-167.48,
07/09/2024,20708.0,242652.0,Batesvil_Tallahatchie_Ind_Pk_161kV_flo_Choctaw_C,5BATESVI 5BATES_TALLA 1 (LN/TVA/TVA),CHOCTAW-CLAY 500,15:50,-73.81,
07/09/2024,,331256.0,WEC13332_BLUFFCRK_WHIG53_2,BLUFFCRK WHIG53 2 (LN/WEC/WEC),UNIVERSITY - MUKWONAGO 138 (UNIG52,15:50,-127.3,
07/09/2024,20708.0,242652.0,Batesvil_Tallahatchie_Ind_Pk_161kV_flo_Choctaw_C,5BATESVI 5BATES_TALLA 1 (LN/TVA/TVA),CHOCTAW-CLAY 500,15:55,-89.18,
07/09/2024,,272376.0,EE50136_DELHI_E_DELHI__TALULA3_A,DELHI_E DELHI__TALULA3 A (LN/EES/EES),BAXTER WILSON - PERRYVILLE 500,15:55,-198.21,
07/09/2024,,331256.0,WEC13332_BLUFFCRK_WHIG53_2,BLUFFCRK WHIG53 2 (LN/WEC/WEC),UNIVERSITY - MUKWONAGO 138 (UNIG52,15:55,-75.8,
07/09/2024,20708.0,242652.0,Batesvil_Tallahatchie_Ind_Pk_161kV_flo_Choctaw_C,5BATESVI 5BATES_TALLA 1 (LN/TVA/TVA),CHOCTAW-CLAY 500,16:00,-109.75,
07/09/2024,27841.0,310654.0,Keo_WestMemphis_500_flo_SansSouci_Driver_500,WMPEHV KEO____WMPEHV8 A (LN/EAI/EAI),SANSSU - DRIVER 500,16:00,-64.28,
07/09/2024,,331256.0,WEC13332_BLUFFCRK_WHIG53_2,BLUFFCRK WHIG53 2 (LN/WEC/WEC),UNIVERSITY - MUKWONAGO 138 (UNIG52,16:00,-66.25,
07/09/2024,20708.0,242652.0,Batesvil_Tallahatchie_Ind_Pk_161kV_flo_Choctaw_C,5BATESVI 5BATES_TALLA 1 (LN/TVA/TVA),CHOCTAW-CLAY 500,16:05,-123.79,
07/09/2024,,331256.0,WEC13332_BLUFFCRK_WHIG53_2,BLUFFCRK WHIG53 2 (LN/WEC/WEC),UNIVERSITY - MUKWONAGO 138 (UNIG52,16:05,-50.55,
07/09/2024,20708.0,242652.0,Batesvil_Tallahatchie_Ind_Pk_161kV_flo_Choctaw_C,5BATESVI 5BATES_TALLA 1 (LN/TVA/TVA),CHOCTAW-CLAY 500,16:10,-57.29,
07/09/2024,,331256.0,WEC13332_BLUFFCRK_WHIG53_2,BLUFFCRK WHIG53 2 (LN/WEC/WEC),UNIVERSITY - MUKWONAGO 138 (UNIG52,16:10,-47.31,
07/09/2024,20708.0,242652.0,Batesvil_Tallahatchie_Ind_Pk_161kV_flo_Choctaw_C,5BATESVI 5BATES_TALLA 1 (LN/TVA/TVA),CHOCTAW-CLAY 500,16:15,-55.04,
07/09/2024,,331256.0,WEC13332_BLUFFCRK_WHIG53_2,BLUFFCRK WHIG53 2 (LN/WEC/WEC),UNIVERSITY - MUKWONAGO 138 (UNIG52,16:15,-41.99,
07/09/2024,20708.0,242652.0,Batesvil_Tallahatchie_Ind_Pk_161kV_flo_Choctaw_C,5BATESVI 5BATES_TALLA 1 (LN/TVA/TVA),CHOCTAW-CLAY 500,16:20,-56.79,
07/09/2024,,331256.0,WEC13332_BLUFFCRK_WHIG53_2,BLUFFCRK WHIG53 2 (LN/WEC/WEC),UNIVERSITY - MUKWONAGO 138 (UNIG52,16:20,-38.86,
07/09/2024,20708.0,242652.0,Batesvil_Tallahatchie_Ind_Pk_161kV_flo_Choctaw_C,5BATESVI 5BATES_TALLA 1 (LN/TVA/TVA),CHOCTAW-CLAY 500,16:25,-83.29,
07/09/2024,27841.0,310654.0,Keo_WestMemphis_500_flo_SansSouci_Driver_500,WMPEHV KEO____WMPEHV8 A (LN/EAI/EAI),SANSSU - DRIVER 500,16:25,-28.12,
07/09/2024,,331256.0,WEC13332_BLUFFCRK_WHIG53_2,BLUFFCRK WHIG53 2 (LN/WEC/WEC),UNIVERSITY - MUKWONAGO 138 (UNIG52,16:25,-46.22,
07/09/2024,20708.0,242652.0,Batesvil_Tallahatchie_Ind_Pk_161kV_flo_Choctaw_C,5BATESVI 5BATES_TALLA 1 (LN/TVA/TVA),CHOCTAW-CLAY 500,16:30,-54.79,
07/09/2024,27841.0,310654.0,Keo_WestMemphis_500_flo_SansSouci_Driver_500,WMPEHV KEO____WMPEHV8 A (LN/EAI/EAI),SANSSU - DRIVER 500,16:30,-0.28,
07/09/2024,,331256.0,WEC13332_BLUFFCRK_WHIG53_2,BLUFFCRK WHIG53 2 (LN/WEC/WEC),UNIVERSITY - MUKWONAGO 138 (UNIG52,16:30,-43.21,
07/09/2024,,454664.0,BASE_CROCKETT_CROC10_RCKYCR7_A,CROCKETT CROC10_RCKYCR7 A (LN/CSWS/EES),,16:35,-5.38,
07/09/2024,20708.0,242652.0,Batesvil_Tallahatchie_Ind_Pk_161kV_flo_Choctaw_C,5BATESVI 5BATES_TALLA 1 (LN/TVA/TVA),CHOCTAW-CLAY 500,16:35,-59.81,
07/09/2024,,331256.0,WEC13332_BLUFFCRK_WHIG53_2,BLUFFCRK WHIG53 2 (LN/WEC/WEC),UNIVERSITY - MUKWONAGO 138 (UNIG52,16:35,-40.230000000000004,
07/09/2024,,454664.0,BASE_CROCKETT_CROC10_RCKYCR7_A,CROCKETT CROC10_RCKYCR7 A (LN/CSWS/EES),,16:40,-2000.0,
07/09/2024,20708.0,242652.0,Batesvil_Tallahatchie_Ind_Pk_161kV_flo_Choctaw_C,5BATESVI 5BATES_TALLA 1 (LN/TVA/TVA),CHOCTAW-CLAY 500,16:40,-54.75,
07/09/2024,,331256.0,WEC13332_BLUFFCRK_WHIG53_2,BLUFFCRK WHIG53 2 (LN/WEC/WEC),UNIVERSITY - MUKWONAGO 138 (UNIG52,16:40,-64.98,
07/09/2024,20708.0,242652.0,Batesvil_Tallahatchie_Ind_Pk_161kV_flo_Choctaw_C,5BATESVI 5BATES_TALLA 1 (LN/TVA/TVA),CHOCTAW-CLAY 500,16:45,-40.69,
07/09/2024,,331256.0,WEC13332_BLUFFCRK_WHIG53_2,BLUFFCRK WHIG53 2 (LN/WEC/WEC),UNIVERSITY - MUKWONAGO 138 (UNIG52,16:45,-158.4,
07/09/2024,20708.0,242652.0,Batesvil_Tallahatchie_Ind_Pk_161kV_flo_Choctaw_C,5BATESVI 5BATES_TALLA 1 (LN/TVA/TVA),CHOCTAW-CLAY 500,16:50,-54.98,
07/09/2024,,331256.0,WEC13332_BLUFFCRK_WHIG53_2,BLUFFCRK WHIG53 2 (LN/WEC/WEC),UNIVERSITY - MUKWONAGO 138 (UNIG52,16:50,-185.93,
07/09/2024,,454664.0,BASE_CROCKETT_CROC10_RCKYCR7_A,CROCKETT CROC10_RCKYCR7 A (LN/CSWS/EES),,16:55,-2000.0,
07/09/2024,20708.0,242652.0,Batesvil_Tallahatchie_Ind_Pk_161kV_flo_Choctaw_C,5BATESVI 5BATES_TALLA 1 (LN/TVA/TVA),CHOCTAW-CLAY 500,16:55,-30.3,
07/09/2024,,331256.0,WEC13332_BLUFFCRK_WHIG53_2,BLUFFCRK WHIG53 2 (LN/WEC/WEC),UNIVERSITY - MUKWONAGO 138 (UNIG52,16:55,-34.69,
07/09/2024,,454664.0,BASE_CROCKETT_CROC10_RCKYCR7_A,CROCKETT CROC10_RCKYCR7 A (LN/CSWS/EES),,17:00,-2000.0,
07/09/2024,20708.0,242652.0,Batesvil_Tallahatchie_Ind_Pk_161kV_flo_Choctaw_C,5BATESVI 5BATES_TALLA 1 (LN/TVA/TVA),CHOCTAW-CLAY 500,17:00,-66.03,
07/09/2024,,331256.0,WEC13332_BLUFFCRK_WHIG53_2,BLUFFCRK WHIG53 2 (LN/WEC/WEC),UNIVERSITY - MUKWONAGO 138 (UNIG52,17:00,-47.27,
07/09/2024,,454664.0,BASE_CROCKETT_CROC10_RCKYCR7_A,CROCKETT CROC10_RCKYCR7 A (LN/CSWS/EES),,17:05,-2000.0,
07/09/2024,20708.0,242652.0,Batesvil_Tallahatchie_Ind_Pk_161kV_flo_Choctaw_C,5BATESVI 5BATES_TALLA 1 (LN/TVA/TVA),CHOCTAW-CLAY 500,17:05,-2000.0,
07/09/2024,,331256.0,WEC13332_BLUFFCRK_WHIG53_2,BLUFFCRK WHIG53 2 (LN/WEC/WEC),UNIVERSITY - MUKWONAGO 138 (UNIG52,17:05,-92.06,
07/09/2024,,454664.0,BASE_CROCKETT_CROC10_RCKYCR7_A,CROCKETT CROC10_RCKYCR7 A (LN/CSWS/EES),,17:10,-14.26,
07/09/2024,20708.0,242652.0,Batesvil_Tallahatchie_Ind_Pk_161kV_flo_Choctaw_C,5BATESVI 5BATES_TALLA 1 (LN/TVA/TVA),CHOCTAW-CLAY 500,17:10,-1632.67,
07/09/2024,,331256.0,WEC13332_BLUFFCRK_WHIG53_2,BLUFFCRK WHIG53 2 (LN/WEC/WEC),UNIVERSITY - MUKWONAGO 138 (UNIG52,17:10,-89.15,
07/09/2024,,454664.0,BASE_CROCKETT_CROC10_RCKYCR7_A,CROCKETT CROC10_RCKYCR7 A (LN/CSWS/EES),,17:15,-22.13,
07/09/2024,20708.0,242652.0,Batesvil_Tallahatchie_Ind_Pk_161kV_flo_Choctaw_C,5BATESVI 5BATES_TALLA 1 (LN/TVA/TVA),CHOCTAW-CLAY 500,17:15,-2000.0,
07/09/2024,,331256.0,WEC13332_BLUFFCRK_WHIG53_2,BLUFFCRK WHIG53 2 (LN/WEC/WEC),UNIVERSITY - MUKWONAGO 138 (UNIG52,17:15,-103.89,
07/09/2024,,454664.0,BASE_CROCKETT_CROC10_RCKYCR7_A,CROCKETT CROC10_RCKYCR7 A (LN/CSWS/EES),,17:20,-16.78,
07/09/2024,20708.0,242652.0,Batesvil_Tallahatchie_Ind_Pk_161kV_flo_Choctaw_C,5BATESVI 5BATES_TALLA 1 (LN/TVA/TVA),CHOCTAW-CLAY 500,17:20,-2000.0,
07/09/2024,,331256.0,WEC13332_BLUFFCRK_WHIG53_2,BLUFFCRK WHIG53 2 (LN/WEC/WEC),UNIVERSITY - MUKWONAGO 138 (UNIG52,17:20,-123.59,
07/09/2024,,454664.0,BASE_CROCKETT_CROC10_RCKYCR7_A,CROCKETT CROC10_RCKYCR7 A (LN/CSWS/EES),,17:25,-14.54,
07/09/2024,20708.0,242652.0,Batesvil_Tallahatchie_Ind_Pk_161kV_flo_Choctaw_C,5BATESVI 5BATES_TALLA 1 (LN/TVA/TVA),CHOCTAW-CLAY 500,17:25,-1205.51,
07/09/2024,27841.0,310654.0,Keo_WestMemphis_500_flo_SansSouci_Driver_500,WMPEHV KEO____WMPEHV8 A (LN/EAI/EAI),SANSSU - DRIVER 500,17:25,-28.09,
07/09/2024,,331256.0,WEC13332_BLUFFCRK_WHIG53_2,BLUFFCRK WHIG53 2 (LN/WEC/WEC),UNIVERSITY - MUKWONAGO 138 (UNIG52,17:25,-82.67,
07/09/2024,,454664.0,BASE_CROCKETT_CROC10_RCKYCR7_A,CROCKETT CROC10_RCKYCR7 A (LN/CSWS/EES),,17:30,-9.78,
07/09/2024,20708.0,242652.0,Batesvil_Tallahatchie_Ind_Pk_161kV_flo_Choctaw_C,5BATESVI 5BATES_TALLA 1 (LN/TVA/TVA),CHOCTAW-CLAY 500,17:30,-946.56,
07/09/2024,27841.0,310654.0,Keo_WestMemphis_500_flo_SansSouci_Driver_500,WMPEHV KEO____WMPEHV8 A (LN/EAI/EAI),SANSSU - DRIVER 500,17:30,-135.77,
07/09/2024,,331256.0,WEC13332_BLUFFCRK_WHIG53_2,BLUFFCRK WHIG53 2 (LN/WEC/WEC),UNIVERSITY - MUKWONAGO 138 (UNIG52,17:30,-93.89,
07/09/2024,,454664.0,BASE_CROCKETT_CROC10_RCKYCR7_A,CROCKETT CROC10_RCKYCR7 A (LN/CSWS/EES),,17:35,-6.03,
07/09/2024,20708.0,242652.0,Batesvil_Tallahatchie_Ind_Pk_161kV_flo_Choctaw_C,5BATESVI 5BATES_TALLA 1 (LN/TVA/TVA),CHOCTAW-CLAY 500,17:35,-656.55,
07/09/2024,27841.0,310654.0,Keo_WestMemphis_500_flo_SansSouci_Driver_500,WMPEHV KEO____WMPEHV8 A (LN/EAI/EAI),SANSSU - DRIVER 500,17:35,-312.46,
07/09/2024,,331256.0,WEC13332_BLUFFCRK_WHIG53_2,BLUFFCRK WHIG53 2 (LN/WEC/WEC),UNIVERSITY - MUKWONAGO 138 (UNIG52,17:35,-118.08,
07/09/2024,,454664.0,BASE_CROCKETT_CROC10_RCKYCR7_A,CROCKETT CROC10_RCKYCR7 A (LN/CSWS/EES),,17:40,-15.05,
07/09/2024,20708.0,242652.0,Batesvil_Tallahatchie_Ind_Pk_161kV_flo_Choctaw_C,5BATESVI 5BATES_TALLA 1 (LN/TVA/TVA),CHOCTAW-CLAY 500,17:40,-1159.94,
07/09/2024,27841.0,310654.0,Keo_WestMemphis_500_flo_SansSouci_Driver_500,WMPEHV KEO____WMPEHV8 A (LN/EAI/EAI),SANSSU - DRIVER 500,17:40,-90.08,
07/09/2024,,331256.0,WEC13332_BLUFFCRK_WHIG53_2,BLUFFCRK WHIG53 2 (LN/WEC/WEC),UNIVERSITY - MUKWONAGO 138 (UNIG52,17:40,-107.42,
07/09/2024,,454664.0,BASE_CROCKETT_CROC10_RCKYCR7_A,CROCKETT CROC10_RCKYCR7 A (LN/CSWS/EES),,17:45,-14.72,
07/09/2024,20708.0,242652.0,Batesvil_Tallahatchie_Ind_Pk_161kV_flo_Choctaw_C,5BATESVI 5BATES_TALLA 1 (LN/TVA/TVA),CHOCTAW-CLAY 500,17:45,-1066.65,
07/09/2024,27841.0,310654.0,Keo_WestMemphis_500_flo_SansSouci_Driver_500,WMPEHV KEO____WMPEHV8 A (LN/EAI/EAI),SANSSU - DRIVER 500,17:45,-93.77,
07/09/2024,5717.0,296436.0,TMP269_CHARLIE_CREEK_WATFORD_FTLO_CHARLIE_CREEK_,CHAR_CK CHAR_WATFO23_1 1 (LN/WAUE/WAUE),CHARLIE CREEK - PATENT GATE 345,17:45,-708.02,
07/09/2024,,331256.0,WEC13332_BLUFFCRK_WHIG53_2,BLUFFCRK WHIG53 2 (LN/WEC/WEC),UNIVERSITY - MUKWONAGO 138 (UNIG52,17:45,-101.79,
07/09/2024,,454664.0,BASE_CROCKETT_CROC10_RCKYCR7_A,CROCKETT CROC10_RCKYCR7 A (LN/CSWS/EES),,17:50,-10.77,
07/09/2024,20708.0,242652.0,Batesvil_Tallahatchie_Ind_Pk_161kV_flo_Choctaw_C,5BATESVI 5BATES_TALLA 1 (LN/TVA/TVA),CHOCTAW-CLAY 500,17:50,-1309.68,
07/09/2024,27841.0,310654.0,Keo_WestMemphis_500_flo_SansSouci_Driver_500,WMPEHV KEO____WMPEHV8 A (LN/EAI/EAI),SANSSU - DRIVER 500,17:50,-122.24,
07/09/2024,,331256.0,WEC13332_BLUFFCRK_WHIG53_2,BLUFFCRK WHIG53 2 (LN/WEC/WEC),UNIVERSITY - MUKWONAGO 138 (UNIG52,17:50,-103.87,
07/09/2024,,454664.0,BASE_CROCKETT_CROC10_RCKYCR7_A,CROCKETT CROC10_RCKYCR7 A (LN/CSWS/EES),,17:55,-1.18,
07/09/2024,20708.0,242652.0,Batesvil_Tallahatchie_Ind_Pk_161kV_flo_Choctaw_C,5BATESVI 5BATES_TALLA 1 (LN/TVA/TVA),CHOCTAW-CLAY 500,17:55,-666.42,
07/09/2024,27841.0,310654.0,Keo_WestMemphis_500_flo_SansSouci_Driver_500,WMPEHV KEO____WMPEHV8 A (LN/EAI/EAI),SANSSU - DRIVER 500,17:55,-313.64,
07/09/2024,5717.0,296436.0,TMP269_CHARLIE_CREEK_WATFORD_FTLO_CHARLIE_CREEK_,CHAR_CK CHAR_WATFO23_1 1 (LN/WAUE/WAUE),CHARLIE CREEK - PATENT GATE 345,17:55,-708.02,
07/09/2024,,331256.0,WEC13332_BLUFFCRK_WHIG53_2,BLUFFCRK WHIG53 2 (LN/WEC/WEC),UNIVERSITY - MUKWONAGO 138 (UNIG52,17:55,-108.84,
07/09/2024,,454664.0,BASE_CROCKETT_CROC10_RCKYCR7_A,CROCKETT CROC10_RCKYCR7 A (LN/CSWS/EES),,18:00,-14.53,
07/09/2024,20708.0,242652.0,Batesvil_Tallahatchie_Ind_Pk_161kV_flo_Choctaw_C,5BATESVI 5BATES_TALLA 1 (LN/TVA/TVA),CHOCTAW-CLAY 500,18:00,-1385.14,
07/09/2024,,331256.0,WEC13332_BLUFFCRK_WHIG53_2,BLUFFCRK WHIG53 2 (LN/WEC/WEC),UNIVERSITY - MUKWONAGO 138 (UNIG52,18:00,-84.06,
07/09/2024,,454664.0,BASE_CROCKETT_CROC10_RCKYCR7_A,CROCKETT CROC10_RCKYCR7 A (LN/CSWS/EES),,18:05,-12.25,
07/09/2024,20708.0,242652.0,Batesvil_Tallahatchie_Ind_Pk_161kV_flo_Choctaw_C,5BATESVI 5BATES_TALLA 1 (LN/TVA/TVA),CHOCTAW-CLAY 500,18:05,-2000.0,
07/09/2024,5717.0,296436.0,TMP269_CHARLIE_CREEK_WATFORD_FTLO_CHARLIE_CREEK_,CHAR_CK CHAR_WATFO23_1 1 (LN/WAUE/WAUE),CHARLIE CREEK - PATENT GATE 345,18:05,-708.02,
07/09/2024,29549.0,449229.0,Tiptonvil_Polk_161_flo_Driver_San_Souci_500,5TIPTNVL 5TIPTN_POLK 1 (LN/TVA/TVA),SANSSU - DRIVER 500,18:05,-2000.0,
07/09/2024,,331256.0,WEC13332_BLUFFCRK_WHIG53_2,BLUFFCRK WHIG53 2 (LN/WEC/WEC),UNIVERSITY - MUKWONAGO 138 (UNIG52,18:05,-98.09,
07/09/2024,,454664.0,BASE_CROCKETT_CROC10_RCKYCR7_A,CROCKETT CROC10_RCKYCR7 A (LN/CSWS/EES),,18:10,-21.47,
07/09/2024,20708.0,242652.0,Batesvil_Tallahatchie_Ind_Pk_161kV_flo_Choctaw_C,5BATESVI 5BATES_TALLA 1 (LN/TVA/TVA),CHOCTAW-CLAY 500,18:10,-2000.0,
07/09/2024,29549.0,449229.0,Tiptonvil_Polk_161_flo_Driver_San_Souci_500,5TIPTNVL 5TIPTN_POLK 1 (LN/TVA/TVA),SANSSU - DRIVER 500,18:10,-2000.0,
07/09/2024,,331256.0,WEC13332_BLUFFCRK_WHIG53_2,BLUFFCRK WHIG53 2 (LN/WEC/WEC),UNIVERSITY - MUKWONAGO 138 (UNIG52,18:10,-111.71,
07/09/2024,,454664.0,BASE_CROCKETT_CROC10_RCKYCR7_A,CROCKETT CROC10_RCKYCR7 A (LN/CSWS/EES),,18:15,-17.2,
07/09/2024,20708.0,242652.0,Batesvil_Tallahatchie_Ind_Pk_161kV_flo_Choctaw_C,5BATESVI 5BATES_TALLA 1 (LN/TVA/TVA),CHOCTAW-CLAY 500,18:15,-2000.0,
07/09/2024,5717.0,296436.0,TMP269_CHARLIE_CREEK_WATFORD_FTLO_CHARLIE_CREEK_,CHAR_CK CHAR_WATFO23_1 1 (LN/WAUE/WAUE),CHARLIE CREEK - PATENT GATE 345,18:15,-708.02,
07/09/2024,29549.0,449229.0,Tiptonvil_Polk_161_flo_Driver_San_Souci_500,5TIPTNVL 5TIPTN_POLK 1 (LN/TVA/TVA),SANSSU - DRIVER 500,18:15,-2000.0,
07/09/2024,,331256.0,WEC13332_BLUFFCRK_WHIG53_2,BLUFFCRK WHIG53 2 (LN/WEC/WEC),UNIVERSITY - MUKWONAGO 138 (UNIG52,18:15,-112.31,
07/09/2024,,454664.0,BASE_CROCKETT_CROC10_RCKYCR7_A,CROCKETT CROC10_RCKYCR7 A (LN/CSWS/EES),,18:20,-16.66,
07/09/2024,20708.0,242652.0,Batesvil_Tallahatchie_Ind_Pk_161kV_flo_Choctaw_C,5BATESVI 5BATES_TALLA 1 (LN/TVA/TVA),CHOCTAW-CLAY 500,18:20,-2000.0,
07/09/2024,27841.0,310654.0,Keo_WestMemphis_500_flo_SansSouci_Driver_500,WMPEHV KEO____WMPEHV8 A (LN/EAI/EAI),SANSSU - DRIVER 500,18:20,-13.06,
07/09/2024,29549.0,449229.0,Tiptonvil_Polk_161_flo_Driver_San_Souci_500,5TIPTNVL 5TIPTN_POLK 1 (LN/TVA/TVA),SANSSU - DRIVER 500,18:20,-2000.0,
07/09/2024,,454664.0,BASE_CROCKETT_CROC10_RCKYCR7_A,CROCKETT CROC10_RCKYCR7 A (LN/CSWS/EES),,18:25,-17.73,
07/09/2024,20708.0,242652.0,Batesvil_Tallahatchie_Ind_Pk_161kV_flo_Choctaw_C,5BATESVI 5BATES_TALLA 1 (LN/TVA/TVA),CHOCTAW-CLAY 500,18:25,-2000.0,
07/09/2024,5717.0,296436.0,TMP269_CHARLIE_CREEK_WATFORD_FTLO_CHARLIE_CREEK_,CHAR_CK CHAR_WATFO23_1 1 (LN/WAUE/WAUE),CHARLIE CREEK - PATENT GATE 345,18:25,-708.02,
07/09/2024,29549.0,449229.0,Tiptonvil_Polk_161_flo_Driver_San_Souci_500,5TIPTNVL 5TIPTN_POLK 1 (LN/TVA/TVA),SANSSU - DRIVER 500,18:25,-2000.0,
07/09/2024,,331256.0,WEC13332_BLUFFCRK_WHIG53_2,BLUFFCRK WHIG53 2 (LN/WEC/WEC),UNIVERSITY - MUKWONAGO 138 (UNIG52,18:25,-112.61,
07/09/2024,,454664.0,BASE_CROCKETT_CROC10_RCKYCR7_A,CROCKETT CROC10_RCKYCR7 A (LN/CSWS/EES),,18:30,-17.69,
07/09/2024,20708.0,242652.0,Batesvil_Tallahatchie_Ind_Pk_161kV_flo_Choctaw_C,5BATESVI 5BATES_TALLA 1 (LN/TVA/TVA),CHOCTAW-CLAY 500,18:30,-2000.0,
07/09/2024,29549.0,449229.0,Tiptonvil_Polk_161_flo_Driver_San_Souci_500,5TIPTNVL 5TIPTN_POLK 1 (LN/TVA/TVA),SANSSU - DRIVER 500,18:30,-2000.0,
07/09/2024,,331256.0,WEC13332_BLUFFCRK_WHIG53_2,BLUFFCRK WHIG53 2 (LN/WEC/WEC),UNIVERSITY - MUKWONAGO 138 (UNIG52,18:30,-112.43,
07/09/2024,,454664.0,BASE_CROCKETT_CROC10_RCKYCR7_A,CROCKETT CROC10_RCKYCR7 A (LN/CSWS/EES),,18:35,-17.26,
07/09/2024,20708.0,242652.0,Batesvil_Tallahatchie_Ind_Pk_161kV_flo_Choctaw_C,5BATESVI 5BATES_TALLA 1 (LN/TVA/TVA),CHOCTAW-CLAY 500,18:35,-2000.0,
07/09/2024,5717.0,296436.0,TMP269_CHARLIE_CREEK_WATFORD_FTLO_CHARLIE_CREEK_,CHAR_CK CHAR_WATFO23_1 1 (LN/WAUE/WAUE),CHARLIE CREEK - PATENT GATE 345,18:35,-708.02,
07/09/2024,29549.0,449229.0,Tiptonvil_Polk_161_flo_Driver_San_Souci_500,5TIPTNVL 5TIPTN_POLK 1 (LN/TVA/TVA),SANSSU - DRIVER 500,18:35,-2000.0,
07/09/2024,,331256.0,WEC13332_BLUFFCRK_WHIG53_2,BLUFFCRK WHIG53 2 (LN/WEC/WEC),UNIVERSITY - MUKWONAGO 138 (UNIG52,18:35,-100.67,
07/09/2024,,454664.0,BASE_CROCKETT_CROC10_RCKYCR7_A,CROCKETT CROC10_RCKYCR7 A (LN/CSWS/EES),,18:40,-17.22,
07/09/2024,20708.0,242652.0,Batesvil_Tallahatchie_Ind_Pk_161kV_flo_Choctaw_C,5BATESVI 5BATES_TALLA 1 (LN/TVA/TVA),CHOCTAW-CLAY 500,18:40,-2000.0,
07/09/2024,29549.0,449229.0,Tiptonvil_Polk_161_flo_Driver_San_Souci_500,5TIPTNVL 5TIPTN_POLK 1 (LN/TVA/TVA),SANSSU - DRIVER 500,18:40,-1492.97,
07/09/2024,,331256.0,WEC13332_BLUFFCRK_WHIG53_2,BLUFFCRK WHIG53 2 (LN/WEC/WEC),UNIVERSITY - MUKWONAGO 138 (UNIG52,18:40,-100.53,
07/09/2024,,454664.0,BASE_CROCKETT_CROC10_RCKYCR7_A,CROCKETT CROC10_RCKYCR7 A (LN/CSWS/EES),,18:45,-15.45,
07/09/2024,20708.0,242652.0,Batesvil_Tallahatchie_Ind_Pk_161kV_flo_Choctaw_C,5BATESVI 5BATES_TALLA 1 (LN/TVA/TVA),CHOCTAW-CLAY 500,18:45,-2000.0,
07/09/2024,29549.0,449229.0,Tiptonvil_Polk_161_flo_Driver_San_Souci_500,5TIPTNVL 5TIPTN_POLK 1 (LN/TVA/TVA),SANSSU - DRIVER 500,18:45,-1433.1,
07/09/2024,,331256.0,WEC13332_BLUFFCRK_WHIG53_2,BLUFFCRK WHIG53 2 (LN/WEC/WEC),UNIVERSITY - MUKWONAGO 138 (UNIG52,18:45,-96.2,
07/09/2024,,454664.0,BASE_CROCKETT_CROC10_RCKYCR7_A,CROCKETT CROC10_RCKYCR7 A (LN/CSWS/EES),,18:50,-16.15,
07/09/2024,20708.0,242652.0,Batesvil_Tallahatchie_Ind_Pk_161kV_flo_Choctaw_C,5BATESVI 5BATES_TALLA 1 (LN/TVA/TVA),CHOCTAW-CLAY 500,18:50,-2000.0,
07/09/2024,27841.0,310654.0,Keo_WestMemphis_500_flo_SansSouci_Driver_500,WMPEHV KEO____WMPEHV8 A (LN/EAI/EAI),SANSSU - DRIVER 500,18:50,-7.7,
07/09/2024,29549.0,449229.0,Tiptonvil_Polk_161_flo_Driver_San_Souci_500,5TIPTNVL 5TIPTN_POLK 1 (LN/TVA/TVA),SANSSU - DRIVER 500,18:50,-1114.72,
07/09/2024,,454664.0,BASE_CROCKETT_CROC10_RCKYCR7_A,CROCKETT CROC10_RCKYCR7 A (LN/CSWS/EES),,18:55,-5.56,
07/09/2024,20708.0,242652.0,Batesvil_Tallahatchie_Ind_Pk_161kV_flo_Choctaw_C,5BATESVI 5BATES_TALLA 1 (LN/TVA/TVA),CHOCTAW-CLAY 500,18:55,-2000.0,
07/09/2024,27841.0,310654.0,Keo_WestMemphis_500_flo_SansSouci_Driver_500,WMPEHV KEO____WMPEHV8 A (LN/EAI/EAI),SANSSU - DRIVER 500,18:55,-218.64,
07/09/2024,29549.0,449229.0,Tiptonvil_Polk_161_flo_Driver_San_Souci_500,5TIPTNVL 5TIPTN_POLK 1 (LN/TVA/TVA),SANSSU - DRIVER 500,18:55,-1000.0,
07/09/2024,,454664.0,BASE_CROCKETT_CROC10_RCKYCR7_A,CROCKETT CROC10_RCKYCR7 A (LN/CSWS/EES),,19:00,-14.95,
07/09/2024,20708.0,242652.0,Batesvil_Tallahatchie_Ind_Pk_161kV_flo_Choctaw_C,5BATESVI 5BATES_TALLA 1 (LN/TVA/TVA),CHOCTAW-CLAY 500,19:00,-2000.0,
07/09/2024,27841.0,310654.0,Keo_WestMemphis_500_flo_SansSouci_Driver_500,WMPEHV KEO____WMPEHV8 A (LN/EAI/EAI),SANSSU - DRIVER 500,19:00,-19.78,
07/09/2024,29549.0,449229.0,Tiptonvil_Polk_161_flo_Driver_San_Souci_500,5TIPTNVL 5TIPTN_POLK 1 (LN/TVA/TVA),SANSSU - DRIVER 500,19:00,-1078.2,
07/09/2024,,454664.0,BASE_CROCKETT_CROC10_RCKYCR7_A,CROCKETT CROC10_RCKYCR7 A (LN/CSWS/EES),,19:05,-18.51,
07/09/2024,,454662.0,BASE_CROCKETT_CROC10_RCKYCR7_A,CROCKETT CROC10_RCKYCR7 A (LN/CSWS/EES),,19:05,-18.51,
07/09/2024,27841.0,310654.0,Keo_WestMemphis_500_flo_SansSouci_Driver_500,WMPEHV KEO____WMPEHV8 A (LN/EAI/EAI),SANSSU - DRIVER 500,19:05,-122.24,
07/09/2024,29549.0,449229.0,Tiptonvil_Polk_161_flo_Driver_San_Souci_500,5TIPTNVL 5TIPTN_POLK 1 (LN/TVA/TVA),SANSSU - DRIVER 500,19:05,-2000.0,
07/09/2024,,454662.0,BASE_CROCKETT_CROC10_RCKYCR7_A,CROCKETT CROC10_RCKYCR7 A (LN/CSWS/EES),,19:10,-18.04,
07/09/2024,,454664.0,BASE_CROCKETT_CROC10_RCKYCR7_A,CROCKETT CROC10_RCKYCR7 A (LN/CSWS/EES),,19:10,-18.04,
07/09/2024,27841.0,310654.0,Keo_WestMemphis_500_flo_SansSouci_Driver_500,WMPEHV KEO____WMPEHV8 A (LN/EAI/EAI),SANSSU - DRIVER 500,19:10,-114.9,
07/09/2024,29549.0,449229.0,Tiptonvil_Polk_161_flo_Driver_San_Souci_500,5TIPTNVL 5TIPTN_POLK 1 (LN/TVA/TVA),SANSSU - DRIVER 500,19:10,-2000.0,
07/09/2024,,454664.0,BASE_CROCKETT_CROC10_RCKYCR7_A,CROCKETT CROC10_RCKYCR7 A (LN/CSWS/EES),,19:15,-12.74,
07/09/2024,,454662.0,BASE_CROCKETT_CROC10_RCKYCR7_A,CROCKETT CROC10_RCKYCR7 A (LN/CSWS/EES),,19:15,-12.74,
07/09/2024,29549.0,449229.0,Tiptonvil_Polk_161_flo_Driver_San_Souci_500,5TIPTNVL 5TIPTN_POLK 1 (LN/TVA/TVA),SANSSU - DRIVER 500,19:15,-2000.0,
07/09/2024,,454662.0,BASE_CROCKETT_CROC10_RCKYCR7_A,CROCKETT CROC10_RCKYCR7 A (LN/CSWS/EES),,19:20,-5.62,
07/09/2024,,454664.0,BASE_CROCKETT_CROC10_RCKYCR7_A,CROCKETT CROC10_RCKYCR7 A (LN/CSWS/EES),,19:20,-5.62,
07/09/2024,29549.0,449229.0,Tiptonvil_Polk_161_flo_Driver_San_Souci_500,5TIPTNVL 5TIPTN_POLK 1 (LN/TVA/TVA),SANSSU - DRIVER 500,19:20,-1052.89,
07/09/2024,,454662.0,BASE_CROCKETT_CROC10_RCKYCR7_A,CROCKETT CROC10_RCKYCR7 A (LN/CSWS/EES),,19:25,-9.65,
07/09/2024,,454664.0,BASE_CROCKETT_CROC10_RCKYCR7_A,CROCKETT CROC10_RCKYCR7 A (LN/CSWS/EES),,19:25,-9.65,
07/09/2024,29549.0,449229.0,Tiptonvil_Polk_161_flo_Driver_San_Souci_500,5TIPTNVL 5TIPTN_POLK 1 (LN/TVA/TVA),SANSSU - DRIVER 500,19:25,-109.06,
07/09/2024,,454662.0,BASE_CROCKETT_CROC10_RCKYCR7_A,CROCKETT CROC10_RCKYCR7 A (LN/CSWS/EES),,19:30,-9.43,
07/09/2024,,454664.0,BASE_CROCKETT_CROC10_RCKYCR7_A,CROCKETT CROC10_RCKYCR7 A (LN/CSWS/EES),,19:30,-9.43,
07/09/2024,,454664.0,BASE_CROCKETT_CROC10_RCKYCR7_A,CROCKETT CROC10_RCKYCR7 A (LN/CSWS/EES),,19:35,-2000.0,
07/09/2024,,454662.0,BASE_CROCKETT_CROC10_RCKYCR7_A,CROCKETT CROC10_RCKYCR7 A (LN/CSWS/EES),,19:35,-2000.0,
07/09/2024,,454664.0,BASE_CROCKETT_CROC10_RCKYCR7_A,CROCKETT CROC10_RCKYCR7 A (LN/CSWS/EES),,19:45,-2000.0,
07/09/2024,,454662.0,BASE_CROCKETT_CROC10_RCKYCR7_A,CROCKETT CROC10_RCKYCR7 A (LN/CSWS/EES),,19:45,-2000.0,
07/09/2024,,454698.0,EEGEN244_PORTER_E_NEWCAN_PORTER4_A,PORTER_E NEWCAN_PORTER4 A (LN/EES/EES),LAKE CHARLES  ALL UNITS  (1046 MW),19:45,-1000.0,
07/09/2024,,454662.0,BASE_CROCKETT_CROC10_RCKYCR7_A,CROCKETT CROC10_RCKYCR7 A (LN/CSWS/EES),,19:50,-459.34,
07/09/2024,,454664.0,BASE_CROCKETT_CROC10_RCKYCR7_A,CROCKETT CROC10_RCKYCR7 A (LN/CSWS/EES),,19:50,-459.34,
07/09/2024,,454698.0,EEGEN244_PORTER_E_NEWCAN_PORTER4_A,PORTER_E NEWCAN_PORTER4 A (LN/EES/EES),LAKE CHARLES  ALL UNITS  (1046 MW),19:50,-1000.0,
07/09/2024,,454664.0,BASE_CROCKETT_CROC10_RCKYCR7_A,CROCKETT CROC10_RCKYCR7 A (LN/CSWS/EES),,19:55,-7.88,
07/09/2024,,454662.0,BASE_CROCKETT_CROC10_RCKYCR7_A,CROCKETT CROC10_RCKYCR7 A (LN/CSWS/EES),,19:55,-7.88,
07/09/2024,,454664.0,BASE_CROCKETT_CROC10_RCKYCR7_A,CROCKETT CROC10_RCKYCR7 A (LN/CSWS/EES),,20:00,-2000.0,
07/09/2024,,454662.0,BASE_CROCKETT_CROC10_RCKYCR7_A,CROCKETT CROC10_RCKYCR7 A (LN/CSWS/EES),,20:00,-2000.0,
07/09/2024,,454664.0,BASE_CROCKETT_CROC10_RCKYCR7_A,CROCKETT CROC10_RCKYCR7 A (LN/CSWS/EES),,20:05,-2000.0,
07/09/2024,,454664.0,BASE_CROCKETT_CROC10_RCKYCR7_A,CROCKETT CROC10_RCKYCR7 A (LN/CSWS/EES),,20:10,-2000.0,
07/09/2024,,454664.0,BASE_CROCKETT_CROC10_RCKYCR7_A,CROCKETT CROC10_RCKYCR7 A (LN/CSWS/EES),,20:15,-2000.0,
07/09/2024,,454664.0,BASE_CROCKETT_CROC10_RCKYCR7_A,CROCKETT CROC10_RCKYCR7 A (LN/CSWS/EES),,20:25,-7.06,
07/09/2024,29549.0,449229.0,Tiptonvil_Polk_161_flo_Driver_San_Souci_500,5TIPTNVL 5TIPTN_POLK 1 (LN/TVA/TVA),SANSSU - DRIVER 500,20:25,-15.14,
07/09/2024,,454664.0,BASE_CROCKETT_CROC10_RCKYCR7_A,CROCKETT CROC10_RCKYCR7 A (LN/CSWS/EES),,20:30,-7.07,
07/09/2024,29549.0,449229.0,Tiptonvil_Polk_161_flo_Driver_San_Souci_500,5TIPTNVL 5TIPTN_POLK 1 (LN/TVA/TVA),SANSSU - DRIVER 500,20:30,-6.8,
07/09/2024,,454664.0,BASE_CROCKETT_CROC10_RCKYCR7_A,CROCKETT CROC10_RCKYCR7 A (LN/CSWS/EES),,20:35,-6.94,
07/09/2024,29549.0,449229.0,Tiptonvil_Polk_161_flo_Driver_San_Souci_500,5TIPTNVL 5TIPTN_POLK 1 (LN/TVA/TVA),SANSSU - DRIVER 500,20:35,-3.69,
07/09/2024,,454664.0,BASE_CROCKETT_CROC10_RCKYCR7_A,CROCKETT CROC10_RCKYCR7 A (LN/CSWS/EES),,20:40,-6.68,
07/09/2024,29549.0,449229.0,Tiptonvil_Polk_161_flo_Driver_San_Souci_500,5TIPTNVL 5TIPTN_POLK 1 (LN/TVA/TVA),SANSSU - DRIVER 500,20:40,-112.39,
07/09/2024,,454664.0,BASE_CROCKETT_CROC10_RCKYCR7_A,CROCKETT CROC10_RCKYCR7 A (LN/CSWS/EES),,20:45,-7.41,
07/09/2024,,454664.0,BASE_CROCKETT_CROC10_RCKYCR7_A,CROCKETT CROC10_RCKYCR7 A (LN/CSWS/EES),,20:50,-6.89,
07/09/2024,,454664.0,BASE_CROCKETT_CROC10_RCKYCR7_A,CROCKETT CROC10_RCKYCR7 A (LN/CSWS/EES),,20:55,-6.94,
07/09/2024,,454664.0,BASE_CROCKETT_CROC10_RCKYCR7_A,CROCKETT CROC10_RCKYCR7 A (LN/CSWS/EES),,21:00,-6.98,
07/10/2024,,196784.0,BASE_REYNOLD4_13857_A,REYNOLD4 13857 A (LN/NIPS/NIPS),,00:00,-45.35,
07/10/2024,,454664.0,BASE_CROCKETT_CROC10_RCKYCR7_A,CROCKETT CROC10_RCKYCR7 A (LN/CSWS/EES),,03:40,-2000.0,
07/10/2024,,454664.0,BASE_CROCKETT_CROC10_RCKYCR7_A,CROCKETT CROC10_RCKYCR7 A (LN/CSWS/EES),,03:45,-2000.0,
07/10/2024,,454664.0,BASE_CROCKETT_CROC10_RCKYCR7_A,CROCKETT CROC10_RCKYCR7 A (LN/CSWS/EES),,03:50,-2000.0,
07/10/2024,,454664.0,BASE_CROCKETT_CROC10_RCKYCR7_A,CROCKETT CROC10_RCKYCR7 A (LN/CSWS/EES),,03:55,-2000.0,
07/10/2024,,454664.0,BASE_CROCKETT_CROC10_RCKYCR7_A,CROCKETT CROC10_RCKYCR7 A (LN/CSWS/EES),,04:00,-2000.0,
07/10/2024,,454664.0,BASE_CROCKETT_CROC10_RCKYCR7_A,CROCKETT CROC10_RCKYCR7 A (LN/CSWS/EES),,04:05,-6.12,
07/10/2024,29015.0,3443.0,Duneare_Michigan_City_13839_138kv_flo_Wilton_Cen,DUNEACRE 13839 A (LN/NIPS/NIPS),WILTON CENTER-DUMONT 765 (11215),05:05,-47.8,
07/10/2024,29015.0,3443.0,Duneare_Michigan_City_13839_138kv_flo_Wilton_Cen,DUNEACRE 13839 A (LN/NIPS/NIPS),WILTON CENTER-DUMONT 765 (11215),05:10,-198.83,
07/10/2024,29015.0,3443.0,Duneare_Michigan_City_13839_138kv_flo_Wilton_Cen,DUNEACRE 13839 A (LN/NIPS/NIPS),WILTON CENTER-DUMONT 765 (11215),05:15,-63.4,
07/10/2024,29015.0,3443.0,Duneare_Michigan_City_13839_138kv_flo_Wilton_Cen,DUNEACRE 13839 A (LN/NIPS/NIPS),WILTON CENTER-DUMONT 765 (11215),05:20,-481.1,
07/10/2024,29015.0,3443.0,Duneare_Michigan_City_13839_138kv_flo_Wilton_Cen,DUNEACRE 13839 A (LN/NIPS/NIPS),WILTON CENTER-DUMONT 765 (11215),05:25,-161.04,
07/10/2024,29015.0,3443.0,Duneare_Michigan_City_13839_138kv_flo_Wilton_Cen,DUNEACRE 13839 A (LN/NIPS/NIPS),WILTON CENTER-DUMONT 765 (11215),05:30,-215.1,
07/10/2024,29015.0,3443.0,Duneare_Michigan_City_13839_138kv_flo_Wilton_Cen,DUNEACRE 13839 A (LN/NIPS/NIPS),WILTON CENTER-DUMONT 765 (11215),05:40,-59.91,
07/10/2024,29015.0,3443.0,Duneare_Michigan_City_13839_138kv_flo_Wilton_Cen,DUNEACRE 13839 A (LN/NIPS/NIPS),WILTON CENTER-DUMONT 765 (11215),05:45,-245.0,
07/10/2024,29015.0,3443.0,Duneare_Michigan_City_13839_138kv_flo_Wilton_Cen,DUNEACRE 13839 A (LN/NIPS/NIPS),WILTON CENTER-DUMONT 765 (11215),05:55,-103.53,
07/10/2024,,454751.0,MET34010_GAINES_TB2_TB2,GAINES TB2 TB2 (XF/CONS/*),CAMPBELL-ROOSEVELT 345 (401),06:45,-25.99,
07/10/2024,,454751.0,MET34010_GAINES_TB2_TB2,GAINES TB2 TB2 (XF/CONS/*),CAMPBELL-ROOSEVELT 345 (401),06:50,-30.21,
07/10/2024,,286372.0,ITC34066_MONROE4_MONRONSTAR12_1_1,MONROE4 MONRONSTAR12_1 1 (LN/DECO/DECO),MONROE-BROWNSTOWN 345 #2,07:10,-1000.0,
07/10/2024,,286372.0,ITC34066_MONROE4_MONRONSTAR12_1_1,MONROE4 MONRONSTAR12_1 1 (LN/DECO/DECO),MONROE-BROWNSTOWN 345 #2,07:15,-1000.0,
07/10/2024,,286372.0,ITC34066_MONROE4_MONRONSTAR12_1_1,MONROE4 MONRONSTAR12_1 1 (LN/DECO/DECO),MONROE-BROWNSTOWN 345 #2,07:20,-1000.0,
07/10/2024,,286372.0,ITC34066_MONROE4_MONRONSTAR12_1_1,MONROE4 MONRONSTAR12_1 1 (LN/DECO/DECO),MONROE-BROWNSTOWN 345 #2,07:25,-1000.0,
07/10/2024,,286372.0,ITC34066_MONROE4_MONRONSTAR12_1_1,MONROE4 MONRONSTAR12_1 1 (LN/DECO/DECO),MONROE-BROWNSTOWN 345 #2,07:30,-1000.0,
07/10/2024,,286372.0,ITC34066_MONROE4_MONRONSTAR12_1_1,MONROE4 MONRONSTAR12_1 1 (LN/DECO/DECO),MONROE-BROWNSTOWN 345 #2,07:35,-1000.0,
07/10/2024,,286372.0,ITC34066_MONROE4_MONRONSTAR12_1_1,MONROE4 MONRONSTAR12_1 1 (LN/DECO/DECO),MONROE-BROWNSTOWN 345 #2,07:40,-700.0,
07/10/2024,,286372.0,ITC34066_MONROE4_MONRONSTAR12_1_1,MONROE4 MONRONSTAR12_1 1 (LN/DECO/DECO),MONROE-BROWNSTOWN 345 #2,07:45,-700.0,
07/10/2024,,286372.0,ITC34066_MONROE4_MONRONSTAR12_1_1,MONROE4 MONRONSTAR12_1 1 (LN/DECO/DECO),MONROE-BROWNSTOWN 345 #2,07:50,-700.0,
07/10/2024,,286372.0,ITC34066_MONROE4_MONRONSTAR12_1_1,MONROE4 MONRONSTAR12_1 1 (LN/DECO/DECO),MONROE-BROWNSTOWN 345 #2,07:55,-3.02,
07/10/2024,,412120.0,BASE_7MILECRK_X-159_1,7MILECRK X-159 1 (LN/ALTE/ALTE),,08:20,-31.53,
07/10/2024,,286372.0,ITC34066_MONROE4_MONRONSTAR12_1_1,MONROE4 MONRONSTAR12_1 1 (LN/DECO/DECO),MONROE-BROWNSTOWN 345 #2,08:20,-8.55,
07/10/2024,,412120.0,BASE_7MILECRK_X-159_1,7MILECRK X-159 1 (LN/ALTE/ALTE),,08:25,-30.26,
07/10/2024,,286372.0,ITC34066_MONROE4_MONRONSTAR12_1_1,MONROE4 MONRONSTAR12_1 1 (LN/DECO/DECO),MONROE-BROWNSTOWN 345 #2,08:25,-3.46,
07/10/2024,,412120.0,BASE_7MILECRK_X-159_1,7MILECRK X-159 1 (LN/ALTE/ALTE),,08:30,-34.39,
07/10/2024,,286372.0,ITC34066_MONROE4_MONRONSTAR12_1_1,MONROE4 MONRONSTAR12_1 1 (LN/DECO/DECO),MONROE-BROWNSTOWN 345 #2,08:30,-16.87,
07/10/2024,,412120.0,BASE_7MILECRK_X-159_1,7MILECRK X-159 1 (LN/ALTE/ALTE),,08:35,-32.64,
07/10/2024,,286372.0,ITC34066_MONROE4_MONRONSTAR12_1_1,MONROE4 MONRONSTAR12_1 1 (LN/DECO/DECO),MONROE-BROWNSTOWN 345 #2,08:35,-11.31,
07/10/2024,,412120.0,BASE_7MILECRK_X-159_1,7MILECRK X-159 1 (LN/ALTE/ALTE),,08:40,-32.26,
07/10/2024,,286372.0,ITC34066_MONROE4_MONRONSTAR12_1_1,MONROE4 MONRONSTAR12_1 1 (LN/DECO/DECO),MONROE-BROWNSTOWN 345 #2,08:40,-700.0,
07/10/2024,,412120.0,BASE_7MILECRK_X-159_1,7MILECRK X-159 1 (LN/ALTE/ALTE),,08:45,-33.46,
07/10/2024,,412120.0,BASE_7MILECRK_X-159_1,7MILECRK X-159 1 (LN/ALTE/ALTE),,08:50,-35.08,
07/10/2024,,286372.0,ITC34066_MONROE4_MONRONSTAR12_1_1,MONROE4 MONRONSTAR12_1 1 (LN/DECO/DECO),MONROE-BROWNSTOWN 345 #2,08:50,-20.16,
07/10/2024,,412120.0,BASE_7MILECRK_X-159_1,7MILECRK X-159 1 (LN/ALTE/ALTE),,08:55,-33.93,
07/10/2024,,286372.0,ITC34066_MONROE4_MONRONSTAR12_1_1,MONROE4 MONRONSTAR12_1 1 (LN/DECO/DECO),MONROE-BROWNSTOWN 345 #2,08:55,-16.32,
07/10/2024,,412120.0,BASE_7MILECRK_X-159_1,7MILECRK X-159 1 (LN/ALTE/ALTE),,09:00,-34.06,
07/10/2024,,286372.0,ITC34066_MONROE4_MONRONSTAR12_1_1,MONROE4 MONRONSTAR12_1 1 (LN/DECO/DECO),MONROE-BROWNSTOWN 345 #2,09:00,-16.22,
07/10/2024,,412120.0,BASE_7MILECRK_X-159_1,7MILECRK X-159 1 (LN/ALTE/ALTE),,09:05,-35.6,
07/10/2024,,286372.0,ITC34066_MONROE4_MONRONSTAR12_1_1,MONROE4 MONRONSTAR12_1 1 (LN/DECO/DECO),MONROE-BROWNSTOWN 345 #2,09:05,-21.03,
07/10/2024,,412120.0,BASE_7MILECRK_X-159_1,7MILECRK X-159 1 (LN/ALTE/ALTE),,09:10,-36.86,
07/10/2024,,286372.0,ITC34066_MONROE4_MONRONSTAR12_1_1,MONROE4 MONRONSTAR12_1 1 (LN/DECO/DECO),MONROE-BROWNSTOWN 345 #2,09:10,-24.18,
07/10/2024,,412120.0,BASE_7MILECRK_X-159_1,7MILECRK X-159 1 (LN/ALTE/ALTE),,09:15,-39.39,
07/10/2024,,286372.0,ITC34066_MONROE4_MONRONSTAR12_1_1,MONROE4 MONRONSTAR12_1 1 (LN/DECO/DECO),MONROE-BROWNSTOWN 345 #2,09:15,-33.05,
07/10/2024,,331256.0,WEC13332_BLUFFCRK_WHIG53_2,BLUFFCRK WHIG53 2 (LN/WEC/WEC),UNIVERSITY - MUKWONAGO 138 (UNIG52,09:15,-5.38,
07/10/2024,,412120.0,BASE_7MILECRK_X-159_1,7MILECRK X-159 1 (LN/ALTE/ALTE),,09:20,-50.27,
07/10/2024,,286372.0,ITC34066_MONROE4_MONRONSTAR12_1_1,MONROE4 MONRONSTAR12_1 1 (LN/DECO/DECO),MONROE-BROWNSTOWN 345 #2,09:20,-72.36,
07/10/2024,,331256.0,WEC13332_BLUFFCRK_WHIG53_2,BLUFFCRK WHIG53 2 (LN/WEC/WEC),UNIVERSITY - MUKWONAGO 138 (UNIG52,09:20,-13.54,
07/10/2024,,412120.0,BASE_7MILECRK_X-159_1,7MILECRK X-159 1 (LN/ALTE/ALTE),,09:25,-39.61,
07/10/2024,,286372.0,ITC34066_MONROE4_MONRONSTAR12_1_1,MONROE4 MONRONSTAR12_1 1 (LN/DECO/DECO),MONROE-BROWNSTOWN 345 #2,09:25,-33.52,
07/10/2024,,331256.0,WEC13332_BLUFFCRK_WHIG53_2,BLUFFCRK WHIG53 2 (LN/WEC/WEC),UNIVERSITY - MUKWONAGO 138 (UNIG52,09:25,-5.08,
07/10/2024,,412120.0,BASE_7MILECRK_X-159_1,7MILECRK X-159 1 (LN/ALTE/ALTE),,09:30,-45.04,
07/10/2024,,331256.0,WEC13332_BLUFFCRK_WHIG53_2,BLUFFCRK WHIG53 2 (LN/WEC/WEC),UNIVERSITY - MUKWONAGO 138 (UNIG52,09:30,-6.11,
07/10/2024,,412120.0,BASE_7MILECRK_X-159_1,7MILECRK X-159 1 (LN/ALTE/ALTE),,09:35,-65.59,
07/10/2024,,286372.0,ITC34066_MONROE4_MONRONSTAR12_1_1,MONROE4 MONRONSTAR12_1 1 (LN/DECO/DECO),MONROE-BROWNSTOWN 345 #2,09:35,-123.02,
07/10/2024,,331256.0,WEC13332_BLUFFCRK_WHIG53_2,BLUFFCRK WHIG53 2 (LN/WEC/WEC),UNIVERSITY - MUKWONAGO 138 (UNIG52,09:35,-29.5,
07/10/2024,,412120.0,BASE_7MILECRK_X-159_1,7MILECRK X-159 1 (LN/ALTE/ALTE),,09:40,-50.09,
07/10/2024,,286372.0,ITC34066_MONROE4_MONRONSTAR12_1_1,MONROE4 MONRONSTAR12_1 1 (LN/DECO/DECO),MONROE-BROWNSTOWN 345 #2,09:40,-68.43,
07/10/2024,,331256.0,WEC13332_BLUFFCRK_WHIG53_2,BLUFFCRK WHIG53 2 (LN/WEC/WEC),UNIVERSITY - MUKWONAGO 138 (UNIG52,09:40,-8.540000000000001,
07/10/2024,,412120.0,BASE_7MILECRK_X-159_1,7MILECRK X-159 1 (LN/ALTE/ALTE),,09:45,-93.12,
07/10/2024,,286372.0,ITC34066_MONROE4_MONRONSTAR12_1_1,MONROE4 MONRONSTAR12_1 1 (LN/DECO/DECO),MONROE-BROWNSTOWN 345 #2,09:45,-217.93,
07/10/2024,,331256.0,WEC13332_BLUFFCRK_WHIG53_2,BLUFFCRK WHIG53 2 (LN/WEC/WEC),UNIVERSITY - MUKWONAGO 138 (UNIG52,09:45,-67.83,
07/10/2024,,412120.0,BASE_7MILECRK_X-159_1,7MILECRK X-159 1 (LN/ALTE/ALTE),,09:50,-56.05,
07/10/2024,,454775.0,EE23X156_GEORGA_GEORGA_TEMCO_4_A,GEORGA GEORGA_TEMCO_4 A (LN/EES/EES),LEWIS CREEK 230/138 AT1,09:50,-1000.0,
07/10/2024,,286372.0,ITC34066_MONROE4_MONRONSTAR12_1_1,MONROE4 MONRONSTAR12_1 1 (LN/DECO/DECO),MONROE-BROWNSTOWN 345 #2,09:50,-88.73,
07/10/2024,,331256.0,WEC13332_BLUFFCRK_WHIG53_2,BLUFFCRK WHIG53 2 (LN/WEC/WEC),UNIVERSITY - MUKWONAGO 138 (UNIG52,09:50,-11.38,
07/10/2024,,412120.0,BASE_7MILECRK_X-159_1,7MILECRK X-159 1 (LN/ALTE/ALTE),,09:55,-60.83,
07/10/2024,,454775.0,EE23X156_GEORGA_GEORGA_TEMCO_4_A,GEORGA GEORGA_TEMCO_4 A (LN/EES/EES),LEWIS CREEK 230/138 AT1,09:55,-1000.0,
07/10/2024,,286372.0,ITC34066_MONROE4_MONRONSTAR12_1_1,MONROE4 MONRONSTAR12_1 1 (LN/DECO/DECO),MONROE-BROWNSTOWN 345 #2,09:55,-105.83,
07/10/2024,,331256.0,WEC13332_BLUFFCRK_WHIG53_2,BLUFFCRK WHIG53 2 (LN/WEC/WEC),UNIVERSITY - MUKWONAGO 138 (UNIG52,09:55,-13.9,
07/10/2024,,412120.0,BASE_7MILECRK_X-159_1,7MILECRK X-159 1 (LN/ALTE/ALTE),,10:00,-66.08,
07/10/2024,,454775.0,EE23X156_GEORGA_GEORGA_TEMCO_4_A,GEORGA GEORGA_TEMCO_4 A (LN/EES/EES),LEWIS CREEK 230/138 AT1,10:00,-1000.0,
07/10/2024,,286372.0,ITC34066_MONROE4_MONRONSTAR12_1_1,MONROE4 MONRONSTAR12_1 1 (LN/DECO/DECO),MONROE-BROWNSTOWN 345 #2,10:00,-124.18,
07/10/2024,,331256.0,WEC13332_BLUFFCRK_WHIG53_2,BLUFFCRK WHIG53 2 (LN/WEC/WEC),UNIVERSITY - MUKWONAGO 138 (UNIG52,10:00,-22.23,
07/10/2024,,412120.0,BASE_7MILECRK_X-159_1,7MILECRK X-159 1 (LN/ALTE/ALTE),,10:05,-59.72,
07/10/2024,,454775.0,EE23X156_GEORGA_GEORGA_TEMCO_4_A,GEORGA GEORGA_TEMCO_4 A (LN/EES/EES),LEWIS CREEK 230/138 AT1,10:05,-1000.0,
07/10/2024,,286372.0,ITC34066_MONROE4_MONRONSTAR12_1_1,MONROE4 MONRONSTAR12_1 1 (LN/DECO/DECO),MONROE-BROWNSTOWN 345 #2,10:05,-102.38,
07/10/2024,,331256.0,WEC13332_BLUFFCRK_WHIG53_2,BLUFFCRK WHIG53 2 (LN/WEC/WEC),UNIVERSITY - MUKWONAGO 138 (UNIG52,10:05,-17.54,
07/10/2024,,412120.0,BASE_7MILECRK_X-159_1,7MILECRK X-159 1 (LN/ALTE/ALTE),,10:10,-121.05,
07/10/2024,,454775.0,EE23X156_GEORGA_GEORGA_TEMCO_4_A,GEORGA GEORGA_TEMCO_4 A (LN/EES/EES),LEWIS CREEK 230/138 AT1,10:10,-1000.0,
07/10/2024,,286372.0,ITC34066_MONROE4_MONRONSTAR12_1_1,MONROE4 MONRONSTAR12_1 1 (LN/DECO/DECO),MONROE-BROWNSTOWN 345 #2,10:10,-319.16,
07/10/2024,,331256.0,WEC13332_BLUFFCRK_WHIG53_2,BLUFFCRK WHIG53 2 (LN/WEC/WEC),UNIVERSITY - MUKWONAGO 138 (UNIG52,10:10,-104.41,
07/10/2024,,412120.0,BASE_7MILECRK_X-159_1,7MILECRK X-159 1 (LN/ALTE/ALTE),,10:15,-63.04,
07/10/2024,,286372.0,ITC34066_MONROE4_MONRONSTAR12_1_1,MONROE4 MONRONSTAR12_1 1 (LN/DECO/DECO),MONROE-BROWNSTOWN 345 #2,10:15,-115.13,
07/10/2024,,331256.0,WEC13332_BLUFFCRK_WHIG53_2,BLUFFCRK WHIG53 2 (LN/WEC/WEC),UNIVERSITY - MUKWONAGO 138 (UNIG52,10:15,-22.84,
07/10/2024,,412120.0,BASE_7MILECRK_X-159_1,7MILECRK X-159 1 (LN/ALTE/ALTE),,10:20,-61.55,
07/10/2024,,286372.0,ITC34066_MONROE4_MONRONSTAR12_1_1,MONROE4 MONRONSTAR12_1 1 (LN/DECO/DECO),MONROE-BROWNSTOWN 345 #2,10:20,-111.36,
07/10/2024,,331256.0,WEC13332_BLUFFCRK_WHIG53_2,BLUFFCRK WHIG53 2 (LN/WEC/WEC),UNIVERSITY - MUKWONAGO 138 (UNIG52,10:20,-20.77,
07/10/2024,,412120.0,BASE_7MILECRK_X-159_1,7MILECRK X-159 1 (LN/ALTE/ALTE),,10:25,-141.18,
07/10/2024,,286372.0,ITC34066_MONROE4_MONRONSTAR12_1_1,MONROE4 MONRONSTAR12_1 1 (LN/DECO/DECO),MONROE-BROWNSTOWN 345 #2,10:25,-390.12,
07/10/2024,,331256.0,WEC13332_BLUFFCRK_WHIG53_2,BLUFFCRK WHIG53 2 (LN/WEC/WEC),UNIVERSITY - MUKWONAGO 138 (UNIG52,10:25,-16.67,
07/10/2024,,412120.0,BASE_7MILECRK_X-159_1,7MILECRK X-159 1 (LN/ALTE/ALTE),,10:30,-58.76,
07/10/2024,,286372.0,ITC34066_MONROE4_MONRONSTAR12_1_1,MONROE4 MONRONSTAR12_1 1 (LN/DECO/DECO),MONROE-BROWNSTOWN 345 #2,10:30,-100.87,
07/10/2024,,331256.0,WEC13332_BLUFFCRK_WHIG53_2,BLUFFCRK WHIG53 2 (LN/WEC/WEC),UNIVERSITY - MUKWONAGO 138 (UNIG52,10:30,-16.21,
07/10/2024,,412120.0,BASE_7MILECRK_X-159_1,7MILECRK X-159 1 (LN/ALTE/ALTE),,10:35,-62.9,
07/10/2024,,286372.0,ITC34066_MONROE4_MONRONSTAR12_1_1,MONROE4 MONRONSTAR12_1 1 (LN/DECO/DECO),MONROE-BROWNSTOWN 345 #2,10:35,-116.0,
07/10/2024,,331256.0,WEC13332_BLUFFCRK_WHIG53_2,BLUFFCRK WHIG53 2 (LN/WEC/WEC),UNIVERSITY - MUKWONAGO 138 (UNIG52,10:35,-20.7,
07/10/2024,,412120.0,BASE_7MILECRK_X-159_1,7MILECRK X-159 1 (LN/ALTE/ALTE),,10:40,-399.56,
07/10/2024,,454698.0,EEGEN244_PORTER_E_NEWCAN_PORTER4_A,PORTER_E NEWCAN_PORTER4 A (LN/EES/EES),LAKE CHARLES  ALL UNITS  (1046 MW),10:40,-1000.0,
07/10/2024,,286372.0,ITC34066_MONROE4_MONRONSTAR12_1_1,MONROE4 MONRONSTAR12_1 1 (LN/DECO/DECO),MONROE-BROWNSTOWN 345 #2,10:40,-700.0,
07/10/2024,,331256.0,WEC13332_BLUFFCRK_WHIG53_2,BLUFFCRK WHIG53 2 (LN/WEC/WEC),UNIVERSITY - MUKWONAGO 138 (UNIG52,10:40,-423.34,
07/10/2024,,412120.0,BASE_7MILECRK_X-159_1,7MILECRK X-159 1 (LN/ALTE/ALTE),,10:45,-401.18,
07/10/2024,,454698.0,EEGEN244_PORTER_E_NEWCAN_PORTER4_A,PORTER_E NEWCAN_PORTER4 A (LN/EES/EES),LAKE CHARLES  ALL UNITS  (1046 MW),10:45,-1000.0,
07/10/2024,,286372.0,ITC34066_MONROE4_MONRONSTAR12_1_1,MONROE4 MONRONSTAR12_1 1 (LN/DECO/DECO),MONROE-BROWNSTOWN 345 #2,10:45,-1000.0,
07/10/2024,,331256.0,WEC13332_BLUFFCRK_WHIG53_2,BLUFFCRK WHIG53 2 (LN/WEC/WEC),UNIVERSITY - MUKWONAGO 138 (UNIG52,10:45,-424.08,
07/10/2024,,412120.0,BASE_7MILECRK_X-159_1,7MILECRK X-159 1 (LN/ALTE/ALTE),,10:50,-550.87,
07/10/2024,,454323.0,MET34009_GAINES_TB2_TB2,GAINES TB2 TB2 (XF/CONS/*),CAMPBELL-TALLMADGE 345 (358),10:50,-1000.0,
07/10/2024,,331256.0,WEC13332_BLUFFCRK_WHIG53_2,BLUFFCRK WHIG53 2 (LN/WEC/WEC),UNIVERSITY - MUKWONAGO 138 (UNIG52,10:50,-655.94,
07/10/2024,,412120.0,BASE_7MILECRK_X-159_1,7MILECRK X-159 1 (LN/ALTE/ALTE),,10:55,-128.36,
07/10/2024,,454323.0,MET34009_GAINES_TB2_TB2,GAINES TB2 TB2 (XF/CONS/*),CAMPBELL-TALLMADGE 345 (358),10:55,-116.44,
07/10/2024,,331256.0,WEC13332_BLUFFCRK_WHIG53_2,BLUFFCRK WHIG53 2 (LN/WEC/WEC),UNIVERSITY - MUKWONAGO 138 (UNIG52,10:55,-10.89,
07/10/2024,,454777.0,ALWMEC38_GALENA_GALEN8TH_S16_1_1,GALENA GALEN8TH_S16_1 1 (LN/DPC/ALTW),MORGAN VALLEY - TIFFIN 345,11:00,-817.66,
07/10/2024,,412120.0,BASE_7MILECRK_X-159_1,7MILECRK X-159 1 (LN/ALTE/ALTE),,11:00,-43.19,
07/10/2024,,286372.0,ITC34066_MONROE4_MONRONSTAR12_1_1,MONROE4 MONRONSTAR12_1 1 (LN/DECO/DECO),MONROE-BROWNSTOWN 345 #2,11:00,-700.0,
07/10/2024,,454323.0,MET34009_GAINES_TB2_TB2,GAINES TB2 TB2 (XF/CONS/*),CAMPBELL-TALLMADGE 345 (358),11:00,-40.86,
07/10/2024,,454777.0,ALWMEC38_GALENA_GALEN8TH_S16_1_1,GALENA GALEN8TH_S16_1 1 (LN/DPC/ALTW),MORGAN VALLEY - TIFFIN 345,11:05,-1000.0,
07/10/2024,,412120.0,BASE_7MILECRK_X-159_1,7MILECRK X-159 1 (LN/ALTE/ALTE),,11:05,-46.5,
07/10/2024,,286372.0,ITC34066_MONROE4_MONRONSTAR12_1_1,MONROE4 MONRONSTAR12_1 1 (LN/DECO/DECO),MONROE-BROWNSTOWN 345 #2,11:05,-700.0,
07/10/2024,,454323.0,MET34009_GAINES_TB2_TB2,GAINES TB2 TB2 (XF/CONS/*),CAMPBELL-TALLMADGE 345 (358),11:05,-40.34,
07/10/2024,,454777.0,ALWMEC38_GALENA_GALEN8TH_S16_1_1,GALENA GALEN8TH_S16_1 1 (LN/DPC/ALTW),MORGAN VALLEY - TIFFIN 345,11:10,-1000.0,
07/10/2024,,412120.0,BASE_7MILECRK_X-159_1,7MILECRK X-159 1 (LN/ALTE/ALTE),,11:10,-46.63,
07/10/2024,,454323.0,MET34009_GAINES_TB2_TB2,GAINES TB2 TB2 (XF/CONS/*),CAMPBELL-TALLMADGE 345 (358),11:10,-7.86,
07/10/2024,,454777.0,ALWMEC38_GALENA_GALEN8TH_S16_1_1,GALENA GALEN8TH_S16_1 1 (LN/DPC/ALTW),MORGAN VALLEY - TIFFIN 345,11:15,-2000.0,
07/10/2024,,412120.0,BASE_7MILECRK_X-159_1,7MILECRK X-159 1 (LN/ALTE/ALTE),,11:15,-65.52,
07/10/2024,,454323.0,MET34009_GAINES_TB2_TB2,GAINES TB2 TB2 (XF/CONS/*),CAMPBELL-TALLMADGE 345 (358),11:15,-9.53,
07/10/2024,,454777.0,ALWMEC38_GALENA_GALEN8TH_S16_1_1,GALENA GALEN8TH_S16_1 1 (LN/DPC/ALTW),MORGAN VALLEY - TIFFIN 345,11:20,-2000.0,
07/10/2024,,412120.0,BASE_7MILECRK_X-159_1,7MILECRK X-159 1 (LN/ALTE/ALTE),,11:20,-59.6,
07/10/2024,,454662.0,BASE_CROCKETT_CROC10_RCKYCR7_A,CROCKETT CROC10_RCKYCR7 A (LN/CSWS/EES),,11:20,-2000.0,
07/10/2024,,286372.0,ITC34066_MONROE4_MONRONSTAR12_1_1,MONROE4 MONRONSTAR12_1 1 (LN/DECO/DECO),MONROE-BROWNSTOWN 345 #2,11:20,-1000.0,
07/10/2024,,454323.0,MET34009_GAINES_TB2_TB2,GAINES TB2 TB2 (XF/CONS/*),CAMPBELL-TALLMADGE 345 (358),11:20,-4.0,
07/10/2024,,454777.0,ALWMEC38_GALENA_GALEN8TH_S16_1_1,GALENA GALEN8TH_S16_1 1 (LN/DPC/ALTW),MORGAN VALLEY - TIFFIN 345,11:25,-2000.0,
07/10/2024,,412120.0,BASE_7MILECRK_X-159_1,7MILECRK X-159 1 (LN/ALTE/ALTE),,11:25,-70.88,
07/10/2024,,454662.0,BASE_CROCKETT_CROC10_RCKYCR7_A,CROCKETT CROC10_RCKYCR7 A (LN/CSWS/EES),,11:25,-2000.0,
07/10/2024,,454323.0,MET34009_GAINES_TB2_TB2,GAINES TB2 TB2 (XF/CONS/*),CAMPBELL-TALLMADGE 345 (358),11:25,-19.95,
07/10/2024,,454777.0,ALWMEC38_GALENA_GALEN8TH_S16_1_1,GALENA GALEN8TH_S16_1 1 (LN/DPC/ALTW),MORGAN VALLEY - TIFFIN 345,11:30,-2000.0,
07/10/2024,,350944.0,ALWMEC38_ROSEHOLW_ROSEHBERTR16_1_1,ROSEHOLW ROSEHBERTR16_1 1 (LN/ALTW/ALTW),MORGAN VALLEY - TIFFIN 345,11:30,-2000.0,
07/10/2024,,412120.0,BASE_7MILECRK_X-159_1,7MILECRK X-159 1 (LN/ALTE/ALTE),,11:30,-148.87,
07/10/2024,,454662.0,BASE_CROCKETT_CROC10_RCKYCR7_A,CROCKETT CROC10_RCKYCR7 A (LN/CSWS/EES),,11:30,-2000.0,
07/10/2024,,454777.0,ALWMEC38_GALENA_GALEN8TH_S16_1_1,GALENA GALEN8TH_S16_1 1 (LN/DPC/ALTW),MORGAN VALLEY - TIFFIN 345,11:35,-2000.0,
07/10/2024,,350944.0,ALWMEC38_ROSEHOLW_ROSEHBERTR16_1_1,ROSEHOLW ROSEHBERTR16_1 1 (LN/ALTW/ALTW),MORGAN VALLEY - TIFFIN 345,11:35,-2000.0,
07/10/2024,,412120.0,BASE_7MILECRK_X-159_1,7MILECRK X-159 1 (LN/ALTE/ALTE),,11:35,-153.52,
07/10/2024,,454662.0,BASE_CROCKETT_CROC10_RCKYCR7_A,CROCKETT CROC10_RCKYCR7 A (LN/CSWS/EES),,11:35,-2000.0,
07/10/2024,,286372.0,ITC34066_MONROE4_MONRONSTAR12_1_1,MONROE4 MONRONSTAR12_1 1 (LN/DECO/DECO),MONROE-BROWNSTOWN 345 #2,11:35,-1000.0,
07/10/2024,,454777.0,ALWMEC38_GALENA_GALEN8TH_S16_1_1,GALENA GALEN8TH_S16_1 1 (LN/DPC/ALTW),MORGAN VALLEY - TIFFIN 345,11:40,-2000.0,
07/10/2024,,350944.0,ALWMEC38_ROSEHOLW_ROSEHBERTR16_1_1,ROSEHOLW ROSEHBERTR16_1 1 (LN/ALTW/ALTW),MORGAN VALLEY - TIFFIN 345,11:40,-2000.0,
07/10/2024,,412120.0,BASE_7MILECRK_X-159_1,7MILECRK X-159 1 (LN/ALTE/ALTE),,11:40,-204.68,
07/10/2024,,454662.0,BASE_CROCKETT_CROC10_RCKYCR7_A,CROCKETT CROC10_RCKYCR7 A (LN/CSWS/EES),,11:40,-2000.0,
07/10/2024,,454379.0,IPL34X08_HANNAIPL_132-30_1,HANNAIPL 132-30 1 (LN/IPL/IPL),STOUT 345/138 TR,11:40,-149.01,
07/10/2024,,454323.0,MET34009_GAINES_TB2_TB2,GAINES TB2 TB2 (XF/CONS/*),CAMPBELL-TALLMADGE 345 (358),11:40,-36.26,
07/10/2024,,454777.0,ALWMEC38_GALENA_GALEN8TH_S16_1_1,GALENA GALEN8TH_S16_1 1 (LN/DPC/ALTW),MORGAN VALLEY - TIFFIN 345,11:45,-2000.0,
07/10/2024,,350944.0,ALWMEC38_ROSEHOLW_ROSEHBERTR16_1_1,ROSEHOLW ROSEHBERTR16_1 1 (LN/ALTW/ALTW),MORGAN VALLEY - TIFFIN 345,11:45,-2000.0,
07/10/2024,,412120.0,BASE_7MILECRK_X-159_1,7MILECRK X-159 1 (LN/ALTE/ALTE),,11:45,-206.79,
07/10/2024,,454662.0,BASE_CROCKETT_CROC10_RCKYCR7_A,CROCKETT CROC10_RCKYCR7 A (LN/CSWS/EES),,11:45,-2000.0,
07/10/2024,,454379.0,IPL34X08_HANNAIPL_132-30_1,HANNAIPL 132-30 1 (LN/IPL/IPL),STOUT 345/138 TR,11:45,-135.76,
07/10/2024,,286372.0,ITC34066_MONROE4_MONRONSTAR12_1_1,MONROE4 MONRONSTAR12_1 1 (LN/DECO/DECO),MONROE-BROWNSTOWN 345 #2,11:45,-221.81,
07/10/2024,,454323.0,MET34009_GAINES_TB2_TB2,GAINES TB2 TB2 (XF/CONS/*),CAMPBELL-TALLMADGE 345 (358),11:45,-18.55,
07/10/2024,,454777.0,ALWMEC38_GALENA_GALEN8TH_S16_1_1,GALENA GALEN8TH_S16_1 1 (LN/DPC/ALTW),MORGAN VALLEY - TIFFIN 345,11:50,-2000.0,
07/10/2024,,350944.0,ALWMEC38_ROSEHOLW_ROSEHBERTR16_1_1,ROSEHOLW ROSEHBERTR16_1 1 (LN/ALTW/ALTW),MORGAN VALLEY - TIFFIN 345,11:50,-2000.0,
07/10/2024,,412120.0,BASE_7MILECRK_X-159_1,7MILECRK X-159 1 (LN/ALTE/ALTE),,11:50,-262.34000000000003,
07/10/2024,,454662.0,BASE_CROCKETT_CROC10_RCKYCR7_A,CROCKETT CROC10_RCKYCR7 A (LN/CSWS/EES),,11:50,-2000.0,
07/10/2024,,454379.0,IPL34X08_HANNAIPL_132-30_1,HANNAIPL 132-30 1 (LN/IPL/IPL),STOUT 345/138 TR,11:50,-102.1,
07/10/2024,,286372.0,ITC34066_MONROE4_MONRONSTAR12_1_1,MONROE4 MONRONSTAR12_1 1 (LN/DECO/DECO),MONROE-BROWNSTOWN 345 #2,11:50,-1000.0,
07/10/2024,,454323.0,MET34009_GAINES_TB2_TB2,GAINES TB2 TB2 (XF/CONS/*),CAMPBELL-TALLMADGE 345 (358),11:50,-129.27,
07/10/2024,,454777.0,ALWMEC38_GALENA_GALEN8TH_S16_1_1,GALENA GALEN8TH_S16_1 1 (LN/DPC/ALTW),MORGAN VALLEY - TIFFIN 345,11:55,-2000.0,
07/10/2024,,350944.0,ALWMEC38_ROSEHOLW_ROSEHBERTR16_1_1,ROSEHOLW ROSEHBERTR16_1 1 (LN/ALTW/ALTW),MORGAN VALLEY - TIFFIN 345,11:55,-2000.0,
07/10/2024,,412120.0,BASE_7MILECRK_X-159_1,7MILECRK X-159 1 (LN/ALTE/ALTE),,11:55,-281.7,
07/10/2024,,454662.0,BASE_CROCKETT_CROC10_RCKYCR7_A,CROCKETT CROC10_RCKYCR7 A (LN/CSWS/EES),,11:55,-2000.0,
07/10/2024,,454379.0,IPL34X08_HANNAIPL_132-30_1,HANNAIPL 132-30 1 (LN/IPL/IPL),STOUT 345/138 TR,11:55,-170.12,
07/10/2024,,286372.0,ITC34066_MONROE4_MONRONSTAR12_1_1,MONROE4 MONRONSTAR12_1 1 (LN/DECO/DECO),MONROE-BROWNSTOWN 345 #2,11:55,-1000.0,
07/10/2024,,454323.0,MET34009_GAINES_TB2_TB2,GAINES TB2 TB2 (XF/CONS/*),CAMPBELL-TALLMADGE 345 (358),11:55,-198.39,
07/10/2024,,454777.0,ALWMEC38_GALENA_GALEN8TH_S16_1_1,GALENA GALEN8TH_S16_1 1 (LN/DPC/ALTW),MORGAN VALLEY - TIFFIN 345,12:00,-2000.0,
07/10/2024,,350944.0,ALWMEC38_ROSEHOLW_ROSEHBERTR16_1_1,ROSEHOLW ROSEHBERTR16_1 1 (LN/ALTW/ALTW),MORGAN VALLEY - TIFFIN 345,12:00,-2000.0,
07/10/2024,,412120.0,BASE_7MILECRK_X-159_1,7MILECRK X-159 1 (LN/ALTE/ALTE),,12:00,-157.26,
07/10/2024,,454662.0,BASE_CROCKETT_CROC10_RCKYCR7_A,CROCKETT CROC10_RCKYCR7 A (LN/CSWS/EES),,12:00,-2000.0,
07/10/2024,,454379.0,IPL34X08_HANNAIPL_132-30_1,HANNAIPL 132-30 1 (LN/IPL/IPL),STOUT 345/138 TR,12:00,-18.51,
07/10/2024,,286372.0,ITC34066_MONROE4_MONRONSTAR12_1_1,MONROE4 MONRONSTAR12_1 1 (LN/DECO/DECO),MONROE-BROWNSTOWN 345 #2,12:00,-1000.0,
07/10/2024,,454323.0,MET34009_GAINES_TB2_TB2,GAINES TB2 TB2 (XF/CONS/*),CAMPBELL-TALLMADGE 345 (358),12:00,-37.44,
07/10/2024,,454777.0,ALWMEC38_GALENA_GALEN8TH_S16_1_1,GALENA GALEN8TH_S16_1 1 (LN/DPC/ALTW),MORGAN VALLEY - TIFFIN 345,12:05,-2000.0,
07/10/2024,,350944.0,ALWMEC38_ROSEHOLW_ROSEHBERTR16_1_1,ROSEHOLW ROSEHBERTR16_1 1 (LN/ALTW/ALTW),MORGAN VALLEY - TIFFIN 345,12:05,-2000.0,
07/10/2024,,412120.0,BASE_7MILECRK_X-159_1,7MILECRK X-159 1 (LN/ALTE/ALTE),,12:05,-161.44,
07/10/2024,,454664.0,BASE_CROCKETT_CROC10_RCKYCR7_A,CROCKETT CROC10_RCKYCR7 A (LN/CSWS/EES),,12:05,-2000.0,
07/10/2024,,454662.0,BASE_CROCKETT_CROC10_RCKYCR7_A,CROCKETT CROC10_RCKYCR7 A (LN/CSWS/EES),,12:05,-2000.0,
07/10/2024,,454379.0,IPL34X08_HANNAIPL_132-30_1,HANNAIPL 132-30 1 (LN/IPL/IPL),STOUT 345/138 TR,12:05,-29.72,
07/10/2024,,286372.0,ITC34066_MONROE4_MONRONSTAR12_1_1,MONROE4 MONRONSTAR12_1 1 (LN/DECO/DECO),MONROE-BROWNSTOWN 345 #2,12:05,-1000.0,
07/10/2024,,454777.0,ALWMEC38_GALENA_GALEN8TH_S16_1_1,GALENA GALEN8TH_S16_1 1 (LN/DPC/ALTW),MORGAN VALLEY - TIFFIN 345,12:10,-2000.0,
07/10/2024,,350944.0,ALWMEC38_ROSEHOLW_ROSEHBERTR16_1_1,ROSEHOLW ROSEHBERTR16_1 1 (LN/ALTW/ALTW),MORGAN VALLEY - TIFFIN 345,12:10,-2000.0,
07/10/2024,,412120.0,BASE_7MILECRK_X-159_1,7MILECRK X-159 1 (LN/ALTE/ALTE),,12:10,-173.73,
07/10/2024,,454662.0,BASE_CROCKETT_CROC10_RCKYCR7_A,CROCKETT CROC10_RCKYCR7 A (LN/CSWS/EES),,12:10,-2000.0,
07/10/2024,,454664.0,BASE_CROCKETT_CROC10_RCKYCR7_A,CROCKETT CROC10_RCKYCR7 A (LN/CSWS/EES),,12:10,-2000.0,
07/10/2024,,454379.0,IPL34X08_HANNAIPL_132-30_1,HANNAIPL 132-30 1 (LN/IPL/IPL),STOUT 345/138 TR,12:10,-50.8,
07/10/2024,,454777.0,ALWMEC38_GALENA_GALEN8TH_S16_1_1,GALENA GALEN8TH_S16_1 1 (LN/DPC/ALTW),MORGAN VALLEY - TIFFIN 345,12:15,-2000.0,
07/10/2024,,350944.0,ALWMEC38_ROSEHOLW_ROSEHBERTR16_1_1,ROSEHOLW ROSEHBERTR16_1 1 (LN/ALTW/ALTW),MORGAN VALLEY - TIFFIN 345,12:15,-2000.0,
07/10/2024,,412120.0,BASE_7MILECRK_X-159_1,7MILECRK X-159 1 (LN/ALTE/ALTE),,12:15,-176.85,
07/10/2024,,454664.0,BASE_CROCKETT_CROC10_RCKYCR7_A,CROCKETT CROC10_RCKYCR7 A (LN/CSWS/EES),,12:15,-2000.0,
07/10/2024,,454662.0,BASE_CROCKETT_CROC10_RCKYCR7_A,CROCKETT CROC10_RCKYCR7 A (LN/CSWS/EES),,12:15,-2000.0,
07/10/2024,,454323.0,MET34009_GAINES_TB2_TB2,GAINES TB2 TB2 (XF/CONS/*),CAMPBELL-TALLMADGE 345 (358),12:15,-70.61,
07/10/2024,,454777.0,ALWMEC38_GALENA_GALEN8TH_S16_1_1,GALENA GALEN8TH_S16_1 1 (LN/DPC/ALTW),MORGAN VALLEY - TIFFIN 345,12:20,-2000.0,
07/10/2024,,350944.0,ALWMEC38_ROSEHOLW_ROSEHBERTR16_1_1,ROSEHOLW ROSEHBERTR16_1 1 (LN/ALTW/ALTW),MORGAN VALLEY - TIFFIN 345,12:20,-2000.0,
07/10/2024,,412120.0,BASE_7MILECRK_X-159_1,7MILECRK X-159 1 (LN/ALTE/ALTE),,12:20,-171.11,
07/10/2024,,454664.0,BASE_CROCKETT_CROC10_RCKYCR7_A,CROCKETT CROC10_RCKYCR7 A (LN/CSWS/EES),,12:20,-2000.0,
07/10/2024,,454662.0,BASE_CROCKETT_CROC10_RCKYCR7_A,CROCKETT CROC10_RCKYCR7 A (LN/CSWS/EES),,12:20,-2000.0,
07/10/2024,,454323.0,MET34009_GAINES_TB2_TB2,GAINES TB2 TB2 (XF/CONS/*),CAMPBELL-TALLMADGE 345 (358),12:20,-45.34,
07/10/2024,,454777.0,ALWMEC38_GALENA_GALEN8TH_S16_1_1,GALENA GALEN8TH_S16_1 1 (LN/DPC/ALTW),MORGAN VALLEY - TIFFIN 345,12:25,-2000.0,
07/10/2024,,350944.0,ALWMEC38_ROSEHOLW_ROSEHBERTR16_1_1,ROSEHOLW ROSEHBERTR16_1 1 (LN/ALTW/ALTW),MORGAN VALLEY - TIFFIN 345,12:25,-2000.0,
07/10/2024,,412120.0,BASE_7MILECRK_X-159_1,7MILECRK X-159 1 (LN/ALTE/ALTE),,12:25,-249.42,
07/10/2024,,454662.0,BASE_CROCKETT_CROC10_RCKYCR7_A,CROCKETT CROC10_RCKYCR7 A (LN/CSWS/EES),,12:25,-2000.0,
07/10/2024,,454664.0,BASE_CROCKETT_CROC10_RCKYCR7_A,CROCKETT CROC10_RCKYCR7 A (LN/CSWS/EES),,12:25,-2000.0,
07/10/2024,,272376.0,EE50136_DELHI_E_DELHI__TALULA3_A,DELHI_E DELHI__TALULA3 A (LN/EES/EES),BAXTER WILSON - PERRYVILLE 500,12:25,-77.78,
07/10/2024,,286372.0,ITC34066_MONROE4_MONRONSTAR12_1_1,MONROE4 MONRONSTAR12_1 1 (LN/DECO/DECO),MONROE-BROWNSTOWN 345 #2,12:25,-1000.0,
07/10/2024,,454323.0,MET34009_GAINES_TB2_TB2,GAINES TB2 TB2 (XF/CONS/*),CAMPBELL-TALLMADGE 345 (358),12:25,-101.4,
07/10/2024,,3781.0,ALEDPC09_GLN_HVN8_NED69GLN1_NE,GLN_HVN8 NED69GLN1 NE (LN/ALTE/ALTE),NELSON DEWEY 161/138 T91,12:30,-500.0,
07/10/2024,,454777.0,ALWMEC38_GALENA_GALEN8TH_S16_1_1,GALENA GALEN8TH_S16_1 1 (LN/DPC/ALTW),MORGAN VALLEY - TIFFIN 345,12:30,-2000.0,
07/10/2024,,350944.0,ALWMEC38_ROSEHOLW_ROSEHBERTR16_1_1,ROSEHOLW ROSEHBERTR16_1 1 (LN/ALTW/ALTW),MORGAN VALLEY - TIFFIN 345,12:30,-2000.0,
07/10/2024,,412120.0,BASE_7MILECRK_X-159_1,7MILECRK X-159 1 (LN/ALTE/ALTE),,12:30,-249.63,
07/10/2024,,454664.0,BASE_CROCKETT_CROC10_RCKYCR7_A,CROCKETT CROC10_RCKYCR7 A (LN/CSWS/EES),,12:30,-18.48,
07/10/2024,,454662.0,BASE_CROCKETT_CROC10_RCKYCR7_A,CROCKETT CROC10_RCKYCR7 A (LN/CSWS/EES),,12:30,-18.48,
07/10/2024,,272376.0,EE50136_DELHI_E_DELHI__TALULA3_A,DELHI_E DELHI__TALULA3 A (LN/EES/EES),BAXTER WILSON - PERRYVILLE 500,12:30,-7.53,
07/10/2024,,286372.0,ITC34066_MONROE4_MONRONSTAR12_1_1,MONROE4 MONRONSTAR12_1 1 (LN/DECO/DECO),MONROE-BROWNSTOWN 345 #2,12:30,-1000.0,
07/10/2024,,454323.0,MET34009_GAINES_TB2_TB2,GAINES TB2 TB2 (XF/CONS/*),CAMPBELL-TALLMADGE 345 (358),12:30,-94.41,
07/10/2024,,3781.0,ALEDPC09_GLN_HVN8_NED69GLN1_NE,GLN_HVN8 NED69GLN1 NE (LN/ALTE/ALTE),NELSON DEWEY 161/138 T91,12:35,-500.0,
07/10/2024,,454777.0,ALWMEC38_GALENA_GALEN8TH_S16_1_1,GALENA GALEN8TH_S16_1 1 (LN/DPC/ALTW),MORGAN VALLEY - TIFFIN 345,12:35,-2000.0,
07/10/2024,,350944.0,ALWMEC38_ROSEHOLW_ROSEHBERTR16_1_1,ROSEHOLW ROSEHBERTR16_1 1 (LN/ALTW/ALTW),MORGAN VALLEY - TIFFIN 345,12:35,-2000.0,
07/10/2024,,412120.0,BASE_7MILECRK_X-159_1,7MILECRK X-159 1 (LN/ALTE/ALTE),,12:35,-254.73,
07/10/2024,,454662.0,BASE_CROCKETT_CROC10_RCKYCR7_A,CROCKETT CROC10_RCKYCR7 A (LN/CSWS/EES),,12:35,-19.46,
07/10/2024,,454664.0,BASE_CROCKETT_CROC10_RCKYCR7_A,CROCKETT CROC10_RCKYCR7 A (LN/CSWS/EES),,12:35,-19.46,
07/10/2024,,454379.0,IPL34X08_HANNAIPL_132-30_1,HANNAIPL 132-30 1 (LN/IPL/IPL),STOUT 345/138 TR,12:35,-69.34,
07/10/2024,,286372.0,ITC34066_MONROE4_MONRONSTAR12_1_1,MONROE4 MONRONSTAR12_1 1 (LN/DECO/DECO),MONROE-BROWNSTOWN 345 #2,12:35,-700.0,
07/10/2024,,454323.0,MET34009_GAINES_TB2_TB2,GAINES TB2 TB2 (XF/CONS/*),CAMPBELL-TALLMADGE 345 (358),12:35,-102.92,
07/10/2024,,3781.0,ALEDPC09_GLN_HVN8_NED69GLN1_NE,GLN_HVN8 NED69GLN1 NE (LN/ALTE/ALTE),NELSON DEWEY 161/138 T91,12:40,-500.0,
07/10/2024,,454777.0,ALWMEC38_GALENA_GALEN8TH_S16_1_1,GALENA GALEN8TH_S16_1 1 (LN/DPC/ALTW),MORGAN VALLEY - TIFFIN 345,12:40,-2000.0,
07/10/2024,,350944.0,ALWMEC38_ROSEHOLW_ROSEHBERTR16_1_1,ROSEHOLW ROSEHBERTR16_1 1 (LN/ALTW/ALTW),MORGAN VALLEY - TIFFIN 345,12:40,-2000.0,
07/10/2024,,412120.0,BASE_7MILECRK_X-159_1,7MILECRK X-159 1 (LN/ALTE/ALTE),,12:40,-254.75,
07/10/2024,,454664.0,BASE_CROCKETT_CROC10_RCKYCR7_A,CROCKETT CROC10_RCKYCR7 A (LN/CSWS/EES),,12:40,-19.26,
07/10/2024,,454662.0,BASE_CROCKETT_CROC10_RCKYCR7_A,CROCKETT CROC10_RCKYCR7 A (LN/CSWS/EES),,12:40,-19.26,
07/10/2024,,272376.0,EE50136_DELHI_E_DELHI__TALULA3_A,DELHI_E DELHI__TALULA3 A (LN/EES/EES),BAXTER WILSON - PERRYVILLE 500,12:40,-44.62,
07/10/2024,,454379.0,IPL34X08_HANNAIPL_132-30_1,HANNAIPL 132-30 1 (LN/IPL/IPL),STOUT 345/138 TR,12:40,-54.16,
07/10/2024,,454323.0,MET34009_GAINES_TB2_TB2,GAINES TB2 TB2 (XF/CONS/*),CAMPBELL-TALLMADGE 345 (358),12:40,-103.07,
07/10/2024,,3781.0,ALEDPC09_GLN_HVN8_NED69GLN1_NE,GLN_HVN8 NED69GLN1 NE (LN/ALTE/ALTE),NELSON DEWEY 161/138 T91,12:45,-500.0,
07/10/2024,,454777.0,ALWMEC38_GALENA_GALEN8TH_S16_1_1,GALENA GALEN8TH_S16_1 1 (LN/DPC/ALTW),MORGAN VALLEY - TIFFIN 345,12:45,-2000.0,
07/10/2024,,350944.0,ALWMEC38_ROSEHOLW_ROSEHBERTR16_1_1,ROSEHOLW ROSEHBERTR16_1 1 (LN/ALTW/ALTW),MORGAN VALLEY - TIFFIN 345,12:45,-2000.0,
07/10/2024,,412120.0,BASE_7MILECRK_X-159_1,7MILECRK X-159 1 (LN/ALTE/ALTE),,12:45,-295.39,
07/10/2024,,454664.0,BASE_CROCKETT_CROC10_RCKYCR7_A,CROCKETT CROC10_RCKYCR7 A (LN/CSWS/EES),,12:45,-12.8,
07/10/2024,,454662.0,BASE_CROCKETT_CROC10_RCKYCR7_A,CROCKETT CROC10_RCKYCR7 A (LN/CSWS/EES),,12:45,-12.8,
07/10/2024,,272376.0,EE50136_DELHI_E_DELHI__TALULA3_A,DELHI_E DELHI__TALULA3 A (LN/EES/EES),BAXTER WILSON - PERRYVILLE 500,12:45,-95.11,
07/10/2024,,286372.0,ITC34066_MONROE4_MONRONSTAR12_1_1,MONROE4 MONRONSTAR12_1 1 (LN/DECO/DECO),MONROE-BROWNSTOWN 345 #2,12:45,-700.0,
07/10/2024,,454323.0,MET34009_GAINES_TB2_TB2,GAINES TB2 TB2 (XF/CONS/*),CAMPBELL-TALLMADGE 345 (358),12:45,-229.77,
07/10/2024,,3781.0,ALEDPC09_GLN_HVN8_NED69GLN1_NE,GLN_HVN8 NED69GLN1 NE (LN/ALTE/ALTE),NELSON DEWEY 161/138 T91,12:50,-500.0,
07/10/2024,,454777.0,ALWMEC38_GALENA_GALEN8TH_S16_1_1,GALENA GALEN8TH_S16_1 1 (LN/DPC/ALTW),MORGAN VALLEY - TIFFIN 345,12:50,-2000.0,
07/10/2024,,350944.0,ALWMEC38_ROSEHOLW_ROSEHBERTR16_1_1,ROSEHOLW ROSEHBERTR16_1 1 (LN/ALTW/ALTW),MORGAN VALLEY - TIFFIN 345,12:50,-2000.0,
07/10/2024,,412120.0,BASE_7MILECRK_X-159_1,7MILECRK X-159 1 (LN/ALTE/ALTE),,12:50,-243.88,
07/10/2024,,454664.0,BASE_CROCKETT_CROC10_RCKYCR7_A,CROCKETT CROC10_RCKYCR7 A (LN/CSWS/EES),,12:50,-19.22,
07/10/2024,,454662.0,BASE_CROCKETT_CROC10_RCKYCR7_A,CROCKETT CROC10_RCKYCR7 A (LN/CSWS/EES),,12:50,-19.22,
07/10/2024,,272376.0,EE50136_DELHI_E_DELHI__TALULA3_A,DELHI_E DELHI__TALULA3 A (LN/EES/EES),BAXTER WILSON - PERRYVILLE 500,12:50,-59.97,
07/10/2024,,454323.0,MET34009_GAINES_TB2_TB2,GAINES TB2 TB2 (XF/CONS/*),CAMPBELL-TALLMADGE 345 (358),12:50,-94.71,
07/10/2024,,3781.0,ALEDPC09_GLN_HVN8_NED69GLN1_NE,GLN_HVN8 NED69GLN1 NE (LN/ALTE/ALTE),NELSON DEWEY 161/138 T91,12:55,-500.0,
07/10/2024,,454777.0,ALWMEC38_GALENA_GALEN8TH_S16_1_1,GALENA GALEN8TH_S16_1 1 (LN/DPC/ALTW),MORGAN VALLEY - TIFFIN 345,12:55,-2000.0,
07/10/2024,,350944.0,ALWMEC38_ROSEHOLW_ROSEHBERTR16_1_1,ROSEHOLW ROSEHBERTR16_1 1 (LN/ALTW/ALTW),MORGAN VALLEY - TIFFIN 345,12:55,-2000.0,
07/10/2024,,412120.0,BASE_7MILECRK_X-159_1,7MILECRK X-159 1 (LN/ALTE/ALTE),,12:55,-257.35,
07/10/2024,,454664.0,BASE_CROCKETT_CROC10_RCKYCR7_A,CROCKETT CROC10_RCKYCR7 A (LN/CSWS/EES),,12:55,-40.79,
07/10/2024,,454662.0,BASE_CROCKETT_CROC10_RCKYCR7_A,CROCKETT CROC10_RCKYCR7 A (LN/CSWS/EES),,12:55,-40.79,
07/10/2024,,272376.0,EE50136_DELHI_E_DELHI__TALULA3_A,DELHI_E DELHI__TALULA3 A (LN/EES/EES),BAXTER WILSON - PERRYVILLE 500,12:55,-331.35,
07/10/2024,,454379.0,IPL34X08_HANNAIPL_132-30_1,HANNAIPL 132-30 1 (LN/IPL/IPL),STOUT 345/138 TR,12:55,-425.38,
07/10/2024,,454323.0,MET34009_GAINES_TB2_TB2,GAINES TB2 TB2 (XF/CONS/*),CAMPBELL-TALLMADGE 345 (358),12:55,-314.19,
07/10/2024,28773.0,132182.0,QUADCITY_SUB_91_345_kV_FLO_CORDOVA_SUB_39_345_kV,QUADCITY QUAD_SUB_934_1 1 (LN/CE/MEC),CORDOVA - SUB 39 345,12:55,-2000.0,
07/10/2024,,3781.0,ALEDPC09_GLN_HVN8_NED69GLN1_NE,GLN_HVN8 NED69GLN1 NE (LN/ALTE/ALTE),NELSON DEWEY 161/138 T91,13:00,-500.0,
07/10/2024,,454777.0,ALWMEC38_GALENA_GALEN8TH_S16_1_1,GALENA GALEN8TH_S16_1 1 (LN/DPC/ALTW),MORGAN VALLEY - TIFFIN 345,13:00,-2000.0,
07/10/2024,,350944.0,ALWMEC38_ROSEHOLW_ROSEHBERTR16_1_1,ROSEHOLW ROSEHBERTR16_1 1 (LN/ALTW/ALTW),MORGAN VALLEY - TIFFIN 345,13:00,-2000.0,
07/10/2024,,412120.0,BASE_7MILECRK_X-159_1,7MILECRK X-159 1 (LN/ALTE/ALTE),,13:00,-157.58,
07/10/2024,,454662.0,BASE_CROCKETT_CROC10_RCKYCR7_A,CROCKETT CROC10_RCKYCR7 A (LN/CSWS/EES),,13:00,-20.8,
07/10/2024,,454664.0,BASE_CROCKETT_CROC10_RCKYCR7_A,CROCKETT CROC10_RCKYCR7 A (LN/CSWS/EES),,13:00,-20.8,
07/10/2024,,272376.0,EE50136_DELHI_E_DELHI__TALULA3_A,DELHI_E DELHI__TALULA3 A (LN/EES/EES),BAXTER WILSON - PERRYVILLE 500,13:00,-185.81,
07/10/2024,,454379.0,IPL34X08_HANNAIPL_132-30_1,HANNAIPL 132-30 1 (LN/IPL/IPL),STOUT 345/138 TR,13:00,-37.83,
07/10/2024,,286372.0,ITC34066_MONROE4_MONRONSTAR12_1_1,MONROE4 MONRONSTAR12_1 1 (LN/DECO/DECO),MONROE-BROWNSTOWN 345 #2,13:00,-700.0,
07/10/2024,,454323.0,MET34009_GAINES_TB2_TB2,GAINES TB2 TB2 (XF/CONS/*),CAMPBELL-TALLMADGE 345 (358),13:00,-47.97,
07/10/2024,28773.0,132182.0,QUADCITY_SUB_91_345_kV_FLO_CORDOVA_SUB_39_345_kV,QUADCITY QUAD_SUB_934_1 1 (LN/CE/MEC),CORDOVA - SUB 39 345,13:00,-418.7,
07/10/2024,,3781.0,ALEDPC09_GLN_HVN8_NED69GLN1_NE,GLN_HVN8 NED69GLN1 NE (LN/ALTE/ALTE),NELSON DEWEY 161/138 T91,13:05,-500.0,
07/10/2024,,454777.0,ALWMEC38_GALENA_GALEN8TH_S16_1_1,GALENA GALEN8TH_S16_1 1 (LN/DPC/ALTW),MORGAN VALLEY - TIFFIN 345,13:05,-2000.0,
07/10/2024,,350944.0,ALWMEC38_ROSEHOLW_ROSEHBERTR16_1_1,ROSEHOLW ROSEHBERTR16_1 1 (LN/ALTW/ALTW),MORGAN VALLEY - TIFFIN 345,13:05,-2000.0,
07/10/2024,,412120.0,BASE_7MILECRK_X-159_1,7MILECRK X-159 1 (LN/ALTE/ALTE),,13:05,-155.81,
07/10/2024,,454662.0,BASE_CROCKETT_CROC10_RCKYCR7_A,CROCKETT CROC10_RCKYCR7 A (LN/CSWS/EES),,13:05,-23.84,
07/10/2024,,454664.0,BASE_CROCKETT_CROC10_RCKYCR7_A,CROCKETT CROC10_RCKYCR7 A (LN/CSWS/EES),,13:05,-23.84,
07/10/2024,,272376.0,EE50136_DELHI_E_DELHI__TALULA3_A,DELHI_E DELHI__TALULA3 A (LN/EES/EES),BAXTER WILSON - PERRYVILLE 500,13:05,-187.65,
07/10/2024,,454379.0,IPL34X08_HANNAIPL_132-30_1,HANNAIPL 132-30 1 (LN/IPL/IPL),STOUT 345/138 TR,13:05,-51.24,
07/10/2024,,454323.0,MET34009_GAINES_TB2_TB2,GAINES TB2 TB2 (XF/CONS/*),CAMPBELL-TALLMADGE 345 (358),13:05,-36.71,
07/10/2024,28773.0,132182.0,QUADCITY_SUB_91_345_kV_FLO_CORDOVA_SUB_39_345_kV,QUADCITY QUAD_SUB_934_1 1 (LN/CE/MEC),CORDOVA - SUB 39 345,13:05,-738.69,
07/10/2024,,3781.0,ALEDPC09_GLN_HVN8_NED69GLN1_NE,GLN_HVN8 NED69GLN1 NE (LN/ALTE/ALTE),NELSON DEWEY 161/138 T91,13:10,-400.0,
07/10/2024,,454777.0,ALWMEC38_GALENA_GALEN8TH_S16_1_1,GALENA GALEN8TH_S16_1 1 (LN/DPC/ALTW),MORGAN VALLEY - TIFFIN 345,13:10,-2000.0,
07/10/2024,,350944.0,ALWMEC38_ROSEHOLW_ROSEHBERTR16_1_1,ROSEHOLW ROSEHBERTR16_1 1 (LN/ALTW/ALTW),MORGAN VALLEY - TIFFIN 345,13:10,-2000.0,
07/10/2024,,412120.0,BASE_7MILECRK_X-159_1,7MILECRK X-159 1 (LN/ALTE/ALTE),,13:10,-145.71,
07/10/2024,,454664.0,BASE_CROCKETT_CROC10_RCKYCR7_A,CROCKETT CROC10_RCKYCR7 A (LN/CSWS/EES),,13:10,-18.79,
07/10/2024,,454662.0,BASE_CROCKETT_CROC10_RCKYCR7_A,CROCKETT CROC10_RCKYCR7 A (LN/CSWS/EES),,13:10,-18.79,
07/10/2024,,272376.0,EE50136_DELHI_E_DELHI__TALULA3_A,DELHI_E DELHI__TALULA3 A (LN/EES/EES),BAXTER WILSON - PERRYVILLE 500,13:10,-11.57,
07/10/2024,,454323.0,MET34009_GAINES_TB2_TB2,GAINES TB2 TB2 (XF/CONS/*),CAMPBELL-TALLMADGE 345 (358),13:10,-14.45,
07/10/2024,28773.0,132182.0,QUADCITY_SUB_91_345_kV_FLO_CORDOVA_SUB_39_345_kV,QUADCITY QUAD_SUB_934_1 1 (LN/CE/MEC),CORDOVA - SUB 39 345,13:10,-181.15,
07/10/2024,,454777.0,ALWMEC38_GALENA_GALEN8TH_S16_1_1,GALENA GALEN8TH_S16_1 1 (LN/DPC/ALTW),MORGAN VALLEY - TIFFIN 345,13:15,-858.36,
07/10/2024,,350944.0,ALWMEC38_ROSEHOLW_ROSEHBERTR16_1_1,ROSEHOLW ROSEHBERTR16_1 1 (LN/ALTW/ALTW),MORGAN VALLEY - TIFFIN 345,13:15,-1000.0,
07/10/2024,,412120.0,BASE_7MILECRK_X-159_1,7MILECRK X-159 1 (LN/ALTE/ALTE),,13:15,-90.75,
07/10/2024,,454662.0,BASE_CROCKETT_CROC10_RCKYCR7_A,CROCKETT CROC10_RCKYCR7 A (LN/CSWS/EES),,13:15,-8.05,
07/10/2024,,454664.0,BASE_CROCKETT_CROC10_RCKYCR7_A,CROCKETT CROC10_RCKYCR7 A (LN/CSWS/EES),,13:15,-8.05,
07/10/2024,,272376.0,EE50136_DELHI_E_DELHI__TALULA3_A,DELHI_E DELHI__TALULA3 A (LN/EES/EES),BAXTER WILSON - PERRYVILLE 500,13:15,-108.93,
07/10/2024,,286372.0,ITC34066_MONROE4_MONRONSTAR12_1_1,MONROE4 MONRONSTAR12_1 1 (LN/DECO/DECO),MONROE-BROWNSTOWN 345 #2,13:15,-19.900000000000002,
07/10/2024,,454323.0,MET34009_GAINES_TB2_TB2,GAINES TB2 TB2 (XF/CONS/*),CAMPBELL-TALLMADGE 345 (358),13:15,-39.4,
07/10/2024,28773.0,132182.0,QUADCITY_SUB_91_345_kV_FLO_CORDOVA_SUB_39_345_kV,QUADCITY QUAD_SUB_934_1 1 (LN/CE/MEC),CORDOVA - SUB 39 345,13:15,-153.09,
07/10/2024,,350944.0,ALWMEC38_ROSEHOLW_ROSEHBERTR16_1_1,ROSEHOLW ROSEHBERTR16_1 1 (LN/ALTW/ALTW),MORGAN VALLEY - TIFFIN 345,13:20,-1000.0,
07/10/2024,,412120.0,BASE_7MILECRK_X-159_1,7MILECRK X-159 1 (LN/ALTE/ALTE),,13:20,-82.03,
07/10/2024,,272376.0,EE50136_DELHI_E_DELHI__TALULA3_A,DELHI_E DELHI__TALULA3 A (LN/EES/EES),BAXTER WILSON - PERRYVILLE 500,13:20,-73.85000000000001,
07/10/2024,,286372.0,ITC34066_MONROE4_MONRONSTAR12_1_1,MONROE4 MONRONSTAR12_1 1 (LN/DECO/DECO),MONROE-BROWNSTOWN 345 #2,13:20,-1000.0,
07/10/2024,,454323.0,MET34009_GAINES_TB2_TB2,GAINES TB2 TB2 (XF/CONS/*),CAMPBELL-TALLMADGE 345 (358),13:20,-50.41,
07/10/2024,,350944.0,ALWMEC38_ROSEHOLW_ROSEHBERTR16_1_1,ROSEHOLW ROSEHBERTR16_1 1 (LN/ALTW/ALTW),MORGAN VALLEY - TIFFIN 345,13:25,-470.85,
07/10/2024,,412120.0,BASE_7MILECRK_X-159_1,7MILECRK X-159 1 (LN/ALTE/ALTE),,13:25,-66.14,
07/10/2024,,272376.0,EE50136_DELHI_E_DELHI__TALULA3_A,DELHI_E DELHI__TALULA3 A (LN/EES/EES),BAXTER WILSON - PERRYVILLE 500,13:25,-105.83,
07/10/2024,,286372.0,ITC34066_MONROE4_MONRONSTAR12_1_1,MONROE4 MONRONSTAR12_1 1 (LN/DECO/DECO),MONROE-BROWNSTOWN 345 #2,13:25,-1000.0,
07/10/2024,,454323.0,MET34009_GAINES_TB2_TB2,GAINES TB2 TB2 (XF/CONS/*),CAMPBELL-TALLMADGE 345 (358),13:25,-60.74,
07/10/2024,1062.0,282072.0,ThomasHill_Adair161kV_flo_Palmyra_Spencer345kV,ADIR THLL_ADIR_1 A (LN/AMMO/AECI),SPENCER CREEK-MAYWOOD 345(4590),13:25,-262.39,
07/10/2024,,3781.0,ALEDPC09_GLN_HVN8_NED69GLN1_NE,GLN_HVN8 NED69GLN1 NE (LN/ALTE/ALTE),NELSON DEWEY 161/138 T91,13:30,-400.0,
07/10/2024,,454777.0,ALWMEC38_GALENA_GALEN8TH_S16_1_1,GALENA GALEN8TH_S16_1 1 (LN/DPC/ALTW),MORGAN VALLEY - TIFFIN 345,13:30,-1000.0,
07/10/2024,,350944.0,ALWMEC38_ROSEHOLW_ROSEHBERTR16_1_1,ROSEHOLW ROSEHBERTR16_1 1 (LN/ALTW/ALTW),MORGAN VALLEY - TIFFIN 345,13:30,-1000.0,
07/10/2024,,412120.0,BASE_7MILECRK_X-159_1,7MILECRK X-159 1 (LN/ALTE/ALTE),,13:30,-106.56,
07/10/2024,,454664.0,BASE_CROCKETT_CROC10_RCKYCR7_A,CROCKETT CROC10_RCKYCR7 A (LN/CSWS/EES),,13:30,-1000.0,
07/10/2024,,454662.0,BASE_CROCKETT_CROC10_RCKYCR7_A,CROCKETT CROC10_RCKYCR7 A (LN/CSWS/EES),,13:30,-1000.0,
07/10/2024,,272376.0,EE50136_DELHI_E_DELHI__TALULA3_A,DELHI_E DELHI__TALULA3 A (LN/EES/EES),BAXTER WILSON - PERRYVILLE 500,13:30,-89.35,
07/10/2024,,454379.0,IPL34X08_HANNAIPL_132-30_1,HANNAIPL 132-30 1 (LN/IPL/IPL),STOUT 345/138 TR,13:30,-15.45,
07/10/2024,,286372.0,ITC34066_MONROE4_MONRONSTAR12_1_1,MONROE4 MONRONSTAR12_1 1 (LN/DECO/DECO),MONROE-BROWNSTOWN 345 #2,13:30,-700.0,
07/10/2024,,454323.0,MET34009_GAINES_TB2_TB2,GAINES TB2 TB2 (XF/CONS/*),CAMPBELL-TALLMADGE 345 (358),13:30,-60.12,
07/10/2024,1062.0,282072.0,ThomasHill_Adair161kV_flo_Palmyra_Spencer345kV,ADIR THLL_ADIR_1 A (LN/AMMO/AECI),SPENCER CREEK-MAYWOOD 345(4590),13:30,-403.66,
07/10/2024,,412120.0,BASE_7MILECRK_X-159_1,7MILECRK X-159 1 (LN/ALTE/ALTE),,13:35,-62.96,
07/10/2024,,272376.0,EE50136_DELHI_E_DELHI__TALULA3_A,DELHI_E DELHI__TALULA3 A (LN/EES/EES),BAXTER WILSON - PERRYVILLE 500,13:35,-46.27,
07/10/2024,,454379.0,IPL34X08_HANNAIPL_132-30_1,HANNAIPL 132-30 1 (LN/IPL/IPL),STOUT 345/138 TR,13:35,-50.21,
07/10/2024,,286372.0,ITC34066_MONROE4_MONRONSTAR12_1_1,MONROE4 MONRONSTAR12_1 1 (LN/DECO/DECO),MONROE-BROWNSTOWN 345 #2,13:35,-197.47,
07/10/2024,,454323.0,MET34009_GAINES_TB2_TB2,GAINES TB2 TB2 (XF/CONS/*),CAMPBELL-TALLMADGE 345 (358),13:35,-106.45,
07/10/2024,1062.0,282072.0,ThomasHill_Adair161kV_flo_Palmyra_Spencer345kV,ADIR THLL_ADIR_1 A (LN/AMMO/AECI),SPENCER CREEK-MAYWOOD 345(4590),13:35,-415.98,
07/10/2024,,412120.0,BASE_7MILECRK_X-159_1,7MILECRK X-159 1 (LN/ALTE/ALTE),,13:40,-81.59,
07/10/2024,,272376.0,EE50136_DELHI_E_DELHI__TALULA3_A,DELHI_E DELHI__TALULA3 A (LN/EES/EES),BAXTER WILSON - PERRYVILLE 500,13:40,-52.62,
07/10/2024,,454379.0,IPL34X08_HANNAIPL_132-30_1,HANNAIPL 132-30 1 (LN/IPL/IPL),STOUT 345/138 TR,13:40,-67.76,
07/10/2024,,286372.0,ITC34066_MONROE4_MONRONSTAR12_1_1,MONROE4 MONRONSTAR12_1 1 (LN/DECO/DECO),MONROE-BROWNSTOWN 345 #2,13:40,-129.02,
07/10/2024,,454323.0,MET34009_GAINES_TB2_TB2,GAINES TB2 TB2 (XF/CONS/*),CAMPBELL-TALLMADGE 345 (358),13:40,-133.68,
07/10/2024,1062.0,282072.0,ThomasHill_Adair161kV_flo_Palmyra_Spencer345kV,ADIR THLL_ADIR_1 A (LN/AMMO/AECI),SPENCER CREEK-MAYWOOD 345(4590),13:40,-649.49,
07/10/2024,,412120.0,BASE_7MILECRK_X-159_1,7MILECRK X-159 1 (LN/ALTE/ALTE),,13:45,-116.53,
07/10/2024,,454664.0,BASE_CROCKETT_CROC10_RCKYCR7_A,CROCKETT CROC10_RCKYCR7 A (LN/CSWS/EES),,13:45,-19.56,
07/10/2024,,454662.0,BASE_CROCKETT_CROC10_RCKYCR7_A,CROCKETT CROC10_RCKYCR7 A (LN/CSWS/EES),,13:45,-19.56,
07/10/2024,,272376.0,EE50136_DELHI_E_DELHI__TALULA3_A,DELHI_E DELHI__TALULA3 A (LN/EES/EES),BAXTER WILSON - PERRYVILLE 500,13:45,-68.22,
07/10/2024,,454379.0,IPL34X08_HANNAIPL_132-30_1,HANNAIPL 132-30 1 (LN/IPL/IPL),STOUT 345/138 TR,13:45,-122.26,
07/10/2024,,286372.0,ITC34066_MONROE4_MONRONSTAR12_1_1,MONROE4 MONRONSTAR12_1 1 (LN/DECO/DECO),MONROE-BROWNSTOWN 345 #2,13:45,-230.3,
07/10/2024,,454323.0,MET34009_GAINES_TB2_TB2,GAINES TB2 TB2 (XF/CONS/*),CAMPBELL-TALLMADGE 345 (358),13:45,-206.7,
07/10/2024,1062.0,282072.0,ThomasHill_Adair161kV_flo_Palmyra_Spencer345kV,ADIR THLL_ADIR_1 A (LN/AMMO/AECI),SPENCER CREEK-MAYWOOD 345(4590),13:45,-1000.0,
07/10/2024,,412120.0,BASE_7MILECRK_X-159_1,7MILECRK X-159 1 (LN/ALTE/ALTE),,13:50,-83.3,
07/10/2024,,454662.0,BASE_CROCKETT_CROC10_RCKYCR7_A,CROCKETT CROC10_RCKYCR7 A (LN/CSWS/EES),,13:50,-4.82,
07/10/2024,,454664.0,BASE_CROCKETT_CROC10_RCKYCR7_A,CROCKETT CROC10_RCKYCR7 A (LN/CSWS/EES),,13:50,-4.82,
07/10/2024,,272376.0,EE50136_DELHI_E_DELHI__TALULA3_A,DELHI_E DELHI__TALULA3 A (LN/EES/EES),BAXTER WILSON - PERRYVILLE 500,13:50,-148.45000000000002,
07/10/2024,,454379.0,IPL34X08_HANNAIPL_132-30_1,HANNAIPL 132-30 1 (LN/IPL/IPL),STOUT 345/138 TR,13:50,-90.65,
07/10/2024,,454323.0,MET34009_GAINES_TB2_TB2,GAINES TB2 TB2 (XF/CONS/*),CAMPBELL-TALLMADGE 345 (358),13:50,-137.1,
07/10/2024,1062.0,282072.0,ThomasHill_Adair161kV_flo_Palmyra_Spencer345kV,ADIR THLL_ADIR_1 A (LN/AMMO/AECI),SPENCER CREEK-MAYWOOD 345(4590),13:50,-462.43,
07/10/2024,,412120.0,BASE_7MILECRK_X-159_1,7MILECRK X-159 1 (LN/ALTE/ALTE),,13:55,-66.81,
07/10/2024,,454664.0,BASE_CROCKETT_CROC10_RCKYCR7_A,CROCKETT CROC10_RCKYCR7 A (LN/CSWS/EES),,13:55,-5.59,
07/10/2024,,454662.0,BASE_CROCKETT_CROC10_RCKYCR7_A,CROCKETT CROC10_RCKYCR7 A (LN/CSWS/EES),,13:55,-5.59,
07/10/2024,,272376.0,EE50136_DELHI_E_DELHI__TALULA3_A,DELHI_E DELHI__TALULA3 A (LN/EES/EES),BAXTER WILSON - PERRYVILLE 500,13:55,-143.87,
07/10/2024,,454379.0,IPL34X08_HANNAIPL_132-30_1,HANNAIPL 132-30 1 (LN/IPL/IPL),STOUT 345/138 TR,13:55,-62.39,
07/10/2024,,286372.0,ITC34066_MONROE4_MONRONSTAR12_1_1,MONROE4 MONRONSTAR12_1 1 (LN/DECO/DECO),MONROE-BROWNSTOWN 345 #2,13:55,-110.44,
07/10/2024,,454323.0,MET34009_GAINES_TB2_TB2,GAINES TB2 TB2 (XF/CONS/*),CAMPBELL-TALLMADGE 345 (358),13:55,-111.78,
07/10/2024,1062.0,282072.0,ThomasHill_Adair161kV_flo_Palmyra_Spencer345kV,ADIR THLL_ADIR_1 A (LN/AMMO/AECI),SPENCER CREEK-MAYWOOD 345(4590),13:55,-238.27,
07/10/2024,,412120.0,BASE_7MILECRK_X-159_1,7MILECRK X-159 1 (LN/ALTE/ALTE),,14:00,-57.08,
07/10/2024,,454662.0,BASE_CROCKETT_CROC10_RCKYCR7_A,CROCKETT CROC10_RCKYCR7 A (LN/CSWS/EES),,14:00,-2.78,
07/10/2024,,454664.0,BASE_CROCKETT_CROC10_RCKYCR7_A,CROCKETT CROC10_RCKYCR7 A (LN/CSWS/EES),,14:00,-2.78,
07/10/2024,,272376.0,EE50136_DELHI_E_DELHI__TALULA3_A,DELHI_E DELHI__TALULA3 A (LN/EES/EES),BAXTER WILSON - PERRYVILLE 500,14:00,-64.29,
07/10/2024,,454379.0,IPL34X08_HANNAIPL_132-30_1,HANNAIPL 132-30 1 (LN/IPL/IPL),STOUT 345/138 TR,14:00,-71.62,
07/10/2024,,454323.0,MET34009_GAINES_TB2_TB2,GAINES TB2 TB2 (XF/CONS/*),CAMPBELL-TALLMADGE 345 (358),14:00,-118.24,
07/10/2024,,412120.0,BASE_7MILECRK_X-159_1,7MILECRK X-159 1 (LN/ALTE/ALTE),,14:05,-60.68,
07/10/2024,,454662.0,BASE_CROCKETT_CROC10_RCKYCR7_A,CROCKETT CROC10_RCKYCR7 A (LN/CSWS/EES),,14:05,-1.98,
07/10/2024,,272376.0,EE50136_DELHI_E_DELHI__TALULA3_A,DELHI_E DELHI__TALULA3 A (LN/EES/EES),BAXTER WILSON - PERRYVILLE 500,14:05,-99.1,
07/10/2024,,454379.0,IPL34X08_HANNAIPL_132-30_1,HANNAIPL 132-30 1 (LN/IPL/IPL),STOUT 345/138 TR,14:05,-86.9,
07/10/2024,,454323.0,MET34009_GAINES_TB2_TB2,GAINES TB2 TB2 (XF/CONS/*),CAMPBELL-TALLMADGE 345 (358),14:05,-132.38,
07/10/2024,,412120.0,BASE_7MILECRK_X-159_1,7MILECRK X-159 1 (LN/ALTE/ALTE),,14:10,-61.16,
07/10/2024,,454662.0,BASE_CROCKETT_CROC10_RCKYCR7_A,CROCKETT CROC10_RCKYCR7 A (LN/CSWS/EES),,14:10,-2.33,
07/10/2024,,454379.0,IPL34X08_HANNAIPL_132-30_1,HANNAIPL 132-30 1 (LN/IPL/IPL),STOUT 345/138 TR,14:10,-44.32,
07/10/2024,,454323.0,MET34009_GAINES_TB2_TB2,GAINES TB2 TB2 (XF/CONS/*),CAMPBELL-TALLMADGE 345 (358),14:10,-83.08,
07/10/2024,1062.0,282072.0,ThomasHill_Adair161kV_flo_Palmyra_Spencer345kV,ADIR THLL_ADIR_1 A (LN/AMMO/AECI),SPENCER CREEK-MAYWOOD 345(4590),14:10,-405.51,
07/10/2024,,412120.0,BASE_7MILECRK_X-159_1,7MILECRK X-159 1 (LN/ALTE/ALTE),,14:15,-57.43,
07/10/2024,,286372.0,ITC34066_MONROE4_MONRONSTAR12_1_1,MONROE4 MONRONSTAR12_1 1 (LN/DECO/DECO),MONROE-BROWNSTOWN 345 #2,14:15,-56.45,
07/10/2024,,454323.0,MET34009_GAINES_TB2_TB2,GAINES TB2 TB2 (XF/CONS/*),CAMPBELL-TALLMADGE 345 (358),14:15,-77.31,
07/10/2024,1062.0,282072.0,ThomasHill_Adair161kV_flo_Palmyra_Spencer345kV,ADIR THLL_ADIR_1 A (LN/AMMO/AECI),SPENCER CREEK-MAYWOOD 345(4590),14:15,-383.47,
07/10/2024,,412120.0,BASE_7MILECRK_X-159_1,7MILECRK X-159 1 (LN/ALTE/ALTE),,14:20,-58.12,
07/10/2024,,272376.0,EE50136_DELHI_E_DELHI__TALULA3_A,DELHI_E DELHI__TALULA3 A (LN/EES/EES),BAXTER WILSON - PERRYVILLE 500,14:20,-115.75,
07/10/2024,,286372.0,ITC34066_MONROE4_MONRONSTAR12_1_1,MONROE4 MONRONSTAR12_1 1 (LN/DECO/DECO),MONROE-BROWNSTOWN 345 #2,14:20,-68.57000000000001,
07/10/2024,,454323.0,MET34009_GAINES_TB2_TB2,GAINES TB2 TB2 (XF/CONS/*),CAMPBELL-TALLMADGE 345 (358),14:20,-81.35000000000001,
07/10/2024,1062.0,282072.0,ThomasHill_Adair161kV_flo_Palmyra_Spencer345kV,ADIR THLL_ADIR_1 A (LN/AMMO/AECI),SPENCER CREEK-MAYWOOD 345(4590),14:20,-365.53,
07/10/2024,,412120.0,BASE_7MILECRK_X-159_1,7MILECRK X-159 1 (LN/ALTE/ALTE),,14:25,-56.48,
07/10/2024,,272376.0,EE50136_DELHI_E_DELHI__TALULA3_A,DELHI_E DELHI__TALULA3 A (LN/EES/EES),BAXTER WILSON - PERRYVILLE 500,14:25,-401.98,
07/10/2024,,286372.0,ITC34066_MONROE4_MONRONSTAR12_1_1,MONROE4 MONRONSTAR12_1 1 (LN/DECO/DECO),MONROE-BROWNSTOWN 345 #2,14:25,-1000.0,
07/10/2024,,454323.0,MET34009_GAINES_TB2_TB2,GAINES TB2 TB2 (XF/CONS/*),CAMPBELL-TALLMADGE 345 (358),14:25,-107.07,
07/10/2024,1062.0,282072.0,ThomasHill_Adair161kV_flo_Palmyra_Spencer345kV,ADIR THLL_ADIR_1 A (LN/AMMO/AECI),SPENCER CREEK-MAYWOOD 345(4590),14:25,-70.46000000000001,
07/10/2024,,412120.0,BASE_7MILECRK_X-159_1,7MILECRK X-159 1 (LN/ALTE/ALTE),,14:30,-64.64,
07/10/2024,,454662.0,BASE_CROCKETT_CROC10_RCKYCR7_A,CROCKETT CROC10_RCKYCR7 A (LN/CSWS/EES),,14:30,-14.67,
07/10/2024,,272376.0,EE50136_DELHI_E_DELHI__TALULA3_A,DELHI_E DELHI__TALULA3 A (LN/EES/EES),BAXTER WILSON - PERRYVILLE 500,14:30,-423.3,
07/10/2024,,454323.0,MET34009_GAINES_TB2_TB2,GAINES TB2 TB2 (XF/CONS/*),CAMPBELL-TALLMADGE 345 (358),14:30,-111.4,
07/10/2024,1062.0,282072.0,ThomasHill_Adair161kV_flo_Palmyra_Spencer345kV,ADIR THLL_ADIR_1 A (LN/AMMO/AECI),SPENCER CREEK-MAYWOOD 345(4590),14:30,-221.05,
07/10/2024,,3781.0,ALEDPC09_GLN_HVN8_NED69GLN1_NE,GLN_HVN8 NED69GLN1 NE (LN/ALTE/ALTE),NELSON DEWEY 161/138 T91,14:35,-121.8,
07/10/2024,,412120.0,BASE_7MILECRK_X-159_1,7MILECRK X-159 1 (LN/ALTE/ALTE),,14:35,-60.98,
07/10/2024,,454662.0,BASE_CROCKETT_CROC10_RCKYCR7_A,CROCKETT CROC10_RCKYCR7 A (LN/CSWS/EES),,14:35,-0.4,
07/10/2024,,272376.0,EE50136_DELHI_E_DELHI__TALULA3_A,DELHI_E DELHI__TALULA3 A (LN/EES/EES),BAXTER WILSON - PERRYVILLE 500,14:35,-412.89,
07/10/2024,,286372.0,ITC34066_MONROE4_MONRONSTAR12_1_1,MONROE4 MONRONSTAR12_1 1 (LN/DECO/DECO),MONROE-BROWNSTOWN 345 #2,14:35,-112.13,
07/10/2024,,454323.0,MET34009_GAINES_TB2_TB2,GAINES TB2 TB2 (XF/CONS/*),CAMPBELL-TALLMADGE 345 (358),14:35,-130.77,
07/10/2024,,3781.0,ALEDPC09_GLN_HVN8_NED69GLN1_NE,GLN_HVN8 NED69GLN1 NE (LN/ALTE/ALTE),NELSON DEWEY 161/138 T91,14:40,-400.0,
07/10/2024,,412120.0,BASE_7MILECRK_X-159_1,7MILECRK X-159 1 (LN/ALTE/ALTE),,14:40,-66.8,
07/10/2024,,454662.0,BASE_CROCKETT_CROC10_RCKYCR7_A,CROCKETT CROC10_RCKYCR7 A (LN/CSWS/EES),,14:40,-1.91,
07/10/2024,,272376.0,EE50136_DELHI_E_DELHI__TALULA3_A,DELHI_E DELHI__TALULA3 A (LN/EES/EES),BAXTER WILSON - PERRYVILLE 500,14:40,-335.36,
07/10/2024,,286372.0,ITC34066_MONROE4_MONRONSTAR12_1_1,MONROE4 MONRONSTAR12_1 1 (LN/DECO/DECO),MONROE-BROWNSTOWN 345 #2,14:40,-1000.0,
07/10/2024,,454323.0,MET34009_GAINES_TB2_TB2,GAINES TB2 TB2 (XF/CONS/*),CAMPBELL-TALLMADGE 345 (358),14:40,-139.22,
07/10/2024,,3781.0,ALEDPC09_GLN_HVN8_NED69GLN1_NE,GLN_HVN8 NED69GLN1 NE (LN/ALTE/ALTE),NELSON DEWEY 161/138 T91,14:45,-400.0,
07/10/2024,,412120.0,BASE_7MILECRK_X-159_1,7MILECRK X-159 1 (LN/ALTE/ALTE),,14:45,-64.77,
07/10/2024,,454662.0,BASE_CROCKETT_CROC10_RCKYCR7_A,CROCKETT CROC10_RCKYCR7 A (LN/CSWS/EES),,14:45,-2000.0,
07/10/2024,,272376.0,EE50136_DELHI_E_DELHI__TALULA3_A,DELHI_E DELHI__TALULA3 A (LN/EES/EES),BAXTER WILSON - PERRYVILLE 500,14:45,-68.89,
07/10/2024,,286372.0,ITC34066_MONROE4_MONRONSTAR12_1_1,MONROE4 MONRONSTAR12_1 1 (LN/DECO/DECO),MONROE-BROWNSTOWN 345 #2,14:45,-1000.0,
07/10/2024,,454323.0,MET34009_GAINES_TB2_TB2,GAINES TB2 TB2 (XF/CONS/*),CAMPBELL-TALLMADGE 345 (358),14:45,-153.69,
07/10/2024,,3781.0,ALEDPC09_GLN_HVN8_NED69GLN1_NE,GLN_HVN8 NED69GLN1 NE (LN/ALTE/ALTE),NELSON DEWEY 161/138 T91,14:50,-400.0,
07/10/2024,,80391.0,ALEWPS1_SHERMANS_SHRMNSTSUNNY_1,SHERMANS SHRMNSTSUNNY 1 (LN/WPS/WPS),ARPIN-ROCKY RUN 345 (W-8) *,14:50,-700.0,
07/10/2024,,412120.0,BASE_7MILECRK_X-159_1,7MILECRK X-159 1 (LN/ALTE/ALTE),,14:50,-141.14000000000001,
07/10/2024,,454662.0,BASE_CROCKETT_CROC10_RCKYCR7_A,CROCKETT CROC10_RCKYCR7 A (LN/CSWS/EES),,14:50,-2000.0,
07/10/2024,,272376.0,EE50136_DELHI_E_DELHI__TALULA3_A,DELHI_E DELHI__TALULA3 A (LN/EES/EES),BAXTER WILSON - PERRYVILLE 500,14:50,-548.37,
07/10/2024,,286372.0,ITC34066_MONROE4_MONRONSTAR12_1_1,MONROE4 MONRONSTAR12_1 1 (LN/DECO/DECO),MONROE-BROWNSTOWN 345 #2,14:50,-700.0,
07/10/2024,,454323.0,MET34009_GAINES_TB2_TB2,GAINES TB2 TB2 (XF/CONS/*),CAMPBELL-TALLMADGE 345 (358),14:50,-355.49,
07/10/2024,,348116.0,MP23009_IRNRNGE_IRON_BLCKB105_1,IRNRNGE IRON_BLCKB105 1 (LN/MP/MP),BLACKBERRY - IRON RANGE 230 (106L),14:50,-2000.0,
07/10/2024,1062.0,282072.0,ThomasHill_Adair161kV_flo_Palmyra_Spencer345kV,ADIR THLL_ADIR_1 A (LN/AMMO/AECI),SPENCER CREEK-MAYWOOD 345(4590),14:50,-1000.0,
07/10/2024,,3781.0,ALEDPC09_GLN_HVN8_NED69GLN1_NE,GLN_HVN8 NED69GLN1 NE (LN/ALTE/ALTE),NELSON DEWEY 161/138 T91,14:55,-400.0,
07/10/2024,,80391.0,ALEWPS1_SHERMANS_SHRMNSTSUNNY_1,SHERMANS SHRMNSTSUNNY 1 (LN/WPS/WPS),ARPIN-ROCKY RUN 345 (W-8) *,14:55,-700.0,
07/10/2024,,412120.0,BASE_7MILECRK_X-159_1,7MILECRK X-159 1 (LN/ALTE/ALTE),,14:55,-117.74,
07/10/2024,,272376.0,EE50136_DELHI_E_DELHI__TALULA3_A,DELHI_E DELHI__TALULA3 A (LN/EES/EES),BAXTER WILSON - PERRYVILLE 500,14:55,-163.25,
07/10/2024,,454698.0,EEGEN244_PORTER_E_NEWCAN_PORTER4_A,PORTER_E NEWCAN_PORTER4 A (LN/EES/EES),LAKE CHARLES  ALL UNITS  (1046 MW),14:55,-700.0,
07/10/2024,,286372.0,ITC34066_MONROE4_MONRONSTAR12_1_1,MONROE4 MONRONSTAR12_1 1 (LN/DECO/DECO),MONROE-BROWNSTOWN 345 #2,14:55,-361.17,
07/10/2024,,454323.0,MET34009_GAINES_TB2_TB2,GAINES TB2 TB2 (XF/CONS/*),CAMPBELL-TALLMADGE 345 (358),14:55,-129.93,
07/10/2024,,348116.0,MP23009_IRNRNGE_IRON_BLCKB105_1,IRNRNGE IRON_BLCKB105 1 (LN/MP/MP),BLACKBERRY - IRON RANGE 230 (106L),14:55,-2000.0,
07/10/2024,,3781.0,ALEDPC09_GLN_HVN8_NED69GLN1_NE,GLN_HVN8 NED69GLN1 NE (LN/ALTE/ALTE),NELSON DEWEY 161/138 T91,15:00,-400.0,
07/10/2024,,80391.0,ALEWPS1_SHERMANS_SHRMNSTSUNNY_1,SHERMANS SHRMNSTSUNNY 1 (LN/WPS/WPS),ARPIN-ROCKY RUN 345 (W-8) *,15:00,-1000.0,
07/10/2024,,412120.0,BASE_7MILECRK_X-159_1,7MILECRK X-159 1 (LN/ALTE/ALTE),,15:00,-136.35,
07/10/2024,,272376.0,EE50136_DELHI_E_DELHI__TALULA3_A,DELHI_E DELHI__TALULA3 A (LN/EES/EES),BAXTER WILSON - PERRYVILLE 500,15:00,-300.29,
07/10/2024,,286372.0,ITC34066_MONROE4_MONRONSTAR12_1_1,MONROE4 MONRONSTAR12_1 1 (LN/DECO/DECO),MONROE-BROWNSTOWN 345 #2,15:00,-377.15,
07/10/2024,,348116.0,MP23009_IRNRNGE_IRON_BLCKB105_1,IRNRNGE IRON_BLCKB105 1 (LN/MP/MP),BLACKBERRY - IRON RANGE 230 (106L),15:00,-2000.0,
07/10/2024,,3781.0,ALEDPC09_GLN_HVN8_NED69GLN1_NE,GLN_HVN8 NED69GLN1 NE (LN/ALTE/ALTE),NELSON DEWEY 161/138 T91,15:05,-400.0,
07/10/2024,,80391.0,ALEWPS1_SHERMANS_SHRMNSTSUNNY_1,SHERMANS SHRMNSTSUNNY 1 (LN/WPS/WPS),ARPIN-ROCKY RUN 345 (W-8) *,15:05,-1000.0,
07/10/2024,,412120.0,BASE_7MILECRK_X-159_1,7MILECRK X-159 1 (LN/ALTE/ALTE),,15:05,-125.34,
07/10/2024,,272376.0,EE50136_DELHI_E_DELHI__TALULA3_A,DELHI_E DELHI__TALULA3 A (LN/EES/EES),BAXTER WILSON - PERRYVILLE 500,15:05,-297.05,
07/10/2024,,454698.0,EEGEN244_PORTER_E_NEWCAN_PORTER4_A,PORTER_E NEWCAN_PORTER4 A (LN/EES/EES),LAKE CHARLES  ALL UNITS  (1046 MW),15:05,-11.57,
07/10/2024,,286372.0,ITC34066_MONROE4_MONRONSTAR12_1_1,MONROE4 MONRONSTAR12_1 1 (LN/DECO/DECO),MONROE-BROWNSTOWN 345 #2,15:05,-336.3,
07/10/2024,,348116.0,MP23009_IRNRNGE_IRON_BLCKB105_1,IRNRNGE IRON_BLCKB105 1 (LN/MP/MP),BLACKBERRY - IRON RANGE 230 (106L),15:05,-2000.0,
07/10/2024,,3781.0,ALEDPC09_GLN_HVN8_NED69GLN1_NE,GLN_HVN8 NED69GLN1 NE (LN/ALTE/ALTE),NELSON DEWEY 161/138 T91,15:10,-500.0,
07/10/2024,,80391.0,ALEWPS1_SHERMANS_SHRMNSTSUNNY_1,SHERMANS SHRMNSTSUNNY 1 (LN/WPS/WPS),ARPIN-ROCKY RUN 345 (W-8) *,15:10,-1000.0,
07/10/2024,,412120.0,BASE_7MILECRK_X-159_1,7MILECRK X-159 1 (LN/ALTE/ALTE),,15:10,-125.77,
07/10/2024,,272376.0,EE50136_DELHI_E_DELHI__TALULA3_A,DELHI_E DELHI__TALULA3 A (LN/EES/EES),BAXTER WILSON - PERRYVILLE 500,15:10,-304.47,
07/10/2024,,454698.0,EEGEN244_PORTER_E_NEWCAN_PORTER4_A,PORTER_E NEWCAN_PORTER4 A (LN/EES/EES),LAKE CHARLES  ALL UNITS  (1046 MW),15:10,-10.29,
07/10/2024,,286372.0,ITC34066_MONROE4_MONRONSTAR12_1_1,MONROE4 MONRONSTAR12_1 1 (LN/DECO/DECO),MONROE-BROWNSTOWN 345 #2,15:10,-332.85,
07/10/2024,,348116.0,MP23009_IRNRNGE_IRON_BLCKB105_1,IRNRNGE IRON_BLCKB105 1 (LN/MP/MP),BLACKBERRY - IRON RANGE 230 (106L),15:10,-2000.0,
07/10/2024,,3781.0,ALEDPC09_GLN_HVN8_NED69GLN1_NE,GLN_HVN8 NED69GLN1 NE (LN/ALTE/ALTE),NELSON DEWEY 161/138 T91,15:15,-500.0,
07/10/2024,,80391.0,ALEWPS1_SHERMANS_SHRMNSTSUNNY_1,SHERMANS SHRMNSTSUNNY 1 (LN/WPS/WPS),ARPIN-ROCKY RUN 345 (W-8) *,15:15,-700.0,
07/10/2024,,350944.0,ALWMEC38_ROSEHOLW_ROSEHBERTR16_1_1,ROSEHOLW ROSEHBERTR16_1 1 (LN/ALTW/ALTW),MORGAN VALLEY - TIFFIN 345,15:15,-1000.0,
07/10/2024,,412120.0,BASE_7MILECRK_X-159_1,7MILECRK X-159 1 (LN/ALTE/ALTE),,15:15,-104.25,
07/10/2024,,272376.0,EE50136_DELHI_E_DELHI__TALULA3_A,DELHI_E DELHI__TALULA3 A (LN/EES/EES),BAXTER WILSON - PERRYVILLE 500,15:15,-266.73,
07/10/2024,,286372.0,ITC34066_MONROE4_MONRONSTAR12_1_1,MONROE4 MONRONSTAR12_1 1 (LN/DECO/DECO),MONROE-BROWNSTOWN 345 #2,15:15,-191.87,
07/10/2024,,348116.0,MP23009_IRNRNGE_IRON_BLCKB105_1,IRNRNGE IRON_BLCKB105 1 (LN/MP/MP),BLACKBERRY - IRON RANGE 230 (106L),15:15,-2000.0,
07/10/2024,,3787.0,ALE13X06_KILBOURN_T32_KIL_T32,KILBOURN T32 KIL_T32 (XF/ALTE/*),KILBOURN 138/69 T31,15:20,-500.0,
07/10/2024,,3781.0,ALEDPC09_GLN_HVN8_NED69GLN1_NE,GLN_HVN8 NED69GLN1 NE (LN/ALTE/ALTE),NELSON DEWEY 161/138 T91,15:20,-400.0,
07/10/2024,,285642.0,ALW34100_KERP_KERP8TH_S16_1_1,KERP KERP8TH_S16_1 1 (LN/ALTW/ALTW),SALEM-HICKORY CREEK 345,15:20,-2000.0,
07/10/2024,,412120.0,BASE_7MILECRK_X-159_1,7MILECRK X-159 1 (LN/ALTE/ALTE),,15:20,-74.83,
07/10/2024,,272376.0,EE50136_DELHI_E_DELHI__TALULA3_A,DELHI_E DELHI__TALULA3 A (LN/EES/EES),BAXTER WILSON - PERRYVILLE 500,15:20,-186.25,
07/10/2024,,286372.0,ITC34066_MONROE4_MONRONSTAR12_1_1,MONROE4 MONRONSTAR12_1 1 (LN/DECO/DECO),MONROE-BROWNSTOWN 345 #2,15:20,-134.83,
07/10/2024,,348116.0,MP23009_IRNRNGE_IRON_BLCKB105_1,IRNRNGE IRON_BLCKB105 1 (LN/MP/MP),BLACKBERRY - IRON RANGE 230 (106L),15:20,-2000.0,
07/10/2024,,3787.0,ALE13X06_KILBOURN_T32_KIL_T32,KILBOURN T32 KIL_T32 (XF/ALTE/*),KILBOURN 138/69 T31,15:25,-500.0,
07/10/2024,,3781.0,ALEDPC09_GLN_HVN8_NED69GLN1_NE,GLN_HVN8 NED69GLN1 NE (LN/ALTE/ALTE),NELSON DEWEY 161/138 T91,15:25,-400.0,
07/10/2024,,80391.0,ALEWPS1_SHERMANS_SHRMNSTSUNNY_1,SHERMANS SHRMNSTSUNNY 1 (LN/WPS/WPS),ARPIN-ROCKY RUN 345 (W-8) *,15:25,-1000.0,
07/10/2024,,285642.0,ALW34100_KERP_KERP8TH_S16_1_1,KERP KERP8TH_S16_1 1 (LN/ALTW/ALTW),SALEM-HICKORY CREEK 345,15:25,-2000.0,
07/10/2024,,412120.0,BASE_7MILECRK_X-159_1,7MILECRK X-159 1 (LN/ALTE/ALTE),,15:25,-300.55,
07/10/2024,,272376.0,EE50136_DELHI_E_DELHI__TALULA3_A,DELHI_E DELHI__TALULA3 A (LN/EES/EES),BAXTER WILSON - PERRYVILLE 500,15:25,-245.81,
07/10/2024,,286372.0,ITC34066_MONROE4_MONRONSTAR12_1_1,MONROE4 MONRONSTAR12_1 1 (LN/DECO/DECO),MONROE-BROWNSTOWN 345 #2,15:25,-124.25,
07/10/2024,,348116.0,MP23009_IRNRNGE_IRON_BLCKB105_1,IRNRNGE IRON_BLCKB105 1 (LN/MP/MP),BLACKBERRY - IRON RANGE 230 (106L),15:25,-2000.0,
07/10/2024,28696.0,347100.0,QuadCities_RockCreek_345kV_flo_MorganValley_Tiff,QUADCITY QUAD_ROCK_34_1 1 (LN/CE/ALTW),MORGAN VALLEY - TIFFIN 345,15:25,-2000.0,
07/10/2024,,3787.0,ALE13X06_KILBOURN_T32_KIL_T32,KILBOURN T32 KIL_T32 (XF/ALTE/*),KILBOURN 138/69 T31,15:30,-500.0,
07/10/2024,,3781.0,ALEDPC09_GLN_HVN8_NED69GLN1_NE,GLN_HVN8 NED69GLN1 NE (LN/ALTE/ALTE),NELSON DEWEY 161/138 T91,15:30,-400.0,
07/10/2024,,80391.0,ALEWPS1_SHERMANS_SHRMNSTSUNNY_1,SHERMANS SHRMNSTSUNNY 1 (LN/WPS/WPS),ARPIN-ROCKY RUN 345 (W-8) *,15:30,-1000.0,
07/10/2024,,285642.0,ALW34100_KERP_KERP8TH_S16_1_1,KERP KERP8TH_S16_1 1 (LN/ALTW/ALTW),SALEM-HICKORY CREEK 345,15:30,-2000.0,
07/10/2024,,412120.0,BASE_7MILECRK_X-159_1,7MILECRK X-159 1 (LN/ALTE/ALTE),,15:30,-540.0,
07/10/2024,,454840.0,CEALW01_MRGNVLY_MRGNVTIFFI34_1_1,MRGNVLY MRGNVTIFFI34_1 1 (LN/ALTW/MEC),QUAD CITIES-ROCK CREEK 345 (0405),15:30,-2000.0,
07/10/2024,,272376.0,EE50136_DELHI_E_DELHI__TALULA3_A,DELHI_E DELHI__TALULA3 A (LN/EES/EES),BAXTER WILSON - PERRYVILLE 500,15:30,-450.91,
07/10/2024,,454379.0,IPL34X08_HANNAIPL_132-30_1,HANNAIPL 132-30 1 (LN/IPL/IPL),STOUT 345/138 TR,15:30,-42.9,
07/10/2024,,286372.0,ITC34066_MONROE4_MONRONSTAR12_1_1,MONROE4 MONRONSTAR12_1 1 (LN/DECO/DECO),MONROE-BROWNSTOWN 345 #2,15:30,-112.07,
07/10/2024,,348116.0,MP23009_IRNRNGE_IRON_BLCKB105_1,IRNRNGE IRON_BLCKB105 1 (LN/MP/MP),BLACKBERRY - IRON RANGE 230 (106L),15:30,-2000.0,
07/10/2024,28696.0,347100.0,QuadCities_RockCreek_345kV_flo_MorganValley_Tiff,QUADCITY QUAD_ROCK_34_1 1 (LN/CE/ALTW),MORGAN VALLEY - TIFFIN 345,15:30,-2000.0,
07/10/2024,5717.0,296436.0,TMP269_CHARLIE_CREEK_WATFORD_FTLO_CHARLIE_CREEK_,CHAR_CK CHAR_WATFO23_1 1 (LN/WAUE/WAUE),CHARLIE CREEK - PATENT GATE 345,15:30,-1378.22,
07/10/2024,,3787.0,ALE13X06_KILBOURN_T32_KIL_T32,KILBOURN T32 KIL_T32 (XF/ALTE/*),KILBOURN 138/69 T31,15:35,-500.0,
07/10/2024,,3781.0,ALEDPC09_GLN_HVN8_NED69GLN1_NE,GLN_HVN8 NED69GLN1 NE (LN/ALTE/ALTE),NELSON DEWEY 161/138 T91,15:35,-500.0,
07/10/2024,,80391.0,ALEWPS1_SHERMANS_SHRMNSTSUNNY_1,SHERMANS SHRMNSTSUNNY 1 (LN/WPS/WPS),ARPIN-ROCKY RUN 345 (W-8) *,15:35,-1000.0,
07/10/2024,,285642.0,ALW34100_KERP_KERP8TH_S16_1_1,KERP KERP8TH_S16_1 1 (LN/ALTW/ALTW),SALEM-HICKORY CREEK 345,15:35,-2000.0,
07/10/2024,,412120.0,BASE_7MILECRK_X-159_1,7MILECRK X-159 1 (LN/ALTE/ALTE),,15:35,-524.94,
07/10/2024,,454840.0,CEALW01_MRGNVLY_MRGNVTIFFI34_1_1,MRGNVLY MRGNVTIFFI34_1 1 (LN/ALTW/MEC),QUAD CITIES-ROCK CREEK 345 (0405),15:35,-2000.0,
07/10/2024,,272376.0,EE50136_DELHI_E_DELHI__TALULA3_A,DELHI_E DELHI__TALULA3 A (LN/EES/EES),BAXTER WILSON - PERRYVILLE 500,15:35,-411.41,
07/10/2024,,454379.0,IPL34X08_HANNAIPL_132-30_1,HANNAIPL 132-30 1 (LN/IPL/IPL),STOUT 345/138 TR,15:35,-7.9,
07/10/2024,,286372.0,ITC34066_MONROE4_MONRONSTAR12_1_1,MONROE4 MONRONSTAR12_1 1 (LN/DECO/DECO),MONROE-BROWNSTOWN 345 #2,15:35,-55.36,
07/10/2024,,348116.0,MP23009_IRNRNGE_IRON_BLCKB105_1,IRNRNGE IRON_BLCKB105 1 (LN/MP/MP),BLACKBERRY - IRON RANGE 230 (106L),15:35,-2000.0,
07/10/2024,28696.0,347100.0,QuadCities_RockCreek_345kV_flo_MorganValley_Tiff,QUADCITY QUAD_ROCK_34_1 1 (LN/CE/ALTW),MORGAN VALLEY - TIFFIN 345,15:35,-2000.0,
07/10/2024,,3787.0,ALE13X06_KILBOURN_T32_KIL_T32,KILBOURN T32 KIL_T32 (XF/ALTE/*),KILBOURN 138/69 T31,15:40,-500.0,
07/10/2024,,3781.0,ALEDPC09_GLN_HVN8_NED69GLN1_NE,GLN_HVN8 NED69GLN1 NE (LN/ALTE/ALTE),NELSON DEWEY 161/138 T91,15:40,-400.0,
07/10/2024,,80391.0,ALEWPS1_SHERMANS_SHRMNSTSUNNY_1,SHERMANS SHRMNSTSUNNY 1 (LN/WPS/WPS),ARPIN-ROCKY RUN 345 (W-8) *,15:40,-1000.0,
07/10/2024,,285642.0,ALW34100_KERP_KERP8TH_S16_1_1,KERP KERP8TH_S16_1 1 (LN/ALTW/ALTW),SALEM-HICKORY CREEK 345,15:40,-2000.0,
07/10/2024,,412120.0,BASE_7MILECRK_X-159_1,7MILECRK X-159 1 (LN/ALTE/ALTE),,15:40,-534.05,
07/10/2024,,454840.0,CEALW01_MRGNVLY_MRGNVTIFFI34_1_1,MRGNVLY MRGNVTIFFI34_1 1 (LN/ALTW/MEC),QUAD CITIES-ROCK CREEK 345 (0405),15:40,-2000.0,
07/10/2024,,272376.0,EE50136_DELHI_E_DELHI__TALULA3_A,DELHI_E DELHI__TALULA3 A (LN/EES/EES),BAXTER WILSON - PERRYVILLE 500,15:40,-481.44,
07/10/2024,,454379.0,IPL34X08_HANNAIPL_132-30_1,HANNAIPL 132-30 1 (LN/IPL/IPL),STOUT 345/138 TR,15:40,-12.59,
07/10/2024,,286372.0,ITC34066_MONROE4_MONRONSTAR12_1_1,MONROE4 MONRONSTAR12_1 1 (LN/DECO/DECO),MONROE-BROWNSTOWN 345 #2,15:40,-84.98,
07/10/2024,,348116.0,MP23009_IRNRNGE_IRON_BLCKB105_1,IRNRNGE IRON_BLCKB105 1 (LN/MP/MP),BLACKBERRY - IRON RANGE 230 (106L),15:40,-2000.0,
07/10/2024,28696.0,347100.0,QuadCities_RockCreek_345kV_flo_MorganValley_Tiff,QUADCITY QUAD_ROCK_34_1 1 (LN/CE/ALTW),MORGAN VALLEY - TIFFIN 345,15:40,-2000.0,
07/10/2024,5717.0,296436.0,TMP269_CHARLIE_CREEK_WATFORD_FTLO_CHARLIE_CREEK_,CHAR_CK CHAR_WATFO23_1 1 (LN/WAUE/WAUE),CHARLIE CREEK - PATENT GATE 345,15:40,-1378.22,
07/10/2024,,3787.0,ALE13X06_KILBOURN_T32_KIL_T32,KILBOURN T32 KIL_T32 (XF/ALTE/*),KILBOURN 138/69 T31,15:45,-500.0,
07/10/2024,,80391.0,ALEWPS1_SHERMANS_SHRMNSTSUNNY_1,SHERMANS SHRMNSTSUNNY 1 (LN/WPS/WPS),ARPIN-ROCKY RUN 345 (W-8) *,15:45,-1000.0,
07/10/2024,,285642.0,ALW34100_KERP_KERP8TH_S16_1_1,KERP KERP8TH_S16_1 1 (LN/ALTW/ALTW),SALEM-HICKORY CREEK 345,15:45,-2000.0,
07/10/2024,,412120.0,BASE_7MILECRK_X-159_1,7MILECRK X-159 1 (LN/ALTE/ALTE),,15:45,-525.75,
07/10/2024,,454840.0,CEALW01_MRGNVLY_MRGNVTIFFI34_1_1,MRGNVLY MRGNVTIFFI34_1 1 (LN/ALTW/MEC),QUAD CITIES-ROCK CREEK 345 (0405),15:45,-2000.0,
07/10/2024,,272376.0,EE50136_DELHI_E_DELHI__TALULA3_A,DELHI_E DELHI__TALULA3 A (LN/EES/EES),BAXTER WILSON - PERRYVILLE 500,15:45,-449.34,
07/10/2024,,286372.0,ITC34066_MONROE4_MONRONSTAR12_1_1,MONROE4 MONRONSTAR12_1 1 (LN/DECO/DECO),MONROE-BROWNSTOWN 345 #2,15:45,-89.7,
07/10/2024,,348116.0,MP23009_IRNRNGE_IRON_BLCKB105_1,IRNRNGE IRON_BLCKB105 1 (LN/MP/MP),BLACKBERRY - IRON RANGE 230 (106L),15:45,-2000.0,
07/10/2024,28696.0,347100.0,QuadCities_RockCreek_345kV_flo_MorganValley_Tiff,QUADCITY QUAD_ROCK_34_1 1 (LN/CE/ALTW),MORGAN VALLEY - TIFFIN 345,15:45,-1913.13,
07/10/2024,5717.0,296436.0,TMP269_CHARLIE_CREEK_WATFORD_FTLO_CHARLIE_CREEK_,CHAR_CK CHAR_WATFO23_1 1 (LN/WAUE/WAUE),CHARLIE CREEK - PATENT GATE 345,15:45,-1378.22,
07/10/2024,,3787.0,ALE13X06_KILBOURN_T32_KIL_T32,KILBOURN T32 KIL_T32 (XF/ALTE/*),KILBOURN 138/69 T31,15:50,-500.0,
07/10/2024,,80391.0,ALEWPS1_SHERMANS_SHRMNSTSUNNY_1,SHERMANS SHRMNSTSUNNY 1 (LN/WPS/WPS),ARPIN-ROCKY RUN 345 (W-8) *,15:50,-1000.0,
07/10/2024,,285642.0,ALW34100_KERP_KERP8TH_S16_1_1,KERP KERP8TH_S16_1 1 (LN/ALTW/ALTW),SALEM-HICKORY CREEK 345,15:50,-2000.0,
07/10/2024,,412120.0,BASE_7MILECRK_X-159_1,7MILECRK X-159 1 (LN/ALTE/ALTE),,15:50,-207.67,
07/10/2024,,454840.0,CEALW01_MRGNVLY_MRGNVTIFFI34_1_1,MRGNVLY MRGNVTIFFI34_1 1 (LN/ALTW/MEC),QUAD CITIES-ROCK CREEK 345 (0405),15:50,-1000.0,
07/10/2024,,272376.0,EE50136_DELHI_E_DELHI__TALULA3_A,DELHI_E DELHI__TALULA3 A (LN/EES/EES),BAXTER WILSON - PERRYVILLE 500,15:50,-400.93,
07/10/2024,,454379.0,IPL34X08_HANNAIPL_132-30_1,HANNAIPL 132-30 1 (LN/IPL/IPL),STOUT 345/138 TR,15:50,-9.19,
07/10/2024,,286372.0,ITC34066_MONROE4_MONRONSTAR12_1_1,MONROE4 MONRONSTAR12_1 1 (LN/DECO/DECO),MONROE-BROWNSTOWN 345 #2,15:50,-44.26,
07/10/2024,,348116.0,MP23009_IRNRNGE_IRON_BLCKB105_1,IRNRNGE IRON_BLCKB105 1 (LN/MP/MP),BLACKBERRY - IRON RANGE 230 (106L),15:50,-2000.0,
07/10/2024,5717.0,296436.0,TMP269_CHARLIE_CREEK_WATFORD_FTLO_CHARLIE_CREEK_,CHAR_CK CHAR_WATFO23_1 1 (LN/WAUE/WAUE),CHARLIE CREEK - PATENT GATE 345,15:50,-1378.22,
07/10/2024,,3787.0,ALE13X06_KILBOURN_T32_KIL_T32,KILBOURN T32 KIL_T32 (XF/ALTE/*),KILBOURN 138/69 T31,15:55,-500.0,
07/10/2024,,80391.0,ALEWPS1_SHERMANS_SHRMNSTSUNNY_1,SHERMANS SHRMNSTSUNNY 1 (LN/WPS/WPS),ARPIN-ROCKY RUN 345 (W-8) *,15:55,-1000.0,
07/10/2024,,285642.0,ALW34100_KERP_KERP8TH_S16_1_1,KERP KERP8TH_S16_1 1 (LN/ALTW/ALTW),SALEM-HICKORY CREEK 345,15:55,-2000.0,
07/10/2024,,412120.0,BASE_7MILECRK_X-159_1,7MILECRK X-159 1 (LN/ALTE/ALTE),,15:55,-434.26,
07/10/2024,,454840.0,CEALW01_MRGNVLY_MRGNVTIFFI34_1_1,MRGNVLY MRGNVTIFFI34_1 1 (LN/ALTW/MEC),QUAD CITIES-ROCK CREEK 345 (0405),15:55,-2000.0,
07/10/2024,,272376.0,EE50136_DELHI_E_DELHI__TALULA3_A,DELHI_E DELHI__TALULA3 A (LN/EES/EES),BAXTER WILSON - PERRYVILLE 500,15:55,-474.0,
07/10/2024,,286372.0,ITC34066_MONROE4_MONRONSTAR12_1_1,MONROE4 MONRONSTAR12_1 1 (LN/DECO/DECO),MONROE-BROWNSTOWN 345 #2,15:55,-173.8,
07/10/2024,,348116.0,MP23009_IRNRNGE_IRON_BLCKB105_1,IRNRNGE IRON_BLCKB105 1 (LN/MP/MP),BLACKBERRY - IRON RANGE 230 (106L),15:55,-2000.0,
07/10/2024,5717.0,296436.0,TMP269_CHARLIE_CREEK_WATFORD_FTLO_CHARLIE_CREEK_,CHAR_CK CHAR_WATFO23_1 1 (LN/WAUE/WAUE),CHARLIE CREEK - PATENT GATE 345,15:55,-1378.22,
07/10/2024,,411010.0,WEC34125_PTBEACH_Q-303_1,PTBEACH Q-303 1 (LN/WEC/WPS),FOX RIVER-N APPLETON 345 (NAPL121),15:55,-398.58,
07/10/2024,,3787.0,ALE13X06_KILBOURN_T32_KIL_T32,KILBOURN T32 KIL_T32 (XF/ALTE/*),KILBOURN 138/69 T31,16:00,-500.0,
07/10/2024,,80391.0,ALEWPS1_SHERMANS_SHRMNSTSUNNY_1,SHERMANS SHRMNSTSUNNY 1 (LN/WPS/WPS),ARPIN-ROCKY RUN 345 (W-8) *,16:00,-1000.0,
07/10/2024,,285642.0,ALW34100_KERP_KERP8TH_S16_1_1,KERP KERP8TH_S16_1 1 (LN/ALTW/ALTW),SALEM-HICKORY CREEK 345,16:00,-2000.0,
07/10/2024,,412120.0,BASE_7MILECRK_X-159_1,7MILECRK X-159 1 (LN/ALTE/ALTE),,16:00,-740.9,
07/10/2024,,454840.0,CEALW01_MRGNVLY_MRGNVTIFFI34_1_1,MRGNVLY MRGNVTIFFI34_1 1 (LN/ALTW/MEC),QUAD CITIES-ROCK CREEK 345 (0405),16:00,-2000.0,
07/10/2024,,272376.0,EE50136_DELHI_E_DELHI__TALULA3_A,DELHI_E DELHI__TALULA3 A (LN/EES/EES),BAXTER WILSON - PERRYVILLE 500,16:00,-499.72,
07/10/2024,,286372.0,ITC34066_MONROE4_MONRONSTAR12_1_1,MONROE4 MONRONSTAR12_1 1 (LN/DECO/DECO),MONROE-BROWNSTOWN 345 #2,16:00,-321.7,
07/10/2024,,348116.0,MP23009_IRNRNGE_IRON_BLCKB105_1,IRNRNGE IRON_BLCKB105 1 (LN/MP/MP),BLACKBERRY - IRON RANGE 230 (106L),16:00,-2000.0,
07/10/2024,28696.0,347100.0,QuadCities_RockCreek_345kV_flo_MorganValley_Tiff,QUADCITY QUAD_ROCK_34_1 1 (LN/CE/ALTW),MORGAN VALLEY - TIFFIN 345,16:00,-2000.0,
07/10/2024,5717.0,296436.0,TMP269_CHARLIE_CREEK_WATFORD_FTLO_CHARLIE_CREEK_,CHAR_CK CHAR_WATFO23_1 1 (LN/WAUE/WAUE),CHARLIE CREEK - PATENT GATE 345,16:00,-1378.22,
07/10/2024,,411010.0,WEC34125_PTBEACH_Q-303_1,PTBEACH Q-303 1 (LN/WEC/WPS),FOX RIVER-N APPLETON 345 (NAPL121),16:00,-815.51,
07/10/2024,,3787.0,ALE13X06_KILBOURN_T32_KIL_T32,KILBOURN T32 KIL_T32 (XF/ALTE/*),KILBOURN 138/69 T31,16:05,-500.0,
07/10/2024,,80391.0,ALEWPS1_SHERMANS_SHRMNSTSUNNY_1,SHERMANS SHRMNSTSUNNY 1 (LN/WPS/WPS),ARPIN-ROCKY RUN 345 (W-8) *,16:05,-1000.0,
07/10/2024,,285642.0,ALW34100_KERP_KERP8TH_S16_1_1,KERP KERP8TH_S16_1 1 (LN/ALTW/ALTW),SALEM-HICKORY CREEK 345,16:05,-2000.0,
07/10/2024,,412120.0,BASE_7MILECRK_X-159_1,7MILECRK X-159 1 (LN/ALTE/ALTE),,16:05,-711.59,
07/10/2024,,454840.0,CEALW01_MRGNVLY_MRGNVTIFFI34_1_1,MRGNVLY MRGNVTIFFI34_1 1 (LN/ALTW/MEC),QUAD CITIES-ROCK CREEK 345 (0405),16:05,-2000.0,
07/10/2024,,272376.0,EE50136_DELHI_E_DELHI__TALULA3_A,DELHI_E DELHI__TALULA3 A (LN/EES/EES),BAXTER WILSON - PERRYVILLE 500,16:05,-443.63,
07/10/2024,,286372.0,ITC34066_MONROE4_MONRONSTAR12_1_1,MONROE4 MONRONSTAR12_1 1 (LN/DECO/DECO),MONROE-BROWNSTOWN 345 #2,16:05,-247.87,
07/10/2024,,348116.0,MP23009_IRNRNGE_IRON_BLCKB105_1,IRNRNGE IRON_BLCKB105 1 (LN/MP/MP),BLACKBERRY - IRON RANGE 230 (106L),16:05,-2000.0,
07/10/2024,28696.0,347100.0,QuadCities_RockCreek_345kV_flo_MorganValley_Tiff,QUADCITY QUAD_ROCK_34_1 1 (LN/CE/ALTW),MORGAN VALLEY - TIFFIN 345,16:05,-2000.0,
07/10/2024,5717.0,296436.0,TMP269_CHARLIE_CREEK_WATFORD_FTLO_CHARLIE_CREEK_,CHAR_CK CHAR_WATFO23_1 1 (LN/WAUE/WAUE),CHARLIE CREEK - PATENT GATE 345,16:05,-1378.22,
07/10/2024,,411010.0,WEC34125_PTBEACH_Q-303_1,PTBEACH Q-303 1 (LN/WEC/WPS),FOX RIVER-N APPLETON 345 (NAPL121),16:05,-771.64,
07/10/2024,,80391.0,ALEWPS1_SHERMANS_SHRMNSTSUNNY_1,SHERMANS SHRMNSTSUNNY 1 (LN/WPS/WPS),ARPIN-ROCKY RUN 345 (W-8) *,16:10,-1000.0,
07/10/2024,,285642.0,ALW34100_KERP_KERP8TH_S16_1_1,KERP KERP8TH_S16_1 1 (LN/ALTW/ALTW),SALEM-HICKORY CREEK 345,16:10,-2000.0,
07/10/2024,,412120.0,BASE_7MILECRK_X-159_1,7MILECRK X-159 1 (LN/ALTE/ALTE),,16:10,-694.38,
07/10/2024,,454840.0,CEALW01_MRGNVLY_MRGNVTIFFI34_1_1,MRGNVLY MRGNVTIFFI34_1 1 (LN/ALTW/MEC),QUAD CITIES-ROCK CREEK 345 (0405),16:10,-2000.0,
07/10/2024,,272376.0,EE50136_DELHI_E_DELHI__TALULA3_A,DELHI_E DELHI__TALULA3 A (LN/EES/EES),BAXTER WILSON - PERRYVILLE 500,16:10,-522.57,
07/10/2024,,286372.0,ITC34066_MONROE4_MONRONSTAR12_1_1,MONROE4 MONRONSTAR12_1 1 (LN/DECO/DECO),MONROE-BROWNSTOWN 345 #2,16:10,-349.11,
07/10/2024,,348116.0,MP23009_IRNRNGE_IRON_BLCKB105_1,IRNRNGE IRON_BLCKB105 1 (LN/MP/MP),BLACKBERRY - IRON RANGE 230 (106L),16:10,-2000.0,
07/10/2024,28696.0,347100.0,QuadCities_RockCreek_345kV_flo_MorganValley_Tiff,QUADCITY QUAD_ROCK_34_1 1 (LN/CE/ALTW),MORGAN VALLEY - TIFFIN 345,16:10,-1686.67,
07/10/2024,5717.0,296436.0,TMP269_CHARLIE_CREEK_WATFORD_FTLO_CHARLIE_CREEK_,CHAR_CK CHAR_WATFO23_1 1 (LN/WAUE/WAUE),CHARLIE CREEK - PATENT GATE 345,16:10,-1378.22,
07/10/2024,,411010.0,WEC34125_PTBEACH_Q-303_1,PTBEACH Q-303 1 (LN/WEC/WPS),FOX RIVER-N APPLETON 345 (NAPL121),16:10,-776.99,
07/10/2024,,80391.0,ALEWPS1_SHERMANS_SHRMNSTSUNNY_1,SHERMANS SHRMNSTSUNNY 1 (LN/WPS/WPS),ARPIN-ROCKY RUN 345 (W-8) *,16:15,-700.0,
07/10/2024,,285642.0,ALW34100_KERP_KERP8TH_S16_1_1,KERP KERP8TH_S16_1 1 (LN/ALTW/ALTW),SALEM-HICKORY CREEK 345,16:15,-2000.0,
07/10/2024,,412120.0,BASE_7MILECRK_X-159_1,7MILECRK X-159 1 (LN/ALTE/ALTE),,16:15,-1000.0,
07/10/2024,,454840.0,CEALW01_MRGNVLY_MRGNVTIFFI34_1_1,MRGNVLY MRGNVTIFFI34_1 1 (LN/ALTW/MEC),QUAD CITIES-ROCK CREEK 345 (0405),16:15,-2000.0,
07/10/2024,,272376.0,EE50136_DELHI_E_DELHI__TALULA3_A,DELHI_E DELHI__TALULA3 A (LN/EES/EES),BAXTER WILSON - PERRYVILLE 500,16:15,-1000.0,
07/10/2024,,286372.0,ITC34066_MONROE4_MONRONSTAR12_1_1,MONROE4 MONRONSTAR12_1 1 (LN/DECO/DECO),MONROE-BROWNSTOWN 345 #2,16:15,-700.0,
07/10/2024,,348116.0,MP23009_IRNRNGE_IRON_BLCKB105_1,IRNRNGE IRON_BLCKB105 1 (LN/MP/MP),BLACKBERRY - IRON RANGE 230 (106L),16:15,-2000.0,
07/10/2024,28696.0,347100.0,QuadCities_RockCreek_345kV_flo_MorganValley_Tiff,QUADCITY QUAD_ROCK_34_1 1 (LN/CE/ALTW),MORGAN VALLEY - TIFFIN 345,16:15,-902.37,
07/10/2024,5717.0,296436.0,TMP269_CHARLIE_CREEK_WATFORD_FTLO_CHARLIE_CREEK_,CHAR_CK CHAR_WATFO23_1 1 (LN/WAUE/WAUE),CHARLIE CREEK - PATENT GATE 345,16:15,-1378.22,
07/10/2024,,411010.0,WEC34125_PTBEACH_Q-303_1,PTBEACH Q-303 1 (LN/WEC/WPS),FOX RIVER-N APPLETON 345 (NAPL121),16:15,-1598.23,
07/10/2024,,285642.0,ALW34100_KERP_KERP8TH_S16_1_1,KERP KERP8TH_S16_1 1 (LN/ALTW/ALTW),SALEM-HICKORY CREEK 345,16:20,-2000.0,
07/10/2024,,412120.0,BASE_7MILECRK_X-159_1,7MILECRK X-159 1 (LN/ALTE/ALTE),,16:20,-1000.0,
07/10/2024,,454840.0,CEALW01_MRGNVLY_MRGNVTIFFI34_1_1,MRGNVLY MRGNVTIFFI34_1 1 (LN/ALTW/MEC),QUAD CITIES-ROCK CREEK 345 (0405),16:20,-2000.0,
07/10/2024,,272376.0,EE50136_DELHI_E_DELHI__TALULA3_A,DELHI_E DELHI__TALULA3 A (LN/EES/EES),BAXTER WILSON - PERRYVILLE 500,16:20,-1000.0,
07/10/2024,,286372.0,ITC34066_MONROE4_MONRONSTAR12_1_1,MONROE4 MONRONSTAR12_1 1 (LN/DECO/DECO),MONROE-BROWNSTOWN 345 #2,16:20,-1000.0,
07/10/2024,,348116.0,MP23009_IRNRNGE_IRON_BLCKB105_1,IRNRNGE IRON_BLCKB105 1 (LN/MP/MP),BLACKBERRY - IRON RANGE 230 (106L),16:20,-2000.0,
07/10/2024,5717.0,296436.0,TMP269_CHARLIE_CREEK_WATFORD_FTLO_CHARLIE_CREEK_,CHAR_CK CHAR_WATFO23_1 1 (LN/WAUE/WAUE),CHARLIE CREEK - PATENT GATE 345,16:20,-1378.22,
07/10/2024,,411010.0,WEC34125_PTBEACH_Q-303_1,PTBEACH Q-303 1 (LN/WEC/WPS),FOX RIVER-N APPLETON 345 (NAPL121),16:20,-2000.0,
07/10/2024,,3787.0,ALE13X06_KILBOURN_T32_KIL_T32,KILBOURN T32 KIL_T32 (XF/ALTE/*),KILBOURN 138/69 T31,16:25,-500.0,
07/10/2024,,80391.0,ALEWPS1_SHERMANS_SHRMNSTSUNNY_1,SHERMANS SHRMNSTSUNNY 1 (LN/WPS/WPS),ARPIN-ROCKY RUN 345 (W-8) *,16:25,-700.0,
07/10/2024,,285642.0,ALW34100_KERP_KERP8TH_S16_1_1,KERP KERP8TH_S16_1 1 (LN/ALTW/ALTW),SALEM-HICKORY CREEK 345,16:25,-2000.0,
07/10/2024,,412120.0,BASE_7MILECRK_X-159_1,7MILECRK X-159 1 (LN/ALTE/ALTE),,16:25,-1000.0,
07/10/2024,,454840.0,CEALW01_MRGNVLY_MRGNVTIFFI34_1_1,MRGNVLY MRGNVTIFFI34_1 1 (LN/ALTW/MEC),QUAD CITIES-ROCK CREEK 345 (0405),16:25,-2000.0,
07/10/2024,,272376.0,EE50136_DELHI_E_DELHI__TALULA3_A,DELHI_E DELHI__TALULA3 A (LN/EES/EES),BAXTER WILSON - PERRYVILLE 500,16:25,-609.71,
07/10/2024,,286372.0,ITC34066_MONROE4_MONRONSTAR12_1_1,MONROE4 MONRONSTAR12_1 1 (LN/DECO/DECO),MONROE-BROWNSTOWN 345 #2,16:25,-1000.0,
07/10/2024,,348116.0,MP23009_IRNRNGE_IRON_BLCKB105_1,IRNRNGE IRON_BLCKB105 1 (LN/MP/MP),BLACKBERRY - IRON RANGE 230 (106L),16:25,-2000.0,
07/10/2024,5717.0,296436.0,TMP269_CHARLIE_CREEK_WATFORD_FTLO_CHARLIE_CREEK_,CHAR_CK CHAR_WATFO23_1 1 (LN/WAUE/WAUE),CHARLIE CREEK - PATENT GATE 345,16:25,-1378.22,
07/10/2024,,411010.0,WEC34125_PTBEACH_Q-303_1,PTBEACH Q-303 1 (LN/WEC/WPS),FOX RIVER-N APPLETON 345 (NAPL121),16:25,-2000.0,
07/10/2024,,3787.0,ALE13X06_KILBOURN_T32_KIL_T32,KILBOURN T32 KIL_T32 (XF/ALTE/*),KILBOURN 138/69 T31,16:30,-500.0,
07/10/2024,,80391.0,ALEWPS1_SHERMANS_SHRMNSTSUNNY_1,SHERMANS SHRMNSTSUNNY 1 (LN/WPS/WPS),ARPIN-ROCKY RUN 345 (W-8) *,16:30,-700.0,
07/10/2024,,285642.0,ALW34100_KERP_KERP8TH_S16_1_1,KERP KERP8TH_S16_1 1 (LN/ALTW/ALTW),SALEM-HICKORY CREEK 345,16:30,-2000.0,
07/10/2024,,454840.0,CEALW01_MRGNVLY_MRGNVTIFFI34_1_1,MRGNVLY MRGNVTIFFI34_1 1 (LN/ALTW/MEC),QUAD CITIES-ROCK CREEK 345 (0405),16:30,-2000.0,
07/10/2024,,272376.0,EE50136_DELHI_E_DELHI__TALULA3_A,DELHI_E DELHI__TALULA3 A (LN/EES/EES),BAXTER WILSON - PERRYVILLE 500,16:30,-1000.0,
07/10/2024,,286372.0,ITC34066_MONROE4_MONRONSTAR12_1_1,MONROE4 MONRONSTAR12_1 1 (LN/DECO/DECO),MONROE-BROWNSTOWN 345 #2,16:30,-1000.0,
07/10/2024,,348116.0,MP23009_IRNRNGE_IRON_BLCKB105_1,IRNRNGE IRON_BLCKB105 1 (LN/MP/MP),BLACKBERRY - IRON RANGE 230 (106L),16:30,-2000.0,
07/10/2024,28696.0,347100.0,QuadCities_RockCreek_345kV_flo_MorganValley_Tiff,QUADCITY QUAD_ROCK_34_1 1 (LN/CE/ALTW),MORGAN VALLEY - TIFFIN 345,16:30,-1853.61,
07/10/2024,5717.0,296436.0,TMP269_CHARLIE_CREEK_WATFORD_FTLO_CHARLIE_CREEK_,CHAR_CK CHAR_WATFO23_1 1 (LN/WAUE/WAUE),CHARLIE CREEK - PATENT GATE 345,16:30,-1378.22,
07/10/2024,,411010.0,WEC34125_PTBEACH_Q-303_1,PTBEACH Q-303 1 (LN/WEC/WPS),FOX RIVER-N APPLETON 345 (NAPL121),16:30,-2000.0,
07/10/2024,,3787.0,ALE13X06_KILBOURN_T32_KIL_T32,KILBOURN T32 KIL_T32 (XF/ALTE/*),KILBOURN 138/69 T31,16:35,-500.0,
07/10/2024,,80391.0,ALEWPS1_SHERMANS_SHRMNSTSUNNY_1,SHERMANS SHRMNSTSUNNY 1 (LN/WPS/WPS),ARPIN-ROCKY RUN 345 (W-8) *,16:35,-700.0,
07/10/2024,,285642.0,ALW34100_KERP_KERP8TH_S16_1_1,KERP KERP8TH_S16_1 1 (LN/ALTW/ALTW),SALEM-HICKORY CREEK 345,16:35,-2000.0,
07/10/2024,,350944.0,ALWMEC38_ROSEHOLW_ROSEHBERTR16_1_1,ROSEHOLW ROSEHBERTR16_1 1 (LN/ALTW/ALTW),MORGAN VALLEY - TIFFIN 345,16:35,-213.05,
07/10/2024,,272376.0,EE50136_DELHI_E_DELHI__TALULA3_A,DELHI_E DELHI__TALULA3 A (LN/EES/EES),BAXTER WILSON - PERRYVILLE 500,16:35,-423.93,
07/10/2024,,286372.0,ITC34066_MONROE4_MONRONSTAR12_1_1,MONROE4 MONRONSTAR12_1 1 (LN/DECO/DECO),MONROE-BROWNSTOWN 345 #2,16:35,-1000.0,
07/10/2024,,348116.0,MP23009_IRNRNGE_IRON_BLCKB105_1,IRNRNGE IRON_BLCKB105 1 (LN/MP/MP),BLACKBERRY - IRON RANGE 230 (106L),16:35,-1721.63,
07/10/2024,28696.0,347100.0,QuadCities_RockCreek_345kV_flo_MorganValley_Tiff,QUADCITY QUAD_ROCK_34_1 1 (LN/CE/ALTW),MORGAN VALLEY - TIFFIN 345,16:35,-2000.0,
07/10/2024,5717.0,296436.0,TMP269_CHARLIE_CREEK_WATFORD_FTLO_CHARLIE_CREEK_,CHAR_CK CHAR_WATFO23_1 1 (LN/WAUE/WAUE),CHARLIE CREEK - PATENT GATE 345,16:35,-1378.22,
07/10/2024,,411010.0,WEC34125_PTBEACH_Q-303_1,PTBEACH Q-303 1 (LN/WEC/WPS),FOX RIVER-N APPLETON 345 (NAPL121),16:35,-2000.0,
07/10/2024,,3787.0,ALE13X06_KILBOURN_T32_KIL_T32,KILBOURN T32 KIL_T32 (XF/ALTE/*),KILBOURN 138/69 T31,16:40,-500.0,
07/10/2024,,80391.0,ALEWPS1_SHERMANS_SHRMNSTSUNNY_1,SHERMANS SHRMNSTSUNNY 1 (LN/WPS/WPS),ARPIN-ROCKY RUN 345 (W-8) *,16:40,-700.0,
07/10/2024,,285642.0,ALW34100_KERP_KERP8TH_S16_1_1,KERP KERP8TH_S16_1 1 (LN/ALTW/ALTW),SALEM-HICKORY CREEK 345,16:40,-2000.0,
07/10/2024,,350944.0,ALWMEC38_ROSEHOLW_ROSEHBERTR16_1_1,ROSEHOLW ROSEHBERTR16_1 1 (LN/ALTW/ALTW),MORGAN VALLEY - TIFFIN 345,16:40,-1994.01,
07/10/2024,,272376.0,EE50136_DELHI_E_DELHI__TALULA3_A,DELHI_E DELHI__TALULA3 A (LN/EES/EES),BAXTER WILSON - PERRYVILLE 500,16:40,-524.15,
07/10/2024,,286372.0,ITC34066_MONROE4_MONRONSTAR12_1_1,MONROE4 MONRONSTAR12_1 1 (LN/DECO/DECO),MONROE-BROWNSTOWN 345 #2,16:40,-1000.0,
07/10/2024,28696.0,347100.0,QuadCities_RockCreek_345kV_flo_MorganValley_Tiff,QUADCITY QUAD_ROCK_34_1 1 (LN/CE/ALTW),MORGAN VALLEY - TIFFIN 345,16:40,-2000.0,
07/10/2024,5717.0,296436.0,TMP269_CHARLIE_CREEK_WATFORD_FTLO_CHARLIE_CREEK_,CHAR_CK CHAR_WATFO23_1 1 (LN/WAUE/WAUE),CHARLIE CREEK - PATENT GATE 345,16:40,-1378.22,
07/10/2024,,411010.0,WEC34125_PTBEACH_Q-303_1,PTBEACH Q-303 1 (LN/WEC/WPS),FOX RIVER-N APPLETON 345 (NAPL121),16:40,-2000.0,
07/10/2024,,3787.0,ALE13X06_KILBOURN_T32_KIL_T32,KILBOURN T32 KIL_T32 (XF/ALTE/*),KILBOURN 138/69 T31,16:45,-500.0,
07/10/2024,,285642.0,ALW34100_KERP_KERP8TH_S16_1_1,KERP KERP8TH_S16_1 1 (LN/ALTW/ALTW),SALEM-HICKORY CREEK 345,16:45,-2000.0,
07/10/2024,,350944.0,ALWMEC38_ROSEHOLW_ROSEHBERTR16_1_1,ROSEHOLW ROSEHBERTR16_1 1 (LN/ALTW/ALTW),MORGAN VALLEY - TIFFIN 345,16:45,-1000.0,
07/10/2024,,272376.0,EE50136_DELHI_E_DELHI__TALULA3_A,DELHI_E DELHI__TALULA3 A (LN/EES/EES),BAXTER WILSON - PERRYVILLE 500,16:45,-423.08,
07/10/2024,,286372.0,ITC34066_MONROE4_MONRONSTAR12_1_1,MONROE4 MONRONSTAR12_1 1 (LN/DECO/DECO),MONROE-BROWNSTOWN 345 #2,16:45,-1000.0,
07/10/2024,28696.0,347100.0,QuadCities_RockCreek_345kV_flo_MorganValley_Tiff,QUADCITY QUAD_ROCK_34_1 1 (LN/CE/ALTW),MORGAN VALLEY - TIFFIN 345,16:45,-2000.0,
07/10/2024,5717.0,296436.0,TMP269_CHARLIE_CREEK_WATFORD_FTLO_CHARLIE_CREEK_,CHAR_CK CHAR_WATFO23_1 1 (LN/WAUE/WAUE),CHARLIE CREEK - PATENT GATE 345,16:45,-1378.22,
07/10/2024,1062.0,282072.0,ThomasHill_Adair161kV_flo_Palmyra_Spencer345kV,ADIR THLL_ADIR_1 A (LN/AMMO/AECI),SPENCER CREEK-MAYWOOD 345(4590),16:45,-1000.0,
07/10/2024,,411010.0,WEC34125_PTBEACH_Q-303_1,PTBEACH Q-303 1 (LN/WEC/WPS),FOX RIVER-N APPLETON 345 (NAPL121),16:45,-2000.0,
07/10/2024,,3787.0,ALE13X06_KILBOURN_T32_KIL_T32,KILBOURN T32 KIL_T32 (XF/ALTE/*),KILBOURN 138/69 T31,16:50,-500.0,
07/10/2024,,4492.0,ALW34004_YORK_YORKALBAN16_1_1,YORK YORKALBAN16_1 1 (LN/ALTW/ALTW),ROCK CREEK - SALEM 345,16:50,-2000.0,
07/10/2024,,285642.0,ALW34100_KERP_KERP8TH_S16_1_1,KERP KERP8TH_S16_1 1 (LN/ALTW/ALTW),SALEM-HICKORY CREEK 345,16:50,-2000.0,
07/10/2024,,350944.0,ALWMEC38_ROSEHOLW_ROSEHBERTR16_1_1,ROSEHOLW ROSEHBERTR16_1 1 (LN/ALTW/ALTW),MORGAN VALLEY - TIFFIN 345,16:50,-711.55,
07/10/2024,,272376.0,EE50136_DELHI_E_DELHI__TALULA3_A,DELHI_E DELHI__TALULA3 A (LN/EES/EES),BAXTER WILSON - PERRYVILLE 500,16:50,-387.84,
07/10/2024,,286372.0,ITC34066_MONROE4_MONRONSTAR12_1_1,MONROE4 MONRONSTAR12_1 1 (LN/DECO/DECO),MONROE-BROWNSTOWN 345 #2,16:50,-700.0,
07/10/2024,5717.0,296436.0,TMP269_CHARLIE_CREEK_WATFORD_FTLO_CHARLIE_CREEK_,CHAR_CK CHAR_WATFO23_1 1 (LN/WAUE/WAUE),CHARLIE CREEK - PATENT GATE 345,16:50,-1378.22,
07/10/2024,1062.0,282072.0,ThomasHill_Adair161kV_flo_Palmyra_Spencer345kV,ADIR THLL_ADIR_1 A (LN/AMMO/AECI),SPENCER CREEK-MAYWOOD 345(4590),16:50,-54.52,
07/10/2024,,411010.0,WEC34125_PTBEACH_Q-303_1,PTBEACH Q-303 1 (LN/WEC/WPS),FOX RIVER-N APPLETON 345 (NAPL121),16:50,-1000.0,
07/10/2024,,3787.0,ALE13X06_KILBOURN_T32_KIL_T32,KILBOURN T32 KIL_T32 (XF/ALTE/*),KILBOURN 138/69 T31,16:55,-500.0,
07/10/2024,,4492.0,ALW34004_YORK_YORKALBAN16_1_1,YORK YORKALBAN16_1 1 (LN/ALTW/ALTW),ROCK CREEK - SALEM 345,16:55,-2000.0,
07/10/2024,,285642.0,ALW34100_KERP_KERP8TH_S16_1_1,KERP KERP8TH_S16_1 1 (LN/ALTW/ALTW),SALEM-HICKORY CREEK 345,16:55,-2000.0,
07/10/2024,,272376.0,EE50136_DELHI_E_DELHI__TALULA3_A,DELHI_E DELHI__TALULA3 A (LN/EES/EES),BAXTER WILSON - PERRYVILLE 500,16:55,-347.17,
07/10/2024,,286372.0,ITC34066_MONROE4_MONRONSTAR12_1_1,MONROE4 MONRONSTAR12_1 1 (LN/DECO/DECO),MONROE-BROWNSTOWN 345 #2,16:55,-700.0,
07/10/2024,5717.0,296436.0,TMP269_CHARLIE_CREEK_WATFORD_FTLO_CHARLIE_CREEK_,CHAR_CK CHAR_WATFO23_1 1 (LN/WAUE/WAUE),CHARLIE CREEK - PATENT GATE 345,16:55,-1378.22,
07/10/2024,,411010.0,WEC34125_PTBEACH_Q-303_1,PTBEACH Q-303 1 (LN/WEC/WPS),FOX RIVER-N APPLETON 345 (NAPL121),16:55,-710.9,
07/10/2024,,3787.0,ALE13X06_KILBOURN_T32_KIL_T32,KILBOURN T32 KIL_T32 (XF/ALTE/*),KILBOURN 138/69 T31,17:00,-500.0,
07/10/2024,,4492.0,ALW34004_YORK_YORKALBAN16_1_1,YORK YORKALBAN16_1 1 (LN/ALTW/ALTW),ROCK CREEK - SALEM 345,17:00,-2000.0,
07/10/2024,,285642.0,ALW34100_KERP_KERP8TH_S16_1_1,KERP KERP8TH_S16_1 1 (LN/ALTW/ALTW),SALEM-HICKORY CREEK 345,17:00,-2000.0,
07/10/2024,,272376.0,EE50136_DELHI_E_DELHI__TALULA3_A,DELHI_E DELHI__TALULA3 A (LN/EES/EES),BAXTER WILSON - PERRYVILLE 500,17:00,-186.29,
07/10/2024,,286372.0,ITC34066_MONROE4_MONRONSTAR12_1_1,MONROE4 MONRONSTAR12_1 1 (LN/DECO/DECO),MONROE-BROWNSTOWN 345 #2,17:00,-26.48,
07/10/2024,,411010.0,WEC34125_PTBEACH_Q-303_1,PTBEACH Q-303 1 (LN/WEC/WPS),FOX RIVER-N APPLETON 345 (NAPL121),17:00,-35.54,
07/10/2024,,3787.0,ALE13X06_KILBOURN_T32_KIL_T32,KILBOURN T32 KIL_T32 (XF/ALTE/*),KILBOURN 138/69 T31,17:05,-500.0,
07/10/2024,,4492.0,ALW34004_YORK_YORKALBAN16_1_1,YORK YORKALBAN16_1 1 (LN/ALTW/ALTW),ROCK CREEK - SALEM 345,17:05,-2000.0,
07/10/2024,,285642.0,ALW34100_KERP_KERP8TH_S16_1_1,KERP KERP8TH_S16_1 1 (LN/ALTW/ALTW),SALEM-HICKORY CREEK 345,17:05,-2000.0,
07/10/2024,,272376.0,EE50136_DELHI_E_DELHI__TALULA3_A,DELHI_E DELHI__TALULA3 A (LN/EES/EES),BAXTER WILSON - PERRYVILLE 500,17:05,-225.03,
07/10/2024,,286372.0,ITC34066_MONROE4_MONRONSTAR12_1_1,MONROE4 MONRONSTAR12_1 1 (LN/DECO/DECO),MONROE-BROWNSTOWN 345 #2,17:05,-5.59,
07/10/2024,,3787.0,ALE13X06_KILBOURN_T32_KIL_T32,KILBOURN T32 KIL_T32 (XF/ALTE/*),KILBOURN 138/69 T31,17:10,-500.0,
07/10/2024,,4492.0,ALW34004_YORK_YORKALBAN16_1_1,YORK YORKALBAN16_1 1 (LN/ALTW/ALTW),ROCK CREEK - SALEM 345,17:10,-2000.0,
07/10/2024,,285642.0,ALW34100_KERP_KERP8TH_S16_1_1,KERP KERP8TH_S16_1 1 (LN/ALTW/ALTW),SALEM-HICKORY CREEK 345,17:10,-2000.0,
07/10/2024,,272376.0,EE50136_DELHI_E_DELHI__TALULA3_A,DELHI_E DELHI__TALULA3 A (LN/EES/EES),BAXTER WILSON - PERRYVILLE 500,17:10,-221.01,
07/10/2024,,286372.0,ITC34066_MONROE4_MONRONSTAR12_1_1,MONROE4 MONRONSTAR12_1 1 (LN/DECO/DECO),MONROE-BROWNSTOWN 345 #2,17:10,-30.74,
07/10/2024,28696.0,347100.0,QuadCities_RockCreek_345kV_flo_MorganValley_Tiff,QUADCITY QUAD_ROCK_34_1 1 (LN/CE/ALTW),MORGAN VALLEY - TIFFIN 345,17:10,-838.64,
07/10/2024,,3787.0,ALE13X06_KILBOURN_T32_KIL_T32,KILBOURN T32 KIL_T32 (XF/ALTE/*),KILBOURN 138/69 T31,17:15,-500.0,
07/10/2024,,4492.0,ALW34004_YORK_YORKALBAN16_1_1,YORK YORKALBAN16_1 1 (LN/ALTW/ALTW),ROCK CREEK - SALEM 345,17:15,-2000.0,
07/10/2024,,285642.0,ALW34100_KERP_KERP8TH_S16_1_1,KERP KERP8TH_S16_1 1 (LN/ALTW/ALTW),SALEM-HICKORY CREEK 345,17:15,-2000.0,
07/10/2024,,272376.0,EE50136_DELHI_E_DELHI__TALULA3_A,DELHI_E DELHI__TALULA3 A (LN/EES/EES),BAXTER WILSON - PERRYVILLE 500,17:15,-347.39,
07/10/2024,,286372.0,ITC34066_MONROE4_MONRONSTAR12_1_1,MONROE4 MONRONSTAR12_1 1 (LN/DECO/DECO),MONROE-BROWNSTOWN 345 #2,17:15,-21.66,
07/10/2024,,3787.0,ALE13X06_KILBOURN_T32_KIL_T32,KILBOURN T32 KIL_T32 (XF/ALTE/*),KILBOURN 138/69 T31,17:20,-500.0,
07/10/2024,,4492.0,ALW34004_YORK_YORKALBAN16_1_1,YORK YORKALBAN16_1 1 (LN/ALTW/ALTW),ROCK CREEK - SALEM 345,17:20,-2000.0,
07/10/2024,,285642.0,ALW34100_KERP_KERP8TH_S16_1_1,KERP KERP8TH_S16_1 1 (LN/ALTW/ALTW),SALEM-HICKORY CREEK 345,17:20,-2000.0,
07/10/2024,,272376.0,EE50136_DELHI_E_DELHI__TALULA3_A,DELHI_E DELHI__TALULA3 A (LN/EES/EES),BAXTER WILSON - PERRYVILLE 500,17:20,-1000.0,
07/10/2024,28696.0,347100.0,QuadCities_RockCreek_345kV_flo_MorganValley_Tiff,QUADCITY QUAD_ROCK_34_1 1 (LN/CE/ALTW),MORGAN VALLEY - TIFFIN 345,17:20,-74.38,
07/10/2024,,3787.0,ALE13X06_KILBOURN_T32_KIL_T32,KILBOURN T32 KIL_T32 (XF/ALTE/*),KILBOURN 138/69 T31,17:25,-500.0,
07/10/2024,,4492.0,ALW34004_YORK_YORKALBAN16_1_1,YORK YORKALBAN16_1 1 (LN/ALTW/ALTW),ROCK CREEK - SALEM 345,17:25,-2000.0,
07/10/2024,,285642.0,ALW34100_KERP_KERP8TH_S16_1_1,KERP KERP8TH_S16_1 1 (LN/ALTW/ALTW),SALEM-HICKORY CREEK 345,17:25,-2000.0,
07/10/2024,,272376.0,EE50136_DELHI_E_DELHI__TALULA3_A,DELHI_E DELHI__TALULA3 A (LN/EES/EES),BAXTER WILSON - PERRYVILLE 500,17:25,-265.2,
07/10/2024,,286372.0,ITC34066_MONROE4_MONRONSTAR12_1_1,MONROE4 MONRONSTAR12_1 1 (LN/DECO/DECO),MONROE-BROWNSTOWN 345 #2,17:25,-3.4,
07/10/2024,28696.0,347100.0,QuadCities_RockCreek_345kV_flo_MorganValley_Tiff,QUADCITY QUAD_ROCK_34_1 1 (LN/CE/ALTW),MORGAN VALLEY - TIFFIN 345,17:25,-870.92,
07/10/2024,,3787.0,ALE13X06_KILBOURN_T32_KIL_T32,KILBOURN T32 KIL_T32 (XF/ALTE/*),KILBOURN 138/69 T31,17:30,-500.0,
07/10/2024,,4492.0,ALW34004_YORK_YORKALBAN16_1_1,YORK YORKALBAN16_1 1 (LN/ALTW/ALTW),ROCK CREEK - SALEM 345,17:30,-2000.0,
07/10/2024,,285642.0,ALW34100_KERP_KERP8TH_S16_1_1,KERP KERP8TH_S16_1 1 (LN/ALTW/ALTW),SALEM-HICKORY CREEK 345,17:30,-2000.0,
07/10/2024,,272376.0,EE50136_DELHI_E_DELHI__TALULA3_A,DELHI_E DELHI__TALULA3 A (LN/EES/EES),BAXTER WILSON - PERRYVILLE 500,17:30,-700.0,
07/10/2024,,286372.0,ITC34066_MONROE4_MONRONSTAR12_1_1,MONROE4 MONRONSTAR12_1 1 (LN/DECO/DECO),MONROE-BROWNSTOWN 345 #2,17:30,-22.83,
07/10/2024,28696.0,347100.0,QuadCities_RockCreek_345kV_flo_MorganValley_Tiff,QUADCITY QUAD_ROCK_34_1 1 (LN/CE/ALTW),MORGAN VALLEY - TIFFIN 345,17:30,-2000.0,
07/10/2024,,3787.0,ALE13X06_KILBOURN_T32_KIL_T32,KILBOURN T32 KIL_T32 (XF/ALTE/*),KILBOURN 138/69 T31,17:35,-500.0,
07/10/2024,,4492.0,ALW34004_YORK_YORKALBAN16_1_1,YORK YORKALBAN16_1 1 (LN/ALTW/ALTW),ROCK CREEK - SALEM 345,17:35,-2000.0,
07/10/2024,,285642.0,ALW34100_KERP_KERP8TH_S16_1_1,KERP KERP8TH_S16_1 1 (LN/ALTW/ALTW),SALEM-HICKORY CREEK 345,17:35,-2000.0,
07/10/2024,,272376.0,EE50136_DELHI_E_DELHI__TALULA3_A,DELHI_E DELHI__TALULA3 A (LN/EES/EES),BAXTER WILSON - PERRYVILLE 500,17:35,-383.13,
07/10/2024,,286372.0,ITC34066_MONROE4_MONRONSTAR12_1_1,MONROE4 MONRONSTAR12_1 1 (LN/DECO/DECO),MONROE-BROWNSTOWN 345 #2,17:35,-22.42,
07/10/2024,28696.0,347100.0,QuadCities_RockCreek_345kV_flo_MorganValley_Tiff,QUADCITY QUAD_ROCK_34_1 1 (LN/CE/ALTW),MORGAN VALLEY - TIFFIN 345,17:35,-2000.0,
07/10/2024,,411010.0,WEC34125_PTBEACH_Q-303_1,PTBEACH Q-303 1 (LN/WEC/WPS),FOX RIVER-N APPLETON 345 (NAPL121),17:35,-522.51,
07/10/2024,,3787.0,ALE13X06_KILBOURN_T32_KIL_T32,KILBOURN T32 KIL_T32 (XF/ALTE/*),KILBOURN 138/69 T31,17:40,-500.0,
07/10/2024,,4492.0,ALW34004_YORK_YORKALBAN16_1_1,YORK YORKALBAN16_1 1 (LN/ALTW/ALTW),ROCK CREEK - SALEM 345,17:40,-2000.0,
07/10/2024,,285642.0,ALW34100_KERP_KERP8TH_S16_1_1,KERP KERP8TH_S16_1 1 (LN/ALTW/ALTW),SALEM-HICKORY CREEK 345,17:40,-2000.0,
07/10/2024,,272376.0,EE50136_DELHI_E_DELHI__TALULA3_A,DELHI_E DELHI__TALULA3 A (LN/EES/EES),BAXTER WILSON - PERRYVILLE 500,17:40,-408.53,
07/10/2024,,286372.0,ITC34066_MONROE4_MONRONSTAR12_1_1,MONROE4 MONRONSTAR12_1 1 (LN/DECO/DECO),MONROE-BROWNSTOWN 345 #2,17:40,-31.78,
07/10/2024,28696.0,347100.0,QuadCities_RockCreek_345kV_flo_MorganValley_Tiff,QUADCITY QUAD_ROCK_34_1 1 (LN/CE/ALTW),MORGAN VALLEY - TIFFIN 345,17:40,-2000.0,
07/10/2024,,411010.0,WEC34125_PTBEACH_Q-303_1,PTBEACH Q-303 1 (LN/WEC/WPS),FOX RIVER-N APPLETON 345 (NAPL121),17:40,-1000.0,
07/10/2024,,3787.0,ALE13X06_KILBOURN_T32_KIL_T32,KILBOURN T32 KIL_T32 (XF/ALTE/*),KILBOURN 138/69 T31,17:45,-500.0,
07/10/2024,,4492.0,ALW34004_YORK_YORKALBAN16_1_1,YORK YORKALBAN16_1 1 (LN/ALTW/ALTW),ROCK CREEK - SALEM 345,17:45,-2000.0,
07/10/2024,,285642.0,ALW34100_KERP_KERP8TH_S16_1_1,KERP KERP8TH_S16_1 1 (LN/ALTW/ALTW),SALEM-HICKORY CREEK 345,17:45,-2000.0,
07/10/2024,,272376.0,EE50136_DELHI_E_DELHI__TALULA3_A,DELHI_E DELHI__TALULA3 A (LN/EES/EES),BAXTER WILSON - PERRYVILLE 500,17:45,-359.57,
07/10/2024,,286372.0,ITC34066_MONROE4_MONRONSTAR12_1_1,MONROE4 MONRONSTAR12_1 1 (LN/DECO/DECO),MONROE-BROWNSTOWN 345 #2,17:45,-27.93,
07/10/2024,28696.0,347100.0,QuadCities_RockCreek_345kV_flo_MorganValley_Tiff,QUADCITY QUAD_ROCK_34_1 1 (LN/CE/ALTW),MORGAN VALLEY - TIFFIN 345,17:45,-2000.0,
07/10/2024,,411010.0,WEC34125_PTBEACH_Q-303_1,PTBEACH Q-303 1 (LN/WEC/WPS),FOX RIVER-N APPLETON 345 (NAPL121),17:45,-1000.0,
07/10/2024,,3787.0,ALE13X06_KILBOURN_T32_KIL_T32,KILBOURN T32 KIL_T32 (XF/ALTE/*),KILBOURN 138/69 T31,17:50,-500.0,
07/10/2024,,4492.0,ALW34004_YORK_YORKALBAN16_1_1,YORK YORKALBAN16_1 1 (LN/ALTW/ALTW),ROCK CREEK - SALEM 345,17:50,-2000.0,
07/10/2024,,285642.0,ALW34100_KERP_KERP8TH_S16_1_1,KERP KERP8TH_S16_1 1 (LN/ALTW/ALTW),SALEM-HICKORY CREEK 345,17:50,-2000.0,
07/10/2024,,272376.0,EE50136_DELHI_E_DELHI__TALULA3_A,DELHI_E DELHI__TALULA3 A (LN/EES/EES),BAXTER WILSON - PERRYVILLE 500,17:50,-458.91,
07/10/2024,,286372.0,ITC34066_MONROE4_MONRONSTAR12_1_1,MONROE4 MONRONSTAR12_1 1 (LN/DECO/DECO),MONROE-BROWNSTOWN 345 #2,17:50,-40.99,
07/10/2024,28696.0,347100.0,QuadCities_RockCreek_345kV_flo_MorganValley_Tiff,QUADCITY QUAD_ROCK_34_1 1 (LN/CE/ALTW),MORGAN VALLEY - TIFFIN 345,17:50,-2000.0,
07/10/2024,,411010.0,WEC34125_PTBEACH_Q-303_1,PTBEACH Q-303 1 (LN/WEC/WPS),FOX RIVER-N APPLETON 345 (NAPL121),17:50,-1000.0,
07/10/2024,,3787.0,ALE13X06_KILBOURN_T32_KIL_T32,KILBOURN T32 KIL_T32 (XF/ALTE/*),KILBOURN 138/69 T31,17:55,-500.0,
07/10/2024,,4492.0,ALW34004_YORK_YORKALBAN16_1_1,YORK YORKALBAN16_1 1 (LN/ALTW/ALTW),ROCK CREEK - SALEM 345,17:55,-2000.0,
07/10/2024,,285642.0,ALW34100_KERP_KERP8TH_S16_1_1,KERP KERP8TH_S16_1 1 (LN/ALTW/ALTW),SALEM-HICKORY CREEK 345,17:55,-2000.0,
07/10/2024,,272376.0,EE50136_DELHI_E_DELHI__TALULA3_A,DELHI_E DELHI__TALULA3 A (LN/EES/EES),BAXTER WILSON - PERRYVILLE 500,17:55,-252.58,
07/10/2024,,286372.0,ITC34066_MONROE4_MONRONSTAR12_1_1,MONROE4 MONRONSTAR12_1 1 (LN/DECO/DECO),MONROE-BROWNSTOWN 345 #2,17:55,-3.28,
07/10/2024,,411010.0,WEC34125_PTBEACH_Q-303_1,PTBEACH Q-303 1 (LN/WEC/WPS),FOX RIVER-N APPLETON 345 (NAPL121),17:55,-300.01,
07/10/2024,,3787.0,ALE13X06_KILBOURN_T32_KIL_T32,KILBOURN T32 KIL_T32 (XF/ALTE/*),KILBOURN 138/69 T31,18:00,-500.0,
07/10/2024,,4492.0,ALW34004_YORK_YORKALBAN16_1_1,YORK YORKALBAN16_1 1 (LN/ALTW/ALTW),ROCK CREEK - SALEM 345,18:00,-2000.0,
07/10/2024,,285642.0,ALW34100_KERP_KERP8TH_S16_1_1,KERP KERP8TH_S16_1 1 (LN/ALTW/ALTW),SALEM-HICKORY CREEK 345,18:00,-2000.0,
07/10/2024,,272376.0,EE50136_DELHI_E_DELHI__TALULA3_A,DELHI_E DELHI__TALULA3 A (LN/EES/EES),BAXTER WILSON - PERRYVILLE 500,18:00,-367.84,
07/10/2024,,264164.0,FEITC04_LEMOYNE_MAJ_LEMOYNE_1,LEMOYNE MAJ_LEMOYNE 1 (LN/FE/DECO),MONROE - LALLENDORF 345,18:00,-22.37,
07/10/2024,,286372.0,ITC34066_MONROE4_MONRONSTAR12_1_1,MONROE4 MONRONSTAR12_1 1 (LN/DECO/DECO),MONROE-BROWNSTOWN 345 #2,18:00,-23.04,
07/10/2024,28696.0,347100.0,QuadCities_RockCreek_345kV_flo_MorganValley_Tiff,QUADCITY QUAD_ROCK_34_1 1 (LN/CE/ALTW),MORGAN VALLEY - TIFFIN 345,18:00,-305.55,
07/10/2024,,411010.0,WEC34125_PTBEACH_Q-303_1,PTBEACH Q-303 1 (LN/WEC/WPS),FOX RIVER-N APPLETON 345 (NAPL121),18:00,-1000.0,
07/10/2024,,3787.0,ALE13X06_KILBOURN_T32_KIL_T32,KILBOURN T32 KIL_T32 (XF/ALTE/*),KILBOURN 138/69 T31,18:05,-500.0,
07/10/2024,,448861.0,ALE34X16_NORWGNCK_X-164_1,NORWGNCK X-164 1 (LN/ALTE/ALTE),HILL VALLEY 345/138 T1,18:05,-1000.0,
07/10/2024,,4492.0,ALW34004_YORK_YORKALBAN16_1_1,YORK YORKALBAN16_1 1 (LN/ALTW/ALTW),ROCK CREEK - SALEM 345,18:05,-2000.0,
07/10/2024,,285642.0,ALW34100_KERP_KERP8TH_S16_1_1,KERP KERP8TH_S16_1 1 (LN/ALTW/ALTW),SALEM-HICKORY CREEK 345,18:05,-2000.0,
07/10/2024,,272376.0,EE50136_DELHI_E_DELHI__TALULA3_A,DELHI_E DELHI__TALULA3 A (LN/EES/EES),BAXTER WILSON - PERRYVILLE 500,18:05,-354.86,
07/10/2024,,264164.0,FEITC04_LEMOYNE_MAJ_LEMOYNE_1,LEMOYNE MAJ_LEMOYNE 1 (LN/FE/DECO),MONROE - LALLENDORF 345,18:05,-42.55,
07/10/2024,,286372.0,ITC34066_MONROE4_MONRONSTAR12_1_1,MONROE4 MONRONSTAR12_1 1 (LN/DECO/DECO),MONROE-BROWNSTOWN 345 #2,18:05,-21.31,
07/10/2024,28696.0,347100.0,QuadCities_RockCreek_345kV_flo_MorganValley_Tiff,QUADCITY QUAD_ROCK_34_1 1 (LN/CE/ALTW),MORGAN VALLEY - TIFFIN 345,18:05,-2000.0,
07/10/2024,,411010.0,WEC34125_PTBEACH_Q-303_1,PTBEACH Q-303 1 (LN/WEC/WPS),FOX RIVER-N APPLETON 345 (NAPL121),18:05,-1000.0,
07/10/2024,,3787.0,ALE13X06_KILBOURN_T32_KIL_T32,KILBOURN T32 KIL_T32 (XF/ALTE/*),KILBOURN 138/69 T31,18:10,-500.0,
07/10/2024,,448861.0,ALE34X16_NORWGNCK_X-164_1,NORWGNCK X-164 1 (LN/ALTE/ALTE),HILL VALLEY 345/138 T1,18:10,-1000.0,
07/10/2024,,4492.0,ALW34004_YORK_YORKALBAN16_1_1,YORK YORKALBAN16_1 1 (LN/ALTW/ALTW),ROCK CREEK - SALEM 345,18:10,-2000.0,
07/10/2024,,285642.0,ALW34100_KERP_KERP8TH_S16_1_1,KERP KERP8TH_S16_1 1 (LN/ALTW/ALTW),SALEM-HICKORY CREEK 345,18:10,-2000.0,
07/10/2024,,272376.0,EE50136_DELHI_E_DELHI__TALULA3_A,DELHI_E DELHI__TALULA3 A (LN/EES/EES),BAXTER WILSON - PERRYVILLE 500,18:10,-421.35,
07/10/2024,,264164.0,FEITC04_LEMOYNE_MAJ_LEMOYNE_1,LEMOYNE MAJ_LEMOYNE 1 (LN/FE/DECO),MONROE - LALLENDORF 345,18:10,-49.95,
07/10/2024,,286372.0,ITC34066_MONROE4_MONRONSTAR12_1_1,MONROE4 MONRONSTAR12_1 1 (LN/DECO/DECO),MONROE-BROWNSTOWN 345 #2,18:10,-8.55,
07/10/2024,28696.0,347100.0,QuadCities_RockCreek_345kV_flo_MorganValley_Tiff,QUADCITY QUAD_ROCK_34_1 1 (LN/CE/ALTW),MORGAN VALLEY - TIFFIN 345,18:10,-431.53,
07/10/2024,,411010.0,WEC34125_PTBEACH_Q-303_1,PTBEACH Q-303 1 (LN/WEC/WPS),FOX RIVER-N APPLETON 345 (NAPL121),18:10,-683.15,
07/10/2024,,3787.0,ALE13X06_KILBOURN_T32_KIL_T32,KILBOURN T32 KIL_T32 (XF/ALTE/*),KILBOURN 138/69 T31,18:15,-500.0,
07/10/2024,,448861.0,ALE34X16_NORWGNCK_X-164_1,NORWGNCK X-164 1 (LN/ALTE/ALTE),HILL VALLEY 345/138 T1,18:15,-1000.0,
07/10/2024,,4492.0,ALW34004_YORK_YORKALBAN16_1_1,YORK YORKALBAN16_1 1 (LN/ALTW/ALTW),ROCK CREEK - SALEM 345,18:15,-2000.0,
07/10/2024,,285642.0,ALW34100_KERP_KERP8TH_S16_1_1,KERP KERP8TH_S16_1 1 (LN/ALTW/ALTW),SALEM-HICKORY CREEK 345,18:15,-2000.0,
07/10/2024,,272376.0,EE50136_DELHI_E_DELHI__TALULA3_A,DELHI_E DELHI__TALULA3 A (LN/EES/EES),BAXTER WILSON - PERRYVILLE 500,18:15,-399.3,
07/10/2024,,286372.0,ITC34066_MONROE4_MONRONSTAR12_1_1,MONROE4 MONRONSTAR12_1 1 (LN/DECO/DECO),MONROE-BROWNSTOWN 345 #2,18:15,-24.0,
07/10/2024,28696.0,347100.0,QuadCities_RockCreek_345kV_flo_MorganValley_Tiff,QUADCITY QUAD_ROCK_34_1 1 (LN/CE/ALTW),MORGAN VALLEY - TIFFIN 345,18:15,-339.37,
07/10/2024,,411010.0,WEC34125_PTBEACH_Q-303_1,PTBEACH Q-303 1 (LN/WEC/WPS),FOX RIVER-N APPLETON 345 (NAPL121),18:15,-1000.0,
07/10/2024,,3787.0,ALE13X06_KILBOURN_T32_KIL_T32,KILBOURN T32 KIL_T32 (XF/ALTE/*),KILBOURN 138/69 T31,18:20,-500.0,
07/10/2024,,4492.0,ALW34004_YORK_YORKALBAN16_1_1,YORK YORKALBAN16_1 1 (LN/ALTW/ALTW),ROCK CREEK - SALEM 345,18:20,-2000.0,
07/10/2024,,285642.0,ALW34100_KERP_KERP8TH_S16_1_1,KERP KERP8TH_S16_1 1 (LN/ALTW/ALTW),SALEM-HICKORY CREEK 345,18:20,-2000.0,
07/10/2024,,350944.0,ALWMEC38_ROSEHOLW_ROSEHBERTR16_1_1,ROSEHOLW ROSEHBERTR16_1 1 (LN/ALTW/ALTW),MORGAN VALLEY - TIFFIN 345,18:20,-599.71,
07/10/2024,,272376.0,EE50136_DELHI_E_DELHI__TALULA3_A,DELHI_E DELHI__TALULA3 A (LN/EES/EES),BAXTER WILSON - PERRYVILLE 500,18:20,-294.91,
07/10/2024,,264164.0,FEITC04_LEMOYNE_MAJ_LEMOYNE_1,LEMOYNE MAJ_LEMOYNE 1 (LN/FE/DECO),MONROE - LALLENDORF 345,18:20,-6.15,
07/10/2024,,286372.0,ITC34066_MONROE4_MONRONSTAR12_1_1,MONROE4 MONRONSTAR12_1 1 (LN/DECO/DECO),MONROE-BROWNSTOWN 345 #2,18:20,-31.16,
07/10/2024,28696.0,347100.0,QuadCities_RockCreek_345kV_flo_MorganValley_Tiff,QUADCITY QUAD_ROCK_34_1 1 (LN/CE/ALTW),MORGAN VALLEY - TIFFIN 345,18:20,-87.81,
07/10/2024,,411010.0,WEC34125_PTBEACH_Q-303_1,PTBEACH Q-303 1 (LN/WEC/WPS),FOX RIVER-N APPLETON 345 (NAPL121),18:20,-1000.0,
07/10/2024,,3787.0,ALE13X06_KILBOURN_T32_KIL_T32,KILBOURN T32 KIL_T32 (XF/ALTE/*),KILBOURN 138/69 T31,18:25,-500.0,
07/10/2024,,4492.0,ALW34004_YORK_YORKALBAN16_1_1,YORK YORKALBAN16_1 1 (LN/ALTW/ALTW),ROCK CREEK - SALEM 345,18:25,-2000.0,
07/10/2024,,285642.0,ALW34100_KERP_KERP8TH_S16_1_1,KERP KERP8TH_S16_1 1 (LN/ALTW/ALTW),SALEM-HICKORY CREEK 345,18:25,-2000.0,
07/10/2024,,272376.0,EE50136_DELHI_E_DELHI__TALULA3_A,DELHI_E DELHI__TALULA3 A (LN/EES/EES),BAXTER WILSON - PERRYVILLE 500,18:25,-255.58,
07/10/2024,,264164.0,FEITC04_LEMOYNE_MAJ_LEMOYNE_1,LEMOYNE MAJ_LEMOYNE 1 (LN/FE/DECO),MONROE - LALLENDORF 345,18:25,-27.62,
07/10/2024,28696.0,347100.0,QuadCities_RockCreek_345kV_flo_MorganValley_Tiff,QUADCITY QUAD_ROCK_34_1 1 (LN/CE/ALTW),MORGAN VALLEY - TIFFIN 345,18:25,-627.53,
07/10/2024,,411010.0,WEC34125_PTBEACH_Q-303_1,PTBEACH Q-303 1 (LN/WEC/WPS),FOX RIVER-N APPLETON 345 (NAPL121),18:25,-333.04,
07/10/2024,,3787.0,ALE13X06_KILBOURN_T32_KIL_T32,KILBOURN T32 KIL_T32 (XF/ALTE/*),KILBOURN 138/69 T31,18:30,-500.0,
07/10/2024,,4492.0,ALW34004_YORK_YORKALBAN16_1_1,YORK YORKALBAN16_1 1 (LN/ALTW/ALTW),ROCK CREEK - SALEM 345,18:30,-2000.0,
07/10/2024,,285642.0,ALW34100_KERP_KERP8TH_S16_1_1,KERP KERP8TH_S16_1 1 (LN/ALTW/ALTW),SALEM-HICKORY CREEK 345,18:30,-2000.0,
07/10/2024,,272376.0,EE50136_DELHI_E_DELHI__TALULA3_A,DELHI_E DELHI__TALULA3 A (LN/EES/EES),BAXTER WILSON - PERRYVILLE 500,18:30,-358.32,
07/10/2024,,264164.0,FEITC04_LEMOYNE_MAJ_LEMOYNE_1,LEMOYNE MAJ_LEMOYNE 1 (LN/FE/DECO),MONROE - LALLENDORF 345,18:30,-21.42,
07/10/2024,,3787.0,ALE13X06_KILBOURN_T32_KIL_T32,KILBOURN T32 KIL_T32 (XF/ALTE/*),KILBOURN 138/69 T31,18:35,-400.0,
07/10/2024,,4492.0,ALW34004_YORK_YORKALBAN16_1_1,YORK YORKALBAN16_1 1 (LN/ALTW/ALTW),ROCK CREEK - SALEM 345,18:35,-2000.0,
07/10/2024,,285642.0,ALW34100_KERP_KERP8TH_S16_1_1,KERP KERP8TH_S16_1 1 (LN/ALTW/ALTW),SALEM-HICKORY CREEK 345,18:35,-2000.0,
07/10/2024,,272376.0,EE50136_DELHI_E_DELHI__TALULA3_A,DELHI_E DELHI__TALULA3 A (LN/EES/EES),BAXTER WILSON - PERRYVILLE 500,18:35,-326.6,
07/10/2024,,264164.0,FEITC04_LEMOYNE_MAJ_LEMOYNE_1,LEMOYNE MAJ_LEMOYNE 1 (LN/FE/DECO),MONROE - LALLENDORF 345,18:35,-204.52,
07/10/2024,,286372.0,ITC34066_MONROE4_MONRONSTAR12_1_1,MONROE4 MONRONSTAR12_1 1 (LN/DECO/DECO),MONROE-BROWNSTOWN 345 #2,18:35,-700.0,
07/10/2024,28696.0,347100.0,QuadCities_RockCreek_345kV_flo_MorganValley_Tiff,QUADCITY QUAD_ROCK_34_1 1 (LN/CE/ALTW),MORGAN VALLEY - TIFFIN 345,18:35,-557.4300000000001,
07/10/2024,,3787.0,ALE13X06_KILBOURN_T32_KIL_T32,KILBOURN T32 KIL_T32 (XF/ALTE/*),KILBOURN 138/69 T31,18:40,-400.0,
07/10/2024,,4492.0,ALW34004_YORK_YORKALBAN16_1_1,YORK YORKALBAN16_1 1 (LN/ALTW/ALTW),ROCK CREEK - SALEM 345,18:40,-2000.0,
07/10/2024,,285642.0,ALW34100_KERP_KERP8TH_S16_1_1,KERP KERP8TH_S16_1 1 (LN/ALTW/ALTW),SALEM-HICKORY CREEK 345,18:40,-2000.0,
07/10/2024,,350944.0,ALWMEC38_ROSEHOLW_ROSEHBERTR16_1_1,ROSEHOLW ROSEHBERTR16_1 1 (LN/ALTW/ALTW),MORGAN VALLEY - TIFFIN 345,18:40,-1000.0,
07/10/2024,,272376.0,EE50136_DELHI_E_DELHI__TALULA3_A,DELHI_E DELHI__TALULA3 A (LN/EES/EES),BAXTER WILSON - PERRYVILLE 500,18:40,-350.8,
07/10/2024,,264164.0,FEITC04_LEMOYNE_MAJ_LEMOYNE_1,LEMOYNE MAJ_LEMOYNE 1 (LN/FE/DECO),MONROE - LALLENDORF 345,18:40,-170.0,
07/10/2024,28696.0,347100.0,QuadCities_RockCreek_345kV_flo_MorganValley_Tiff,QUADCITY QUAD_ROCK_34_1 1 (LN/CE/ALTW),MORGAN VALLEY - TIFFIN 345,18:40,-2000.0,
07/10/2024,,411010.0,WEC34125_PTBEACH_Q-303_1,PTBEACH Q-303 1 (LN/WEC/WPS),FOX RIVER-N APPLETON 345 (NAPL121),18:40,-1000.0,
07/10/2024,,3787.0,ALE13X06_KILBOURN_T32_KIL_T32,KILBOURN T32 KIL_T32 (XF/ALTE/*),KILBOURN 138/69 T31,18:45,-500.0,
07/10/2024,,448861.0,ALE34X16_NORWGNCK_X-164_1,NORWGNCK X-164 1 (LN/ALTE/ALTE),HILL VALLEY 345/138 T1,18:45,-700.0,
07/10/2024,,4492.0,ALW34004_YORK_YORKALBAN16_1_1,YORK YORKALBAN16_1 1 (LN/ALTW/ALTW),ROCK CREEK - SALEM 345,18:45,-2000.0,
07/10/2024,,285642.0,ALW34100_KERP_KERP8TH_S16_1_1,KERP KERP8TH_S16_1 1 (LN/ALTW/ALTW),SALEM-HICKORY CREEK 345,18:45,-2000.0,
07/10/2024,,350944.0,ALWMEC38_ROSEHOLW_ROSEHBERTR16_1_1,ROSEHOLW ROSEHBERTR16_1 1 (LN/ALTW/ALTW),MORGAN VALLEY - TIFFIN 345,18:45,-1000.0,
07/10/2024,,272376.0,EE50136_DELHI_E_DELHI__TALULA3_A,DELHI_E DELHI__TALULA3 A (LN/EES/EES),BAXTER WILSON - PERRYVILLE 500,18:45,-110.98,
07/10/2024,28696.0,347100.0,QuadCities_RockCreek_345kV_flo_MorganValley_Tiff,QUADCITY QUAD_ROCK_34_1 1 (LN/CE/ALTW),MORGAN VALLEY - TIFFIN 345,18:45,-2000.0,
07/10/2024,,411010.0,WEC34125_PTBEACH_Q-303_1,PTBEACH Q-303 1 (LN/WEC/WPS),FOX RIVER-N APPLETON 345 (NAPL121),18:45,-1000.0,
07/10/2024,,3787.0,ALE13X06_KILBOURN_T32_KIL_T32,KILBOURN T32 KIL_T32 (XF/ALTE/*),KILBOURN 138/69 T31,18:50,-500.0,
07/10/2024,,448861.0,ALE34X16_NORWGNCK_X-164_1,NORWGNCK X-164 1 (LN/ALTE/ALTE),HILL VALLEY 345/138 T1,18:50,-1000.0,
07/10/2024,,4492.0,ALW34004_YORK_YORKALBAN16_1_1,YORK YORKALBAN16_1 1 (LN/ALTW/ALTW),ROCK CREEK - SALEM 345,18:50,-2000.0,
07/10/2024,,285642.0,ALW34100_KERP_KERP8TH_S16_1_1,KERP KERP8TH_S16_1 1 (LN/ALTW/ALTW),SALEM-HICKORY CREEK 345,18:50,-2000.0,
07/10/2024,,350944.0,ALWMEC38_ROSEHOLW_ROSEHBERTR16_1_1,ROSEHOLW ROSEHBERTR16_1 1 (LN/ALTW/ALTW),MORGAN VALLEY - TIFFIN 345,18:50,-2000.0,
07/10/2024,,272376.0,EE50136_DELHI_E_DELHI__TALULA3_A,DELHI_E DELHI__TALULA3 A (LN/EES/EES),BAXTER WILSON - PERRYVILLE 500,18:50,-318.08,
07/10/2024,28696.0,347100.0,QuadCities_RockCreek_345kV_flo_MorganValley_Tiff,QUADCITY QUAD_ROCK_34_1 1 (LN/CE/ALTW),MORGAN VALLEY - TIFFIN 345,18:50,-2000.0,
07/10/2024,,411010.0,WEC34125_PTBEACH_Q-303_1,PTBEACH Q-303 1 (LN/WEC/WPS),FOX RIVER-N APPLETON 345 (NAPL121),18:50,-1000.0,
07/10/2024,,3787.0,ALE13X06_KILBOURN_T32_KIL_T32,KILBOURN T32 KIL_T32 (XF/ALTE/*),KILBOURN 138/69 T31,18:55,-500.0,
07/10/2024,,448861.0,ALE34X16_NORWGNCK_X-164_1,NORWGNCK X-164 1 (LN/ALTE/ALTE),HILL VALLEY 345/138 T1,18:55,-1000.0,
07/10/2024,,4492.0,ALW34004_YORK_YORKALBAN16_1_1,YORK YORKALBAN16_1 1 (LN/ALTW/ALTW),ROCK CREEK - SALEM 345,18:55,-2000.0,
07/10/2024,,285642.0,ALW34100_KERP_KERP8TH_S16_1_1,KERP KERP8TH_S16_1 1 (LN/ALTW/ALTW),SALEM-HICKORY CREEK 345,18:55,-2000.0,
07/10/2024,,272376.0,EE50136_DELHI_E_DELHI__TALULA3_A,DELHI_E DELHI__TALULA3 A (LN/EES/EES),BAXTER WILSON - PERRYVILLE 500,18:55,-192.98,
07/10/2024,28696.0,347100.0,QuadCities_RockCreek_345kV_flo_MorganValley_Tiff,QUADCITY QUAD_ROCK_34_1 1 (LN/CE/ALTW),MORGAN VALLEY - TIFFIN 345,18:55,-448.47,
07/10/2024,,448861.0,ALE34X16_NORWGNCK_X-164_1,NORWGNCK X-164 1 (LN/ALTE/ALTE),HILL VALLEY 345/138 T1,19:00,-37.51,
07/10/2024,,4492.0,ALW34004_YORK_YORKALBAN16_1_1,YORK YORKALBAN16_1 1 (LN/ALTW/ALTW),ROCK CREEK - SALEM 345,19:00,-2000.0,
07/10/2024,,285642.0,ALW34100_KERP_KERP8TH_S16_1_1,KERP KERP8TH_S16_1 1 (LN/ALTW/ALTW),SALEM-HICKORY CREEK 345,19:00,-2000.0,
07/10/2024,,272376.0,EE50136_DELHI_E_DELHI__TALULA3_A,DELHI_E DELHI__TALULA3 A (LN/EES/EES),BAXTER WILSON - PERRYVILLE 500,19:00,-3.65,
07/10/2024,,348116.0,MP23009_IRNRNGE_IRON_BLCKB105_1,IRNRNGE IRON_BLCKB105 1 (LN/MP/MP),BLACKBERRY - IRON RANGE 230 (106L),19:00,-1000.0,
07/10/2024,,448861.0,ALE34X16_NORWGNCK_X-164_1,NORWGNCK X-164 1 (LN/ALTE/ALTE),HILL VALLEY 345/138 T1,19:05,-381.71,
07/10/2024,,4492.0,ALW34004_YORK_YORKALBAN16_1_1,YORK YORKALBAN16_1 1 (LN/ALTW/ALTW),ROCK CREEK - SALEM 345,19:05,-2000.0,
07/10/2024,,285642.0,ALW34100_KERP_KERP8TH_S16_1_1,KERP KERP8TH_S16_1 1 (LN/ALTW/ALTW),SALEM-HICKORY CREEK 345,19:05,-2000.0,
07/10/2024,,286372.0,ITC34066_MONROE4_MONRONSTAR12_1_1,MONROE4 MONRONSTAR12_1 1 (LN/DECO/DECO),MONROE-BROWNSTOWN 345 #2,19:05,-24.37,
07/10/2024,,348116.0,MP23009_IRNRNGE_IRON_BLCKB105_1,IRNRNGE IRON_BLCKB105 1 (LN/MP/MP),BLACKBERRY - IRON RANGE 230 (106L),19:05,-1000.0,
07/10/2024,,3787.0,ALE13X06_KILBOURN_T32_KIL_T32,KILBOURN T32 KIL_T32 (XF/ALTE/*),KILBOURN 138/69 T31,19:10,-400.0,
07/10/2024,,448861.0,ALE34X16_NORWGNCK_X-164_1,NORWGNCK X-164 1 (LN/ALTE/ALTE),HILL VALLEY 345/138 T1,19:10,-849.85,
07/10/2024,,4492.0,ALW34004_YORK_YORKALBAN16_1_1,YORK YORKALBAN16_1 1 (LN/ALTW/ALTW),ROCK CREEK - SALEM 345,19:10,-2000.0,
07/10/2024,,285642.0,ALW34100_KERP_KERP8TH_S16_1_1,KERP KERP8TH_S16_1 1 (LN/ALTW/ALTW),SALEM-HICKORY CREEK 345,19:10,-2000.0,
07/10/2024,,286372.0,ITC34066_MONROE4_MONRONSTAR12_1_1,MONROE4 MONRONSTAR12_1 1 (LN/DECO/DECO),MONROE-BROWNSTOWN 345 #2,19:10,-1000.0,
07/10/2024,,348116.0,MP23009_IRNRNGE_IRON_BLCKB105_1,IRNRNGE IRON_BLCKB105 1 (LN/MP/MP),BLACKBERRY - IRON RANGE 230 (106L),19:10,-1033.55,
07/10/2024,,3787.0,ALE13X06_KILBOURN_T32_KIL_T32,KILBOURN T32 KIL_T32 (XF/ALTE/*),KILBOURN 138/69 T31,19:15,-500.0,
07/10/2024,,448861.0,ALE34X16_NORWGNCK_X-164_1,NORWGNCK X-164 1 (LN/ALTE/ALTE),HILL VALLEY 345/138 T1,19:15,-1000.0,
07/10/2024,,4492.0,ALW34004_YORK_YORKALBAN16_1_1,YORK YORKALBAN16_1 1 (LN/ALTW/ALTW),ROCK CREEK - SALEM 345,19:15,-2000.0,
07/10/2024,,285642.0,ALW34100_KERP_KERP8TH_S16_1_1,KERP KERP8TH_S16_1 1 (LN/ALTW/ALTW),SALEM-HICKORY CREEK 345,19:15,-2000.0,
07/10/2024,,264164.0,FEITC04_LEMOYNE_MAJ_LEMOYNE_1,LEMOYNE MAJ_LEMOYNE 1 (LN/FE/DECO),MONROE - LALLENDORF 345,19:15,-157.97,
07/10/2024,,286372.0,ITC34066_MONROE4_MONRONSTAR12_1_1,MONROE4 MONRONSTAR12_1 1 (LN/DECO/DECO),MONROE-BROWNSTOWN 345 #2,19:15,-700.0,
07/10/2024,,348116.0,MP23009_IRNRNGE_IRON_BLCKB105_1,IRNRNGE IRON_BLCKB105 1 (LN/MP/MP),BLACKBERRY - IRON RANGE 230 (106L),19:15,-2000.0,
07/10/2024,,3787.0,ALE13X06_KILBOURN_T32_KIL_T32,KILBOURN T32 KIL_T32 (XF/ALTE/*),KILBOURN 138/69 T31,19:20,-400.0,
07/10/2024,,448861.0,ALE34X16_NORWGNCK_X-164_1,NORWGNCK X-164 1 (LN/ALTE/ALTE),HILL VALLEY 345/138 T1,19:20,-1000.0,
07/10/2024,,4492.0,ALW34004_YORK_YORKALBAN16_1_1,YORK YORKALBAN16_1 1 (LN/ALTW/ALTW),ROCK CREEK - SALEM 345,19:20,-2000.0,
07/10/2024,,285642.0,ALW34100_KERP_KERP8TH_S16_1_1,KERP KERP8TH_S16_1 1 (LN/ALTW/ALTW),SALEM-HICKORY CREEK 345,19:20,-2000.0,
07/10/2024,,264164.0,FEITC04_LEMOYNE_MAJ_LEMOYNE_1,LEMOYNE MAJ_LEMOYNE 1 (LN/FE/DECO),MONROE - LALLENDORF 345,19:20,-102.0,
07/10/2024,,286372.0,ITC34066_MONROE4_MONRONSTAR12_1_1,MONROE4 MONRONSTAR12_1 1 (LN/DECO/DECO),MONROE-BROWNSTOWN 345 #2,19:20,-700.0,
07/10/2024,,348116.0,MP23009_IRNRNGE_IRON_BLCKB105_1,IRNRNGE IRON_BLCKB105 1 (LN/MP/MP),BLACKBERRY - IRON RANGE 230 (106L),19:20,-2000.0,
07/10/2024,28696.0,347100.0,QuadCities_RockCreek_345kV_flo_MorganValley_Tiff,QUADCITY QUAD_ROCK_34_1 1 (LN/CE/ALTW),MORGAN VALLEY - TIFFIN 345,19:20,-65.11,
07/10/2024,,3787.0,ALE13X06_KILBOURN_T32_KIL_T32,KILBOURN T32 KIL_T32 (XF/ALTE/*),KILBOURN 138/69 T31,19:25,-500.0,
07/10/2024,,448861.0,ALE34X16_NORWGNCK_X-164_1,NORWGNCK X-164 1 (LN/ALTE/ALTE),HILL VALLEY 345/138 T1,19:25,-883.47,
07/10/2024,,4492.0,ALW34004_YORK_YORKALBAN16_1_1,YORK YORKALBAN16_1 1 (LN/ALTW/ALTW),ROCK CREEK - SALEM 345,19:25,-2000.0,
07/10/2024,,285642.0,ALW34100_KERP_KERP8TH_S16_1_1,KERP KERP8TH_S16_1 1 (LN/ALTW/ALTW),SALEM-HICKORY CREEK 345,19:25,-2000.0,
07/10/2024,,360867.0,EECSW14_RAY_RAYWOD_LIBRTY4_A,RAY RAYWOD_LIBRTY4 A (LN/EES/EES),ROCKY CREEK  -  CROCKETT 345,19:25,-1000.0,
07/10/2024,,264164.0,FEITC04_LEMOYNE_MAJ_LEMOYNE_1,LEMOYNE MAJ_LEMOYNE 1 (LN/FE/DECO),MONROE - LALLENDORF 345,19:25,-43.93,
07/10/2024,,348116.0,MP23009_IRNRNGE_IRON_BLCKB105_1,IRNRNGE IRON_BLCKB105 1 (LN/MP/MP),BLACKBERRY - IRON RANGE 230 (106L),19:25,-2000.0,
07/10/2024,28696.0,347100.0,QuadCities_RockCreek_345kV_flo_MorganValley_Tiff,QUADCITY QUAD_ROCK_34_1 1 (LN/CE/ALTW),MORGAN VALLEY - TIFFIN 345,19:25,-2000.0,
07/10/2024,,3787.0,ALE13X06_KILBOURN_T32_KIL_T32,KILBOURN T32 KIL_T32 (XF/ALTE/*),KILBOURN 138/69 T31,19:30,-500.0,
07/10/2024,,448861.0,ALE34X16_NORWGNCK_X-164_1,NORWGNCK X-164 1 (LN/ALTE/ALTE),HILL VALLEY 345/138 T1,19:30,-1000.0,
07/10/2024,,4492.0,ALW34004_YORK_YORKALBAN16_1_1,YORK YORKALBAN16_1 1 (LN/ALTW/ALTW),ROCK CREEK - SALEM 345,19:30,-2000.0,
07/10/2024,,360867.0,EECSW14_RAY_RAYWOD_LIBRTY4_A,RAY RAYWOD_LIBRTY4 A (LN/EES/EES),ROCKY CREEK  -  CROCKETT 345,19:30,-1000.0,
07/10/2024,,264164.0,FEITC04_LEMOYNE_MAJ_LEMOYNE_1,LEMOYNE MAJ_LEMOYNE 1 (LN/FE/DECO),MONROE - LALLENDORF 345,19:30,-98.26,
07/10/2024,,286372.0,ITC34066_MONROE4_MONRONSTAR12_1_1,MONROE4 MONRONSTAR12_1 1 (LN/DECO/DECO),MONROE-BROWNSTOWN 345 #2,19:30,-700.0,
07/10/2024,,348116.0,MP23009_IRNRNGE_IRON_BLCKB105_1,IRNRNGE IRON_BLCKB105 1 (LN/MP/MP),BLACKBERRY - IRON RANGE 230 (106L),19:30,-2000.0,
07/10/2024,28696.0,347100.0,QuadCities_RockCreek_345kV_flo_MorganValley_Tiff,QUADCITY QUAD_ROCK_34_1 1 (LN/CE/ALTW),MORGAN VALLEY - TIFFIN 345,19:30,-1242.47,
07/10/2024,,3787.0,ALE13X06_KILBOURN_T32_KIL_T32,KILBOURN T32 KIL_T32 (XF/ALTE/*),KILBOURN 138/69 T31,19:35,-500.0,
07/10/2024,,448861.0,ALE34X16_NORWGNCK_X-164_1,NORWGNCK X-164 1 (LN/ALTE/ALTE),HILL VALLEY 345/138 T1,19:35,-1000.0,
07/10/2024,,4492.0,ALW34004_YORK_YORKALBAN16_1_1,YORK YORKALBAN16_1 1 (LN/ALTW/ALTW),ROCK CREEK - SALEM 345,19:35,-2000.0,
07/10/2024,,360867.0,EECSW14_RAY_RAYWOD_LIBRTY4_A,RAY RAYWOD_LIBRTY4 A (LN/EES/EES),ROCKY CREEK  -  CROCKETT 345,19:35,-1000.0,
07/10/2024,,264164.0,FEITC04_LEMOYNE_MAJ_LEMOYNE_1,LEMOYNE MAJ_LEMOYNE 1 (LN/FE/DECO),MONROE - LALLENDORF 345,19:35,-33.02,
07/10/2024,,286372.0,ITC34066_MONROE4_MONRONSTAR12_1_1,MONROE4 MONRONSTAR12_1 1 (LN/DECO/DECO),MONROE-BROWNSTOWN 345 #2,19:35,-23.94,
07/10/2024,,348116.0,MP23009_IRNRNGE_IRON_BLCKB105_1,IRNRNGE IRON_BLCKB105 1 (LN/MP/MP),BLACKBERRY - IRON RANGE 230 (106L),19:35,-2000.0,
07/10/2024,28696.0,347100.0,QuadCities_RockCreek_345kV_flo_MorganValley_Tiff,QUADCITY QUAD_ROCK_34_1 1 (LN/CE/ALTW),MORGAN VALLEY - TIFFIN 345,19:35,-2000.0,
07/10/2024,,3787.0,ALE13X06_KILBOURN_T32_KIL_T32,KILBOURN T32 KIL_T32 (XF/ALTE/*),KILBOURN 138/69 T31,19:40,-500.0,
07/10/2024,,448861.0,ALE34X16_NORWGNCK_X-164_1,NORWGNCK X-164 1 (LN/ALTE/ALTE),HILL VALLEY 345/138 T1,19:40,-759.63,
07/10/2024,,80391.0,ALEWPS1_SHERMANS_SHRMNSTSUNNY_1,SHERMANS SHRMNSTSUNNY 1 (LN/WPS/WPS),ARPIN-ROCKY RUN 345 (W-8) *,19:40,-700.0,
07/10/2024,,4492.0,ALW34004_YORK_YORKALBAN16_1_1,YORK YORKALBAN16_1 1 (LN/ALTW/ALTW),ROCK CREEK - SALEM 345,19:40,-2000.0,
07/10/2024,,264164.0,FEITC04_LEMOYNE_MAJ_LEMOYNE_1,LEMOYNE MAJ_LEMOYNE 1 (LN/FE/DECO),MONROE - LALLENDORF 345,19:40,-76.62,
07/10/2024,,348116.0,MP23009_IRNRNGE_IRON_BLCKB105_1,IRNRNGE IRON_BLCKB105 1 (LN/MP/MP),BLACKBERRY - IRON RANGE 230 (106L),19:40,-2000.0,
07/10/2024,28696.0,347100.0,QuadCities_RockCreek_345kV_flo_MorganValley_Tiff,QUADCITY QUAD_ROCK_34_1 1 (LN/CE/ALTW),MORGAN VALLEY - TIFFIN 345,19:40,-2000.0,
07/10/2024,,3787.0,ALE13X06_KILBOURN_T32_KIL_T32,KILBOURN T32 KIL_T32 (XF/ALTE/*),KILBOURN 138/69 T31,19:45,-400.0,
07/10/2024,,448861.0,ALE34X16_NORWGNCK_X-164_1,NORWGNCK X-164 1 (LN/ALTE/ALTE),HILL VALLEY 345/138 T1,19:45,-700.0,
07/10/2024,,4492.0,ALW34004_YORK_YORKALBAN16_1_1,YORK YORKALBAN16_1 1 (LN/ALTW/ALTW),ROCK CREEK - SALEM 345,19:45,-2000.0,
07/10/2024,,264164.0,FEITC04_LEMOYNE_MAJ_LEMOYNE_1,LEMOYNE MAJ_LEMOYNE 1 (LN/FE/DECO),MONROE - LALLENDORF 345,19:45,-65.22,
07/10/2024,,348116.0,MP23009_IRNRNGE_IRON_BLCKB105_1,IRNRNGE IRON_BLCKB105 1 (LN/MP/MP),BLACKBERRY - IRON RANGE 230 (106L),19:45,-2000.0,
07/10/2024,,411010.0,WEC34125_PTBEACH_Q-303_1,PTBEACH Q-303 1 (LN/WEC/WPS),FOX RIVER-N APPLETON 345 (NAPL121),19:45,-61.56,
07/10/2024,,4492.0,ALW34004_YORK_YORKALBAN16_1_1,YORK YORKALBAN16_1 1 (LN/ALTW/ALTW),ROCK CREEK - SALEM 345,19:50,-2000.0,
07/10/2024,,264164.0,FEITC04_LEMOYNE_MAJ_LEMOYNE_1,LEMOYNE MAJ_LEMOYNE 1 (LN/FE/DECO),MONROE - LALLENDORF 345,19:50,-11.59,
07/10/2024,,286372.0,ITC34066_MONROE4_MONRONSTAR12_1_1,MONROE4 MONRONSTAR12_1 1 (LN/DECO/DECO),MONROE-BROWNSTOWN 345 #2,19:50,-20.59,
07/10/2024,,348116.0,MP23009_IRNRNGE_IRON_BLCKB105_1,IRNRNGE IRON_BLCKB105 1 (LN/MP/MP),BLACKBERRY - IRON RANGE 230 (106L),19:50,-2000.0,
07/10/2024,28696.0,347100.0,QuadCities_RockCreek_345kV_flo_MorganValley_Tiff,QUADCITY QUAD_ROCK_34_1 1 (LN/CE/ALTW),MORGAN VALLEY - TIFFIN 345,19:50,-249.01000000000005,
07/10/2024,,411010.0,WEC34125_PTBEACH_Q-303_1,PTBEACH Q-303 1 (LN/WEC/WPS),FOX RIVER-N APPLETON 345 (NAPL121),19:50,-74.41,
07/10/2024,,3787.0,ALE13X06_KILBOURN_T32_KIL_T32,KILBOURN T32 KIL_T32 (XF/ALTE/*),KILBOURN 138/69 T31,19:55,-400.0,
07/10/2024,,448861.0,ALE34X16_NORWGNCK_X-164_1,NORWGNCK X-164 1 (LN/ALTE/ALTE),HILL VALLEY 345/138 T1,19:55,-700.0,
07/10/2024,,4492.0,ALW34004_YORK_YORKALBAN16_1_1,YORK YORKALBAN16_1 1 (LN/ALTW/ALTW),ROCK CREEK - SALEM 345,19:55,-2000.0,
07/10/2024,,264164.0,FEITC04_LEMOYNE_MAJ_LEMOYNE_1,LEMOYNE MAJ_LEMOYNE 1 (LN/FE/DECO),MONROE - LALLENDORF 345,19:55,-33.26,
07/10/2024,,348116.0,MP23009_IRNRNGE_IRON_BLCKB105_1,IRNRNGE IRON_BLCKB105 1 (LN/MP/MP),BLACKBERRY - IRON RANGE 230 (106L),19:55,-2000.0,
07/10/2024,,411010.0,WEC34125_PTBEACH_Q-303_1,PTBEACH Q-303 1 (LN/WEC/WPS),FOX RIVER-N APPLETON 345 (NAPL121),19:55,-156.73,
07/10/2024,,3787.0,ALE13X06_KILBOURN_T32_KIL_T32,KILBOURN T32 KIL_T32 (XF/ALTE/*),KILBOURN 138/69 T31,20:00,-400.0,
07/10/2024,,448861.0,ALE34X16_NORWGNCK_X-164_1,NORWGNCK X-164 1 (LN/ALTE/ALTE),HILL VALLEY 345/138 T1,20:00,-488.12,
07/10/2024,,4492.0,ALW34004_YORK_YORKALBAN16_1_1,YORK YORKALBAN16_1 1 (LN/ALTW/ALTW),ROCK CREEK - SALEM 345,20:00,-2000.0,
07/10/2024,,264164.0,FEITC04_LEMOYNE_MAJ_LEMOYNE_1,LEMOYNE MAJ_LEMOYNE 1 (LN/FE/DECO),MONROE - LALLENDORF 345,20:00,-46.85,
07/10/2024,,454379.0,IPL34X08_HANNAIPL_132-30_1,HANNAIPL 132-30 1 (LN/IPL/IPL),STOUT 345/138 TR,20:00,-71.56,
07/10/2024,,286372.0,ITC34066_MONROE4_MONRONSTAR12_1_1,MONROE4 MONRONSTAR12_1 1 (LN/DECO/DECO),MONROE-BROWNSTOWN 345 #2,20:00,-28.05,
07/10/2024,,348116.0,MP23009_IRNRNGE_IRON_BLCKB105_1,IRNRNGE IRON_BLCKB105 1 (LN/MP/MP),BLACKBERRY - IRON RANGE 230 (106L),20:00,-2000.0,
07/10/2024,28696.0,347100.0,QuadCities_RockCreek_345kV_flo_MorganValley_Tiff,QUADCITY QUAD_ROCK_34_1 1 (LN/CE/ALTW),MORGAN VALLEY - TIFFIN 345,20:00,-2000.0,
07/10/2024,,411010.0,WEC34125_PTBEACH_Q-303_1,PTBEACH Q-303 1 (LN/WEC/WPS),FOX RIVER-N APPLETON 345 (NAPL121),20:00,-126.86,
07/10/2024,,3787.0,ALE13X06_KILBOURN_T32_KIL_T32,KILBOURN T32 KIL_T32 (XF/ALTE/*),KILBOURN 138/69 T31,20:05,-400.0,
07/10/2024,,448861.0,ALE34X16_NORWGNCK_X-164_1,NORWGNCK X-164 1 (LN/ALTE/ALTE),HILL VALLEY 345/138 T1,20:05,-700.0,
07/10/2024,,80391.0,ALEWPS1_SHERMANS_SHRMNSTSUNNY_1,SHERMANS SHRMNSTSUNNY 1 (LN/WPS/WPS),ARPIN-ROCKY RUN 345 (W-8) *,20:05,-700.0,
07/10/2024,,4492.0,ALW34004_YORK_YORKALBAN16_1_1,YORK YORKALBAN16_1 1 (LN/ALTW/ALTW),ROCK CREEK - SALEM 345,20:05,-2000.0,
07/10/2024,,454379.0,IPL34X08_HANNAIPL_132-30_1,HANNAIPL 132-30 1 (LN/IPL/IPL),STOUT 345/138 TR,20:05,-436.35,
07/10/2024,,286372.0,ITC34066_MONROE4_MONRONSTAR12_1_1,MONROE4 MONRONSTAR12_1 1 (LN/DECO/DECO),MONROE-BROWNSTOWN 345 #2,20:05,-404.4,
07/10/2024,,348116.0,MP23009_IRNRNGE_IRON_BLCKB105_1,IRNRNGE IRON_BLCKB105 1 (LN/MP/MP),BLACKBERRY - IRON RANGE 230 (106L),20:05,-2000.0,
07/10/2024,,411010.0,WEC34125_PTBEACH_Q-303_1,PTBEACH Q-303 1 (LN/WEC/WPS),FOX RIVER-N APPLETON 345 (NAPL121),20:05,-177.76,
07/10/2024,,3787.0,ALE13X06_KILBOURN_T32_KIL_T32,KILBOURN T32 KIL_T32 (XF/ALTE/*),KILBOURN 138/69 T31,20:10,-500.0,
07/10/2024,,448861.0,ALE34X16_NORWGNCK_X-164_1,NORWGNCK X-164 1 (LN/ALTE/ALTE),HILL VALLEY 345/138 T1,20:10,-1000.0,
07/10/2024,,80391.0,ALEWPS1_SHERMANS_SHRMNSTSUNNY_1,SHERMANS SHRMNSTSUNNY 1 (LN/WPS/WPS),ARPIN-ROCKY RUN 345 (W-8) *,20:10,-1000.0,
07/10/2024,,4492.0,ALW34004_YORK_YORKALBAN16_1_1,YORK YORKALBAN16_1 1 (LN/ALTW/ALTW),ROCK CREEK - SALEM 345,20:10,-2000.0,
07/10/2024,,285642.0,ALW34100_KERP_KERP8TH_S16_1_1,KERP KERP8TH_S16_1 1 (LN/ALTW/ALTW),SALEM-HICKORY CREEK 345,20:10,-1000.0,
07/10/2024,,454379.0,IPL34X08_HANNAIPL_132-30_1,HANNAIPL 132-30 1 (LN/IPL/IPL),STOUT 345/138 TR,20:10,-1000.0,
07/10/2024,,286372.0,ITC34066_MONROE4_MONRONSTAR12_1_1,MONROE4 MONRONSTAR12_1 1 (LN/DECO/DECO),MONROE-BROWNSTOWN 345 #2,20:10,-700.0,
07/10/2024,,348116.0,MP23009_IRNRNGE_IRON_BLCKB105_1,IRNRNGE IRON_BLCKB105 1 (LN/MP/MP),BLACKBERRY - IRON RANGE 230 (106L),20:10,-2000.0,
07/10/2024,,3787.0,ALE13X06_KILBOURN_T32_KIL_T32,KILBOURN T32 KIL_T32 (XF/ALTE/*),KILBOURN 138/69 T31,20:15,-500.0,
07/10/2024,,448861.0,ALE34X16_NORWGNCK_X-164_1,NORWGNCK X-164 1 (LN/ALTE/ALTE),HILL VALLEY 345/138 T1,20:15,-700.0,
07/10/2024,,80391.0,ALEWPS1_SHERMANS_SHRMNSTSUNNY_1,SHERMANS SHRMNSTSUNNY 1 (LN/WPS/WPS),ARPIN-ROCKY RUN 345 (W-8) *,20:15,-1000.0,
07/10/2024,,4492.0,ALW34004_YORK_YORKALBAN16_1_1,YORK YORKALBAN16_1 1 (LN/ALTW/ALTW),ROCK CREEK - SALEM 345,20:15,-2000.0,
07/10/2024,,454379.0,IPL34X08_HANNAIPL_132-30_1,HANNAIPL 132-30 1 (LN/IPL/IPL),STOUT 345/138 TR,20:15,-211.3,
07/10/2024,,348116.0,MP23009_IRNRNGE_IRON_BLCKB105_1,IRNRNGE IRON_BLCKB105 1 (LN/MP/MP),BLACKBERRY - IRON RANGE 230 (106L),20:15,-2000.0,
07/10/2024,,411010.0,WEC34125_PTBEACH_Q-303_1,PTBEACH Q-303 1 (LN/WEC/WPS),FOX RIVER-N APPLETON 345 (NAPL121),20:15,-458.83,
07/10/2024,,3787.0,ALE13X06_KILBOURN_T32_KIL_T32,KILBOURN T32 KIL_T32 (XF/ALTE/*),KILBOURN 138/69 T31,20:20,-500.0,
07/10/2024,,448861.0,ALE34X16_NORWGNCK_X-164_1,NORWGNCK X-164 1 (LN/ALTE/ALTE),HILL VALLEY 345/138 T1,20:20,-528.78,
07/10/2024,,80391.0,ALEWPS1_SHERMANS_SHRMNSTSUNNY_1,SHERMANS SHRMNSTSUNNY 1 (LN/WPS/WPS),ARPIN-ROCKY RUN 345 (W-8) *,20:20,-664.82,
07/10/2024,,4492.0,ALW34004_YORK_YORKALBAN16_1_1,YORK YORKALBAN16_1 1 (LN/ALTW/ALTW),ROCK CREEK - SALEM 345,20:20,-2000.0,
07/10/2024,,350944.0,ALWMEC38_ROSEHOLW_ROSEHBERTR16_1_1,ROSEHOLW ROSEHBERTR16_1 1 (LN/ALTW/ALTW),MORGAN VALLEY - TIFFIN 345,20:20,-1000.0,
07/10/2024,,454379.0,IPL34X08_HANNAIPL_132-30_1,HANNAIPL 132-30 1 (LN/IPL/IPL),STOUT 345/138 TR,20:20,-87.94,
07/10/2024,,286372.0,ITC34066_MONROE4_MONRONSTAR12_1_1,MONROE4 MONRONSTAR12_1 1 (LN/DECO/DECO),MONROE-BROWNSTOWN 345 #2,20:20,-700.0,
07/10/2024,,348116.0,MP23009_IRNRNGE_IRON_BLCKB105_1,IRNRNGE IRON_BLCKB105 1 (LN/MP/MP),BLACKBERRY - IRON RANGE 230 (106L),20:20,-2000.0,
07/10/2024,,411010.0,WEC34125_PTBEACH_Q-303_1,PTBEACH Q-303 1 (LN/WEC/WPS),FOX RIVER-N APPLETON 345 (NAPL121),20:20,-267.2,
07/10/2024,,3787.0,ALE13X06_KILBOURN_T32_KIL_T32,KILBOURN T32 KIL_T32 (XF/ALTE/*),KILBOURN 138/69 T31,20:25,-500.0,
07/10/2024,,448861.0,ALE34X16_NORWGNCK_X-164_1,NORWGNCK X-164 1 (LN/ALTE/ALTE),HILL VALLEY 345/138 T1,20:25,-516.7,
07/10/2024,,80391.0,ALEWPS1_SHERMANS_SHRMNSTSUNNY_1,SHERMANS SHRMNSTSUNNY 1 (LN/WPS/WPS),ARPIN-ROCKY RUN 345 (W-8) *,20:25,-700.0,
07/10/2024,,4492.0,ALW34004_YORK_YORKALBAN16_1_1,YORK YORKALBAN16_1 1 (LN/ALTW/ALTW),ROCK CREEK - SALEM 345,20:25,-2000.0,
07/10/2024,,350944.0,ALWMEC38_ROSEHOLW_ROSEHBERTR16_1_1,ROSEHOLW ROSEHBERTR16_1 1 (LN/ALTW/ALTW),MORGAN VALLEY - TIFFIN 345,20:25,-1000.0,
07/10/2024,,454379.0,IPL34X08_HANNAIPL_132-30_1,HANNAIPL 132-30 1 (LN/IPL/IPL),STOUT 345/138 TR,20:25,-117.96,
07/10/2024,,286372.0,ITC34066_MONROE4_MONRONSTAR12_1_1,MONROE4 MONRONSTAR12_1 1 (LN/DECO/DECO),MONROE-BROWNSTOWN 345 #2,20:25,-111.27,
07/10/2024,,348116.0,MP23009_IRNRNGE_IRON_BLCKB105_1,IRNRNGE IRON_BLCKB105 1 (LN/MP/MP),BLACKBERRY - IRON RANGE 230 (106L),20:25,-2000.0,
07/10/2024,,411010.0,WEC34125_PTBEACH_Q-303_1,PTBEACH Q-303 1 (LN/WEC/WPS),FOX RIVER-N APPLETON 345 (NAPL121),20:25,-473.11,
07/10/2024,,3787.0,ALE13X06_KILBOURN_T32_KIL_T32,KILBOURN T32 KIL_T32 (XF/ALTE/*),KILBOURN 138/69 T31,20:30,-500.0,
07/10/2024,,448861.0,ALE34X16_NORWGNCK_X-164_1,NORWGNCK X-164 1 (LN/ALTE/ALTE),HILL VALLEY 345/138 T1,20:30,-700.0,
07/10/2024,,80391.0,ALEWPS1_SHERMANS_SHRMNSTSUNNY_1,SHERMANS SHRMNSTSUNNY 1 (LN/WPS/WPS),ARPIN-ROCKY RUN 345 (W-8) *,20:30,-752.16,
07/10/2024,,4492.0,ALW34004_YORK_YORKALBAN16_1_1,YORK YORKALBAN16_1 1 (LN/ALTW/ALTW),ROCK CREEK - SALEM 345,20:30,-2000.0,
07/10/2024,,285642.0,ALW34100_KERP_KERP8TH_S16_1_1,KERP KERP8TH_S16_1 1 (LN/ALTW/ALTW),SALEM-HICKORY CREEK 345,20:30,-1000.0,
07/10/2024,,350944.0,ALWMEC38_ROSEHOLW_ROSEHBERTR16_1_1,ROSEHOLW ROSEHBERTR16_1 1 (LN/ALTW/ALTW),MORGAN VALLEY - TIFFIN 345,20:30,-2000.0,
07/10/2024,,454379.0,IPL34X08_HANNAIPL_132-30_1,HANNAIPL 132-30 1 (LN/IPL/IPL),STOUT 345/138 TR,20:30,-54.71,
07/10/2024,,286372.0,ITC34066_MONROE4_MONRONSTAR12_1_1,MONROE4 MONRONSTAR12_1 1 (LN/DECO/DECO),MONROE-BROWNSTOWN 345 #2,20:30,-62.8,
07/10/2024,,348116.0,MP23009_IRNRNGE_IRON_BLCKB105_1,IRNRNGE IRON_BLCKB105 1 (LN/MP/MP),BLACKBERRY - IRON RANGE 230 (106L),20:30,-2000.0,
07/10/2024,,411010.0,WEC34125_PTBEACH_Q-303_1,PTBEACH Q-303 1 (LN/WEC/WPS),FOX RIVER-N APPLETON 345 (NAPL121),20:30,-429.01,
07/10/2024,,3787.0,ALE13X06_KILBOURN_T32_KIL_T32,KILBOURN T32 KIL_T32 (XF/ALTE/*),KILBOURN 138/69 T31,20:35,-400.0,
07/10/2024,,80391.0,ALEWPS1_SHERMANS_SHRMNSTSUNNY_1,SHERMANS SHRMNSTSUNNY 1 (LN/WPS/WPS),ARPIN-ROCKY RUN 345 (W-8) *,20:35,-70.78,
07/10/2024,,4492.0,ALW34004_YORK_YORKALBAN16_1_1,YORK YORKALBAN16_1 1 (LN/ALTW/ALTW),ROCK CREEK - SALEM 345,20:35,-2000.0,
07/10/2024,,454379.0,IPL34X08_HANNAIPL_132-30_1,HANNAIPL 132-30 1 (LN/IPL/IPL),STOUT 345/138 TR,20:35,-7.13,
07/10/2024,,348116.0,MP23009_IRNRNGE_IRON_BLCKB105_1,IRNRNGE IRON_BLCKB105 1 (LN/MP/MP),BLACKBERRY - IRON RANGE 230 (106L),20:35,-653.33,
07/10/2024,,411010.0,WEC34125_PTBEACH_Q-303_1,PTBEACH Q-303 1 (LN/WEC/WPS),FOX RIVER-N APPLETON 345 (NAPL121),20:35,-114.27,
07/10/2024,,4492.0,ALW34004_YORK_YORKALBAN16_1_1,YORK YORKALBAN16_1 1 (LN/ALTW/ALTW),ROCK CREEK - SALEM 345,20:40,-2000.0,
07/10/2024,,264164.0,FEITC04_LEMOYNE_MAJ_LEMOYNE_1,LEMOYNE MAJ_LEMOYNE 1 (LN/FE/DECO),MONROE - LALLENDORF 345,20:40,-90.48,
07/10/2024,,348116.0,MP23009_IRNRNGE_IRON_BLCKB105_1,IRNRNGE IRON_BLCKB105 1 (LN/MP/MP),BLACKBERRY - IRON RANGE 230 (106L),20:40,-378.31,
07/10/2024,26346.0,410709.0,Tanners_Creek_Miami_Fort_345_kV_l_o_East_Bend_Te,TANNERSC TAN-MIA1 1 (LN/AEP/DEOK),EAST BEND - TERMINAL 345 (4516),20:40,-1000.0,
07/10/2024,,4492.0,ALW34004_YORK_YORKALBAN16_1_1,YORK YORKALBAN16_1 1 (LN/ALTW/ALTW),ROCK CREEK - SALEM 345,20:45,-2000.0,
07/10/2024,,348116.0,MP23009_IRNRNGE_IRON_BLCKB105_1,IRNRNGE IRON_BLCKB105 1 (LN/MP/MP),BLACKBERRY - IRON RANGE 230 (106L),20:45,-329.32,
07/10/2024,,4492.0,ALW34004_YORK_YORKALBAN16_1_1,YORK YORKALBAN16_1 1 (LN/ALTW/ALTW),ROCK CREEK - SALEM 345,20:50,-2000.0,
07/10/2024,,264164.0,FEITC04_LEMOYNE_MAJ_LEMOYNE_1,LEMOYNE MAJ_LEMOYNE 1 (LN/FE/DECO),MONROE - LALLENDORF 345,20:50,-139.04,
07/10/2024,,348116.0,MP23009_IRNRNGE_IRON_BLCKB105_1,IRNRNGE IRON_BLCKB105 1 (LN/MP/MP),BLACKBERRY - IRON RANGE 230 (106L),20:50,-1030.58,
07/10/2024,26346.0,410709.0,Tanners_Creek_Miami_Fort_345_kV_l_o_East_Bend_Te,TANNERSC TAN-MIA1 1 (LN/AEP/DEOK),EAST BEND - TERMINAL 345 (4516),20:50,-1000.0,
07/10/2024,,411010.0,WEC34125_PTBEACH_Q-303_1,PTBEACH Q-303 1 (LN/WEC/WPS),FOX RIVER-N APPLETON 345 (NAPL121),20:50,-48.53,
07/10/2024,,4492.0,ALW34004_YORK_YORKALBAN16_1_1,YORK YORKALBAN16_1 1 (LN/ALTW/ALTW),ROCK CREEK - SALEM 345,20:55,-2000.0,
07/10/2024,,360867.0,EECSW14_RAY_RAYWOD_LIBRTY4_A,RAY RAYWOD_LIBRTY4 A (LN/EES/EES),ROCKY CREEK  -  CROCKETT 345,20:55,-3.29,
07/10/2024,,264164.0,FEITC04_LEMOYNE_MAJ_LEMOYNE_1,LEMOYNE MAJ_LEMOYNE 1 (LN/FE/DECO),MONROE - LALLENDORF 345,20:55,-81.68,
07/10/2024,,348116.0,MP23009_IRNRNGE_IRON_BLCKB105_1,IRNRNGE IRON_BLCKB105 1 (LN/MP/MP),BLACKBERRY - IRON RANGE 230 (106L),20:55,-1000.0,
07/10/2024,26346.0,410709.0,Tanners_Creek_Miami_Fort_345_kV_l_o_East_Bend_Te,TANNERSC TAN-MIA1 1 (LN/AEP/DEOK),EAST BEND - TERMINAL 345 (4516),20:55,-583.3000000000001,
07/10/2024,,411010.0,WEC34125_PTBEACH_Q-303_1,PTBEACH Q-303 1 (LN/WEC/WPS),FOX RIVER-N APPLETON 345 (NAPL121),20:55,-6.05,
07/10/2024,,4492.0,ALW34004_YORK_YORKALBAN16_1_1,YORK YORKALBAN16_1 1 (LN/ALTW/ALTW),ROCK CREEK - SALEM 345,21:00,-2000.0,
07/10/2024,,348116.0,MP23009_IRNRNGE_IRON_BLCKB105_1,IRNRNGE IRON_BLCKB105 1 (LN/MP/MP),BLACKBERRY - IRON RANGE 230 (106L),21:00,-367.05,
07/10/2024,26346.0,410709.0,Tanners_Creek_Miami_Fort_345_kV_l_o_East_Bend_Te,TANNERSC TAN-MIA1 1 (LN/AEP/DEOK),EAST BEND - TERMINAL 345 (4516),21:00,-583.3000000000001,
07/10/2024,,411010.0,WEC34125_PTBEACH_Q-303_1,PTBEACH Q-303 1 (LN/WEC/WPS),FOX RIVER-N APPLETON 345 (NAPL121),21:00,-8.870000000000001,
07/10/2024,,4492.0,ALW34004_YORK_YORKALBAN16_1_1,YORK YORKALBAN16_1 1 (LN/ALTW/ALTW),ROCK CREEK - SALEM 345,21:05,-2000.0,
07/10/2024,,348116.0,MP23009_IRNRNGE_IRON_BLCKB105_1,IRNRNGE IRON_BLCKB105 1 (LN/MP/MP),BLACKBERRY - IRON RANGE 230 (106L),21:05,-404.03,
07/10/2024,26346.0,410709.0,Tanners_Creek_Miami_Fort_345_kV_l_o_East_Bend_Te,TANNERSC TAN-MIA1 1 (LN/AEP/DEOK),EAST BEND - TERMINAL 345 (4516),21:05,-57.4,
07/10/2024,,4492.0,ALW34004_YORK_YORKALBAN16_1_1,YORK YORKALBAN16_1 1 (LN/ALTW/ALTW),ROCK CREEK - SALEM 345,21:10,-2000.0,
07/10/2024,,348116.0,MP23009_IRNRNGE_IRON_BLCKB105_1,IRNRNGE IRON_BLCKB105 1 (LN/MP/MP),BLACKBERRY - IRON RANGE 230 (106L),21:10,-1000.0,
07/10/2024,26346.0,410709.0,Tanners_Creek_Miami_Fort_345_kV_l_o_East_Bend_Te,TANNERSC TAN-MIA1 1 (LN/AEP/DEOK),EAST BEND - TERMINAL 345 (4516),21:10,-13.3,
07/10/2024,,411010.0,WEC34125_PTBEACH_Q-303_1,PTBEACH Q-303 1 (LN/WEC/WPS),FOX RIVER-N APPLETON 345 (NAPL121),21:10,-19.63,
07/10/2024,,4492.0,ALW34004_YORK_YORKALBAN16_1_1,YORK YORKALBAN16_1 1 (LN/ALTW/ALTW),ROCK CREEK - SALEM 345,21:15,-2000.0,
07/10/2024,,348116.0,MP23009_IRNRNGE_IRON_BLCKB105_1,IRNRNGE IRON_BLCKB105 1 (LN/MP/MP),BLACKBERRY - IRON RANGE 230 (106L),21:15,-1000.0,
07/10/2024,26346.0,410709.0,Tanners_Creek_Miami_Fort_345_kV_l_o_East_Bend_Te,TANNERSC TAN-MIA1 1 (LN/AEP/DEOK),EAST BEND - TERMINAL 345 (4516),21:15,-1.3,
07/10/2024,,411010.0,WEC34125_PTBEACH_Q-303_1,PTBEACH Q-303 1 (LN/WEC/WPS),FOX RIVER-N APPLETON 345 (NAPL121),21:15,-15.3,
07/10/2024,,4492.0,ALW34004_YORK_YORKALBAN16_1_1,YORK YORKALBAN16_1 1 (LN/ALTW/ALTW),ROCK CREEK - SALEM 345,21:20,-2000.0,
07/10/2024,,348116.0,MP23009_IRNRNGE_IRON_BLCKB105_1,IRNRNGE IRON_BLCKB105 1 (LN/MP/MP),BLACKBERRY - IRON RANGE 230 (106L),21:20,-2000.0,
07/10/2024,26346.0,410709.0,Tanners_Creek_Miami_Fort_345_kV_l_o_East_Bend_Te,TANNERSC TAN-MIA1 1 (LN/AEP/DEOK),EAST BEND - TERMINAL 345 (4516),21:20,-1.1,
07/10/2024,,411010.0,WEC34125_PTBEACH_Q-303_1,PTBEACH Q-303 1 (LN/WEC/WPS),FOX RIVER-N APPLETON 345 (NAPL121),21:20,-114.38,
07/10/2024,,4492.0,ALW34004_YORK_YORKALBAN16_1_1,YORK YORKALBAN16_1 1 (LN/ALTW/ALTW),ROCK CREEK - SALEM 345,21:25,-2000.0,
07/10/2024,,348116.0,MP23009_IRNRNGE_IRON_BLCKB105_1,IRNRNGE IRON_BLCKB105 1 (LN/MP/MP),BLACKBERRY - IRON RANGE 230 (106L),21:25,-1000.0,
07/10/2024,26346.0,410709.0,Tanners_Creek_Miami_Fort_345_kV_l_o_East_Bend_Te,TANNERSC TAN-MIA1 1 (LN/AEP/DEOK),EAST BEND - TERMINAL 345 (4516),21:25,-31.8,
07/10/2024,,411010.0,WEC34125_PTBEACH_Q-303_1,PTBEACH Q-303 1 (LN/WEC/WPS),FOX RIVER-N APPLETON 345 (NAPL121),21:25,-38.09,
07/10/2024,,4492.0,ALW34004_YORK_YORKALBAN16_1_1,YORK YORKALBAN16_1 1 (LN/ALTW/ALTW),ROCK CREEK - SALEM 345,21:30,-2000.0,
07/10/2024,,286372.0,ITC34066_MONROE4_MONRONSTAR12_1_1,MONROE4 MONRONSTAR12_1 1 (LN/DECO/DECO),MONROE-BROWNSTOWN 345 #2,21:30,-3.24,
07/10/2024,,348116.0,MP23009_IRNRNGE_IRON_BLCKB105_1,IRNRNGE IRON_BLCKB105 1 (LN/MP/MP),BLACKBERRY - IRON RANGE 230 (106L),21:30,-1000.0,
07/10/2024,26346.0,410709.0,Tanners_Creek_Miami_Fort_345_kV_l_o_East_Bend_Te,TANNERSC TAN-MIA1 1 (LN/AEP/DEOK),EAST BEND - TERMINAL 345 (4516),21:30,-54.7,
07/10/2024,,411010.0,WEC34125_PTBEACH_Q-303_1,PTBEACH Q-303 1 (LN/WEC/WPS),FOX RIVER-N APPLETON 345 (NAPL121),21:30,-9.61,
07/10/2024,,4492.0,ALW34004_YORK_YORKALBAN16_1_1,YORK YORKALBAN16_1 1 (LN/ALTW/ALTW),ROCK CREEK - SALEM 345,21:35,-2000.0,
07/10/2024,,348116.0,MP23009_IRNRNGE_IRON_BLCKB105_1,IRNRNGE IRON_BLCKB105 1 (LN/MP/MP),BLACKBERRY - IRON RANGE 230 (106L),21:35,-1000.0,
07/10/2024,26346.0,410709.0,Tanners_Creek_Miami_Fort_345_kV_l_o_East_Bend_Te,TANNERSC TAN-MIA1 1 (LN/AEP/DEOK),EAST BEND - TERMINAL 345 (4516),21:35,-108.5,
07/10/2024,,411010.0,WEC34125_PTBEACH_Q-303_1,PTBEACH Q-303 1 (LN/WEC/WPS),FOX RIVER-N APPLETON 345 (NAPL121),21:35,-50.73,
07/10/2024,,4492.0,ALW34004_YORK_YORKALBAN16_1_1,YORK YORKALBAN16_1 1 (LN/ALTW/ALTW),ROCK CREEK - SALEM 345,21:40,-2000.0,
07/10/2024,,348116.0,MP23009_IRNRNGE_IRON_BLCKB105_1,IRNRNGE IRON_BLCKB105 1 (LN/MP/MP),BLACKBERRY - IRON RANGE 230 (106L),21:40,-1000.0,
07/10/2024,26346.0,410709.0,Tanners_Creek_Miami_Fort_345_kV_l_o_East_Bend_Te,TANNERSC TAN-MIA1 1 (LN/AEP/DEOK),EAST BEND - TERMINAL 345 (4516),21:40,-34.1,
07/10/2024,,411010.0,WEC34125_PTBEACH_Q-303_1,PTBEACH Q-303 1 (LN/WEC/WPS),FOX RIVER-N APPLETON 345 (NAPL121),21:40,-48.78,
07/10/2024,,4492.0,ALW34004_YORK_YORKALBAN16_1_1,YORK YORKALBAN16_1 1 (LN/ALTW/ALTW),ROCK CREEK - SALEM 345,21:45,-2000.0,
07/10/2024,,348116.0,MP23009_IRNRNGE_IRON_BLCKB105_1,IRNRNGE IRON_BLCKB105 1 (LN/MP/MP),BLACKBERRY - IRON RANGE 230 (106L),21:45,-1000.0,
07/10/2024,,411010.0,WEC34125_PTBEACH_Q-303_1,PTBEACH Q-303 1 (LN/WEC/WPS),FOX RIVER-N APPLETON 345 (NAPL121),21:45,-50.34,
07/10/2024,,4492.0,ALW34004_YORK_YORKALBAN16_1_1,YORK YORKALBAN16_1 1 (LN/ALTW/ALTW),ROCK CREEK - SALEM 345,21:50,-2000.0,
07/10/2024,,348116.0,MP23009_IRNRNGE_IRON_BLCKB105_1,IRNRNGE IRON_BLCKB105 1 (LN/MP/MP),BLACKBERRY - IRON RANGE 230 (106L),21:50,-1314.1,
07/10/2024,,411010.0,WEC34125_PTBEACH_Q-303_1,PTBEACH Q-303 1 (LN/WEC/WPS),FOX RIVER-N APPLETON 345 (NAPL121),21:50,-31.11,
07/10/2024,,4492.0,ALW34004_YORK_YORKALBAN16_1_1,YORK YORKALBAN16_1 1 (LN/ALTW/ALTW),ROCK CREEK - SALEM 345,21:55,-1191.22,
07/10/2024,,264164.0,FEITC04_LEMOYNE_MAJ_LEMOYNE_1,LEMOYNE MAJ_LEMOYNE 1 (LN/FE/DECO),MONROE - LALLENDORF 345,21:55,-18.6,
07/10/2024,,348116.0,MP23009_IRNRNGE_IRON_BLCKB105_1,IRNRNGE IRON_BLCKB105 1 (LN/MP/MP),BLACKBERRY - IRON RANGE 230 (106L),21:55,-268.96,
07/10/2024,26346.0,410709.0,Tanners_Creek_Miami_Fort_345_kV_l_o_East_Bend_Te,TANNERSC TAN-MIA1 1 (LN/AEP/DEOK),EAST BEND - TERMINAL 345 (4516),21:55,-49.7,
07/10/2024,,411010.0,WEC34125_PTBEACH_Q-303_1,PTBEACH Q-303 1 (LN/WEC/WPS),FOX RIVER-N APPLETON 345 (NAPL121),21:55,-45.76,
07/10/2024,,4492.0,ALW34004_YORK_YORKALBAN16_1_1,YORK YORKALBAN16_1 1 (LN/ALTW/ALTW),ROCK CREEK - SALEM 345,22:00,-1000.0,
07/10/2024,,348116.0,MP23009_IRNRNGE_IRON_BLCKB105_1,IRNRNGE IRON_BLCKB105 1 (LN/MP/MP),BLACKBERRY - IRON RANGE 230 (106L),22:00,-143.78,
07/10/2024,26346.0,410709.0,Tanners_Creek_Miami_Fort_345_kV_l_o_East_Bend_Te,TANNERSC TAN-MIA1 1 (LN/AEP/DEOK),EAST BEND - TERMINAL 345 (4516),22:00,-48.6,
07/10/2024,,411010.0,WEC34125_PTBEACH_Q-303_1,PTBEACH Q-303 1 (LN/WEC/WPS),FOX RIVER-N APPLETON 345 (NAPL121),22:00,-26.78,
07/10/2024,,264166.0,FEITC04_LEMOYNE_MAJ_LEMOYNE_1,LEMOYNE MAJ_LEMOYNE 1 (LN/FE/DECO),MONROE - LALLENDORF 345,22:05,-615.5500000000001,
07/10/2024,,348116.0,MP23009_IRNRNGE_IRON_BLCKB105_1,IRNRNGE IRON_BLCKB105 1 (LN/MP/MP),BLACKBERRY - IRON RANGE 230 (106L),22:05,-369.07,
07/10/2024,,411010.0,WEC34125_PTBEACH_Q-303_1,PTBEACH Q-303 1 (LN/WEC/WPS),FOX RIVER-N APPLETON 345 (NAPL121),22:05,-484.58,
07/10/2024,,4492.0,ALW34004_YORK_YORKALBAN16_1_1,YORK YORKALBAN16_1 1 (LN/ALTW/ALTW),ROCK CREEK - SALEM 345,22:10,-2000.0,
07/10/2024,,264166.0,FEITC04_LEMOYNE_MAJ_LEMOYNE_1,LEMOYNE MAJ_LEMOYNE 1 (LN/FE/DECO),MONROE - LALLENDORF 345,22:10,-853.25,
07/10/2024,,411010.0,WEC34125_PTBEACH_Q-303_1,PTBEACH Q-303 1 (LN/WEC/WPS),FOX RIVER-N APPLETON 345 (NAPL121),22:10,-1024.55,
07/10/2024,,448861.0,ALE34X16_NORWGNCK_X-164_1,NORWGNCK X-164 1 (LN/ALTE/ALTE),HILL VALLEY 345/138 T1,22:15,-700.0,
07/10/2024,,80391.0,ALEWPS1_SHERMANS_SHRMNSTSUNNY_1,SHERMANS SHRMNSTSUNNY 1 (LN/WPS/WPS),ARPIN-ROCKY RUN 345 (W-8) *,22:15,-1000.0,
07/10/2024,,4492.0,ALW34004_YORK_YORKALBAN16_1_1,YORK YORKALBAN16_1 1 (LN/ALTW/ALTW),ROCK CREEK - SALEM 345,22:15,-2000.0,
07/10/2024,,411010.0,WEC34125_PTBEACH_Q-303_1,PTBEACH Q-303 1 (LN/WEC/WPS),FOX RIVER-N APPLETON 345 (NAPL121),22:15,-2000.0,
07/10/2024,,448861.0,ALE34X16_NORWGNCK_X-164_1,NORWGNCK X-164 1 (LN/ALTE/ALTE),HILL VALLEY 345/138 T1,22:20,-1000.0,
07/10/2024,,80391.0,ALEWPS1_SHERMANS_SHRMNSTSUNNY_1,SHERMANS SHRMNSTSUNNY 1 (LN/WPS/WPS),ARPIN-ROCKY RUN 345 (W-8) *,22:20,-1000.0,
07/10/2024,,4492.0,ALW34004_YORK_YORKALBAN16_1_1,YORK YORKALBAN16_1 1 (LN/ALTW/ALTW),ROCK CREEK - SALEM 345,22:20,-2000.0,
07/10/2024,26346.0,410709.0,Tanners_Creek_Miami_Fort_345_kV_l_o_East_Bend_Te,TANNERSC TAN-MIA1 1 (LN/AEP/DEOK),EAST BEND - TERMINAL 345 (4516),22:20,-24.8,
07/10/2024,,411010.0,WEC34125_PTBEACH_Q-303_1,PTBEACH Q-303 1 (LN/WEC/WPS),FOX RIVER-N APPLETON 345 (NAPL121),22:20,-2000.0,
07/10/2024,,448861.0,ALE34X16_NORWGNCK_X-164_1,NORWGNCK X-164 1 (LN/ALTE/ALTE),HILL VALLEY 345/138 T1,22:25,-700.0,
07/10/2024,,80391.0,ALEWPS1_SHERMANS_SHRMNSTSUNNY_1,SHERMANS SHRMNSTSUNNY 1 (LN/WPS/WPS),ARPIN-ROCKY RUN 345 (W-8) *,22:25,-700.0,
07/10/2024,,4492.0,ALW34004_YORK_YORKALBAN16_1_1,YORK YORKALBAN16_1 1 (LN/ALTW/ALTW),ROCK CREEK - SALEM 345,22:25,-2000.0,
07/10/2024,,411010.0,WEC34125_PTBEACH_Q-303_1,PTBEACH Q-303 1 (LN/WEC/WPS),FOX RIVER-N APPLETON 345 (NAPL121),22:25,-2000.0,
07/10/2024,,4492.0,ALW34004_YORK_YORKALBAN16_1_1,YORK YORKALBAN16_1 1 (LN/ALTW/ALTW),ROCK CREEK - SALEM 345,22:30,-2000.0,
07/10/2024,,411010.0,WEC34125_PTBEACH_Q-303_1,PTBEACH Q-303 1 (LN/WEC/WPS),FOX RIVER-N APPLETON 345 (NAPL121),22:30,-1000.0,
07/10/2024,,4492.0,ALW34004_YORK_YORKALBAN16_1_1,YORK YORKALBAN16_1 1 (LN/ALTW/ALTW),ROCK CREEK - SALEM 345,22:35,-2000.0,
07/10/2024,,411010.0,WEC34125_PTBEACH_Q-303_1,PTBEACH Q-303 1 (LN/WEC/WPS),FOX RIVER-N APPLETON 345 (NAPL121),22:35,-98.94,
07/10/2024,,4492.0,ALW34004_YORK_YORKALBAN16_1_1,YORK YORKALBAN16_1 1 (LN/ALTW/ALTW),ROCK CREEK - SALEM 345,22:40,-1000.0,
07/10/2024,,411010.0,WEC34125_PTBEACH_Q-303_1,PTBEACH Q-303 1 (LN/WEC/WPS),FOX RIVER-N APPLETON 345 (NAPL121),22:40,-46.16,
07/10/2024,,4492.0,ALW34004_YORK_YORKALBAN16_1_1,YORK YORKALBAN16_1 1 (LN/ALTW/ALTW),ROCK CREEK - SALEM 345,22:45,-1000.0,
07/10/2024,,411010.0,WEC34125_PTBEACH_Q-303_1,PTBEACH Q-303 1 (LN/WEC/WPS),FOX RIVER-N APPLETON 345 (NAPL121),22:45,-31.42,
07/10/2024,,4492.0,ALW34004_YORK_YORKALBAN16_1_1,YORK YORKALBAN16_1 1 (LN/ALTW/ALTW),ROCK CREEK - SALEM 345,22:50,-1000.0,
07/10/2024,,411010.0,WEC34125_PTBEACH_Q-303_1,PTBEACH Q-303 1 (LN/WEC/WPS),FOX RIVER-N APPLETON 345 (NAPL121),22:50,-33.83,
07/10/2024,,4492.0,ALW34004_YORK_YORKALBAN16_1_1,YORK YORKALBAN16_1 1 (LN/ALTW/ALTW),ROCK CREEK - SALEM 345,22:55,-378.61,
07/10/2024,,411010.0,WEC34125_PTBEACH_Q-303_1,PTBEACH Q-303 1 (LN/WEC/WPS),FOX RIVER-N APPLETON 345 (NAPL121),22:55,-53.55,
07/10/2024,,4492.0,ALW34004_YORK_YORKALBAN16_1_1,YORK YORKALBAN16_1 1 (LN/ALTW/ALTW),ROCK CREEK - SALEM 345,23:00,-36.83,
07/10/2024,,411010.0,WEC34125_PTBEACH_Q-303_1,PTBEACH Q-303 1 (LN/WEC/WPS),FOX RIVER-N APPLETON 345 (NAPL121),23:00,-48.52,
07/10/2024,,4492.0,ALW34004_YORK_YORKALBAN16_1_1,YORK YORKALBAN16_1 1 (LN/ALTW/ALTW),ROCK CREEK - SALEM 345,23:05,-145.04,
07/10/2024,,196784.0,BASE_REYNOLD4_13857_A,REYNOLD4 13857 A (LN/NIPS/NIPS),,23:05,-46.74,
07/10/2024,,411010.0,WEC34125_PTBEACH_Q-303_1,PTBEACH Q-303 1 (LN/WEC/WPS),FOX RIVER-N APPLETON 345 (NAPL121),23:05,-69.01,
07/10/2024,,196784.0,BASE_REYNOLD4_13857_A,REYNOLD4 13857 A (LN/NIPS/NIPS),,23:10,-72.55,
07/10/2024,,286638.0,NIP13103_GOODLAND_B_NO_1_XFMR,GOODLAND B NO_1_XFMR (XF/NIPS/*),REYNOLDS - GOODLAND 138 (13857),23:10,-11.81,
07/10/2024,,411010.0,WEC34125_PTBEACH_Q-303_1,PTBEACH Q-303 1 (LN/WEC/WPS),FOX RIVER-N APPLETON 345 (NAPL121),23:10,-73.25,
07/10/2024,,196784.0,BASE_REYNOLD4_13857_A,REYNOLD4 13857 A (LN/NIPS/NIPS),,23:15,-42.97,
07/10/2024,,360867.0,EECSW14_RAY_RAYWOD_LIBRTY4_A,RAY RAYWOD_LIBRTY4 A (LN/EES/EES),ROCKY CREEK  -  CROCKETT 345,23:15,-0.32,
07/10/2024,,411010.0,WEC34125_PTBEACH_Q-303_1,PTBEACH Q-303 1 (LN/WEC/WPS),FOX RIVER-N APPLETON 345 (NAPL121),23:15,-24.8,
07/10/2024,,196784.0,BASE_REYNOLD4_13857_A,REYNOLD4 13857 A (LN/NIPS/NIPS),,23:20,-44.96,
07/10/2024,,360867.0,EECSW14_RAY_RAYWOD_LIBRTY4_A,RAY RAYWOD_LIBRTY4 A (LN/EES/EES),ROCKY CREEK  -  CROCKETT 345,23:20,-0.22,
07/10/2024,,411010.0,WEC34125_PTBEACH_Q-303_1,PTBEACH Q-303 1 (LN/WEC/WPS),FOX RIVER-N APPLETON 345 (NAPL121),23:20,-28.38,
07/10/2024,,196784.0,BASE_REYNOLD4_13857_A,REYNOLD4 13857 A (LN/NIPS/NIPS),,23:25,-41.43,
07/10/2024,,360867.0,EECSW14_RAY_RAYWOD_LIBRTY4_A,RAY RAYWOD_LIBRTY4 A (LN/EES/EES),ROCKY CREEK  -  CROCKETT 345,23:25,-0.4,
07/10/2024,,411010.0,WEC34125_PTBEACH_Q-303_1,PTBEACH Q-303 1 (LN/WEC/WPS),FOX RIVER-N APPLETON 345 (NAPL121),23:25,-20.85,
07/10/2024,,196784.0,BASE_REYNOLD4_13857_A,REYNOLD4 13857 A (LN/NIPS/NIPS),,23:30,-46.66,
07/10/2024,,360867.0,EECSW14_RAY_RAYWOD_LIBRTY4_A,RAY RAYWOD_LIBRTY4 A (LN/EES/EES),ROCKY CREEK  -  CROCKETT 345,23:30,-0.53,
07/10/2024,,411010.0,WEC34125_PTBEACH_Q-303_1,PTBEACH Q-303 1 (LN/WEC/WPS),FOX RIVER-N APPLETON 345 (NAPL121),23:30,-6.91,
07/10/2024,,196784.0,BASE_REYNOLD4_13857_A,REYNOLD4 13857 A (LN/NIPS/NIPS),,23:35,-43.52,
07/10/2024,,360867.0,EECSW14_RAY_RAYWOD_LIBRTY4_A,RAY RAYWOD_LIBRTY4 A (LN/EES/EES),ROCKY CREEK  -  CROCKETT 345,23:35,-0.84,
07/10/2024,,411010.0,WEC34125_PTBEACH_Q-303_1,PTBEACH Q-303 1 (LN/WEC/WPS),FOX RIVER-N APPLETON 345 (NAPL121),23:35,-19.71,
07/10/2024,,196784.0,BASE_REYNOLD4_13857_A,REYNOLD4 13857 A (LN/NIPS/NIPS),,23:40,-41.78,
07/10/2024,,360867.0,EECSW14_RAY_RAYWOD_LIBRTY4_A,RAY RAYWOD_LIBRTY4 A (LN/EES/EES),ROCKY CREEK  -  CROCKETT 345,23:40,-1.1,
07/10/2024,,196784.0,BASE_REYNOLD4_13857_A,REYNOLD4 13857 A (LN/NIPS/NIPS),,23:45,-46.55,
07/10/2024,,360867.0,EECSW14_RAY_RAYWOD_LIBRTY4_A,RAY RAYWOD_LIBRTY4 A (LN/EES/EES),ROCKY CREEK  -  CROCKETT 345,23:45,-1.11,
07/10/2024,,196784.0,BASE_REYNOLD4_13857_A,REYNOLD4 13857 A (LN/NIPS/NIPS),,23:50,-46.63,
07/10/2024,,196784.0,BASE_REYNOLD4_13857_A,REYNOLD4 13857 A (LN/NIPS/NIPS),,23:55,-44.55,
07/11/2024,,196784.0,BASE_REYNOLD4_13857_A,REYNOLD4 13857 A (LN/NIPS/NIPS),,00:05,-47.42,
07/11/2024,,196784.0,BASE_REYNOLD4_13857_A,REYNOLD4 13857 A (LN/NIPS/NIPS),,00:10,-50.27,
07/11/2024,,196784.0,BASE_REYNOLD4_13857_A,REYNOLD4 13857 A (LN/NIPS/NIPS),,00:15,-41.3,
07/11/2024,,196784.0,BASE_REYNOLD4_13857_A,REYNOLD4 13857 A (LN/NIPS/NIPS),,00:20,-41.26,
07/11/2024,,196784.0,BASE_REYNOLD4_13857_A,REYNOLD4 13857 A (LN/NIPS/NIPS),,00:25,-41.53,
07/11/2024,,196784.0,BASE_REYNOLD4_13857_A,REYNOLD4 13857 A (LN/NIPS/NIPS),,00:30,-42.32,
07/11/2024,,196784.0,BASE_REYNOLD4_13857_A,REYNOLD4 13857 A (LN/NIPS/NIPS),,00:35,-37.77,
07/11/2024,,196784.0,BASE_REYNOLD4_13857_A,REYNOLD4 13857 A (LN/NIPS/NIPS),,00:40,-38.660000000000004,
07/11/2024,,454323.0,MET34009_GAINES_TB2_TB2,GAINES TB2 TB2 (XF/CONS/*),CAMPBELL-TALLMADGE 345 (358),00:40,-20.81,
07/11/2024,,454323.0,MET34009_GAINES_TB2_TB2,GAINES TB2 TB2 (XF/CONS/*),CAMPBELL-TALLMADGE 345 (358),00:45,-23.69,
07/11/2024,,454323.0,MET34009_GAINES_TB2_TB2,GAINES TB2 TB2 (XF/CONS/*),CAMPBELL-TALLMADGE 345 (358),00:50,-20.84,
07/11/2024,,454323.0,MET34009_GAINES_TB2_TB2,GAINES TB2 TB2 (XF/CONS/*),CAMPBELL-TALLMADGE 345 (358),00:55,-25.33,
07/11/2024,,454323.0,MET34009_GAINES_TB2_TB2,GAINES TB2 TB2 (XF/CONS/*),CAMPBELL-TALLMADGE 345 (358),01:00,-22.46,
07/11/2024,,454323.0,MET34009_GAINES_TB2_TB2,GAINES TB2 TB2 (XF/CONS/*),CAMPBELL-TALLMADGE 345 (358),01:05,-24.64,
07/11/2024,,454323.0,MET34009_GAINES_TB2_TB2,GAINES TB2 TB2 (XF/CONS/*),CAMPBELL-TALLMADGE 345 (358),01:10,-24.6,
07/11/2024,,454323.0,MET34009_GAINES_TB2_TB2,GAINES TB2 TB2 (XF/CONS/*),CAMPBELL-TALLMADGE 345 (358),01:15,-19.48,
07/11/2024,,454323.0,MET34009_GAINES_TB2_TB2,GAINES TB2 TB2 (XF/CONS/*),CAMPBELL-TALLMADGE 345 (358),01:20,-15.91,
07/11/2024,,453132.0,NSP34056_MARS_SS_LYON_MARS_11_1_1,MARS_SS LYON_MARS_11_1 1 (LN/NSP/NSP),CEDAR MTN-LYON COUNTY 345 1 (0956),01:20,-131.01,
07/11/2024,,454323.0,MET34009_GAINES_TB2_TB2,GAINES TB2 TB2 (XF/CONS/*),CAMPBELL-TALLMADGE 345 (358),01:25,-19.05,
07/11/2024,,453132.0,NSP34056_MARS_SS_LYON_MARS_11_1_1,MARS_SS LYON_MARS_11_1 1 (LN/NSP/NSP),CEDAR MTN-LYON COUNTY 345 1 (0956),01:25,-132.28,
07/11/2024,,453132.0,NSP34056_MARS_SS_LYON_MARS_11_1_1,MARS_SS LYON_MARS_11_1 1 (LN/NSP/NSP),CEDAR MTN-LYON COUNTY 345 1 (0956),01:30,-131.71,
07/11/2024,,453132.0,NSP34056_MARS_SS_LYON_MARS_11_1_1,MARS_SS LYON_MARS_11_1 1 (LN/NSP/NSP),CEDAR MTN-LYON COUNTY 345 1 (0956),01:35,-131.75,
07/11/2024,,453132.0,NSP34056_MARS_SS_LYON_MARS_11_1_1,MARS_SS LYON_MARS_11_1 1 (LN/NSP/NSP),CEDAR MTN-LYON COUNTY 345 1 (0956),01:40,-130.8,
07/11/2024,,196784.0,BASE_REYNOLD4_13857_A,REYNOLD4 13857 A (LN/NIPS/NIPS),,01:45,-35.6,
07/11/2024,,453132.0,NSP34056_MARS_SS_LYON_MARS_11_1_1,MARS_SS LYON_MARS_11_1 1 (LN/NSP/NSP),CEDAR MTN-LYON COUNTY 345 1 (0956),01:45,-129.38,
07/11/2024,,453132.0,NSP34056_MARS_SS_LYON_MARS_11_1_1,MARS_SS LYON_MARS_11_1 1 (LN/NSP/NSP),CEDAR MTN-LYON COUNTY 345 1 (0956),01:50,-128.69,
07/11/2024,,196784.0,BASE_REYNOLD4_13857_A,REYNOLD4 13857 A (LN/NIPS/NIPS),,01:55,-36.410000000000004,
07/11/2024,,453132.0,NSP34056_MARS_SS_LYON_MARS_11_1_1,MARS_SS LYON_MARS_11_1 1 (LN/NSP/NSP),CEDAR MTN-LYON COUNTY 345 1 (0956),01:55,-130.54,
07/11/2024,,453132.0,NSP34056_MARS_SS_LYON_MARS_11_1_1,MARS_SS LYON_MARS_11_1 1 (LN/NSP/NSP),CEDAR MTN-LYON COUNTY 345 1 (0956),02:00,-131.57,
07/11/2024,,196784.0,BASE_REYNOLD4_13857_A,REYNOLD4 13857 A (LN/NIPS/NIPS),,02:05,-37.85,
07/11/2024,,453132.0,NSP34056_MARS_SS_LYON_MARS_11_1_1,MARS_SS LYON_MARS_11_1 1 (LN/NSP/NSP),CEDAR MTN-LYON COUNTY 345 1 (0956),02:05,-131.53,
07/11/2024,,453132.0,NSP34056_MARS_SS_LYON_MARS_11_1_1,MARS_SS LYON_MARS_11_1 1 (LN/NSP/NSP),CEDAR MTN-LYON COUNTY 345 1 (0956),02:10,-131.42000000000002,
07/11/2024,,196784.0,BASE_REYNOLD4_13857_A,REYNOLD4 13857 A (LN/NIPS/NIPS),,02:15,-37.0,
07/11/2024,,453132.0,NSP34056_MARS_SS_LYON_MARS_11_1_1,MARS_SS LYON_MARS_11_1 1 (LN/NSP/NSP),CEDAR MTN-LYON COUNTY 345 1 (0956),02:15,-130.28,
07/11/2024,,196784.0,BASE_REYNOLD4_13857_A,REYNOLD4 13857 A (LN/NIPS/NIPS),,02:20,-36.95,
07/11/2024,,387530.0,EE23203_PORTER_E_NEWCAN_PORTER4_A,PORTER_E NEWCAN_PORTER4 A (LN/EES/EES),HEIGHT - PORTER 230,02:20,-7.17,
07/11/2024,,453132.0,NSP34056_MARS_SS_LYON_MARS_11_1_1,MARS_SS LYON_MARS_11_1 1 (LN/NSP/NSP),CEDAR MTN-LYON COUNTY 345 1 (0956),02:20,-130.53,
07/11/2024,,387530.0,EE23203_PORTER_E_NEWCAN_PORTER4_A,PORTER_E NEWCAN_PORTER4 A (LN/EES/EES),HEIGHT - PORTER 230,02:25,-81.36,
07/11/2024,,297058.0,NIP69107_REYNOLD4_13857_A,REYNOLD4 13857 A (LN/NIPS/NIPS),SPRAIRIE-HONEYCRK-REMNGTN (69-103),02:25,-27.11,
07/11/2024,,453132.0,NSP34056_MARS_SS_LYON_MARS_11_1_1,MARS_SS LYON_MARS_11_1 1 (LN/NSP/NSP),CEDAR MTN-LYON COUNTY 345 1 (0956),02:25,-129.07,
07/11/2024,,387530.0,EE23203_PORTER_E_NEWCAN_PORTER4_A,PORTER_E NEWCAN_PORTER4 A (LN/EES/EES),HEIGHT - PORTER 230,02:30,-7.89,
07/11/2024,,297058.0,NIP69107_REYNOLD4_13857_A,REYNOLD4 13857 A (LN/NIPS/NIPS),SPRAIRIE-HONEYCRK-REMNGTN (69-103),02:30,-26.31,
07/11/2024,,453132.0,NSP34056_MARS_SS_LYON_MARS_11_1_1,MARS_SS LYON_MARS_11_1 1 (LN/NSP/NSP),CEDAR MTN-LYON COUNTY 345 1 (0956),02:30,-128.91,
07/11/2024,,387530.0,EE23203_PORTER_E_NEWCAN_PORTER4_A,PORTER_E NEWCAN_PORTER4 A (LN/EES/EES),HEIGHT - PORTER 230,02:35,-7.76,
07/11/2024,,297058.0,NIP69107_REYNOLD4_13857_A,REYNOLD4 13857 A (LN/NIPS/NIPS),SPRAIRIE-HONEYCRK-REMNGTN (69-103),02:35,-25.63,
07/11/2024,,453132.0,NSP34056_MARS_SS_LYON_MARS_11_1_1,MARS_SS LYON_MARS_11_1 1 (LN/NSP/NSP),CEDAR MTN-LYON COUNTY 345 1 (0956),02:35,-128.02,
07/11/2024,,387530.0,EE23203_PORTER_E_NEWCAN_PORTER4_A,PORTER_E NEWCAN_PORTER4 A (LN/EES/EES),HEIGHT - PORTER 230,02:40,-7.17,
07/11/2024,,297058.0,NIP69107_REYNOLD4_13857_A,REYNOLD4 13857 A (LN/NIPS/NIPS),SPRAIRIE-HONEYCRK-REMNGTN (69-103),02:40,-24.9,
07/11/2024,,453132.0,NSP34056_MARS_SS_LYON_MARS_11_1_1,MARS_SS LYON_MARS_11_1 1 (LN/NSP/NSP),CEDAR MTN-LYON COUNTY 345 1 (0956),02:40,-116.92,
07/11/2024,,387530.0,EE23203_PORTER_E_NEWCAN_PORTER4_A,PORTER_E NEWCAN_PORTER4 A (LN/EES/EES),HEIGHT - PORTER 230,02:45,-7.16,
07/11/2024,,297058.0,NIP69107_REYNOLD4_13857_A,REYNOLD4 13857 A (LN/NIPS/NIPS),SPRAIRIE-HONEYCRK-REMNGTN (69-103),02:45,-25.21,
07/11/2024,,387530.0,EE23203_PORTER_E_NEWCAN_PORTER4_A,PORTER_E NEWCAN_PORTER4 A (LN/EES/EES),HEIGHT - PORTER 230,02:50,-7.53,
07/11/2024,,297058.0,NIP69107_REYNOLD4_13857_A,REYNOLD4 13857 A (LN/NIPS/NIPS),SPRAIRIE-HONEYCRK-REMNGTN (69-103),02:50,-25.28,
07/11/2024,,387530.0,EE23203_PORTER_E_NEWCAN_PORTER4_A,PORTER_E NEWCAN_PORTER4 A (LN/EES/EES),HEIGHT - PORTER 230,02:55,-6.24,
07/11/2024,,297058.0,NIP69107_REYNOLD4_13857_A,REYNOLD4 13857 A (LN/NIPS/NIPS),SPRAIRIE-HONEYCRK-REMNGTN (69-103),02:55,-25.38,
07/11/2024,,387530.0,EE23203_PORTER_E_NEWCAN_PORTER4_A,PORTER_E NEWCAN_PORTER4 A (LN/EES/EES),HEIGHT - PORTER 230,03:00,-4.44,
07/11/2024,,297058.0,NIP69107_REYNOLD4_13857_A,REYNOLD4 13857 A (LN/NIPS/NIPS),SPRAIRIE-HONEYCRK-REMNGTN (69-103),03:00,-24.53,
07/11/2024,,387530.0,EE23203_PORTER_E_NEWCAN_PORTER4_A,PORTER_E NEWCAN_PORTER4 A (LN/EES/EES),HEIGHT - PORTER 230,03:05,-6.15,
07/11/2024,,297058.0,NIP69107_REYNOLD4_13857_A,REYNOLD4 13857 A (LN/NIPS/NIPS),SPRAIRIE-HONEYCRK-REMNGTN (69-103),03:05,-24.1,
07/11/2024,,387530.0,EE23203_PORTER_E_NEWCAN_PORTER4_A,PORTER_E NEWCAN_PORTER4 A (LN/EES/EES),HEIGHT - PORTER 230,03:10,-5.01,
07/11/2024,,297058.0,NIP69107_REYNOLD4_13857_A,REYNOLD4 13857 A (LN/NIPS/NIPS),SPRAIRIE-HONEYCRK-REMNGTN (69-103),03:10,-24.12,
07/11/2024,,387530.0,EE23203_PORTER_E_NEWCAN_PORTER4_A,PORTER_E NEWCAN_PORTER4 A (LN/EES/EES),HEIGHT - PORTER 230,03:15,-4.05,
07/11/2024,,297058.0,NIP69107_REYNOLD4_13857_A,REYNOLD4 13857 A (LN/NIPS/NIPS),SPRAIRIE-HONEYCRK-REMNGTN (69-103),03:15,-24.49,
07/11/2024,,387530.0,EE23203_PORTER_E_NEWCAN_PORTER4_A,PORTER_E NEWCAN_PORTER4 A (LN/EES/EES),HEIGHT - PORTER 230,03:20,-4.59,
07/11/2024,,297058.0,NIP69107_REYNOLD4_13857_A,REYNOLD4 13857 A (LN/NIPS/NIPS),SPRAIRIE-HONEYCRK-REMNGTN (69-103),03:20,-23.88,
07/11/2024,,387530.0,EE23203_PORTER_E_NEWCAN_PORTER4_A,PORTER_E NEWCAN_PORTER4 A (LN/EES/EES),HEIGHT - PORTER 230,03:25,-4.9,
07/11/2024,,297058.0,NIP69107_REYNOLD4_13857_A,REYNOLD4 13857 A (LN/NIPS/NIPS),SPRAIRIE-HONEYCRK-REMNGTN (69-103),03:25,-24.25,
07/11/2024,,297058.0,NIP69107_REYNOLD4_13857_A,REYNOLD4 13857 A (LN/NIPS/NIPS),SPRAIRIE-HONEYCRK-REMNGTN (69-103),03:30,-24.18,
07/11/2024,,297058.0,NIP69107_REYNOLD4_13857_A,REYNOLD4 13857 A (LN/NIPS/NIPS),SPRAIRIE-HONEYCRK-REMNGTN (69-103),03:35,-23.83,
07/11/2024,,297058.0,NIP69107_REYNOLD4_13857_A,REYNOLD4 13857 A (LN/NIPS/NIPS),SPRAIRIE-HONEYCRK-REMNGTN (69-103),03:40,-23.1,
07/11/2024,,387530.0,EE23203_PORTER_E_NEWCAN_PORTER4_A,PORTER_E NEWCAN_PORTER4 A (LN/EES/EES),HEIGHT - PORTER 230,03:45,-0.25,
07/11/2024,,297058.0,NIP69107_REYNOLD4_13857_A,REYNOLD4 13857 A (LN/NIPS/NIPS),SPRAIRIE-HONEYCRK-REMNGTN (69-103),03:45,-23.1,
07/11/2024,,387530.0,EE23203_PORTER_E_NEWCAN_PORTER4_A,PORTER_E NEWCAN_PORTER4 A (LN/EES/EES),HEIGHT - PORTER 230,03:50,-0.51,
07/11/2024,,297058.0,NIP69107_REYNOLD4_13857_A,REYNOLD4 13857 A (LN/NIPS/NIPS),SPRAIRIE-HONEYCRK-REMNGTN (69-103),03:50,-21.24,
07/11/2024,,297058.0,NIP69107_REYNOLD4_13857_A,REYNOLD4 13857 A (LN/NIPS/NIPS),SPRAIRIE-HONEYCRK-REMNGTN (69-103),03:55,-21.62,
07/11/2024,,297058.0,NIP69107_REYNOLD4_13857_A,REYNOLD4 13857 A (LN/NIPS/NIPS),SPRAIRIE-HONEYCRK-REMNGTN (69-103),04:00,-21.5,
07/11/2024,,297058.0,NIP69107_REYNOLD4_13857_A,REYNOLD4 13857 A (LN/NIPS/NIPS),SPRAIRIE-HONEYCRK-REMNGTN (69-103),04:05,-21.16,
07/11/2024,,297058.0,NIP69107_REYNOLD4_13857_A,REYNOLD4 13857 A (LN/NIPS/NIPS),SPRAIRIE-HONEYCRK-REMNGTN (69-103),04:10,-25.01,
07/11/2024,,297058.0,NIP69107_REYNOLD4_13857_A,REYNOLD4 13857 A (LN/NIPS/NIPS),SPRAIRIE-HONEYCRK-REMNGTN (69-103),04:15,-23.85,
07/11/2024,,297058.0,NIP69107_REYNOLD4_13857_A,REYNOLD4 13857 A (LN/NIPS/NIPS),SPRAIRIE-HONEYCRK-REMNGTN (69-103),04:20,-22.94,
07/11/2024,,311974.0,MPNSP03_MUDLAKE_MUDLABENTO23_1_1,MUDLAKE MUDLABENTO23_1 1 (LN/MP/NSP),FORBES-CHISAGO CO 500,04:25,-1000.0,
07/11/2024,,297058.0,NIP69107_REYNOLD4_13857_A,REYNOLD4 13857 A (LN/NIPS/NIPS),SPRAIRIE-HONEYCRK-REMNGTN (69-103),04:25,-24.57,
07/11/2024,,311974.0,MPNSP03_MUDLAKE_MUDLABENTO23_1_1,MUDLAKE MUDLABENTO23_1 1 (LN/MP/NSP),FORBES-CHISAGO CO 500,04:30,-215.78,
07/11/2024,,297058.0,NIP69107_REYNOLD4_13857_A,REYNOLD4 13857 A (LN/NIPS/NIPS),SPRAIRIE-HONEYCRK-REMNGTN (69-103),04:30,-24.52,
07/11/2024,,411010.0,WEC34125_PTBEACH_Q-303_1,PTBEACH Q-303 1 (LN/WEC/WPS),FOX RIVER-N APPLETON 345 (NAPL121),04:30,-9.88,
07/11/2024,,311974.0,MPNSP03_MUDLAKE_MUDLABENTO23_1_1,MUDLAKE MUDLABENTO23_1 1 (LN/MP/NSP),FORBES-CHISAGO CO 500,04:35,-213.28,
07/11/2024,,297058.0,NIP69107_REYNOLD4_13857_A,REYNOLD4 13857 A (LN/NIPS/NIPS),SPRAIRIE-HONEYCRK-REMNGTN (69-103),04:35,-24.65,
07/11/2024,,411010.0,WEC34125_PTBEACH_Q-303_1,PTBEACH Q-303 1 (LN/WEC/WPS),FOX RIVER-N APPLETON 345 (NAPL121),04:35,-20.74,
07/11/2024,,311974.0,MPNSP03_MUDLAKE_MUDLABENTO23_1_1,MUDLAKE MUDLABENTO23_1 1 (LN/MP/NSP),FORBES-CHISAGO CO 500,04:40,-176.35,
07/11/2024,,411010.0,WEC34125_PTBEACH_Q-303_1,PTBEACH Q-303 1 (LN/WEC/WPS),FOX RIVER-N APPLETON 345 (NAPL121),04:40,-24.6,
07/11/2024,,311974.0,MPNSP03_MUDLAKE_MUDLABENTO23_1_1,MUDLAKE MUDLABENTO23_1 1 (LN/MP/NSP),FORBES-CHISAGO CO 500,04:45,-173.44,
07/11/2024,,411010.0,WEC34125_PTBEACH_Q-303_1,PTBEACH Q-303 1 (LN/WEC/WPS),FOX RIVER-N APPLETON 345 (NAPL121),04:45,-3.04,
07/11/2024,,311974.0,MPNSP03_MUDLAKE_MUDLABENTO23_1_1,MUDLAKE MUDLABENTO23_1 1 (LN/MP/NSP),FORBES-CHISAGO CO 500,04:50,-127.3,
07/11/2024,,411010.0,WEC34125_PTBEACH_Q-303_1,PTBEACH Q-303 1 (LN/WEC/WPS),FOX RIVER-N APPLETON 345 (NAPL121),04:50,-0.76,
07/11/2024,,311974.0,MPNSP03_MUDLAKE_MUDLABENTO23_1_1,MUDLAKE MUDLABENTO23_1 1 (LN/MP/NSP),FORBES-CHISAGO CO 500,04:55,-74.38,
07/11/2024,,297058.0,NIP69107_REYNOLD4_13857_A,REYNOLD4 13857 A (LN/NIPS/NIPS),SPRAIRIE-HONEYCRK-REMNGTN (69-103),04:55,-23.63,
07/11/2024,,411010.0,WEC34125_PTBEACH_Q-303_1,PTBEACH Q-303 1 (LN/WEC/WPS),FOX RIVER-N APPLETON 345 (NAPL121),04:55,-4.13,
07/11/2024,,387530.0,EE23203_PORTER_E_NEWCAN_PORTER4_A,PORTER_E NEWCAN_PORTER4 A (LN/EES/EES),HEIGHT - PORTER 230,05:00,-0.11,
07/11/2024,,311974.0,MPNSP03_MUDLAKE_MUDLABENTO23_1_1,MUDLAKE MUDLABENTO23_1 1 (LN/MP/NSP),FORBES-CHISAGO CO 500,05:00,-65.17,
07/11/2024,,297058.0,NIP69107_REYNOLD4_13857_A,REYNOLD4 13857 A (LN/NIPS/NIPS),SPRAIRIE-HONEYCRK-REMNGTN (69-103),05:00,-25.77,
07/11/2024,,411010.0,WEC34125_PTBEACH_Q-303_1,PTBEACH Q-303 1 (LN/WEC/WPS),FOX RIVER-N APPLETON 345 (NAPL121),05:00,-1.06,
07/11/2024,,387530.0,EE23203_PORTER_E_NEWCAN_PORTER4_A,PORTER_E NEWCAN_PORTER4 A (LN/EES/EES),HEIGHT - PORTER 230,05:05,-1.4,
07/11/2024,,311974.0,MPNSP03_MUDLAKE_MUDLABENTO23_1_1,MUDLAKE MUDLABENTO23_1 1 (LN/MP/NSP),FORBES-CHISAGO CO 500,05:05,-37.27,
07/11/2024,,297058.0,NIP69107_REYNOLD4_13857_A,REYNOLD4 13857 A (LN/NIPS/NIPS),SPRAIRIE-HONEYCRK-REMNGTN (69-103),05:05,-27.18,
07/11/2024,,311974.0,MPNSP03_MUDLAKE_MUDLABENTO23_1_1,MUDLAKE MUDLABENTO23_1 1 (LN/MP/NSP),FORBES-CHISAGO CO 500,05:10,-24.37,
07/11/2024,,297058.0,NIP69107_REYNOLD4_13857_A,REYNOLD4 13857 A (LN/NIPS/NIPS),SPRAIRIE-HONEYCRK-REMNGTN (69-103),05:10,-28.56,
07/11/2024,,297058.0,NIP69107_REYNOLD4_13857_A,REYNOLD4 13857 A (LN/NIPS/NIPS),SPRAIRIE-HONEYCRK-REMNGTN (69-103),05:15,-27.99,
07/11/2024,,297058.0,NIP69107_REYNOLD4_13857_A,REYNOLD4 13857 A (LN/NIPS/NIPS),SPRAIRIE-HONEYCRK-REMNGTN (69-103),05:20,-28.51,
07/11/2024,,297058.0,NIP69107_REYNOLD4_13857_A,REYNOLD4 13857 A (LN/NIPS/NIPS),SPRAIRIE-HONEYCRK-REMNGTN (69-103),05:25,-27.91,
07/11/2024,,297058.0,NIP69107_REYNOLD4_13857_A,REYNOLD4 13857 A (LN/NIPS/NIPS),SPRAIRIE-HONEYCRK-REMNGTN (69-103),05:30,-27.61,
07/11/2024,,311974.0,MPNSP03_MUDLAKE_MUDLABENTO23_1_1,MUDLAKE MUDLABENTO23_1 1 (LN/MP/NSP),FORBES-CHISAGO CO 500,05:35,-62.3,
07/11/2024,,297058.0,NIP69107_REYNOLD4_13857_A,REYNOLD4 13857 A (LN/NIPS/NIPS),SPRAIRIE-HONEYCRK-REMNGTN (69-103),05:35,-28.38,
07/11/2024,,311974.0,MPNSP03_MUDLAKE_MUDLABENTO23_1_1,MUDLAKE MUDLABENTO23_1 1 (LN/MP/NSP),FORBES-CHISAGO CO 500,05:40,-23.58,
07/11/2024,,297058.0,NIP69107_REYNOLD4_13857_A,REYNOLD4 13857 A (LN/NIPS/NIPS),SPRAIRIE-HONEYCRK-REMNGTN (69-103),05:40,-27.27,
07/11/2024,,297058.0,NIP69107_REYNOLD4_13857_A,REYNOLD4 13857 A (LN/NIPS/NIPS),SPRAIRIE-HONEYCRK-REMNGTN (69-103),05:45,-27.06,
07/11/2024,,297058.0,NIP69107_REYNOLD4_13857_A,REYNOLD4 13857 A (LN/NIPS/NIPS),SPRAIRIE-HONEYCRK-REMNGTN (69-103),05:50,-26.65,
07/11/2024,,297058.0,NIP69107_REYNOLD4_13857_A,REYNOLD4 13857 A (LN/NIPS/NIPS),SPRAIRIE-HONEYCRK-REMNGTN (69-103),05:55,-27.14,
07/11/2024,,454323.0,MET34009_GAINES_TB2_TB2,GAINES TB2 TB2 (XF/CONS/*),CAMPBELL-TALLMADGE 345 (358),06:00,-6.46,
07/11/2024,,238586.0,MET34015_BACKUS_BACKUBARD_13_1_1,BACKUS BACKUBARD_13_1 1 (LN/CONS/CONS),TITTABAWA-GALLAGHER-LIVINGSTON 345,06:00,-518.09,
07/11/2024,,297058.0,NIP69107_REYNOLD4_13857_A,REYNOLD4 13857 A (LN/NIPS/NIPS),SPRAIRIE-HONEYCRK-REMNGTN (69-103),06:00,-24.94,
07/11/2024,,411010.0,WEC34125_PTBEACH_Q-303_1,PTBEACH Q-303 1 (LN/WEC/WPS),FOX RIVER-N APPLETON 345 (NAPL121),06:00,-1.57,
07/11/2024,,454323.0,MET34009_GAINES_TB2_TB2,GAINES TB2 TB2 (XF/CONS/*),CAMPBELL-TALLMADGE 345 (358),06:05,-22.22,
07/11/2024,,238586.0,MET34015_BACKUS_BACKUBARD_13_1_1,BACKUS BACKUBARD_13_1 1 (LN/CONS/CONS),TITTABAWA-GALLAGHER-LIVINGSTON 345,06:05,-530.89,
07/11/2024,,297058.0,NIP69107_REYNOLD4_13857_A,REYNOLD4 13857 A (LN/NIPS/NIPS),SPRAIRIE-HONEYCRK-REMNGTN (69-103),06:05,-25.88,
07/11/2024,,297058.0,NIP69107_REYNOLD4_13857_A,REYNOLD4 13857 A (LN/NIPS/NIPS),SPRAIRIE-HONEYCRK-REMNGTN (69-103),06:10,-23.26,
07/11/2024,,297058.0,NIP69107_REYNOLD4_13857_A,REYNOLD4 13857 A (LN/NIPS/NIPS),SPRAIRIE-HONEYCRK-REMNGTN (69-103),06:15,-23.47,
07/11/2024,,297058.0,NIP69107_REYNOLD4_13857_A,REYNOLD4 13857 A (LN/NIPS/NIPS),SPRAIRIE-HONEYCRK-REMNGTN (69-103),06:20,-25.04,
07/11/2024,,387530.0,EE23203_PORTER_E_NEWCAN_PORTER4_A,PORTER_E NEWCAN_PORTER4 A (LN/EES/EES),HEIGHT - PORTER 230,06:25,-1.08,
07/11/2024,,297058.0,NIP69107_REYNOLD4_13857_A,REYNOLD4 13857 A (LN/NIPS/NIPS),SPRAIRIE-HONEYCRK-REMNGTN (69-103),06:25,-25.82,
07/11/2024,,297058.0,NIP69107_REYNOLD4_13857_A,REYNOLD4 13857 A (LN/NIPS/NIPS),SPRAIRIE-HONEYCRK-REMNGTN (69-103),06:30,-24.95,
07/11/2024,,387530.0,EE23203_PORTER_E_NEWCAN_PORTER4_A,PORTER_E NEWCAN_PORTER4 A (LN/EES/EES),HEIGHT - PORTER 230,06:35,-1.87,
07/11/2024,,297058.0,NIP69107_REYNOLD4_13857_A,REYNOLD4 13857 A (LN/NIPS/NIPS),SPRAIRIE-HONEYCRK-REMNGTN (69-103),06:35,-28.62,
07/11/2024,,297058.0,NIP69107_REYNOLD4_13857_A,REYNOLD4 13857 A (LN/NIPS/NIPS),SPRAIRIE-HONEYCRK-REMNGTN (69-103),06:40,-26.47,
07/11/2024,,297058.0,NIP69107_REYNOLD4_13857_A,REYNOLD4 13857 A (LN/NIPS/NIPS),SPRAIRIE-HONEYCRK-REMNGTN (69-103),06:45,-28.82,
07/11/2024,,297058.0,NIP69107_REYNOLD4_13857_A,REYNOLD4 13857 A (LN/NIPS/NIPS),SPRAIRIE-HONEYCRK-REMNGTN (69-103),06:50,-28.29,
07/11/2024,,297058.0,NIP69107_REYNOLD4_13857_A,REYNOLD4 13857 A (LN/NIPS/NIPS),SPRAIRIE-HONEYCRK-REMNGTN (69-103),06:55,-27.36,
07/11/2024,,297058.0,NIP69107_REYNOLD4_13857_A,REYNOLD4 13857 A (LN/NIPS/NIPS),SPRAIRIE-HONEYCRK-REMNGTN (69-103),07:00,-27.33,
07/11/2024,,297058.0,NIP69107_REYNOLD4_13857_A,REYNOLD4 13857 A (LN/NIPS/NIPS),SPRAIRIE-HONEYCRK-REMNGTN (69-103),07:05,-29.04,
07/11/2024,,297058.0,NIP69107_REYNOLD4_13857_A,REYNOLD4 13857 A (LN/NIPS/NIPS),SPRAIRIE-HONEYCRK-REMNGTN (69-103),07:10,-27.65,
07/11/2024,29702.0,264164.0,Majestic_Lemoyne345_FLO_Monroe_Lallendorf345,LEMOYNE MAJ_LEMOYNE 1 (LN/FE/DECO),MONROE - LALLENDORF 345,07:20,-93.86,
07/11/2024,29702.0,264164.0,Majestic_Lemoyne345_FLO_Monroe_Lallendorf345,LEMOYNE MAJ_LEMOYNE 1 (LN/FE/DECO),MONROE - LALLENDORF 345,07:25,-112.03,
07/11/2024,,387530.0,EE23203_PORTER_E_NEWCAN_PORTER4_A,PORTER_E NEWCAN_PORTER4 A (LN/EES/EES),HEIGHT - PORTER 230,07:30,-1.56,
07/11/2024,29702.0,264164.0,Majestic_Lemoyne345_FLO_Monroe_Lallendorf345,LEMOYNE MAJ_LEMOYNE 1 (LN/FE/DECO),MONROE - LALLENDORF 345,07:30,-89.65,
07/11/2024,,387530.0,EE23203_PORTER_E_NEWCAN_PORTER4_A,PORTER_E NEWCAN_PORTER4 A (LN/EES/EES),HEIGHT - PORTER 230,07:35,-0.32,
07/11/2024,,286372.0,ITC34066_MONROE4_MONRONSTAR12_1_1,MONROE4 MONRONSTAR12_1 1 (LN/DECO/DECO),MONROE-BROWNSTOWN 345 #2,07:35,-312.78000000000003,
07/11/2024,29702.0,264164.0,Majestic_Lemoyne345_FLO_Monroe_Lallendorf345,LEMOYNE MAJ_LEMOYNE 1 (LN/FE/DECO),MONROE - LALLENDORF 345,07:35,-113.5,
07/11/2024,,387530.0,EE23203_PORTER_E_NEWCAN_PORTER4_A,PORTER_E NEWCAN_PORTER4 A (LN/EES/EES),HEIGHT - PORTER 230,07:40,-0.06,
07/11/2024,,286372.0,ITC34066_MONROE4_MONRONSTAR12_1_1,MONROE4 MONRONSTAR12_1 1 (LN/DECO/DECO),MONROE-BROWNSTOWN 345 #2,07:40,-168.05,
07/11/2024,29702.0,264164.0,Majestic_Lemoyne345_FLO_Monroe_Lallendorf345,LEMOYNE MAJ_LEMOYNE 1 (LN/FE/DECO),MONROE - LALLENDORF 345,07:40,-61.22,
07/11/2024,,387530.0,EE23203_PORTER_E_NEWCAN_PORTER4_A,PORTER_E NEWCAN_PORTER4 A (LN/EES/EES),HEIGHT - PORTER 230,07:45,-0.59,
07/11/2024,29702.0,264164.0,Majestic_Lemoyne345_FLO_Monroe_Lallendorf345,LEMOYNE MAJ_LEMOYNE 1 (LN/FE/DECO),MONROE - LALLENDORF 345,07:45,-67.85,
07/11/2024,,387530.0,EE23203_PORTER_E_NEWCAN_PORTER4_A,PORTER_E NEWCAN_PORTER4 A (LN/EES/EES),HEIGHT - PORTER 230,07:50,-0.38,
07/11/2024,29702.0,264164.0,Majestic_Lemoyne345_FLO_Monroe_Lallendorf345,LEMOYNE MAJ_LEMOYNE 1 (LN/FE/DECO),MONROE - LALLENDORF 345,07:50,-59.28,
07/11/2024,,387530.0,EE23203_PORTER_E_NEWCAN_PORTER4_A,PORTER_E NEWCAN_PORTER4 A (LN/EES/EES),HEIGHT - PORTER 230,07:55,-0.82,
07/11/2024,,286372.0,ITC34066_MONROE4_MONRONSTAR12_1_1,MONROE4 MONRONSTAR12_1 1 (LN/DECO/DECO),MONROE-BROWNSTOWN 345 #2,07:55,-168.06,
07/11/2024,29702.0,264164.0,Majestic_Lemoyne345_FLO_Monroe_Lallendorf345,LEMOYNE MAJ_LEMOYNE 1 (LN/FE/DECO),MONROE - LALLENDORF 345,07:55,-69.82000000000001,
07/11/2024,29702.0,264164.0,Majestic_Lemoyne345_FLO_Monroe_Lallendorf345,LEMOYNE MAJ_LEMOYNE 1 (LN/FE/DECO),MONROE - LALLENDORF 345,08:00,-64.54,
07/11/2024,29702.0,264164.0,Majestic_Lemoyne345_FLO_Monroe_Lallendorf345,LEMOYNE MAJ_LEMOYNE 1 (LN/FE/DECO),MONROE - LALLENDORF 345,08:05,-71.54,
07/11/2024,29702.0,264164.0,Majestic_Lemoyne345_FLO_Monroe_Lallendorf345,LEMOYNE MAJ_LEMOYNE 1 (LN/FE/DECO),MONROE - LALLENDORF 345,08:10,-61.45,
07/11/2024,29702.0,264164.0,Majestic_Lemoyne345_FLO_Monroe_Lallendorf345,LEMOYNE MAJ_LEMOYNE 1 (LN/FE/DECO),MONROE - LALLENDORF 345,08:15,-128.53,
07/11/2024,29702.0,264164.0,Majestic_Lemoyne345_FLO_Monroe_Lallendorf345,LEMOYNE MAJ_LEMOYNE 1 (LN/FE/DECO),MONROE - LALLENDORF 345,08:20,-60.13,
07/11/2024,29702.0,264164.0,Majestic_Lemoyne345_FLO_Monroe_Lallendorf345,LEMOYNE MAJ_LEMOYNE 1 (LN/FE/DECO),MONROE - LALLENDORF 345,08:25,-10.7,
07/11/2024,,286372.0,ITC34066_MONROE4_MONRONSTAR12_1_1,MONROE4 MONRONSTAR12_1 1 (LN/DECO/DECO),MONROE-BROWNSTOWN 345 #2,08:30,-160.78,
07/11/2024,29702.0,264164.0,Majestic_Lemoyne345_FLO_Monroe_Lallendorf345,LEMOYNE MAJ_LEMOYNE 1 (LN/FE/DECO),MONROE - LALLENDORF 345,08:30,-54.43,
07/11/2024,29702.0,264164.0,Majestic_Lemoyne345_FLO_Monroe_Lallendorf345,LEMOYNE MAJ_LEMOYNE 1 (LN/FE/DECO),MONROE - LALLENDORF 345,08:35,-1.29,
07/11/2024,29702.0,264164.0,Majestic_Lemoyne345_FLO_Monroe_Lallendorf345,LEMOYNE MAJ_LEMOYNE 1 (LN/FE/DECO),MONROE - LALLENDORF 345,08:40,-14.73,
07/11/2024,29702.0,264164.0,Majestic_Lemoyne345_FLO_Monroe_Lallendorf345,LEMOYNE MAJ_LEMOYNE 1 (LN/FE/DECO),MONROE - LALLENDORF 345,08:45,-16.830000000000002,
07/11/2024,29702.0,264164.0,Majestic_Lemoyne345_FLO_Monroe_Lallendorf345,LEMOYNE MAJ_LEMOYNE 1 (LN/FE/DECO),MONROE - LALLENDORF 345,08:50,-14.57,
07/11/2024,29702.0,264164.0,Majestic_Lemoyne345_FLO_Monroe_Lallendorf345,LEMOYNE MAJ_LEMOYNE 1 (LN/FE/DECO),MONROE - LALLENDORF 345,08:55,-28.05,
07/11/2024,29702.0,264164.0,Majestic_Lemoyne345_FLO_Monroe_Lallendorf345,LEMOYNE MAJ_LEMOYNE 1 (LN/FE/DECO),MONROE - LALLENDORF 345,09:00,-28.51,
07/11/2024,29702.0,264164.0,Majestic_Lemoyne345_FLO_Monroe_Lallendorf345,LEMOYNE MAJ_LEMOYNE 1 (LN/FE/DECO),MONROE - LALLENDORF 345,09:05,-463.06,
07/11/2024,,412120.0,BASE_7MILECRK_X-159_1,7MILECRK X-159 1 (LN/ALTE/ALTE),,09:10,-17.89,
07/11/2024,,286372.0,ITC34066_MONROE4_MONRONSTAR12_1_1,MONROE4 MONRONSTAR12_1 1 (LN/DECO/DECO),MONROE-BROWNSTOWN 345 #2,09:10,-14.51,
07/11/2024,29702.0,264164.0,Majestic_Lemoyne345_FLO_Monroe_Lallendorf345,LEMOYNE MAJ_LEMOYNE 1 (LN/FE/DECO),MONROE - LALLENDORF 345,09:10,-15.24,
07/11/2024,29702.0,264164.0,Majestic_Lemoyne345_FLO_Monroe_Lallendorf345,LEMOYNE MAJ_LEMOYNE 1 (LN/FE/DECO),MONROE - LALLENDORF 345,09:15,-9.94,
07/11/2024,,286372.0,ITC34066_MONROE4_MONRONSTAR12_1_1,MONROE4 MONRONSTAR12_1 1 (LN/DECO/DECO),MONROE-BROWNSTOWN 345 #2,09:20,-41.67,
07/11/2024,,348116.0,MP23009_IRNRNGE_IRON_BLCKB105_1,IRNRNGE IRON_BLCKB105 1 (LN/MP/MP),BLACKBERRY - IRON RANGE 230 (106L),09:20,-153.9,
07/11/2024,,412120.0,BASE_7MILECRK_X-159_1,7MILECRK X-159 1 (LN/ALTE/ALTE),,09:30,-32.57,
07/11/2024,,286372.0,ITC34066_MONROE4_MONRONSTAR12_1_1,MONROE4 MONRONSTAR12_1 1 (LN/DECO/DECO),MONROE-BROWNSTOWN 345 #2,09:30,-20.53,
07/11/2024,,348116.0,MP23009_IRNRNGE_IRON_BLCKB105_1,IRNRNGE IRON_BLCKB105 1 (LN/MP/MP),BLACKBERRY - IRON RANGE 230 (106L),09:30,-108.41,
07/11/2024,,412120.0,BASE_7MILECRK_X-159_1,7MILECRK X-159 1 (LN/ALTE/ALTE),,09:35,-33.230000000000004,
07/11/2024,,286372.0,ITC34066_MONROE4_MONRONSTAR12_1_1,MONROE4 MONRONSTAR12_1 1 (LN/DECO/DECO),MONROE-BROWNSTOWN 345 #2,09:35,-10.86,
07/11/2024,,348116.0,MP23009_IRNRNGE_IRON_BLCKB105_1,IRNRNGE IRON_BLCKB105 1 (LN/MP/MP),BLACKBERRY - IRON RANGE 230 (106L),09:35,-46.64,
07/11/2024,,412120.0,BASE_7MILECRK_X-159_1,7MILECRK X-159 1 (LN/ALTE/ALTE),,09:40,-34.43,
07/11/2024,,286372.0,ITC34066_MONROE4_MONRONSTAR12_1_1,MONROE4 MONRONSTAR12_1 1 (LN/DECO/DECO),MONROE-BROWNSTOWN 345 #2,09:40,-9.72,
07/11/2024,,412120.0,BASE_7MILECRK_X-159_1,7MILECRK X-159 1 (LN/ALTE/ALTE),,09:45,-32.93,
07/11/2024,,348116.0,MP23009_IRNRNGE_IRON_BLCKB105_1,IRNRNGE IRON_BLCKB105 1 (LN/MP/MP),BLACKBERRY - IRON RANGE 230 (106L),09:45,-88.66,
07/11/2024,29702.0,264164.0,Majestic_Lemoyne345_FLO_Monroe_Lallendorf345,LEMOYNE MAJ_LEMOYNE 1 (LN/FE/DECO),MONROE - LALLENDORF 345,09:45,-18.5,
07/11/2024,,412120.0,BASE_7MILECRK_X-159_1,7MILECRK X-159 1 (LN/ALTE/ALTE),,09:50,-33.76,
07/11/2024,29702.0,264164.0,Majestic_Lemoyne345_FLO_Monroe_Lallendorf345,LEMOYNE MAJ_LEMOYNE 1 (LN/FE/DECO),MONROE - LALLENDORF 345,09:50,-11.62,
07/11/2024,,412120.0,BASE_7MILECRK_X-159_1,7MILECRK X-159 1 (LN/ALTE/ALTE),,09:55,-17.88,
07/11/2024,,412120.0,BASE_7MILECRK_X-159_1,7MILECRK X-159 1 (LN/ALTE/ALTE),,10:00,-10.79,
07/11/2024,,348116.0,MP23009_IRNRNGE_IRON_BLCKB105_1,IRNRNGE IRON_BLCKB105 1 (LN/MP/MP),BLACKBERRY - IRON RANGE 230 (106L),10:00,-106.48,
07/11/2024,,412120.0,BASE_7MILECRK_X-159_1,7MILECRK X-159 1 (LN/ALTE/ALTE),,10:05,-27.69,
07/11/2024,,348116.0,MP23009_IRNRNGE_IRON_BLCKB105_1,IRNRNGE IRON_BLCKB105 1 (LN/MP/MP),BLACKBERRY - IRON RANGE 230 (106L),10:05,-61.41,
07/11/2024,,412120.0,BASE_7MILECRK_X-159_1,7MILECRK X-159 1 (LN/ALTE/ALTE),,10:10,-29.41,
07/11/2024,,348116.0,MP23009_IRNRNGE_IRON_BLCKB105_1,IRNRNGE IRON_BLCKB105 1 (LN/MP/MP),BLACKBERRY - IRON RANGE 230 (106L),10:10,-98.28,
07/11/2024,29702.0,264164.0,Majestic_Lemoyne345_FLO_Monroe_Lallendorf345,LEMOYNE MAJ_LEMOYNE 1 (LN/FE/DECO),MONROE - LALLENDORF 345,10:10,-10.33,
07/11/2024,,348116.0,MP23009_IRNRNGE_IRON_BLCKB105_1,IRNRNGE IRON_BLCKB105 1 (LN/MP/MP),BLACKBERRY - IRON RANGE 230 (106L),10:15,-104.4,
07/11/2024,29702.0,264164.0,Majestic_Lemoyne345_FLO_Monroe_Lallendorf345,LEMOYNE MAJ_LEMOYNE 1 (LN/FE/DECO),MONROE - LALLENDORF 345,10:15,-23.55,
07/11/2024,,348116.0,MP23009_IRNRNGE_IRON_BLCKB105_1,IRNRNGE IRON_BLCKB105 1 (LN/MP/MP),BLACKBERRY - IRON RANGE 230 (106L),10:20,-1000.0,
07/11/2024,29702.0,264164.0,Majestic_Lemoyne345_FLO_Monroe_Lallendorf345,LEMOYNE MAJ_LEMOYNE 1 (LN/FE/DECO),MONROE - LALLENDORF 345,10:20,-77.81,
07/11/2024,,412120.0,BASE_7MILECRK_X-159_1,7MILECRK X-159 1 (LN/ALTE/ALTE),,10:25,-24.76,
07/11/2024,,348116.0,MP23009_IRNRNGE_IRON_BLCKB105_1,IRNRNGE IRON_BLCKB105 1 (LN/MP/MP),BLACKBERRY - IRON RANGE 230 (106L),10:25,-686.68,
07/11/2024,29702.0,264164.0,Majestic_Lemoyne345_FLO_Monroe_Lallendorf345,LEMOYNE MAJ_LEMOYNE 1 (LN/FE/DECO),MONROE - LALLENDORF 345,10:25,-48.4,
07/11/2024,,3781.0,ALEDPC09_GLN_HVN8_NED69GLN1_NE,GLN_HVN8 NED69GLN1 NE (LN/ALTE/ALTE),NELSON DEWEY 161/138 T91,10:30,-361.07,
07/11/2024,,412120.0,BASE_7MILECRK_X-159_1,7MILECRK X-159 1 (LN/ALTE/ALTE),,10:30,-30.67,
07/11/2024,,348116.0,MP23009_IRNRNGE_IRON_BLCKB105_1,IRNRNGE IRON_BLCKB105 1 (LN/MP/MP),BLACKBERRY - IRON RANGE 230 (106L),10:30,-1000.0,
07/11/2024,29702.0,264164.0,Majestic_Lemoyne345_FLO_Monroe_Lallendorf345,LEMOYNE MAJ_LEMOYNE 1 (LN/FE/DECO),MONROE - LALLENDORF 345,10:30,-74.88,
07/11/2024,,3781.0,ALEDPC09_GLN_HVN8_NED69GLN1_NE,GLN_HVN8 NED69GLN1 NE (LN/ALTE/ALTE),NELSON DEWEY 161/138 T91,10:35,-378.45,
07/11/2024,,412120.0,BASE_7MILECRK_X-159_1,7MILECRK X-159 1 (LN/ALTE/ALTE),,10:35,-32.86,
07/11/2024,,348116.0,MP23009_IRNRNGE_IRON_BLCKB105_1,IRNRNGE IRON_BLCKB105 1 (LN/MP/MP),BLACKBERRY - IRON RANGE 230 (106L),10:35,-1000.0,
07/11/2024,29702.0,264164.0,Majestic_Lemoyne345_FLO_Monroe_Lallendorf345,LEMOYNE MAJ_LEMOYNE 1 (LN/FE/DECO),MONROE - LALLENDORF 345,10:35,-101.15,
07/11/2024,,3781.0,ALEDPC09_GLN_HVN8_NED69GLN1_NE,GLN_HVN8 NED69GLN1 NE (LN/ALTE/ALTE),NELSON DEWEY 161/138 T91,10:40,-409.32,
07/11/2024,,412120.0,BASE_7MILECRK_X-159_1,7MILECRK X-159 1 (LN/ALTE/ALTE),,10:40,-37.36,
07/11/2024,,348116.0,MP23009_IRNRNGE_IRON_BLCKB105_1,IRNRNGE IRON_BLCKB105 1 (LN/MP/MP),BLACKBERRY - IRON RANGE 230 (106L),10:40,-1000.0,
07/11/2024,29702.0,264164.0,Majestic_Lemoyne345_FLO_Monroe_Lallendorf345,LEMOYNE MAJ_LEMOYNE 1 (LN/FE/DECO),MONROE - LALLENDORF 345,10:40,-124.11,
07/11/2024,,3781.0,ALEDPC09_GLN_HVN8_NED69GLN1_NE,GLN_HVN8 NED69GLN1 NE (LN/ALTE/ALTE),NELSON DEWEY 161/138 T91,10:45,-500.0,
07/11/2024,,412120.0,BASE_7MILECRK_X-159_1,7MILECRK X-159 1 (LN/ALTE/ALTE),,10:45,-46.65,
07/11/2024,,348116.0,MP23009_IRNRNGE_IRON_BLCKB105_1,IRNRNGE IRON_BLCKB105 1 (LN/MP/MP),BLACKBERRY - IRON RANGE 230 (106L),10:45,-2000.0,
07/11/2024,29702.0,264164.0,Majestic_Lemoyne345_FLO_Monroe_Lallendorf345,LEMOYNE MAJ_LEMOYNE 1 (LN/FE/DECO),MONROE - LALLENDORF 345,10:45,-250.53,
07/11/2024,,3781.0,ALEDPC09_GLN_HVN8_NED69GLN1_NE,GLN_HVN8 NED69GLN1 NE (LN/ALTE/ALTE),NELSON DEWEY 161/138 T91,10:50,-500.0,
07/11/2024,,412120.0,BASE_7MILECRK_X-159_1,7MILECRK X-159 1 (LN/ALTE/ALTE),,10:50,-43.88,
07/11/2024,,348116.0,MP23009_IRNRNGE_IRON_BLCKB105_1,IRNRNGE IRON_BLCKB105 1 (LN/MP/MP),BLACKBERRY - IRON RANGE 230 (106L),10:50,-2000.0,
07/11/2024,29702.0,264164.0,Majestic_Lemoyne345_FLO_Monroe_Lallendorf345,LEMOYNE MAJ_LEMOYNE 1 (LN/FE/DECO),MONROE - LALLENDORF 345,10:50,-248.93,
07/11/2024,,3781.0,ALEDPC09_GLN_HVN8_NED69GLN1_NE,GLN_HVN8 NED69GLN1 NE (LN/ALTE/ALTE),NELSON DEWEY 161/138 T91,10:55,-400.0,
07/11/2024,,412120.0,BASE_7MILECRK_X-159_1,7MILECRK X-159 1 (LN/ALTE/ALTE),,10:55,-31.61,
07/11/2024,,348116.0,MP23009_IRNRNGE_IRON_BLCKB105_1,IRNRNGE IRON_BLCKB105 1 (LN/MP/MP),BLACKBERRY - IRON RANGE 230 (106L),10:55,-1000.0,
07/11/2024,29702.0,264164.0,Majestic_Lemoyne345_FLO_Monroe_Lallendorf345,LEMOYNE MAJ_LEMOYNE 1 (LN/FE/DECO),MONROE - LALLENDORF 345,10:55,-96.37,
07/11/2024,,411010.0,WEC34125_PTBEACH_Q-303_1,PTBEACH Q-303 1 (LN/WEC/WPS),FOX RIVER-N APPLETON 345 (NAPL121),10:55,-0.29,
07/11/2024,,3781.0,ALEDPC09_GLN_HVN8_NED69GLN1_NE,GLN_HVN8 NED69GLN1 NE (LN/ALTE/ALTE),NELSON DEWEY 161/138 T91,11:00,-400.0,
07/11/2024,,412120.0,BASE_7MILECRK_X-159_1,7MILECRK X-159 1 (LN/ALTE/ALTE),,11:00,-34.14,
07/11/2024,,348116.0,MP23009_IRNRNGE_IRON_BLCKB105_1,IRNRNGE IRON_BLCKB105 1 (LN/MP/MP),BLACKBERRY - IRON RANGE 230 (106L),11:00,-1000.0,
07/11/2024,29702.0,264164.0,Majestic_Lemoyne345_FLO_Monroe_Lallendorf345,LEMOYNE MAJ_LEMOYNE 1 (LN/FE/DECO),MONROE - LALLENDORF 345,11:00,-115.96,
07/11/2024,,3781.0,ALEDPC09_GLN_HVN8_NED69GLN1_NE,GLN_HVN8 NED69GLN1 NE (LN/ALTE/ALTE),NELSON DEWEY 161/138 T91,11:05,-320.22,
07/11/2024,,412120.0,BASE_7MILECRK_X-159_1,7MILECRK X-159 1 (LN/ALTE/ALTE),,11:05,-37.660000000000004,
07/11/2024,,348116.0,MP23009_IRNRNGE_IRON_BLCKB105_1,IRNRNGE IRON_BLCKB105 1 (LN/MP/MP),BLACKBERRY - IRON RANGE 230 (106L),11:05,-118.32,
07/11/2024,29702.0,264164.0,Majestic_Lemoyne345_FLO_Monroe_Lallendorf345,LEMOYNE MAJ_LEMOYNE 1 (LN/FE/DECO),MONROE - LALLENDORF 345,11:05,-35.480000000000004,
07/11/2024,,3781.0,ALEDPC09_GLN_HVN8_NED69GLN1_NE,GLN_HVN8 NED69GLN1 NE (LN/ALTE/ALTE),NELSON DEWEY 161/138 T91,11:10,-379.54,
07/11/2024,,412120.0,BASE_7MILECRK_X-159_1,7MILECRK X-159 1 (LN/ALTE/ALTE),,11:10,-36.65,
07/11/2024,,348116.0,MP23009_IRNRNGE_IRON_BLCKB105_1,IRNRNGE IRON_BLCKB105 1 (LN/MP/MP),BLACKBERRY - IRON RANGE 230 (106L),11:10,-111.17,
07/11/2024,29702.0,264164.0,Majestic_Lemoyne345_FLO_Monroe_Lallendorf345,LEMOYNE MAJ_LEMOYNE 1 (LN/FE/DECO),MONROE - LALLENDORF 345,11:10,-43.59,
07/11/2024,,3781.0,ALEDPC09_GLN_HVN8_NED69GLN1_NE,GLN_HVN8 NED69GLN1 NE (LN/ALTE/ALTE),NELSON DEWEY 161/138 T91,11:15,-500.0,
07/11/2024,,412120.0,BASE_7MILECRK_X-159_1,7MILECRK X-159 1 (LN/ALTE/ALTE),,11:15,-37.13,
07/11/2024,,348116.0,MP23009_IRNRNGE_IRON_BLCKB105_1,IRNRNGE IRON_BLCKB105 1 (LN/MP/MP),BLACKBERRY - IRON RANGE 230 (106L),11:15,-111.39,
07/11/2024,29702.0,264164.0,Majestic_Lemoyne345_FLO_Monroe_Lallendorf345,LEMOYNE MAJ_LEMOYNE 1 (LN/FE/DECO),MONROE - LALLENDORF 345,11:15,-83.53,
07/11/2024,,3781.0,ALEDPC09_GLN_HVN8_NED69GLN1_NE,GLN_HVN8 NED69GLN1 NE (LN/ALTE/ALTE),NELSON DEWEY 161/138 T91,11:20,-500.0,
07/11/2024,,412120.0,BASE_7MILECRK_X-159_1,7MILECRK X-159 1 (LN/ALTE/ALTE),,11:20,-43.84,
07/11/2024,,348116.0,MP23009_IRNRNGE_IRON_BLCKB105_1,IRNRNGE IRON_BLCKB105 1 (LN/MP/MP),BLACKBERRY - IRON RANGE 230 (106L),11:20,-158.79,
07/11/2024,29702.0,264164.0,Majestic_Lemoyne345_FLO_Monroe_Lallendorf345,LEMOYNE MAJ_LEMOYNE 1 (LN/FE/DECO),MONROE - LALLENDORF 345,11:20,-186.42,
07/11/2024,,3781.0,ALEDPC09_GLN_HVN8_NED69GLN1_NE,GLN_HVN8 NED69GLN1 NE (LN/ALTE/ALTE),NELSON DEWEY 161/138 T91,11:25,-500.0,
07/11/2024,,412120.0,BASE_7MILECRK_X-159_1,7MILECRK X-159 1 (LN/ALTE/ALTE),,11:25,-43.19,
07/11/2024,,348116.0,MP23009_IRNRNGE_IRON_BLCKB105_1,IRNRNGE IRON_BLCKB105 1 (LN/MP/MP),BLACKBERRY - IRON RANGE 230 (106L),11:25,-155.56,
07/11/2024,29702.0,264164.0,Majestic_Lemoyne345_FLO_Monroe_Lallendorf345,LEMOYNE MAJ_LEMOYNE 1 (LN/FE/DECO),MONROE - LALLENDORF 345,11:25,-180.43,
07/11/2024,,3781.0,ALEDPC09_GLN_HVN8_NED69GLN1_NE,GLN_HVN8 NED69GLN1 NE (LN/ALTE/ALTE),NELSON DEWEY 161/138 T91,11:30,-500.0,
07/11/2024,,412120.0,BASE_7MILECRK_X-159_1,7MILECRK X-159 1 (LN/ALTE/ALTE),,11:30,-48.16,
07/11/2024,,348116.0,MP23009_IRNRNGE_IRON_BLCKB105_1,IRNRNGE IRON_BLCKB105 1 (LN/MP/MP),BLACKBERRY - IRON RANGE 230 (106L),11:30,-3.8,
07/11/2024,29702.0,264164.0,Majestic_Lemoyne345_FLO_Monroe_Lallendorf345,LEMOYNE MAJ_LEMOYNE 1 (LN/FE/DECO),MONROE - LALLENDORF 345,11:30,-184.59,
07/11/2024,,3781.0,ALEDPC09_GLN_HVN8_NED69GLN1_NE,GLN_HVN8 NED69GLN1 NE (LN/ALTE/ALTE),NELSON DEWEY 161/138 T91,11:35,-451.28,
07/11/2024,,412120.0,BASE_7MILECRK_X-159_1,7MILECRK X-159 1 (LN/ALTE/ALTE),,11:35,-52.85,
07/11/2024,,348116.0,MP23009_IRNRNGE_IRON_BLCKB105_1,IRNRNGE IRON_BLCKB105 1 (LN/MP/MP),BLACKBERRY - IRON RANGE 230 (106L),11:35,-207.04,
07/11/2024,29702.0,264164.0,Majestic_Lemoyne345_FLO_Monroe_Lallendorf345,LEMOYNE MAJ_LEMOYNE 1 (LN/FE/DECO),MONROE - LALLENDORF 345,11:35,-196.92,
07/11/2024,,3781.0,ALEDPC09_GLN_HVN8_NED69GLN1_NE,GLN_HVN8 NED69GLN1 NE (LN/ALTE/ALTE),NELSON DEWEY 161/138 T91,11:40,-500.0,
07/11/2024,,412120.0,BASE_7MILECRK_X-159_1,7MILECRK X-159 1 (LN/ALTE/ALTE),,11:40,-49.72,
07/11/2024,,348116.0,MP23009_IRNRNGE_IRON_BLCKB105_1,IRNRNGE IRON_BLCKB105 1 (LN/MP/MP),BLACKBERRY - IRON RANGE 230 (106L),11:40,-186.56,
07/11/2024,29702.0,264164.0,Majestic_Lemoyne345_FLO_Monroe_Lallendorf345,LEMOYNE MAJ_LEMOYNE 1 (LN/FE/DECO),MONROE - LALLENDORF 345,11:40,-139.97,
07/11/2024,,3781.0,ALEDPC09_GLN_HVN8_NED69GLN1_NE,GLN_HVN8 NED69GLN1 NE (LN/ALTE/ALTE),NELSON DEWEY 161/138 T91,11:45,-500.0,
07/11/2024,,412120.0,BASE_7MILECRK_X-159_1,7MILECRK X-159 1 (LN/ALTE/ALTE),,11:45,-59.78,
07/11/2024,,348116.0,MP23009_IRNRNGE_IRON_BLCKB105_1,IRNRNGE IRON_BLCKB105 1 (LN/MP/MP),BLACKBERRY - IRON RANGE 230 (106L),11:45,-243.64,
07/11/2024,29702.0,264164.0,Majestic_Lemoyne345_FLO_Monroe_Lallendorf345,LEMOYNE MAJ_LEMOYNE 1 (LN/FE/DECO),MONROE - LALLENDORF 345,11:45,-182.88,
07/11/2024,,3781.0,ALEDPC09_GLN_HVN8_NED69GLN1_NE,GLN_HVN8 NED69GLN1 NE (LN/ALTE/ALTE),NELSON DEWEY 161/138 T91,11:50,-500.0,
07/11/2024,,412120.0,BASE_7MILECRK_X-159_1,7MILECRK X-159 1 (LN/ALTE/ALTE),,11:50,-45.64,
07/11/2024,,348116.0,MP23009_IRNRNGE_IRON_BLCKB105_1,IRNRNGE IRON_BLCKB105 1 (LN/MP/MP),BLACKBERRY - IRON RANGE 230 (106L),11:50,-162.99,
07/11/2024,29702.0,264164.0,Majestic_Lemoyne345_FLO_Monroe_Lallendorf345,LEMOYNE MAJ_LEMOYNE 1 (LN/FE/DECO),MONROE - LALLENDORF 345,11:50,-72.4,
07/11/2024,,3781.0,ALEDPC09_GLN_HVN8_NED69GLN1_NE,GLN_HVN8 NED69GLN1 NE (LN/ALTE/ALTE),NELSON DEWEY 161/138 T91,11:55,-400.0,
07/11/2024,,412120.0,BASE_7MILECRK_X-159_1,7MILECRK X-159 1 (LN/ALTE/ALTE),,11:55,-39.45,
07/11/2024,,348116.0,MP23009_IRNRNGE_IRON_BLCKB105_1,IRNRNGE IRON_BLCKB105 1 (LN/MP/MP),BLACKBERRY - IRON RANGE 230 (106L),11:55,-125.12,
07/11/2024,29702.0,264164.0,Majestic_Lemoyne345_FLO_Monroe_Lallendorf345,LEMOYNE MAJ_LEMOYNE 1 (LN/FE/DECO),MONROE - LALLENDORF 345,11:55,-72.93,
07/11/2024,,3781.0,ALEDPC09_GLN_HVN8_NED69GLN1_NE,GLN_HVN8 NED69GLN1 NE (LN/ALTE/ALTE),NELSON DEWEY 161/138 T91,12:00,-332.84,
07/11/2024,,412120.0,BASE_7MILECRK_X-159_1,7MILECRK X-159 1 (LN/ALTE/ALTE),,12:00,-38.64,
07/11/2024,,348116.0,MP23009_IRNRNGE_IRON_BLCKB105_1,IRNRNGE IRON_BLCKB105 1 (LN/MP/MP),BLACKBERRY - IRON RANGE 230 (106L),12:00,-124.24,
07/11/2024,29702.0,264164.0,Majestic_Lemoyne345_FLO_Monroe_Lallendorf345,LEMOYNE MAJ_LEMOYNE 1 (LN/FE/DECO),MONROE - LALLENDORF 345,12:00,-126.75,
07/11/2024,,80391.0,ALEWPS1_SHERMANS_SHRMNSTSUNNY_1,SHERMANS SHRMNSTSUNNY 1 (LN/WPS/WPS),ARPIN-ROCKY RUN 345 (W-8) *,12:05,-61.91,
07/11/2024,,412120.0,BASE_7MILECRK_X-159_1,7MILECRK X-159 1 (LN/ALTE/ALTE),,12:05,-43.87,
07/11/2024,,348116.0,MP23009_IRNRNGE_IRON_BLCKB105_1,IRNRNGE IRON_BLCKB105 1 (LN/MP/MP),BLACKBERRY - IRON RANGE 230 (106L),12:05,-147.9,
07/11/2024,29702.0,264164.0,Majestic_Lemoyne345_FLO_Monroe_Lallendorf345,LEMOYNE MAJ_LEMOYNE 1 (LN/FE/DECO),MONROE - LALLENDORF 345,12:05,-138.62,
07/11/2024,,3781.0,ALEDPC09_GLN_HVN8_NED69GLN1_NE,GLN_HVN8 NED69GLN1 NE (LN/ALTE/ALTE),NELSON DEWEY 161/138 T91,12:10,-425.76,
07/11/2024,,80391.0,ALEWPS1_SHERMANS_SHRMNSTSUNNY_1,SHERMANS SHRMNSTSUNNY 1 (LN/WPS/WPS),ARPIN-ROCKY RUN 345 (W-8) *,12:10,-179.67,
07/11/2024,,412120.0,BASE_7MILECRK_X-159_1,7MILECRK X-159 1 (LN/ALTE/ALTE),,12:10,-57.04,
07/11/2024,,348116.0,MP23009_IRNRNGE_IRON_BLCKB105_1,IRNRNGE IRON_BLCKB105 1 (LN/MP/MP),BLACKBERRY - IRON RANGE 230 (106L),12:10,-193.69,
07/11/2024,29702.0,264164.0,Majestic_Lemoyne345_FLO_Monroe_Lallendorf345,LEMOYNE MAJ_LEMOYNE 1 (LN/FE/DECO),MONROE - LALLENDORF 345,12:10,-216.26,
07/11/2024,,3781.0,ALEDPC09_GLN_HVN8_NED69GLN1_NE,GLN_HVN8 NED69GLN1 NE (LN/ALTE/ALTE),NELSON DEWEY 161/138 T91,12:15,-500.0,
07/11/2024,,80391.0,ALEWPS1_SHERMANS_SHRMNSTSUNNY_1,SHERMANS SHRMNSTSUNNY 1 (LN/WPS/WPS),ARPIN-ROCKY RUN 345 (W-8) *,12:15,-832.79,
07/11/2024,,412120.0,BASE_7MILECRK_X-159_1,7MILECRK X-159 1 (LN/ALTE/ALTE),,12:15,-201.29,
07/11/2024,,348116.0,MP23009_IRNRNGE_IRON_BLCKB105_1,IRNRNGE IRON_BLCKB105 1 (LN/MP/MP),BLACKBERRY - IRON RANGE 230 (106L),12:15,-2000.0,
07/11/2024,29702.0,264164.0,Majestic_Lemoyne345_FLO_Monroe_Lallendorf345,LEMOYNE MAJ_LEMOYNE 1 (LN/FE/DECO),MONROE - LALLENDORF 345,12:15,-874.75,
07/11/2024,,3781.0,ALEDPC09_GLN_HVN8_NED69GLN1_NE,GLN_HVN8 NED69GLN1 NE (LN/ALTE/ALTE),NELSON DEWEY 161/138 T91,12:20,-500.0,
07/11/2024,,412120.0,BASE_7MILECRK_X-159_1,7MILECRK X-159 1 (LN/ALTE/ALTE),,12:20,-43.85,
07/11/2024,,348116.0,MP23009_IRNRNGE_IRON_BLCKB105_1,IRNRNGE IRON_BLCKB105 1 (LN/MP/MP),BLACKBERRY - IRON RANGE 230 (106L),12:20,-2000.0,
07/11/2024,29702.0,264164.0,Majestic_Lemoyne345_FLO_Monroe_Lallendorf345,LEMOYNE MAJ_LEMOYNE 1 (LN/FE/DECO),MONROE - LALLENDORF 345,12:20,-314.59000000000003,
07/11/2024,,3781.0,ALEDPC09_GLN_HVN8_NED69GLN1_NE,GLN_HVN8 NED69GLN1 NE (LN/ALTE/ALTE),NELSON DEWEY 161/138 T91,12:25,-500.0,
07/11/2024,,412120.0,BASE_7MILECRK_X-159_1,7MILECRK X-159 1 (LN/ALTE/ALTE),,12:25,-44.32,
07/11/2024,,348116.0,MP23009_IRNRNGE_IRON_BLCKB105_1,IRNRNGE IRON_BLCKB105 1 (LN/MP/MP),BLACKBERRY - IRON RANGE 230 (106L),12:25,-2000.0,
07/11/2024,29702.0,264164.0,Majestic_Lemoyne345_FLO_Monroe_Lallendorf345,LEMOYNE MAJ_LEMOYNE 1 (LN/FE/DECO),MONROE - LALLENDORF 345,12:25,-314.85,
07/11/2024,,3781.0,ALEDPC09_GLN_HVN8_NED69GLN1_NE,GLN_HVN8 NED69GLN1 NE (LN/ALTE/ALTE),NELSON DEWEY 161/138 T91,12:30,-500.0,
07/11/2024,,412120.0,BASE_7MILECRK_X-159_1,7MILECRK X-159 1 (LN/ALTE/ALTE),,12:30,-38.910000000000004,
07/11/2024,,348116.0,MP23009_IRNRNGE_IRON_BLCKB105_1,IRNRNGE IRON_BLCKB105 1 (LN/MP/MP),BLACKBERRY - IRON RANGE 230 (106L),12:30,-709.61,
07/11/2024,29702.0,264164.0,Majestic_Lemoyne345_FLO_Monroe_Lallendorf345,LEMOYNE MAJ_LEMOYNE 1 (LN/FE/DECO),MONROE - LALLENDORF 345,12:30,-104.14,
07/11/2024,,3781.0,ALEDPC09_GLN_HVN8_NED69GLN1_NE,GLN_HVN8 NED69GLN1 NE (LN/ALTE/ALTE),NELSON DEWEY 161/138 T91,12:35,-400.0,
07/11/2024,,412120.0,BASE_7MILECRK_X-159_1,7MILECRK X-159 1 (LN/ALTE/ALTE),,12:35,-46.63,
07/11/2024,,348116.0,MP23009_IRNRNGE_IRON_BLCKB105_1,IRNRNGE IRON_BLCKB105 1 (LN/MP/MP),BLACKBERRY - IRON RANGE 230 (106L),12:35,-149.84,
07/11/2024,29702.0,264164.0,Majestic_Lemoyne345_FLO_Monroe_Lallendorf345,LEMOYNE MAJ_LEMOYNE 1 (LN/FE/DECO),MONROE - LALLENDORF 345,12:35,-71.7,
07/11/2024,,3781.0,ALEDPC09_GLN_HVN8_NED69GLN1_NE,GLN_HVN8 NED69GLN1 NE (LN/ALTE/ALTE),NELSON DEWEY 161/138 T91,12:40,-397.82,
07/11/2024,,80391.0,ALEWPS1_SHERMANS_SHRMNSTSUNNY_1,SHERMANS SHRMNSTSUNNY 1 (LN/WPS/WPS),ARPIN-ROCKY RUN 345 (W-8) *,12:40,-134.05,
07/11/2024,,412120.0,BASE_7MILECRK_X-159_1,7MILECRK X-159 1 (LN/ALTE/ALTE),,12:40,-52.24,
07/11/2024,,348116.0,MP23009_IRNRNGE_IRON_BLCKB105_1,IRNRNGE IRON_BLCKB105 1 (LN/MP/MP),BLACKBERRY - IRON RANGE 230 (106L),12:40,-170.06,
07/11/2024,29702.0,264164.0,Majestic_Lemoyne345_FLO_Monroe_Lallendorf345,LEMOYNE MAJ_LEMOYNE 1 (LN/FE/DECO),MONROE - LALLENDORF 345,12:40,-54.99,
07/11/2024,,3781.0,ALEDPC09_GLN_HVN8_NED69GLN1_NE,GLN_HVN8 NED69GLN1 NE (LN/ALTE/ALTE),NELSON DEWEY 161/138 T91,12:45,-400.0,
07/11/2024,,80391.0,ALEWPS1_SHERMANS_SHRMNSTSUNNY_1,SHERMANS SHRMNSTSUNNY 1 (LN/WPS/WPS),ARPIN-ROCKY RUN 345 (W-8) *,12:45,-91.75,
07/11/2024,,412120.0,BASE_7MILECRK_X-159_1,7MILECRK X-159 1 (LN/ALTE/ALTE),,12:45,-49.43,
07/11/2024,,348116.0,MP23009_IRNRNGE_IRON_BLCKB105_1,IRNRNGE IRON_BLCKB105 1 (LN/MP/MP),BLACKBERRY - IRON RANGE 230 (106L),12:45,-157.26,
07/11/2024,29702.0,264164.0,Majestic_Lemoyne345_FLO_Monroe_Lallendorf345,LEMOYNE MAJ_LEMOYNE 1 (LN/FE/DECO),MONROE - LALLENDORF 345,12:45,-71.14,
07/11/2024,,3781.0,ALEDPC09_GLN_HVN8_NED69GLN1_NE,GLN_HVN8 NED69GLN1 NE (LN/ALTE/ALTE),NELSON DEWEY 161/138 T91,12:50,-400.0,
07/11/2024,,80391.0,ALEWPS1_SHERMANS_SHRMNSTSUNNY_1,SHERMANS SHRMNSTSUNNY 1 (LN/WPS/WPS),ARPIN-ROCKY RUN 345 (W-8) *,12:50,-75.96000000000001,
07/11/2024,,412120.0,BASE_7MILECRK_X-159_1,7MILECRK X-159 1 (LN/ALTE/ALTE),,12:50,-51.39,
07/11/2024,,348116.0,MP23009_IRNRNGE_IRON_BLCKB105_1,IRNRNGE IRON_BLCKB105 1 (LN/MP/MP),BLACKBERRY - IRON RANGE 230 (106L),12:50,-28.86,
07/11/2024,29702.0,264164.0,Majestic_Lemoyne345_FLO_Monroe_Lallendorf345,LEMOYNE MAJ_LEMOYNE 1 (LN/FE/DECO),MONROE - LALLENDORF 345,12:50,-142.84,
07/11/2024,,3781.0,ALEDPC09_GLN_HVN8_NED69GLN1_NE,GLN_HVN8 NED69GLN1 NE (LN/ALTE/ALTE),NELSON DEWEY 161/138 T91,12:55,-405.26,
07/11/2024,,80391.0,ALEWPS1_SHERMANS_SHRMNSTSUNNY_1,SHERMANS SHRMNSTSUNNY 1 (LN/WPS/WPS),ARPIN-ROCKY RUN 345 (W-8) *,12:55,-118.6,
07/11/2024,,412120.0,BASE_7MILECRK_X-159_1,7MILECRK X-159 1 (LN/ALTE/ALTE),,12:55,-55.03,
07/11/2024,,348116.0,MP23009_IRNRNGE_IRON_BLCKB105_1,IRNRNGE IRON_BLCKB105 1 (LN/MP/MP),BLACKBERRY - IRON RANGE 230 (106L),12:55,-40.7,
07/11/2024,29702.0,264164.0,Majestic_Lemoyne345_FLO_Monroe_Lallendorf345,LEMOYNE MAJ_LEMOYNE 1 (LN/FE/DECO),MONROE - LALLENDORF 345,12:55,-122.0,
07/11/2024,,3781.0,ALEDPC09_GLN_HVN8_NED69GLN1_NE,GLN_HVN8 NED69GLN1 NE (LN/ALTE/ALTE),NELSON DEWEY 161/138 T91,13:00,-335.93,
07/11/2024,,80391.0,ALEWPS1_SHERMANS_SHRMNSTSUNNY_1,SHERMANS SHRMNSTSUNNY 1 (LN/WPS/WPS),ARPIN-ROCKY RUN 345 (W-8) *,13:00,-32.92,
07/11/2024,,412120.0,BASE_7MILECRK_X-159_1,7MILECRK X-159 1 (LN/ALTE/ALTE),,13:00,-41.87,
07/11/2024,,348116.0,MP23009_IRNRNGE_IRON_BLCKB105_1,IRNRNGE IRON_BLCKB105 1 (LN/MP/MP),BLACKBERRY - IRON RANGE 230 (106L),13:00,-129.63,
07/11/2024,29702.0,264164.0,Majestic_Lemoyne345_FLO_Monroe_Lallendorf345,LEMOYNE MAJ_LEMOYNE 1 (LN/FE/DECO),MONROE - LALLENDORF 345,13:00,-71.46000000000001,
07/11/2024,,3781.0,ALEDPC09_GLN_HVN8_NED69GLN1_NE,GLN_HVN8 NED69GLN1 NE (LN/ALTE/ALTE),NELSON DEWEY 161/138 T91,13:05,-282.26,
07/11/2024,,412120.0,BASE_7MILECRK_X-159_1,7MILECRK X-159 1 (LN/ALTE/ALTE),,13:05,-35.0,
07/11/2024,29702.0,264164.0,Majestic_Lemoyne345_FLO_Monroe_Lallendorf345,LEMOYNE MAJ_LEMOYNE 1 (LN/FE/DECO),MONROE - LALLENDORF 345,13:05,-45.79,
07/11/2024,,412120.0,BASE_7MILECRK_X-159_1,7MILECRK X-159 1 (LN/ALTE/ALTE),,13:10,-32.980000000000004,
07/11/2024,,348116.0,MP23009_IRNRNGE_IRON_BLCKB105_1,IRNRNGE IRON_BLCKB105 1 (LN/MP/MP),BLACKBERRY - IRON RANGE 230 (106L),13:10,-92.03,
07/11/2024,,255594.0,MP23X20_MERRIFLD_MERRIRIVR__51_1,MERRIFLD MERRIRIVR__51 1 (LN/MP/MP),BADOURA 230/115 T5,13:10,-700.0,
07/11/2024,,3781.0,ALEDPC09_GLN_HVN8_NED69GLN1_NE,GLN_HVN8 NED69GLN1 NE (LN/ALTE/ALTE),NELSON DEWEY 161/138 T91,13:15,-318.36,
07/11/2024,,80391.0,ALEWPS1_SHERMANS_SHRMNSTSUNNY_1,SHERMANS SHRMNSTSUNNY 1 (LN/WPS/WPS),ARPIN-ROCKY RUN 345 (W-8) *,13:15,-38.26,
07/11/2024,,412120.0,BASE_7MILECRK_X-159_1,7MILECRK X-159 1 (LN/ALTE/ALTE),,13:15,-39.42,
07/11/2024,,348116.0,MP23009_IRNRNGE_IRON_BLCKB105_1,IRNRNGE IRON_BLCKB105 1 (LN/MP/MP),BLACKBERRY - IRON RANGE 230 (106L),13:15,-120.18,
07/11/2024,,255594.0,MP23X20_MERRIFLD_MERRIRIVR__51_1,MERRIFLD MERRIRIVR__51 1 (LN/MP/MP),BADOURA 230/115 T5,13:15,-1000.0,
07/11/2024,29702.0,264164.0,Majestic_Lemoyne345_FLO_Monroe_Lallendorf345,LEMOYNE MAJ_LEMOYNE 1 (LN/FE/DECO),MONROE - LALLENDORF 345,13:15,-1.19,
07/11/2024,,80391.0,ALEWPS1_SHERMANS_SHRMNSTSUNNY_1,SHERMANS SHRMNSTSUNNY 1 (LN/WPS/WPS),ARPIN-ROCKY RUN 345 (W-8) *,13:20,-103.97,
07/11/2024,,412120.0,BASE_7MILECRK_X-159_1,7MILECRK X-159 1 (LN/ALTE/ALTE),,13:20,-55.26,
07/11/2024,,348116.0,MP23009_IRNRNGE_IRON_BLCKB105_1,IRNRNGE IRON_BLCKB105 1 (LN/MP/MP),BLACKBERRY - IRON RANGE 230 (106L),13:20,-208.39,
07/11/2024,,255594.0,MP23X20_MERRIFLD_MERRIRIVR__51_1,MERRIFLD MERRIRIVR__51 1 (LN/MP/MP),BADOURA 230/115 T5,13:20,-1000.0,
07/11/2024,,412120.0,BASE_7MILECRK_X-159_1,7MILECRK X-159 1 (LN/ALTE/ALTE),,13:25,-50.03,
07/11/2024,,348116.0,MP23009_IRNRNGE_IRON_BLCKB105_1,IRNRNGE IRON_BLCKB105 1 (LN/MP/MP),BLACKBERRY - IRON RANGE 230 (106L),13:25,-423.53,
07/11/2024,,255594.0,MP23X20_MERRIFLD_MERRIRIVR__51_1,MERRIFLD MERRIRIVR__51 1 (LN/MP/MP),BADOURA 230/115 T5,13:25,-700.0,
07/11/2024,,412120.0,BASE_7MILECRK_X-159_1,7MILECRK X-159 1 (LN/ALTE/ALTE),,13:30,-42.03,
07/11/2024,,348116.0,MP23009_IRNRNGE_IRON_BLCKB105_1,IRNRNGE IRON_BLCKB105 1 (LN/MP/MP),BLACKBERRY - IRON RANGE 230 (106L),13:30,-454.75,
07/11/2024,,3781.0,ALEDPC09_GLN_HVN8_NED69GLN1_NE,GLN_HVN8 NED69GLN1 NE (LN/ALTE/ALTE),NELSON DEWEY 161/138 T91,13:35,-377.53,
07/11/2024,,412120.0,BASE_7MILECRK_X-159_1,7MILECRK X-159 1 (LN/ALTE/ALTE),,13:35,-48.45,
07/11/2024,,348116.0,MP23009_IRNRNGE_IRON_BLCKB105_1,IRNRNGE IRON_BLCKB105 1 (LN/MP/MP),BLACKBERRY - IRON RANGE 230 (106L),13:35,-3.45,
07/11/2024,,3781.0,ALEDPC09_GLN_HVN8_NED69GLN1_NE,GLN_HVN8 NED69GLN1 NE (LN/ALTE/ALTE),NELSON DEWEY 161/138 T91,13:40,-383.96,
07/11/2024,,80391.0,ALEWPS1_SHERMANS_SHRMNSTSUNNY_1,SHERMANS SHRMNSTSUNNY 1 (LN/WPS/WPS),ARPIN-ROCKY RUN 345 (W-8) *,13:40,-9.44,
07/11/2024,,412120.0,BASE_7MILECRK_X-159_1,7MILECRK X-159 1 (LN/ALTE/ALTE),,13:40,-48.24,
07/11/2024,,3781.0,ALEDPC09_GLN_HVN8_NED69GLN1_NE,GLN_HVN8 NED69GLN1 NE (LN/ALTE/ALTE),NELSON DEWEY 161/138 T91,13:45,-500.0,
07/11/2024,,80391.0,ALEWPS1_SHERMANS_SHRMNSTSUNNY_1,SHERMANS SHRMNSTSUNNY 1 (LN/WPS/WPS),ARPIN-ROCKY RUN 345 (W-8) *,13:45,-25.31,
07/11/2024,,412120.0,BASE_7MILECRK_X-159_1,7MILECRK X-159 1 (LN/ALTE/ALTE),,13:45,-44.12,
07/11/2024,,3781.0,ALEDPC09_GLN_HVN8_NED69GLN1_NE,GLN_HVN8 NED69GLN1 NE (LN/ALTE/ALTE),NELSON DEWEY 161/138 T91,13:50,-400.0,
07/11/2024,,412120.0,BASE_7MILECRK_X-159_1,7MILECRK X-159 1 (LN/ALTE/ALTE),,13:50,-44.58,
07/11/2024,,348116.0,MP23009_IRNRNGE_IRON_BLCKB105_1,IRNRNGE IRON_BLCKB105 1 (LN/MP/MP),BLACKBERRY - IRON RANGE 230 (106L),13:50,-8.700000000000001,
07/11/2024,29702.0,264164.0,Majestic_Lemoyne345_FLO_Monroe_Lallendorf345,LEMOYNE MAJ_LEMOYNE 1 (LN/FE/DECO),MONROE - LALLENDORF 345,13:50,-27.12,
07/11/2024,,3781.0,ALEDPC09_GLN_HVN8_NED69GLN1_NE,GLN_HVN8 NED69GLN1 NE (LN/ALTE/ALTE),NELSON DEWEY 161/138 T91,13:55,-338.93,
07/11/2024,,412120.0,BASE_7MILECRK_X-159_1,7MILECRK X-159 1 (LN/ALTE/ALTE),,13:55,-41.17,
07/11/2024,,286372.0,ITC34066_MONROE4_MONRONSTAR12_1_1,MONROE4 MONRONSTAR12_1 1 (LN/DECO/DECO),MONROE-BROWNSTOWN 345 #2,13:55,-104.49,
07/11/2024,29702.0,264164.0,Majestic_Lemoyne345_FLO_Monroe_Lallendorf345,LEMOYNE MAJ_LEMOYNE 1 (LN/FE/DECO),MONROE - LALLENDORF 345,13:55,-31.74,
07/11/2024,,3781.0,ALEDPC09_GLN_HVN8_NED69GLN1_NE,GLN_HVN8 NED69GLN1 NE (LN/ALTE/ALTE),NELSON DEWEY 161/138 T91,14:00,-349.74,
07/11/2024,,412120.0,BASE_7MILECRK_X-159_1,7MILECRK X-159 1 (LN/ALTE/ALTE),,14:00,-42.18,
07/11/2024,,286372.0,ITC34066_MONROE4_MONRONSTAR12_1_1,MONROE4 MONRONSTAR12_1 1 (LN/DECO/DECO),MONROE-BROWNSTOWN 345 #2,14:00,-0.15,
07/11/2024,29702.0,264164.0,Majestic_Lemoyne345_FLO_Monroe_Lallendorf345,LEMOYNE MAJ_LEMOYNE 1 (LN/FE/DECO),MONROE - LALLENDORF 345,14:00,-28.63,
07/11/2024,,3781.0,ALEDPC09_GLN_HVN8_NED69GLN1_NE,GLN_HVN8 NED69GLN1 NE (LN/ALTE/ALTE),NELSON DEWEY 161/138 T91,14:05,-371.51,
07/11/2024,,412120.0,BASE_7MILECRK_X-159_1,7MILECRK X-159 1 (LN/ALTE/ALTE),,14:05,-44.93,
07/11/2024,29702.0,264164.0,Majestic_Lemoyne345_FLO_Monroe_Lallendorf345,LEMOYNE MAJ_LEMOYNE 1 (LN/FE/DECO),MONROE - LALLENDORF 345,14:05,-44.09,
07/11/2024,,3781.0,ALEDPC09_GLN_HVN8_NED69GLN1_NE,GLN_HVN8 NED69GLN1 NE (LN/ALTE/ALTE),NELSON DEWEY 161/138 T91,14:10,-371.0,
07/11/2024,,80391.0,ALEWPS1_SHERMANS_SHRMNSTSUNNY_1,SHERMANS SHRMNSTSUNNY 1 (LN/WPS/WPS),ARPIN-ROCKY RUN 345 (W-8) *,14:10,-98.3,
07/11/2024,,412120.0,BASE_7MILECRK_X-159_1,7MILECRK X-159 1 (LN/ALTE/ALTE),,14:10,-48.35,
07/11/2024,,307216.0,EA50022_INDEP2_INDEP2_MOREFL5_A,INDEP2 INDEP2_MOREFL5 A (LN/EAI/EAI),INDEPENDENCE - POWERLINE  500,14:10,-19.53,
07/11/2024,29702.0,264164.0,Majestic_Lemoyne345_FLO_Monroe_Lallendorf345,LEMOYNE MAJ_LEMOYNE 1 (LN/FE/DECO),MONROE - LALLENDORF 345,14:10,-36.35,
07/11/2024,,3781.0,ALEDPC09_GLN_HVN8_NED69GLN1_NE,GLN_HVN8 NED69GLN1 NE (LN/ALTE/ALTE),NELSON DEWEY 161/138 T91,14:15,-430.48,
07/11/2024,,80391.0,ALEWPS1_SHERMANS_SHRMNSTSUNNY_1,SHERMANS SHRMNSTSUNNY 1 (LN/WPS/WPS),ARPIN-ROCKY RUN 345 (W-8) *,14:15,-36.01,
07/11/2024,,412120.0,BASE_7MILECRK_X-159_1,7MILECRK X-159 1 (LN/ALTE/ALTE),,14:15,-54.22,
07/11/2024,29702.0,264164.0,Majestic_Lemoyne345_FLO_Monroe_Lallendorf345,LEMOYNE MAJ_LEMOYNE 1 (LN/FE/DECO),MONROE - LALLENDORF 345,14:15,-148.36,
07/11/2024,,3781.0,ALEDPC09_GLN_HVN8_NED69GLN1_NE,GLN_HVN8 NED69GLN1 NE (LN/ALTE/ALTE),NELSON DEWEY 161/138 T91,14:20,-468.72,
07/11/2024,,80391.0,ALEWPS1_SHERMANS_SHRMNSTSUNNY_1,SHERMANS SHRMNSTSUNNY 1 (LN/WPS/WPS),ARPIN-ROCKY RUN 345 (W-8) *,14:20,-67.63,
07/11/2024,,412120.0,BASE_7MILECRK_X-159_1,7MILECRK X-159 1 (LN/ALTE/ALTE),,14:20,-59.61,
07/11/2024,,286372.0,ITC34066_MONROE4_MONRONSTAR12_1_1,MONROE4 MONRONSTAR12_1 1 (LN/DECO/DECO),MONROE-BROWNSTOWN 345 #2,14:20,-81.27,
07/11/2024,,348116.0,MP23009_IRNRNGE_IRON_BLCKB105_1,IRNRNGE IRON_BLCKB105 1 (LN/MP/MP),BLACKBERRY - IRON RANGE 230 (106L),14:20,-60.9,
07/11/2024,,3781.0,ALEDPC09_GLN_HVN8_NED69GLN1_NE,GLN_HVN8 NED69GLN1 NE (LN/ALTE/ALTE),NELSON DEWEY 161/138 T91,14:25,-414.07,
07/11/2024,,80391.0,ALEWPS1_SHERMANS_SHRMNSTSUNNY_1,SHERMANS SHRMNSTSUNNY 1 (LN/WPS/WPS),ARPIN-ROCKY RUN 345 (W-8) *,14:25,-72.64,
07/11/2024,,412120.0,BASE_7MILECRK_X-159_1,7MILECRK X-159 1 (LN/ALTE/ALTE),,14:25,-51.03,
07/11/2024,,348116.0,MP23009_IRNRNGE_IRON_BLCKB105_1,IRNRNGE IRON_BLCKB105 1 (LN/MP/MP),BLACKBERRY - IRON RANGE 230 (106L),14:25,-146.81,
07/11/2024,29702.0,264164.0,Majestic_Lemoyne345_FLO_Monroe_Lallendorf345,LEMOYNE MAJ_LEMOYNE 1 (LN/FE/DECO),MONROE - LALLENDORF 345,14:25,-69.97,
07/11/2024,,3781.0,ALEDPC09_GLN_HVN8_NED69GLN1_NE,GLN_HVN8 NED69GLN1 NE (LN/ALTE/ALTE),NELSON DEWEY 161/138 T91,14:30,-500.0,
07/11/2024,,80391.0,ALEWPS1_SHERMANS_SHRMNSTSUNNY_1,SHERMANS SHRMNSTSUNNY 1 (LN/WPS/WPS),ARPIN-ROCKY RUN 345 (W-8) *,14:30,-132.46,
07/11/2024,,412120.0,BASE_7MILECRK_X-159_1,7MILECRK X-159 1 (LN/ALTE/ALTE),,14:30,-70.18,
07/11/2024,,348116.0,MP23009_IRNRNGE_IRON_BLCKB105_1,IRNRNGE IRON_BLCKB105 1 (LN/MP/MP),BLACKBERRY - IRON RANGE 230 (106L),14:30,-195.63,
07/11/2024,,3781.0,ALEDPC09_GLN_HVN8_NED69GLN1_NE,GLN_HVN8 NED69GLN1 NE (LN/ALTE/ALTE),NELSON DEWEY 161/138 T91,14:35,-500.0,
07/11/2024,,80391.0,ALEWPS1_SHERMANS_SHRMNSTSUNNY_1,SHERMANS SHRMNSTSUNNY 1 (LN/WPS/WPS),ARPIN-ROCKY RUN 345 (W-8) *,14:35,-125.29,
07/11/2024,,412120.0,BASE_7MILECRK_X-159_1,7MILECRK X-159 1 (LN/ALTE/ALTE),,14:35,-68.75,
07/11/2024,,348116.0,MP23009_IRNRNGE_IRON_BLCKB105_1,IRNRNGE IRON_BLCKB105 1 (LN/MP/MP),BLACKBERRY - IRON RANGE 230 (106L),14:35,-61.97,
07/11/2024,29702.0,264164.0,Majestic_Lemoyne345_FLO_Monroe_Lallendorf345,LEMOYNE MAJ_LEMOYNE 1 (LN/FE/DECO),MONROE - LALLENDORF 345,14:35,-92.4,
07/11/2024,,80391.0,ALEWPS1_SHERMANS_SHRMNSTSUNNY_1,SHERMANS SHRMNSTSUNNY 1 (LN/WPS/WPS),ARPIN-ROCKY RUN 345 (W-8) *,14:40,-145.87,
07/11/2024,,412120.0,BASE_7MILECRK_X-159_1,7MILECRK X-159 1 (LN/ALTE/ALTE),,14:40,-72.48,
07/11/2024,,348116.0,MP23009_IRNRNGE_IRON_BLCKB105_1,IRNRNGE IRON_BLCKB105 1 (LN/MP/MP),BLACKBERRY - IRON RANGE 230 (106L),14:40,-203.49,
07/11/2024,29702.0,264164.0,Majestic_Lemoyne345_FLO_Monroe_Lallendorf345,LEMOYNE MAJ_LEMOYNE 1 (LN/FE/DECO),MONROE - LALLENDORF 345,14:40,-121.81,
07/11/2024,,80391.0,ALEWPS1_SHERMANS_SHRMNSTSUNNY_1,SHERMANS SHRMNSTSUNNY 1 (LN/WPS/WPS),ARPIN-ROCKY RUN 345 (W-8) *,14:45,-135.75,
07/11/2024,,412120.0,BASE_7MILECRK_X-159_1,7MILECRK X-159 1 (LN/ALTE/ALTE),,14:45,-69.31,
07/11/2024,29702.0,264164.0,Majestic_Lemoyne345_FLO_Monroe_Lallendorf345,LEMOYNE MAJ_LEMOYNE 1 (LN/FE/DECO),MONROE - LALLENDORF 345,14:45,-109.74,
07/11/2024,,80391.0,ALEWPS1_SHERMANS_SHRMNSTSUNNY_1,SHERMANS SHRMNSTSUNNY 1 (LN/WPS/WPS),ARPIN-ROCKY RUN 345 (W-8) *,14:50,-118.26,
07/11/2024,,412120.0,BASE_7MILECRK_X-159_1,7MILECRK X-159 1 (LN/ALTE/ALTE),,14:50,-66.93,
07/11/2024,29702.0,264164.0,Majestic_Lemoyne345_FLO_Monroe_Lallendorf345,LEMOYNE MAJ_LEMOYNE 1 (LN/FE/DECO),MONROE - LALLENDORF 345,14:50,-123.77,
07/11/2024,,412120.0,BASE_7MILECRK_X-159_1,7MILECRK X-159 1 (LN/ALTE/ALTE),,14:55,-47.5,
07/11/2024,,348116.0,MP23009_IRNRNGE_IRON_BLCKB105_1,IRNRNGE IRON_BLCKB105 1 (LN/MP/MP),BLACKBERRY - IRON RANGE 230 (106L),14:55,-142.15,
07/11/2024,29702.0,264164.0,Majestic_Lemoyne345_FLO_Monroe_Lallendorf345,LEMOYNE MAJ_LEMOYNE 1 (LN/FE/DECO),MONROE - LALLENDORF 345,14:55,-57.6,
07/11/2024,,412120.0,BASE_7MILECRK_X-159_1,7MILECRK X-159 1 (LN/ALTE/ALTE),,15:00,-44.06,
07/11/2024,,348116.0,MP23009_IRNRNGE_IRON_BLCKB105_1,IRNRNGE IRON_BLCKB105 1 (LN/MP/MP),BLACKBERRY - IRON RANGE 230 (106L),15:00,-129.67000000000002,
07/11/2024,29702.0,264164.0,Majestic_Lemoyne345_FLO_Monroe_Lallendorf345,LEMOYNE MAJ_LEMOYNE 1 (LN/FE/DECO),MONROE - LALLENDORF 345,15:00,-182.89,
07/11/2024,,412120.0,BASE_7MILECRK_X-159_1,7MILECRK X-159 1 (LN/ALTE/ALTE),,15:05,-42.9,
07/11/2024,,307216.0,EA50022_INDEP2_INDEP2_MOREFL5_A,INDEP2 INDEP2_MOREFL5 A (LN/EAI/EAI),INDEPENDENCE - POWERLINE  500,15:05,-3.54,
07/11/2024,,348116.0,MP23009_IRNRNGE_IRON_BLCKB105_1,IRNRNGE IRON_BLCKB105 1 (LN/MP/MP),BLACKBERRY - IRON RANGE 230 (106L),15:05,-132.8,
07/11/2024,29702.0,264164.0,Majestic_Lemoyne345_FLO_Monroe_Lallendorf345,LEMOYNE MAJ_LEMOYNE 1 (LN/FE/DECO),MONROE - LALLENDORF 345,15:05,-86.48,
07/11/2024,,348116.0,MP23009_IRNRNGE_IRON_BLCKB105_1,IRNRNGE IRON_BLCKB105 1 (LN/MP/MP),BLACKBERRY - IRON RANGE 230 (106L),15:10,-306.41,
07/11/2024,,255594.0,MP23X20_MERRIFLD_MERRIRIVR__51_1,MERRIFLD MERRIRIVR__51 1 (LN/MP/MP),BADOURA 230/115 T5,15:10,-700.0,
07/11/2024,29690.0,454482.0,New_Carisl_Bosserman_138_2_flo_New_Carisl_Bosser,BSMN_NIP BOS-NEW2_NIP 1 (LN/NIPS/AEP),NEW CARLISLE-BOSSERMAN 138 1,15:10,-2000.0,
07/11/2024,,348116.0,MP23009_IRNRNGE_IRON_BLCKB105_1,IRNRNGE IRON_BLCKB105 1 (LN/MP/MP),BLACKBERRY - IRON RANGE 230 (106L),15:15,-308.09000000000003,
07/11/2024,29690.0,454482.0,New_Carisl_Bosserman_138_2_flo_New_Carisl_Bosser,BSMN_NIP BOS-NEW2_NIP 1 (LN/NIPS/AEP),NEW CARLISLE-BOSSERMAN 138 1,15:15,-2000.0,
07/11/2024,,348116.0,MP23009_IRNRNGE_IRON_BLCKB105_1,IRNRNGE IRON_BLCKB105 1 (LN/MP/MP),BLACKBERRY - IRON RANGE 230 (106L),15:20,-226.47,
07/11/2024,,255594.0,MP23X20_MERRIFLD_MERRIRIVR__51_1,MERRIFLD MERRIRIVR__51 1 (LN/MP/MP),BADOURA 230/115 T5,15:20,-1000.0,
07/11/2024,29690.0,454482.0,New_Carisl_Bosserman_138_2_flo_New_Carisl_Bosser,BSMN_NIP BOS-NEW2_NIP 1 (LN/NIPS/AEP),NEW CARLISLE-BOSSERMAN 138 1,15:20,-2000.0,
07/11/2024,,348116.0,MP23009_IRNRNGE_IRON_BLCKB105_1,IRNRNGE IRON_BLCKB105 1 (LN/MP/MP),BLACKBERRY - IRON RANGE 230 (106L),15:25,-253.89,
07/11/2024,,255594.0,MP23X20_MERRIFLD_MERRIRIVR__51_1,MERRIFLD MERRIRIVR__51 1 (LN/MP/MP),BADOURA 230/115 T5,15:25,-1000.0,
07/11/2024,29690.0,454482.0,New_Carisl_Bosserman_138_2_flo_New_Carisl_Bosser,BSMN_NIP BOS-NEW2_NIP 1 (LN/NIPS/AEP),NEW CARLISLE-BOSSERMAN 138 1,15:25,-2000.0,
07/11/2024,,348116.0,MP23009_IRNRNGE_IRON_BLCKB105_1,IRNRNGE IRON_BLCKB105 1 (LN/MP/MP),BLACKBERRY - IRON RANGE 230 (106L),15:30,-311.59000000000003,
07/11/2024,,255594.0,MP23X20_MERRIFLD_MERRIRIVR__51_1,MERRIFLD MERRIRIVR__51 1 (LN/MP/MP),BADOURA 230/115 T5,15:30,-1000.0,
07/11/2024,29690.0,454482.0,New_Carisl_Bosserman_138_2_flo_New_Carisl_Bosser,BSMN_NIP BOS-NEW2_NIP 1 (LN/NIPS/AEP),NEW CARLISLE-BOSSERMAN 138 1,15:30,-2000.0,
07/11/2024,,348116.0,MP23009_IRNRNGE_IRON_BLCKB105_1,IRNRNGE IRON_BLCKB105 1 (LN/MP/MP),BLACKBERRY - IRON RANGE 230 (106L),15:35,-262.03000000000003,
07/11/2024,,255594.0,MP23X20_MERRIFLD_MERRIRIVR__51_1,MERRIFLD MERRIRIVR__51 1 (LN/MP/MP),BADOURA 230/115 T5,15:35,-1000.0,
07/11/2024,29690.0,454482.0,New_Carisl_Bosserman_138_2_flo_New_Carisl_Bosser,BSMN_NIP BOS-NEW2_NIP 1 (LN/NIPS/AEP),NEW CARLISLE-BOSSERMAN 138 1,15:35,-1562.84,
07/11/2024,,348116.0,MP23009_IRNRNGE_IRON_BLCKB105_1,IRNRNGE IRON_BLCKB105 1 (LN/MP/MP),BLACKBERRY - IRON RANGE 230 (106L),15:40,-311.77,
07/11/2024,,255594.0,MP23X20_MERRIFLD_MERRIRIVR__51_1,MERRIFLD MERRIRIVR__51 1 (LN/MP/MP),BADOURA 230/115 T5,15:40,-1000.0,
07/11/2024,29690.0,454482.0,New_Carisl_Bosserman_138_2_flo_New_Carisl_Bosser,BSMN_NIP BOS-NEW2_NIP 1 (LN/NIPS/AEP),NEW CARLISLE-BOSSERMAN 138 1,15:40,-2000.0,
07/11/2024,,348116.0,MP23009_IRNRNGE_IRON_BLCKB105_1,IRNRNGE IRON_BLCKB105 1 (LN/MP/MP),BLACKBERRY - IRON RANGE 230 (106L),15:45,-165.92,
07/11/2024,,255594.0,MP23X20_MERRIFLD_MERRIRIVR__51_1,MERRIFLD MERRIRIVR__51 1 (LN/MP/MP),BADOURA 230/115 T5,15:45,-1000.0,
07/11/2024,,348116.0,MP23009_IRNRNGE_IRON_BLCKB105_1,IRNRNGE IRON_BLCKB105 1 (LN/MP/MP),BLACKBERRY - IRON RANGE 230 (106L),15:50,-343.47,
07/11/2024,,255594.0,MP23X20_MERRIFLD_MERRIRIVR__51_1,MERRIFLD MERRIRIVR__51 1 (LN/MP/MP),BADOURA 230/115 T5,15:50,-1000.0,
07/11/2024,,453132.0,NSP34056_MARS_SS_LYON_MARS_11_1_1,MARS_SS LYON_MARS_11_1 1 (LN/NSP/NSP),CEDAR MTN-LYON COUNTY 345 1 (0956),15:50,-242.47,
07/11/2024,29690.0,454482.0,New_Carisl_Bosserman_138_2_flo_New_Carisl_Bosser,BSMN_NIP BOS-NEW2_NIP 1 (LN/NIPS/AEP),NEW CARLISLE-BOSSERMAN 138 1,15:50,-2000.0,
07/11/2024,,331256.0,WEC13332_BLUFFCRK_WHIG53_2,BLUFFCRK WHIG53 2 (LN/WEC/WEC),UNIVERSITY - MUKWONAGO 138 (UNIG52,15:50,-117.05,
07/11/2024,,348116.0,MP23009_IRNRNGE_IRON_BLCKB105_1,IRNRNGE IRON_BLCKB105 1 (LN/MP/MP),BLACKBERRY - IRON RANGE 230 (106L),15:55,-353.46,
07/11/2024,,255594.0,MP23X20_MERRIFLD_MERRIRIVR__51_1,MERRIFLD MERRIRIVR__51 1 (LN/MP/MP),BADOURA 230/115 T5,15:55,-1000.0,
07/11/2024,29690.0,454482.0,New_Carisl_Bosserman_138_2_flo_New_Carisl_Bosser,BSMN_NIP BOS-NEW2_NIP 1 (LN/NIPS/AEP),NEW CARLISLE-BOSSERMAN 138 1,15:55,-1901.47,
07/11/2024,29652.0,248380.0,TMP151_S3_Granitfalls_115kv_lLN_ftlo_LyonCo_Ceda,S3 S3GRANI11_1 1 (LN/WAUE/WAUE),CEDAR MTN-LYON COUNTY 345 1 (0956),15:55,-372.1,
07/11/2024,,348116.0,MP23009_IRNRNGE_IRON_BLCKB105_1,IRNRNGE IRON_BLCKB105 1 (LN/MP/MP),BLACKBERRY - IRON RANGE 230 (106L),16:00,-1000.0,
07/11/2024,,255594.0,MP23X20_MERRIFLD_MERRIRIVR__51_1,MERRIFLD MERRIRIVR__51 1 (LN/MP/MP),BADOURA 230/115 T5,16:00,-1000.0,
07/11/2024,29690.0,454482.0,New_Carisl_Bosserman_138_2_flo_New_Carisl_Bosser,BSMN_NIP BOS-NEW2_NIP 1 (LN/NIPS/AEP),NEW CARLISLE-BOSSERMAN 138 1,16:00,-2000.0,
07/11/2024,29652.0,248380.0,TMP151_S3_Granitfalls_115kv_lLN_ftlo_LyonCo_Ceda,S3 S3GRANI11_1 1 (LN/WAUE/WAUE),CEDAR MTN-LYON COUNTY 345 1 (0956),16:00,-438.7,
07/11/2024,,348116.0,MP23009_IRNRNGE_IRON_BLCKB105_1,IRNRNGE IRON_BLCKB105 1 (LN/MP/MP),BLACKBERRY - IRON RANGE 230 (106L),16:05,-388.04,
07/11/2024,,255594.0,MP23X20_MERRIFLD_MERRIRIVR__51_1,MERRIFLD MERRIRIVR__51 1 (LN/MP/MP),BADOURA 230/115 T5,16:05,-1000.0,
07/11/2024,29690.0,454482.0,New_Carisl_Bosserman_138_2_flo_New_Carisl_Bosser,BSMN_NIP BOS-NEW2_NIP 1 (LN/NIPS/AEP),NEW CARLISLE-BOSSERMAN 138 1,16:05,-2000.0,
07/11/2024,29652.0,248380.0,TMP151_S3_Granitfalls_115kv_lLN_ftlo_LyonCo_Ceda,S3 S3GRANI11_1 1 (LN/WAUE/WAUE),CEDAR MTN-LYON COUNTY 345 1 (0956),16:05,-392.82,
07/11/2024,,348116.0,MP23009_IRNRNGE_IRON_BLCKB105_1,IRNRNGE IRON_BLCKB105 1 (LN/MP/MP),BLACKBERRY - IRON RANGE 230 (106L),16:10,-190.64,
07/11/2024,,255594.0,MP23X20_MERRIFLD_MERRIRIVR__51_1,MERRIFLD MERRIRIVR__51 1 (LN/MP/MP),BADOURA 230/115 T5,16:10,-1000.0,
07/11/2024,29702.0,264164.0,Majestic_Lemoyne345_FLO_Monroe_Lallendorf345,LEMOYNE MAJ_LEMOYNE 1 (LN/FE/DECO),MONROE - LALLENDORF 345,16:10,-113.25,
07/11/2024,,453132.0,NSP34056_MARS_SS_LYON_MARS_11_1_1,MARS_SS LYON_MARS_11_1 1 (LN/NSP/NSP),CEDAR MTN-LYON COUNTY 345 1 (0956),16:10,-179.77,
07/11/2024,,348116.0,MP23009_IRNRNGE_IRON_BLCKB105_1,IRNRNGE IRON_BLCKB105 1 (LN/MP/MP),BLACKBERRY - IRON RANGE 230 (106L),16:15,-337.38,
07/11/2024,,255594.0,MP23X20_MERRIFLD_MERRIRIVR__51_1,MERRIFLD MERRIRIVR__51 1 (LN/MP/MP),BADOURA 230/115 T5,16:15,-1000.0,
07/11/2024,29690.0,454482.0,New_Carisl_Bosserman_138_2_flo_New_Carisl_Bosser,BSMN_NIP BOS-NEW2_NIP 1 (LN/NIPS/AEP),NEW CARLISLE-BOSSERMAN 138 1,16:15,-2000.0,
07/11/2024,,348116.0,MP23009_IRNRNGE_IRON_BLCKB105_1,IRNRNGE IRON_BLCKB105 1 (LN/MP/MP),BLACKBERRY - IRON RANGE 230 (106L),16:20,-1959.78,
07/11/2024,,255594.0,MP23X20_MERRIFLD_MERRIRIVR__51_1,MERRIFLD MERRIRIVR__51 1 (LN/MP/MP),BADOURA 230/115 T5,16:20,-1000.0,
07/11/2024,29702.0,264164.0,Majestic_Lemoyne345_FLO_Monroe_Lallendorf345,LEMOYNE MAJ_LEMOYNE 1 (LN/FE/DECO),MONROE - LALLENDORF 345,16:20,-2000.0,
07/11/2024,29690.0,454482.0,New_Carisl_Bosserman_138_2_flo_New_Carisl_Bosser,BSMN_NIP BOS-NEW2_NIP 1 (LN/NIPS/AEP),NEW CARLISLE-BOSSERMAN 138 1,16:20,-2000.0,
07/11/2024,,348116.0,MP23009_IRNRNGE_IRON_BLCKB105_1,IRNRNGE IRON_BLCKB105 1 (LN/MP/MP),BLACKBERRY - IRON RANGE 230 (106L),16:25,-1000.0,
07/11/2024,,255594.0,MP23X20_MERRIFLD_MERRIRIVR__51_1,MERRIFLD MERRIRIVR__51 1 (LN/MP/MP),BADOURA 230/115 T5,16:25,-1000.0,
07/11/2024,29690.0,454482.0,New_Carisl_Bosserman_138_2_flo_New_Carisl_Bosser,BSMN_NIP BOS-NEW2_NIP 1 (LN/NIPS/AEP),NEW CARLISLE-BOSSERMAN 138 1,16:25,-2000.0,
07/11/2024,,348116.0,MP23009_IRNRNGE_IRON_BLCKB105_1,IRNRNGE IRON_BLCKB105 1 (LN/MP/MP),BLACKBERRY - IRON RANGE 230 (106L),16:30,-244.27,
07/11/2024,,255594.0,MP23X20_MERRIFLD_MERRIRIVR__51_1,MERRIFLD MERRIRIVR__51 1 (LN/MP/MP),BADOURA 230/115 T5,16:30,-1000.0,
07/11/2024,29702.0,264164.0,Majestic_Lemoyne345_FLO_Monroe_Lallendorf345,LEMOYNE MAJ_LEMOYNE 1 (LN/FE/DECO),MONROE - LALLENDORF 345,16:30,-64.61,
07/11/2024,29690.0,454482.0,New_Carisl_Bosserman_138_2_flo_New_Carisl_Bosser,BSMN_NIP BOS-NEW2_NIP 1 (LN/NIPS/AEP),NEW CARLISLE-BOSSERMAN 138 1,16:30,-733.67,
07/11/2024,,348116.0,MP23009_IRNRNGE_IRON_BLCKB105_1,IRNRNGE IRON_BLCKB105 1 (LN/MP/MP),BLACKBERRY - IRON RANGE 230 (106L),16:35,-220.11,
07/11/2024,,255594.0,MP23X20_MERRIFLD_MERRIRIVR__51_1,MERRIFLD MERRIRIVR__51 1 (LN/MP/MP),BADOURA 230/115 T5,16:35,-1000.0,
07/11/2024,29690.0,454482.0,New_Carisl_Bosserman_138_2_flo_New_Carisl_Bosser,BSMN_NIP BOS-NEW2_NIP 1 (LN/NIPS/AEP),NEW CARLISLE-BOSSERMAN 138 1,16:35,-1116.98,
07/11/2024,,255594.0,MP23X20_MERRIFLD_MERRIRIVR__51_1,MERRIFLD MERRIRIVR__51 1 (LN/MP/MP),BADOURA 230/115 T5,16:40,-1000.0,
07/11/2024,29702.0,264164.0,Majestic_Lemoyne345_FLO_Monroe_Lallendorf345,LEMOYNE MAJ_LEMOYNE 1 (LN/FE/DECO),MONROE - LALLENDORF 345,16:40,-79.16,
07/11/2024,,348116.0,MP23009_IRNRNGE_IRON_BLCKB105_1,IRNRNGE IRON_BLCKB105 1 (LN/MP/MP),BLACKBERRY - IRON RANGE 230 (106L),16:45,-170.78,
07/11/2024,,255594.0,MP23X20_MERRIFLD_MERRIRIVR__51_1,MERRIFLD MERRIRIVR__51 1 (LN/MP/MP),BADOURA 230/115 T5,16:45,-1000.0,
07/11/2024,29702.0,264164.0,Majestic_Lemoyne345_FLO_Monroe_Lallendorf345,LEMOYNE MAJ_LEMOYNE 1 (LN/FE/DECO),MONROE - LALLENDORF 345,16:45,-31.08,
07/11/2024,29690.0,454482.0,New_Carisl_Bosserman_138_2_flo_New_Carisl_Bosser,BSMN_NIP BOS-NEW2_NIP 1 (LN/NIPS/AEP),NEW CARLISLE-BOSSERMAN 138 1,16:45,-330.45,
07/11/2024,,255594.0,MP23X20_MERRIFLD_MERRIRIVR__51_1,MERRIFLD MERRIRIVR__51 1 (LN/MP/MP),BADOURA 230/115 T5,16:50,-1000.0,
07/11/2024,29702.0,264164.0,Majestic_Lemoyne345_FLO_Monroe_Lallendorf345,LEMOYNE MAJ_LEMOYNE 1 (LN/FE/DECO),MONROE - LALLENDORF 345,16:50,-103.88,
07/11/2024,,255594.0,MP23X20_MERRIFLD_MERRIRIVR__51_1,MERRIFLD MERRIRIVR__51 1 (LN/MP/MP),BADOURA 230/115 T5,16:55,-1000.0,
07/11/2024,29690.0,454482.0,New_Carisl_Bosserman_138_2_flo_New_Carisl_Bosser,BSMN_NIP BOS-NEW2_NIP 1 (LN/NIPS/AEP),NEW CARLISLE-BOSSERMAN 138 1,16:55,-2000.0,
07/11/2024,,348116.0,MP23009_IRNRNGE_IRON_BLCKB105_1,IRNRNGE IRON_BLCKB105 1 (LN/MP/MP),BLACKBERRY - IRON RANGE 230 (106L),17:00,-204.64,
07/11/2024,,255594.0,MP23X20_MERRIFLD_MERRIRIVR__51_1,MERRIFLD MERRIRIVR__51 1 (LN/MP/MP),BADOURA 230/115 T5,17:00,-1000.0,
07/11/2024,29702.0,264164.0,Majestic_Lemoyne345_FLO_Monroe_Lallendorf345,LEMOYNE MAJ_LEMOYNE 1 (LN/FE/DECO),MONROE - LALLENDORF 345,17:00,-40.42,
07/11/2024,29690.0,454482.0,New_Carisl_Bosserman_138_2_flo_New_Carisl_Bosser,BSMN_NIP BOS-NEW2_NIP 1 (LN/NIPS/AEP),NEW CARLISLE-BOSSERMAN 138 1,17:00,-687.51,
07/11/2024,,255594.0,MP23X20_MERRIFLD_MERRIRIVR__51_1,MERRIFLD MERRIRIVR__51 1 (LN/MP/MP),BADOURA 230/115 T5,17:05,-1000.0,
07/11/2024,29690.0,454482.0,New_Carisl_Bosserman_138_2_flo_New_Carisl_Bosser,BSMN_NIP BOS-NEW2_NIP 1 (LN/NIPS/AEP),NEW CARLISLE-BOSSERMAN 138 1,17:05,-1113.52,
07/11/2024,,348116.0,MP23009_IRNRNGE_IRON_BLCKB105_1,IRNRNGE IRON_BLCKB105 1 (LN/MP/MP),BLACKBERRY - IRON RANGE 230 (106L),17:10,-239.5,
07/11/2024,,255594.0,MP23X20_MERRIFLD_MERRIRIVR__51_1,MERRIFLD MERRIRIVR__51 1 (LN/MP/MP),BADOURA 230/115 T5,17:10,-1000.0,
07/11/2024,29690.0,454482.0,New_Carisl_Bosserman_138_2_flo_New_Carisl_Bosser,BSMN_NIP BOS-NEW2_NIP 1 (LN/NIPS/AEP),NEW CARLISLE-BOSSERMAN 138 1,17:10,-997.0400000000002,
07/11/2024,,348116.0,MP23009_IRNRNGE_IRON_BLCKB105_1,IRNRNGE IRON_BLCKB105 1 (LN/MP/MP),BLACKBERRY - IRON RANGE 230 (106L),17:15,-260.23,
07/11/2024,,255594.0,MP23X20_MERRIFLD_MERRIRIVR__51_1,MERRIFLD MERRIRIVR__51 1 (LN/MP/MP),BADOURA 230/115 T5,17:15,-1000.0,
07/11/2024,29690.0,454482.0,New_Carisl_Bosserman_138_2_flo_New_Carisl_Bosser,BSMN_NIP BOS-NEW2_NIP 1 (LN/NIPS/AEP),NEW CARLISLE-BOSSERMAN 138 1,17:15,-1289.71,
07/11/2024,,348116.0,MP23009_IRNRNGE_IRON_BLCKB105_1,IRNRNGE IRON_BLCKB105 1 (LN/MP/MP),BLACKBERRY - IRON RANGE 230 (106L),17:20,-216.59,
07/11/2024,,255594.0,MP23X20_MERRIFLD_MERRIRIVR__51_1,MERRIFLD MERRIRIVR__51 1 (LN/MP/MP),BADOURA 230/115 T5,17:20,-1000.0,
07/11/2024,29702.0,264164.0,Majestic_Lemoyne345_FLO_Monroe_Lallendorf345,LEMOYNE MAJ_LEMOYNE 1 (LN/FE/DECO),MONROE - LALLENDORF 345,17:20,-132.84,
07/11/2024,,348116.0,MP23009_IRNRNGE_IRON_BLCKB105_1,IRNRNGE IRON_BLCKB105 1 (LN/MP/MP),BLACKBERRY - IRON RANGE 230 (106L),17:25,-208.74,
07/11/2024,,255594.0,MP23X20_MERRIFLD_MERRIRIVR__51_1,MERRIFLD MERRIRIVR__51 1 (LN/MP/MP),BADOURA 230/115 T5,17:25,-1000.0,
07/11/2024,29702.0,264164.0,Majestic_Lemoyne345_FLO_Monroe_Lallendorf345,LEMOYNE MAJ_LEMOYNE 1 (LN/FE/DECO),MONROE - LALLENDORF 345,17:25,-120.6,
07/11/2024,,348116.0,MP23009_IRNRNGE_IRON_BLCKB105_1,IRNRNGE IRON_BLCKB105 1 (LN/MP/MP),BLACKBERRY - IRON RANGE 230 (106L),17:30,-1798.55,
07/11/2024,,255594.0,MP23X20_MERRIFLD_MERRIRIVR__51_1,MERRIFLD MERRIRIVR__51 1 (LN/MP/MP),BADOURA 230/115 T5,17:30,-1000.0,
07/11/2024,29702.0,264164.0,Majestic_Lemoyne345_FLO_Monroe_Lallendorf345,LEMOYNE MAJ_LEMOYNE 1 (LN/FE/DECO),MONROE - LALLENDORF 345,17:30,-242.68,
07/11/2024,,348116.0,MP23009_IRNRNGE_IRON_BLCKB105_1,IRNRNGE IRON_BLCKB105 1 (LN/MP/MP),BLACKBERRY - IRON RANGE 230 (106L),17:35,-1966.23,
07/11/2024,,255594.0,MP23X20_MERRIFLD_MERRIRIVR__51_1,MERRIFLD MERRIRIVR__51 1 (LN/MP/MP),BADOURA 230/115 T5,17:35,-1000.0,
07/11/2024,29690.0,454482.0,New_Carisl_Bosserman_138_2_flo_New_Carisl_Bosser,BSMN_NIP BOS-NEW2_NIP 1 (LN/NIPS/AEP),NEW CARLISLE-BOSSERMAN 138 1,17:35,-1170.8,
07/11/2024,,348116.0,MP23009_IRNRNGE_IRON_BLCKB105_1,IRNRNGE IRON_BLCKB105 1 (LN/MP/MP),BLACKBERRY - IRON RANGE 230 (106L),17:40,-2000.0,
07/11/2024,,255594.0,MP23X20_MERRIFLD_MERRIRIVR__51_1,MERRIFLD MERRIRIVR__51 1 (LN/MP/MP),BADOURA 230/115 T5,17:40,-1000.0,
07/11/2024,29690.0,454482.0,New_Carisl_Bosserman_138_2_flo_New_Carisl_Bosser,BSMN_NIP BOS-NEW2_NIP 1 (LN/NIPS/AEP),NEW CARLISLE-BOSSERMAN 138 1,17:40,-2000.0,
07/11/2024,26013.0,337116.0,TMP557_MRYVL_SJ_BRADDCTR_161_KV_FTLO_MARYVIL_CRE,MRYVL_SJ MRYVLBRADD16_1 1 (LN/MPS/MEC),CRESTON-MARYVILLE_161,17:40,-1359.62,
07/11/2024,,348116.0,MP23009_IRNRNGE_IRON_BLCKB105_1,IRNRNGE IRON_BLCKB105 1 (LN/MP/MP),BLACKBERRY - IRON RANGE 230 (106L),17:45,-2000.0,
07/11/2024,,255594.0,MP23X20_MERRIFLD_MERRIRIVR__51_1,MERRIFLD MERRIRIVR__51 1 (LN/MP/MP),BADOURA 230/115 T5,17:45,-1000.0,
07/11/2024,26013.0,337116.0,TMP557_MRYVL_SJ_BRADDCTR_161_KV_FTLO_MARYVIL_CRE,MRYVL_SJ MRYVLBRADD16_1 1 (LN/MPS/MEC),CRESTON-MARYVILLE_161,17:45,-1230.59,
07/11/2024,,348116.0,MP23009_IRNRNGE_IRON_BLCKB105_1,IRNRNGE IRON_BLCKB105 1 (LN/MP/MP),BLACKBERRY - IRON RANGE 230 (106L),17:50,-2000.0,
07/11/2024,,255594.0,MP23X20_MERRIFLD_MERRIRIVR__51_1,MERRIFLD MERRIRIVR__51 1 (LN/MP/MP),BADOURA 230/115 T5,17:50,-1000.0,
07/11/2024,29702.0,264164.0,Majestic_Lemoyne345_FLO_Monroe_Lallendorf345,LEMOYNE MAJ_LEMOYNE 1 (LN/FE/DECO),MONROE - LALLENDORF 345,17:50,-26.16,
07/11/2024,29690.0,454482.0,New_Carisl_Bosserman_138_2_flo_New_Carisl_Bosser,BSMN_NIP BOS-NEW2_NIP 1 (LN/NIPS/AEP),NEW CARLISLE-BOSSERMAN 138 1,17:50,-1473.55,
07/11/2024,26013.0,337116.0,TMP557_MRYVL_SJ_BRADDCTR_161_KV_FTLO_MARYVIL_CRE,MRYVL_SJ MRYVLBRADD16_1 1 (LN/MPS/MEC),CRESTON-MARYVILLE_161,17:50,-1485.37,
07/11/2024,,348116.0,MP23009_IRNRNGE_IRON_BLCKB105_1,IRNRNGE IRON_BLCKB105 1 (LN/MP/MP),BLACKBERRY - IRON RANGE 230 (106L),17:55,-2000.0,
07/11/2024,29702.0,264164.0,Majestic_Lemoyne345_FLO_Monroe_Lallendorf345,LEMOYNE MAJ_LEMOYNE 1 (LN/FE/DECO),MONROE - LALLENDORF 345,17:55,-158.63,
07/11/2024,29690.0,454482.0,New_Carisl_Bosserman_138_2_flo_New_Carisl_Bosser,BSMN_NIP BOS-NEW2_NIP 1 (LN/NIPS/AEP),NEW CARLISLE-BOSSERMAN 138 1,17:55,-463.83,
07/11/2024,28547.0,345080.0,TMP134_BISMARK2_ESTBMRK_ftlo_MANDAN_WARDWA,ESTBMRK ESTBMBISMA11_1 1 (LN/MDU/WAUE),MANDAN-WARDWA 230,17:55,-706.03,
07/11/2024,26013.0,337116.0,TMP557_MRYVL_SJ_BRADDCTR_161_KV_FTLO_MARYVIL_CRE,MRYVL_SJ MRYVLBRADD16_1 1 (LN/MPS/MEC),CRESTON-MARYVILLE_161,17:55,-416.19,
07/11/2024,,348116.0,MP23009_IRNRNGE_IRON_BLCKB105_1,IRNRNGE IRON_BLCKB105 1 (LN/MP/MP),BLACKBERRY - IRON RANGE 230 (106L),18:00,-2000.0,
07/11/2024,29702.0,264164.0,Majestic_Lemoyne345_FLO_Monroe_Lallendorf345,LEMOYNE MAJ_LEMOYNE 1 (LN/FE/DECO),MONROE - LALLENDORF 345,18:00,-42.07,
07/11/2024,29690.0,454482.0,New_Carisl_Bosserman_138_2_flo_New_Carisl_Bosser,BSMN_NIP BOS-NEW2_NIP 1 (LN/NIPS/AEP),NEW CARLISLE-BOSSERMAN 138 1,18:00,-2000.0,
07/11/2024,28181.0,350280.0,Oahe_Sullybutte_230_kV_FTLO_Lelando_Olds_Chapel_,OAHE OAHESULLY23_1 1 (LN/WAUE/WAUE),LELAND OLDS - CHAPELLE CREEK 345,18:00,-1461.88,
07/11/2024,28547.0,345080.0,TMP134_BISMARK2_ESTBMRK_ftlo_MANDAN_WARDWA,ESTBMRK ESTBMBISMA11_1 1 (LN/MDU/WAUE),MANDAN-WARDWA 230,18:00,-739.88,
07/11/2024,,348116.0,MP23009_IRNRNGE_IRON_BLCKB105_1,IRNRNGE IRON_BLCKB105 1 (LN/MP/MP),BLACKBERRY - IRON RANGE 230 (106L),18:05,-2000.0,
07/11/2024,29702.0,264164.0,Majestic_Lemoyne345_FLO_Monroe_Lallendorf345,LEMOYNE MAJ_LEMOYNE 1 (LN/FE/DECO),MONROE - LALLENDORF 345,18:05,-757.72,
07/11/2024,29690.0,454482.0,New_Carisl_Bosserman_138_2_flo_New_Carisl_Bosser,BSMN_NIP BOS-NEW2_NIP 1 (LN/NIPS/AEP),NEW CARLISLE-BOSSERMAN 138 1,18:05,-2000.0,
07/11/2024,28181.0,350280.0,Oahe_Sullybutte_230_kV_FTLO_Lelando_Olds_Chapel_,OAHE OAHESULLY23_1 1 (LN/WAUE/WAUE),LELAND OLDS - CHAPELLE CREEK 345,18:05,-1472.04,
07/11/2024,28547.0,345080.0,TMP134_BISMARK2_ESTBMRK_ftlo_MANDAN_WARDWA,ESTBMRK ESTBMBISMA11_1 1 (LN/MDU/WAUE),MANDAN-WARDWA 230,18:05,-987.65,
07/11/2024,,348116.0,MP23009_IRNRNGE_IRON_BLCKB105_1,IRNRNGE IRON_BLCKB105 1 (LN/MP/MP),BLACKBERRY - IRON RANGE 230 (106L),18:10,-2000.0,
07/11/2024,29702.0,264164.0,Majestic_Lemoyne345_FLO_Monroe_Lallendorf345,LEMOYNE MAJ_LEMOYNE 1 (LN/FE/DECO),MONROE - LALLENDORF 345,18:10,-59.41,
07/11/2024,29690.0,454482.0,New_Carisl_Bosserman_138_2_flo_New_Carisl_Bosser,BSMN_NIP BOS-NEW2_NIP 1 (LN/NIPS/AEP),NEW CARLISLE-BOSSERMAN 138 1,18:10,-1850.62,
07/11/2024,28181.0,350280.0,Oahe_Sullybutte_230_kV_FTLO_Lelando_Olds_Chapel_,OAHE OAHESULLY23_1 1 (LN/WAUE/WAUE),LELAND OLDS - CHAPELLE CREEK 345,18:10,-1461.88,
07/11/2024,28547.0,345080.0,TMP134_BISMARK2_ESTBMRK_ftlo_MANDAN_WARDWA,ESTBMRK ESTBMBISMA11_1 1 (LN/MDU/WAUE),MANDAN-WARDWA 230,18:10,-1081.88,
07/11/2024,,348116.0,MP23009_IRNRNGE_IRON_BLCKB105_1,IRNRNGE IRON_BLCKB105 1 (LN/MP/MP),BLACKBERRY - IRON RANGE 230 (106L),18:15,-2000.0,
07/11/2024,29690.0,454482.0,New_Carisl_Bosserman_138_2_flo_New_Carisl_Bosser,BSMN_NIP BOS-NEW2_NIP 1 (LN/NIPS/AEP),NEW CARLISLE-BOSSERMAN 138 1,18:15,-2000.0,
07/11/2024,28181.0,350280.0,Oahe_Sullybutte_230_kV_FTLO_Lelando_Olds_Chapel_,OAHE OAHESULLY23_1 1 (LN/WAUE/WAUE),LELAND OLDS - CHAPELLE CREEK 345,18:15,-1472.04,
07/11/2024,28547.0,345080.0,TMP134_BISMARK2_ESTBMRK_ftlo_MANDAN_WARDWA,ESTBMRK ESTBMBISMA11_1 1 (LN/MDU/WAUE),MANDAN-WARDWA 230,18:15,-987.65,
07/11/2024,,348116.0,MP23009_IRNRNGE_IRON_BLCKB105_1,IRNRNGE IRON_BLCKB105 1 (LN/MP/MP),BLACKBERRY - IRON RANGE 230 (106L),18:20,-2000.0,
07/11/2024,29690.0,454482.0,New_Carisl_Bosserman_138_2_flo_New_Carisl_Bosser,BSMN_NIP BOS-NEW2_NIP 1 (LN/NIPS/AEP),NEW CARLISLE-BOSSERMAN 138 1,18:20,-2000.0,
07/11/2024,28181.0,350280.0,Oahe_Sullybutte_230_kV_FTLO_Lelando_Olds_Chapel_,OAHE OAHESULLY23_1 1 (LN/WAUE/WAUE),LELAND OLDS - CHAPELLE CREEK 345,18:20,-1461.88,
07/11/2024,28547.0,345080.0,TMP134_BISMARK2_ESTBMRK_ftlo_MANDAN_WARDWA,ESTBMRK ESTBMBISMA11_1 1 (LN/MDU/WAUE),MANDAN-WARDWA 230,18:20,-1081.88,
07/11/2024,,348116.0,MP23009_IRNRNGE_IRON_BLCKB105_1,IRNRNGE IRON_BLCKB105 1 (LN/MP/MP),BLACKBERRY - IRON RANGE 230 (106L),18:25,-2000.0,
07/11/2024,28319.0,264412.0,Monroe_Lallendorf_345,LALLENDO LAL-MON 1 (LN/FE/DECO),,18:25,-16.53,
07/11/2024,29690.0,454482.0,New_Carisl_Bosserman_138_2_flo_New_Carisl_Bosser,BSMN_NIP BOS-NEW2_NIP 1 (LN/NIPS/AEP),NEW CARLISLE-BOSSERMAN 138 1,18:25,-1167.07,
07/11/2024,28181.0,350280.0,Oahe_Sullybutte_230_kV_FTLO_Lelando_Olds_Chapel_,OAHE OAHESULLY23_1 1 (LN/WAUE/WAUE),LELAND OLDS - CHAPELLE CREEK 345,18:25,-1471.15,
07/11/2024,28547.0,345080.0,TMP134_BISMARK2_ESTBMRK_ftlo_MANDAN_WARDWA,ESTBMRK ESTBMBISMA11_1 1 (LN/MDU/WAUE),MANDAN-WARDWA 230,18:25,-711.63,
07/11/2024,,348116.0,MP23009_IRNRNGE_IRON_BLCKB105_1,IRNRNGE IRON_BLCKB105 1 (LN/MP/MP),BLACKBERRY - IRON RANGE 230 (106L),18:30,-2000.0,
07/11/2024,28319.0,264412.0,Monroe_Lallendorf_345,LALLENDO LAL-MON 1 (LN/FE/DECO),,18:30,-1.1,
07/11/2024,29690.0,454482.0,New_Carisl_Bosserman_138_2_flo_New_Carisl_Bosser,BSMN_NIP BOS-NEW2_NIP 1 (LN/NIPS/AEP),NEW CARLISLE-BOSSERMAN 138 1,18:30,-1383.4,
07/11/2024,28181.0,350280.0,Oahe_Sullybutte_230_kV_FTLO_Lelando_Olds_Chapel_,OAHE OAHESULLY23_1 1 (LN/WAUE/WAUE),LELAND OLDS - CHAPELLE CREEK 345,18:30,-1497.94,
07/11/2024,,348116.0,MP23009_IRNRNGE_IRON_BLCKB105_1,IRNRNGE IRON_BLCKB105 1 (LN/MP/MP),BLACKBERRY - IRON RANGE 230 (106L),18:35,-2000.0,
07/11/2024,29690.0,454482.0,New_Carisl_Bosserman_138_2_flo_New_Carisl_Bosser,BSMN_NIP BOS-NEW2_NIP 1 (LN/NIPS/AEP),NEW CARLISLE-BOSSERMAN 138 1,18:35,-1388.45,
07/11/2024,28181.0,350280.0,Oahe_Sullybutte_230_kV_FTLO_Lelando_Olds_Chapel_,OAHE OAHESULLY23_1 1 (LN/WAUE/WAUE),LELAND OLDS - CHAPELLE CREEK 345,18:35,-1487.38,
07/11/2024,,348116.0,MP23009_IRNRNGE_IRON_BLCKB105_1,IRNRNGE IRON_BLCKB105 1 (LN/MP/MP),BLACKBERRY - IRON RANGE 230 (106L),18:40,-2000.0,
07/11/2024,29690.0,454482.0,New_Carisl_Bosserman_138_2_flo_New_Carisl_Bosser,BSMN_NIP BOS-NEW2_NIP 1 (LN/NIPS/AEP),NEW CARLISLE-BOSSERMAN 138 1,18:40,-1412.2,
07/11/2024,28181.0,350280.0,Oahe_Sullybutte_230_kV_FTLO_Lelando_Olds_Chapel_,OAHE OAHESULLY23_1 1 (LN/WAUE/WAUE),LELAND OLDS - CHAPELLE CREEK 345,18:40,-1497.94,
07/11/2024,,348116.0,MP23009_IRNRNGE_IRON_BLCKB105_1,IRNRNGE IRON_BLCKB105 1 (LN/MP/MP),BLACKBERRY - IRON RANGE 230 (106L),18:45,-2000.0,
07/11/2024,29690.0,454482.0,New_Carisl_Bosserman_138_2_flo_New_Carisl_Bosser,BSMN_NIP BOS-NEW2_NIP 1 (LN/NIPS/AEP),NEW CARLISLE-BOSSERMAN 138 1,18:45,-1444.38,
07/11/2024,28181.0,350280.0,Oahe_Sullybutte_230_kV_FTLO_Lelando_Olds_Chapel_,OAHE OAHESULLY23_1 1 (LN/WAUE/WAUE),LELAND OLDS - CHAPELLE CREEK 345,18:45,-1495.74,
07/11/2024,,348116.0,MP23009_IRNRNGE_IRON_BLCKB105_1,IRNRNGE IRON_BLCKB105 1 (LN/MP/MP),BLACKBERRY - IRON RANGE 230 (106L),18:50,-2000.0,
07/11/2024,29690.0,454482.0,New_Carisl_Bosserman_138_2_flo_New_Carisl_Bosser,BSMN_NIP BOS-NEW2_NIP 1 (LN/NIPS/AEP),NEW CARLISLE-BOSSERMAN 138 1,18:50,-1651.09,
07/11/2024,28181.0,350280.0,Oahe_Sullybutte_230_kV_FTLO_Lelando_Olds_Chapel_,OAHE OAHESULLY23_1 1 (LN/WAUE/WAUE),LELAND OLDS - CHAPELLE CREEK 345,18:50,-1498.06,
07/11/2024,,348116.0,MP23009_IRNRNGE_IRON_BLCKB105_1,IRNRNGE IRON_BLCKB105 1 (LN/MP/MP),BLACKBERRY - IRON RANGE 230 (106L),18:55,-2000.0,
07/11/2024,28319.0,264412.0,Monroe_Lallendorf_345,LALLENDO LAL-MON 1 (LN/FE/DECO),,18:55,-19.44,
07/11/2024,29690.0,454482.0,New_Carisl_Bosserman_138_2_flo_New_Carisl_Bosser,BSMN_NIP BOS-NEW2_NIP 1 (LN/NIPS/AEP),NEW CARLISLE-BOSSERMAN 138 1,18:55,-764.23,
07/11/2024,28181.0,350280.0,Oahe_Sullybutte_230_kV_FTLO_Lelando_Olds_Chapel_,OAHE OAHESULLY23_1 1 (LN/WAUE/WAUE),LELAND OLDS - CHAPELLE CREEK 345,18:55,-1472.04,
07/11/2024,,348116.0,MP23009_IRNRNGE_IRON_BLCKB105_1,IRNRNGE IRON_BLCKB105 1 (LN/MP/MP),BLACKBERRY - IRON RANGE 230 (106L),19:00,-2000.0,
07/11/2024,28319.0,264412.0,Monroe_Lallendorf_345,LALLENDO LAL-MON 1 (LN/FE/DECO),,19:00,-12.59,
07/11/2024,29690.0,454482.0,New_Carisl_Bosserman_138_2_flo_New_Carisl_Bosser,BSMN_NIP BOS-NEW2_NIP 1 (LN/NIPS/AEP),NEW CARLISLE-BOSSERMAN 138 1,19:00,-954.48,
07/11/2024,28181.0,350280.0,Oahe_Sullybutte_230_kV_FTLO_Lelando_Olds_Chapel_,OAHE OAHESULLY23_1 1 (LN/WAUE/WAUE),LELAND OLDS - CHAPELLE CREEK 345,19:00,-1497.94,
07/11/2024,,411010.0,WEC34125_PTBEACH_Q-303_1,PTBEACH Q-303 1 (LN/WEC/WPS),FOX RIVER-N APPLETON 345 (NAPL121),19:00,-31.18,
07/11/2024,,348116.0,MP23009_IRNRNGE_IRON_BLCKB105_1,IRNRNGE IRON_BLCKB105 1 (LN/MP/MP),BLACKBERRY - IRON RANGE 230 (106L),19:05,-2000.0,
07/11/2024,29690.0,454482.0,New_Carisl_Bosserman_138_2_flo_New_Carisl_Bosser,BSMN_NIP BOS-NEW2_NIP 1 (LN/NIPS/AEP),NEW CARLISLE-BOSSERMAN 138 1,19:05,-1135.75,
07/11/2024,28181.0,350280.0,Oahe_Sullybutte_230_kV_FTLO_Lelando_Olds_Chapel_,OAHE OAHESULLY23_1 1 (LN/WAUE/WAUE),LELAND OLDS - CHAPELLE CREEK 345,19:05,-1493.0,
07/11/2024,,411010.0,WEC34125_PTBEACH_Q-303_1,PTBEACH Q-303 1 (LN/WEC/WPS),FOX RIVER-N APPLETON 345 (NAPL121),19:05,-35.32,
07/11/2024,,348116.0,MP23009_IRNRNGE_IRON_BLCKB105_1,IRNRNGE IRON_BLCKB105 1 (LN/MP/MP),BLACKBERRY - IRON RANGE 230 (106L),19:10,-2000.0,
07/11/2024,29690.0,454482.0,New_Carisl_Bosserman_138_2_flo_New_Carisl_Bosser,BSMN_NIP BOS-NEW2_NIP 1 (LN/NIPS/AEP),NEW CARLISLE-BOSSERMAN 138 1,19:10,-870.17,
07/11/2024,28181.0,350280.0,Oahe_Sullybutte_230_kV_FTLO_Lelando_Olds_Chapel_,OAHE OAHESULLY23_1 1 (LN/WAUE/WAUE),LELAND OLDS - CHAPELLE CREEK 345,19:10,-1497.94,
07/11/2024,,411010.0,WEC34125_PTBEACH_Q-303_1,PTBEACH Q-303 1 (LN/WEC/WPS),FOX RIVER-N APPLETON 345 (NAPL121),19:10,-52.5,
07/11/2024,,348116.0,MP23009_IRNRNGE_IRON_BLCKB105_1,IRNRNGE IRON_BLCKB105 1 (LN/MP/MP),BLACKBERRY - IRON RANGE 230 (106L),19:15,-2000.0,
07/11/2024,29690.0,454482.0,New_Carisl_Bosserman_138_2_flo_New_Carisl_Bosser,BSMN_NIP BOS-NEW2_NIP 1 (LN/NIPS/AEP),NEW CARLISLE-BOSSERMAN 138 1,19:15,-926.27,
07/11/2024,28181.0,350280.0,Oahe_Sullybutte_230_kV_FTLO_Lelando_Olds_Chapel_,OAHE OAHESULLY23_1 1 (LN/WAUE/WAUE),LELAND OLDS - CHAPELLE CREEK 345,19:15,-1498.52,
07/11/2024,,411010.0,WEC34125_PTBEACH_Q-303_1,PTBEACH Q-303 1 (LN/WEC/WPS),FOX RIVER-N APPLETON 345 (NAPL121),19:15,-37.730000000000004,
07/11/2024,,348116.0,MP23009_IRNRNGE_IRON_BLCKB105_1,IRNRNGE IRON_BLCKB105 1 (LN/MP/MP),BLACKBERRY - IRON RANGE 230 (106L),19:20,-2000.0,
07/11/2024,29690.0,454482.0,New_Carisl_Bosserman_138_2_flo_New_Carisl_Bosser,BSMN_NIP BOS-NEW2_NIP 1 (LN/NIPS/AEP),NEW CARLISLE-BOSSERMAN 138 1,19:20,-793.31,
07/11/2024,,411010.0,WEC34125_PTBEACH_Q-303_1,PTBEACH Q-303 1 (LN/WEC/WPS),FOX RIVER-N APPLETON 345 (NAPL121),19:20,-48.2,
07/11/2024,,348116.0,MP23009_IRNRNGE_IRON_BLCKB105_1,IRNRNGE IRON_BLCKB105 1 (LN/MP/MP),BLACKBERRY - IRON RANGE 230 (106L),19:25,-2000.0,
07/11/2024,29690.0,454482.0,New_Carisl_Bosserman_138_2_flo_New_Carisl_Bosser,BSMN_NIP BOS-NEW2_NIP 1 (LN/NIPS/AEP),NEW CARLISLE-BOSSERMAN 138 1,19:25,-769.88,
07/11/2024,28181.0,350280.0,Oahe_Sullybutte_230_kV_FTLO_Lelando_Olds_Chapel_,OAHE OAHESULLY23_1 1 (LN/WAUE/WAUE),LELAND OLDS - CHAPELLE CREEK 345,19:25,-1498.52,
07/11/2024,,411010.0,WEC34125_PTBEACH_Q-303_1,PTBEACH Q-303 1 (LN/WEC/WPS),FOX RIVER-N APPLETON 345 (NAPL121),19:25,-35.59,
07/11/2024,,348116.0,MP23009_IRNRNGE_IRON_BLCKB105_1,IRNRNGE IRON_BLCKB105 1 (LN/MP/MP),BLACKBERRY - IRON RANGE 230 (106L),19:30,-2000.0,
07/11/2024,29690.0,454482.0,New_Carisl_Bosserman_138_2_flo_New_Carisl_Bosser,BSMN_NIP BOS-NEW2_NIP 1 (LN/NIPS/AEP),NEW CARLISLE-BOSSERMAN 138 1,19:30,-748.08,
07/11/2024,28181.0,350280.0,Oahe_Sullybutte_230_kV_FTLO_Lelando_Olds_Chapel_,OAHE OAHESULLY23_1 1 (LN/WAUE/WAUE),LELAND OLDS - CHAPELLE CREEK 345,19:30,-1420.6,
07/11/2024,,411010.0,WEC34125_PTBEACH_Q-303_1,PTBEACH Q-303 1 (LN/WEC/WPS),FOX RIVER-N APPLETON 345 (NAPL121),19:30,-39.47,
07/11/2024,,348116.0,MP23009_IRNRNGE_IRON_BLCKB105_1,IRNRNGE IRON_BLCKB105 1 (LN/MP/MP),BLACKBERRY - IRON RANGE 230 (106L),19:35,-2000.0,
07/11/2024,29690.0,454482.0,New_Carisl_Bosserman_138_2_flo_New_Carisl_Bosser,BSMN_NIP BOS-NEW2_NIP 1 (LN/NIPS/AEP),NEW CARLISLE-BOSSERMAN 138 1,19:35,-676.84,
07/11/2024,28181.0,350280.0,Oahe_Sullybutte_230_kV_FTLO_Lelando_Olds_Chapel_,OAHE OAHESULLY23_1 1 (LN/WAUE/WAUE),LELAND OLDS - CHAPELLE CREEK 345,19:35,-1498.52,
07/11/2024,,411010.0,WEC34125_PTBEACH_Q-303_1,PTBEACH Q-303 1 (LN/WEC/WPS),FOX RIVER-N APPLETON 345 (NAPL121),19:35,-32.03,
07/11/2024,,286372.0,ITC34066_MONROE4_MONRONSTAR12_1_1,MONROE4 MONRONSTAR12_1 1 (LN/DECO/DECO),MONROE-BROWNSTOWN 345 #2,19:40,-27.58,
07/11/2024,,348116.0,MP23009_IRNRNGE_IRON_BLCKB105_1,IRNRNGE IRON_BLCKB105 1 (LN/MP/MP),BLACKBERRY - IRON RANGE 230 (106L),19:40,-2000.0,
07/11/2024,29690.0,454482.0,New_Carisl_Bosserman_138_2_flo_New_Carisl_Bosser,BSMN_NIP BOS-NEW2_NIP 1 (LN/NIPS/AEP),NEW CARLISLE-BOSSERMAN 138 1,19:40,-606.35,
07/11/2024,28181.0,350280.0,Oahe_Sullybutte_230_kV_FTLO_Lelando_Olds_Chapel_,OAHE OAHESULLY23_1 1 (LN/WAUE/WAUE),LELAND OLDS - CHAPELLE CREEK 345,19:40,-1498.49,
07/11/2024,,411010.0,WEC34125_PTBEACH_Q-303_1,PTBEACH Q-303 1 (LN/WEC/WPS),FOX RIVER-N APPLETON 345 (NAPL121),19:40,-30.62,
07/11/2024,,348116.0,MP23009_IRNRNGE_IRON_BLCKB105_1,IRNRNGE IRON_BLCKB105 1 (LN/MP/MP),BLACKBERRY - IRON RANGE 230 (106L),19:45,-2000.0,
07/11/2024,29690.0,454482.0,New_Carisl_Bosserman_138_2_flo_New_Carisl_Bosser,BSMN_NIP BOS-NEW2_NIP 1 (LN/NIPS/AEP),NEW CARLISLE-BOSSERMAN 138 1,19:45,-809.52,
07/11/2024,28181.0,350280.0,Oahe_Sullybutte_230_kV_FTLO_Lelando_Olds_Chapel_,OAHE OAHESULLY23_1 1 (LN/WAUE/WAUE),LELAND OLDS - CHAPELLE CREEK 345,19:45,-1498.52,
07/11/2024,,411010.0,WEC34125_PTBEACH_Q-303_1,PTBEACH Q-303 1 (LN/WEC/WPS),FOX RIVER-N APPLETON 345 (NAPL121),19:45,-30.16,
07/11/2024,,348116.0,MP23009_IRNRNGE_IRON_BLCKB105_1,IRNRNGE IRON_BLCKB105 1 (LN/MP/MP),BLACKBERRY - IRON RANGE 230 (106L),19:50,-2000.0,
07/11/2024,28181.0,350280.0,Oahe_Sullybutte_230_kV_FTLO_Lelando_Olds_Chapel_,OAHE OAHESULLY23_1 1 (LN/WAUE/WAUE),LELAND OLDS - CHAPELLE CREEK 345,19:50,-1498.49,
07/11/2024,,411010.0,WEC34125_PTBEACH_Q-303_1,PTBEACH Q-303 1 (LN/WEC/WPS),FOX RIVER-N APPLETON 345 (NAPL121),19:50,-25.83,
07/11/2024,,286372.0,ITC34066_MONROE4_MONRONSTAR12_1_1,MONROE4 MONRONSTAR12_1 1 (LN/DECO/DECO),MONROE-BROWNSTOWN 345 #2,19:55,-25.7,
07/11/2024,,348116.0,MP23009_IRNRNGE_IRON_BLCKB105_1,IRNRNGE IRON_BLCKB105 1 (LN/MP/MP),BLACKBERRY - IRON RANGE 230 (106L),19:55,-2000.0,
07/11/2024,29690.0,454482.0,New_Carisl_Bosserman_138_2_flo_New_Carisl_Bosser,BSMN_NIP BOS-NEW2_NIP 1 (LN/NIPS/AEP),NEW CARLISLE-BOSSERMAN 138 1,19:55,-659.03,
07/11/2024,,411010.0,WEC34125_PTBEACH_Q-303_1,PTBEACH Q-303 1 (LN/WEC/WPS),FOX RIVER-N APPLETON 345 (NAPL121),19:55,-26.94,
07/11/2024,,348116.0,MP23009_IRNRNGE_IRON_BLCKB105_1,IRNRNGE IRON_BLCKB105 1 (LN/MP/MP),BLACKBERRY - IRON RANGE 230 (106L),20:00,-2000.0,
07/11/2024,29690.0,454482.0,New_Carisl_Bosserman_138_2_flo_New_Carisl_Bosser,BSMN_NIP BOS-NEW2_NIP 1 (LN/NIPS/AEP),NEW CARLISLE-BOSSERMAN 138 1,20:00,-712.53,
07/11/2024,,411010.0,WEC34125_PTBEACH_Q-303_1,PTBEACH Q-303 1 (LN/WEC/WPS),FOX RIVER-N APPLETON 345 (NAPL121),20:00,-60.02,
07/11/2024,,348116.0,MP23009_IRNRNGE_IRON_BLCKB105_1,IRNRNGE IRON_BLCKB105 1 (LN/MP/MP),BLACKBERRY - IRON RANGE 230 (106L),20:05,-1491.44,
07/11/2024,29690.0,454482.0,New_Carisl_Bosserman_138_2_flo_New_Carisl_Bosser,BSMN_NIP BOS-NEW2_NIP 1 (LN/NIPS/AEP),NEW CARLISLE-BOSSERMAN 138 1,20:05,-553.1,
07/11/2024,,411010.0,WEC34125_PTBEACH_Q-303_1,PTBEACH Q-303 1 (LN/WEC/WPS),FOX RIVER-N APPLETON 345 (NAPL121),20:05,-57.25,
07/11/2024,,448861.0,ALE34X16_NORWGNCK_X-164_1,NORWGNCK X-164 1 (LN/ALTE/ALTE),HILL VALLEY 345/138 T1,20:10,-700.0,
07/11/2024,,307216.0,EA50022_INDEP2_INDEP2_MOREFL5_A,INDEP2 INDEP2_MOREFL5 A (LN/EAI/EAI),INDEPENDENCE - POWERLINE  500,20:10,-124.26,
07/11/2024,,348116.0,MP23009_IRNRNGE_IRON_BLCKB105_1,IRNRNGE IRON_BLCKB105 1 (LN/MP/MP),BLACKBERRY - IRON RANGE 230 (106L),20:10,-253.18,
07/11/2024,29690.0,454482.0,New_Carisl_Bosserman_138_2_flo_New_Carisl_Bosser,BSMN_NIP BOS-NEW2_NIP 1 (LN/NIPS/AEP),NEW CARLISLE-BOSSERMAN 138 1,20:10,-108.72,
07/11/2024,,411010.0,WEC34125_PTBEACH_Q-303_1,PTBEACH Q-303 1 (LN/WEC/WPS),FOX RIVER-N APPLETON 345 (NAPL121),20:10,-49.36,
07/11/2024,,448861.0,ALE34X16_NORWGNCK_X-164_1,NORWGNCK X-164 1 (LN/ALTE/ALTE),HILL VALLEY 345/138 T1,20:15,-75.12,
07/11/2024,,307216.0,EA50022_INDEP2_INDEP2_MOREFL5_A,INDEP2 INDEP2_MOREFL5 A (LN/EAI/EAI),INDEPENDENCE - POWERLINE  500,20:15,-67.54,
07/11/2024,,348116.0,MP23009_IRNRNGE_IRON_BLCKB105_1,IRNRNGE IRON_BLCKB105 1 (LN/MP/MP),BLACKBERRY - IRON RANGE 230 (106L),20:15,-121.93,
07/11/2024,28319.0,264412.0,Monroe_Lallendorf_345,LALLENDO LAL-MON 1 (LN/FE/DECO),,20:15,-0.87,
07/11/2024,,411010.0,WEC34125_PTBEACH_Q-303_1,PTBEACH Q-303 1 (LN/WEC/WPS),FOX RIVER-N APPLETON 345 (NAPL121),20:15,-37.660000000000004,
07/11/2024,,448861.0,ALE34X16_NORWGNCK_X-164_1,NORWGNCK X-164 1 (LN/ALTE/ALTE),HILL VALLEY 345/138 T1,20:20,-608.14,
07/11/2024,,307216.0,EA50022_INDEP2_INDEP2_MOREFL5_A,INDEP2 INDEP2_MOREFL5 A (LN/EAI/EAI),INDEPENDENCE - POWERLINE  500,20:20,-67.97,
07/11/2024,,348116.0,MP23009_IRNRNGE_IRON_BLCKB105_1,IRNRNGE IRON_BLCKB105 1 (LN/MP/MP),BLACKBERRY - IRON RANGE 230 (106L),20:20,-0.52,
07/11/2024,,411010.0,WEC34125_PTBEACH_Q-303_1,PTBEACH Q-303 1 (LN/WEC/WPS),FOX RIVER-N APPLETON 345 (NAPL121),20:20,-44.07,
07/11/2024,,448861.0,ALE34X16_NORWGNCK_X-164_1,NORWGNCK X-164 1 (LN/ALTE/ALTE),HILL VALLEY 345/138 T1,20:25,-71.0,
07/11/2024,,307216.0,EA50022_INDEP2_INDEP2_MOREFL5_A,INDEP2 INDEP2_MOREFL5 A (LN/EAI/EAI),INDEPENDENCE - POWERLINE  500,20:25,-20.95,
07/11/2024,,411010.0,WEC34125_PTBEACH_Q-303_1,PTBEACH Q-303 1 (LN/WEC/WPS),FOX RIVER-N APPLETON 345 (NAPL121),20:25,-46.24,
07/11/2024,,448861.0,ALE34X16_NORWGNCK_X-164_1,NORWGNCK X-164 1 (LN/ALTE/ALTE),HILL VALLEY 345/138 T1,20:30,-42.01,
07/11/2024,,307216.0,EA50022_INDEP2_INDEP2_MOREFL5_A,INDEP2 INDEP2_MOREFL5 A (LN/EAI/EAI),INDEPENDENCE - POWERLINE  500,20:30,-24.28,
07/11/2024,,411010.0,WEC34125_PTBEACH_Q-303_1,PTBEACH Q-303 1 (LN/WEC/WPS),FOX RIVER-N APPLETON 345 (NAPL121),20:30,-46.05,
07/11/2024,,448861.0,ALE34X16_NORWGNCK_X-164_1,NORWGNCK X-164 1 (LN/ALTE/ALTE),HILL VALLEY 345/138 T1,20:35,-38.33,
07/11/2024,,307216.0,EA50022_INDEP2_INDEP2_MOREFL5_A,INDEP2 INDEP2_MOREFL5 A (LN/EAI/EAI),INDEPENDENCE - POWERLINE  500,20:35,-24.7,
07/11/2024,,286372.0,ITC34066_MONROE4_MONRONSTAR12_1_1,MONROE4 MONRONSTAR12_1 1 (LN/DECO/DECO),MONROE-BROWNSTOWN 345 #2,20:35,-36.6,
07/11/2024,,411010.0,WEC34125_PTBEACH_Q-303_1,PTBEACH Q-303 1 (LN/WEC/WPS),FOX RIVER-N APPLETON 345 (NAPL121),20:35,-51.22,
07/11/2024,,307216.0,EA50022_INDEP2_INDEP2_MOREFL5_A,INDEP2 INDEP2_MOREFL5 A (LN/EAI/EAI),INDEPENDENCE - POWERLINE  500,20:40,-25.21,
07/11/2024,,286372.0,ITC34066_MONROE4_MONRONSTAR12_1_1,MONROE4 MONRONSTAR12_1 1 (LN/DECO/DECO),MONROE-BROWNSTOWN 345 #2,20:40,-9.16,
07/11/2024,,411010.0,WEC34125_PTBEACH_Q-303_1,PTBEACH Q-303 1 (LN/WEC/WPS),FOX RIVER-N APPLETON 345 (NAPL121),20:40,-46.41,
07/11/2024,,448861.0,ALE34X16_NORWGNCK_X-164_1,NORWGNCK X-164 1 (LN/ALTE/ALTE),HILL VALLEY 345/138 T1,20:45,-47.34,
07/11/2024,,411010.0,WEC34125_PTBEACH_Q-303_1,PTBEACH Q-303 1 (LN/WEC/WPS),FOX RIVER-N APPLETON 345 (NAPL121),20:45,-41.44,
07/11/2024,,448861.0,ALE34X16_NORWGNCK_X-164_1,NORWGNCK X-164 1 (LN/ALTE/ALTE),HILL VALLEY 345/138 T1,20:50,-67.14,
07/11/2024,,411010.0,WEC34125_PTBEACH_Q-303_1,PTBEACH Q-303 1 (LN/WEC/WPS),FOX RIVER-N APPLETON 345 (NAPL121),20:50,-49.79,
07/11/2024,,411010.0,WEC34125_PTBEACH_Q-303_1,PTBEACH Q-303 1 (LN/WEC/WPS),FOX RIVER-N APPLETON 345 (NAPL121),20:55,-37.910000000000004,
07/11/2024,,411010.0,WEC34125_PTBEACH_Q-303_1,PTBEACH Q-303 1 (LN/WEC/WPS),FOX RIVER-N APPLETON 345 (NAPL121),21:00,-25.7,
07/11/2024,,307216.0,EA50022_INDEP2_INDEP2_MOREFL5_A,INDEP2 INDEP2_MOREFL5 A (LN/EAI/EAI),INDEPENDENCE - POWERLINE  500,21:05,-53.36,
07/11/2024,28319.0,264412.0,Monroe_Lallendorf_345,LALLENDO LAL-MON 1 (LN/FE/DECO),,21:05,-16.92,
07/11/2024,,411010.0,WEC34125_PTBEACH_Q-303_1,PTBEACH Q-303 1 (LN/WEC/WPS),FOX RIVER-N APPLETON 345 (NAPL121),21:05,-32.980000000000004,
07/11/2024,,307216.0,EA50022_INDEP2_INDEP2_MOREFL5_A,INDEP2 INDEP2_MOREFL5 A (LN/EAI/EAI),INDEPENDENCE - POWERLINE  500,21:10,-104.63,
07/11/2024,28319.0,264412.0,Monroe_Lallendorf_345,LALLENDO LAL-MON 1 (LN/FE/DECO),,21:10,-27.77,
07/11/2024,28319.0,264412.0,Monroe_Lallendorf_345,LALLENDO LAL-MON 1 (LN/FE/DECO),,21:15,-91.1,
07/11/2024,29702.0,264164.0,Majestic_Lemoyne345_FLO_Monroe_Lallendorf345,LEMOYNE MAJ_LEMOYNE 1 (LN/FE/DECO),MONROE - LALLENDORF 345,21:20,-42.23,
07/11/2024,26013.0,337116.0,TMP557_MRYVL_SJ_BRADDCTR_161_KV_FTLO_MARYVIL_CRE,MRYVL_SJ MRYVLBRADD16_1 1 (LN/MPS/MEC),CRESTON-MARYVILLE_161,21:30,-37.57,
07/11/2024,29702.0,264164.0,Majestic_Lemoyne345_FLO_Monroe_Lallendorf345,LEMOYNE MAJ_LEMOYNE 1 (LN/FE/DECO),MONROE - LALLENDORF 345,22:00,-1.6,
07/11/2024,,411010.0,WEC34125_PTBEACH_Q-303_1,PTBEACH Q-303 1 (LN/WEC/WPS),FOX RIVER-N APPLETON 345 (NAPL121),22:20,-4.33,
07/11/2024,,411010.0,WEC34125_PTBEACH_Q-303_1,PTBEACH Q-303 1 (LN/WEC/WPS),FOX RIVER-N APPLETON 345 (NAPL121),22:25,-31.01,
07/11/2024,,411010.0,WEC34125_PTBEACH_Q-303_1,PTBEACH Q-303 1 (LN/WEC/WPS),FOX RIVER-N APPLETON 345 (NAPL121),22:30,-14.65,
07/11/2024,27548.0,28297.0,TEMP34_LEEDS2_PENN_TAP_115kV_ftlo_BALTAJCT_RAMSE,PENN_TAP PENN_LEEDS11_1 1 (LN/WAUE/WAUE),BALTA GRE-RAMSEY 230,22:40,-302.57,
07/11/2024,27548.0,28297.0,TEMP34_LEEDS2_PENN_TAP_115kV_ftlo_BALTAJCT_RAMSE,PENN_TAP PENN_LEEDS11_1 1 (LN/WAUE/WAUE),BALTA GRE-RAMSEY 230,22:45,-325.82,
07/11/2024,27548.0,28297.0,TEMP34_LEEDS2_PENN_TAP_115kV_ftlo_BALTAJCT_RAMSE,PENN_TAP PENN_LEEDS11_1 1 (LN/WAUE/WAUE),BALTA GRE-RAMSEY 230,22:50,-318.36,
07/11/2024,27548.0,28297.0,TEMP34_LEEDS2_PENN_TAP_115kV_ftlo_BALTAJCT_RAMSE,PENN_TAP PENN_LEEDS11_1 1 (LN/WAUE/WAUE),BALTA GRE-RAMSEY 230,22:55,-298.33,
07/12/2024,28975.0,1277.0,Duneacre_Michigan_City_13843_138_flo_Wilton_Cent,DUNEACRE 13843 A (LN/NIPS/NIPS),WILTON CENTER-DUMONT 765 (11215),00:00,-121.9,
07/12/2024,,333946.0,OTPGRE4G_RUGBY_RGBYORUGBY11_1_1,RUGBY RGBYORUGBY11_1 1 (LN/WAUE/OTP),RUGBY-BALTA230+PST TIGHT DB (ONLY),00:25,-26.33,
07/12/2024,,454598.0,ITC34073_MONROE4_MONRONSTAR12_1_1,MONROE4 MONRONSTAR12_1 1 (LN/DECO/DECO),MONROE-COVENTRY 345,00:30,-1000.0,
07/12/2024,,333946.0,OTPGRE4G_RUGBY_RGBYORUGBY11_1_1,RUGBY RGBYORUGBY11_1 1 (LN/WAUE/OTP),RUGBY-BALTA230+PST TIGHT DB (ONLY),00:30,-26.27,
07/12/2024,,454598.0,ITC34073_MONROE4_MONRONSTAR12_1_1,MONROE4 MONRONSTAR12_1 1 (LN/DECO/DECO),MONROE-COVENTRY 345,00:35,-1000.0,
07/12/2024,,333946.0,OTPGRE4G_RUGBY_RGBYORUGBY11_1_1,RUGBY RGBYORUGBY11_1 1 (LN/WAUE/OTP),RUGBY-BALTA230+PST TIGHT DB (ONLY),00:35,-23.91,
07/12/2024,,454598.0,ITC34073_MONROE4_MONRONSTAR12_1_1,MONROE4 MONRONSTAR12_1 1 (LN/DECO/DECO),MONROE-COVENTRY 345,00:40,-1000.0,
07/12/2024,,333946.0,OTPGRE4G_RUGBY_RGBYORUGBY11_1_1,RUGBY RGBYORUGBY11_1 1 (LN/WAUE/OTP),RUGBY-BALTA230+PST TIGHT DB (ONLY),00:40,-25.14,
07/12/2024,,454598.0,ITC34073_MONROE4_MONRONSTAR12_1_1,MONROE4 MONRONSTAR12_1 1 (LN/DECO/DECO),MONROE-COVENTRY 345,00:45,-700.0,
07/12/2024,,333946.0,OTPGRE4G_RUGBY_RGBYORUGBY11_1_1,RUGBY RGBYORUGBY11_1 1 (LN/WAUE/OTP),RUGBY-BALTA230+PST TIGHT DB (ONLY),00:45,-25.85,
07/12/2024,,454598.0,ITC34073_MONROE4_MONRONSTAR12_1_1,MONROE4 MONRONSTAR12_1 1 (LN/DECO/DECO),MONROE-COVENTRY 345,00:50,-700.0,
07/12/2024,,333946.0,OTPGRE4G_RUGBY_RGBYORUGBY11_1_1,RUGBY RGBYORUGBY11_1 1 (LN/WAUE/OTP),RUGBY-BALTA230+PST TIGHT DB (ONLY),00:50,-26.37,
07/12/2024,,454598.0,ITC34073_MONROE4_MONRONSTAR12_1_1,MONROE4 MONRONSTAR12_1 1 (LN/DECO/DECO),MONROE-COVENTRY 345,00:55,-1000.0,
07/12/2024,,333946.0,OTPGRE4G_RUGBY_RGBYORUGBY11_1_1,RUGBY RGBYORUGBY11_1 1 (LN/WAUE/OTP),RUGBY-BALTA230+PST TIGHT DB (ONLY),00:55,-25.74,
07/12/2024,,454598.0,ITC34073_MONROE4_MONRONSTAR12_1_1,MONROE4 MONRONSTAR12_1 1 (LN/DECO/DECO),MONROE-COVENTRY 345,01:00,-1000.0,
07/12/2024,,333946.0,OTPGRE4G_RUGBY_RGBYORUGBY11_1_1,RUGBY RGBYORUGBY11_1 1 (LN/WAUE/OTP),RUGBY-BALTA230+PST TIGHT DB (ONLY),01:00,-26.24,
07/12/2024,,454598.0,ITC34073_MONROE4_MONRONSTAR12_1_1,MONROE4 MONRONSTAR12_1 1 (LN/DECO/DECO),MONROE-COVENTRY 345,01:05,-600.35,
07/12/2024,,333946.0,OTPGRE4G_RUGBY_RGBYORUGBY11_1_1,RUGBY RGBYORUGBY11_1 1 (LN/WAUE/OTP),RUGBY-BALTA230+PST TIGHT DB (ONLY),01:05,-24.9,
07/12/2024,,333946.0,OTPGRE4G_RUGBY_RGBYORUGBY11_1_1,RUGBY RGBYORUGBY11_1 1 (LN/WAUE/OTP),RUGBY-BALTA230+PST TIGHT DB (ONLY),01:10,-24.73,
07/12/2024,,454598.0,ITC34073_MONROE4_MONRONSTAR12_1_1,MONROE4 MONRONSTAR12_1 1 (LN/DECO/DECO),MONROE-COVENTRY 345,01:15,-700.0,
07/12/2024,,333946.0,OTPGRE4G_RUGBY_RGBYORUGBY11_1_1,RUGBY RGBYORUGBY11_1 1 (LN/WAUE/OTP),RUGBY-BALTA230+PST TIGHT DB (ONLY),01:15,-25.22,
07/12/2024,,454598.0,ITC34073_MONROE4_MONRONSTAR12_1_1,MONROE4 MONRONSTAR12_1 1 (LN/DECO/DECO),MONROE-COVENTRY 345,01:20,-645.5500000000001,
07/12/2024,,333946.0,OTPGRE4G_RUGBY_RGBYORUGBY11_1_1,RUGBY RGBYORUGBY11_1 1 (LN/WAUE/OTP),RUGBY-BALTA230+PST TIGHT DB (ONLY),01:20,-25.02,
07/12/2024,,333946.0,OTPGRE4G_RUGBY_RGBYORUGBY11_1_1,RUGBY RGBYORUGBY11_1 1 (LN/WAUE/OTP),RUGBY-BALTA230+PST TIGHT DB (ONLY),01:25,-23.71,
07/12/2024,,333946.0,OTPGRE4G_RUGBY_RGBYORUGBY11_1_1,RUGBY RGBYORUGBY11_1 1 (LN/WAUE/OTP),RUGBY-BALTA230+PST TIGHT DB (ONLY),01:30,-23.64,
07/12/2024,,333946.0,OTPGRE4G_RUGBY_RGBYORUGBY11_1_1,RUGBY RGBYORUGBY11_1 1 (LN/WAUE/OTP),RUGBY-BALTA230+PST TIGHT DB (ONLY),01:35,-23.68,
07/12/2024,,333946.0,OTPGRE4G_RUGBY_RGBYORUGBY11_1_1,RUGBY RGBYORUGBY11_1 1 (LN/WAUE/OTP),RUGBY-BALTA230+PST TIGHT DB (ONLY),01:40,-24.35,
07/12/2024,,333946.0,OTPGRE4G_RUGBY_RGBYORUGBY11_1_1,RUGBY RGBYORUGBY11_1 1 (LN/WAUE/OTP),RUGBY-BALTA230+PST TIGHT DB (ONLY),01:45,-24.24,
07/12/2024,,333946.0,OTPGRE4G_RUGBY_RGBYORUGBY11_1_1,RUGBY RGBYORUGBY11_1 1 (LN/WAUE/OTP),RUGBY-BALTA230+PST TIGHT DB (ONLY),01:50,-23.24,
07/12/2024,,333946.0,OTPGRE4G_RUGBY_RGBYORUGBY11_1_1,RUGBY RGBYORUGBY11_1 1 (LN/WAUE/OTP),RUGBY-BALTA230+PST TIGHT DB (ONLY),01:55,-22.97,
07/12/2024,,333946.0,OTPGRE4G_RUGBY_RGBYORUGBY11_1_1,RUGBY RGBYORUGBY11_1 1 (LN/WAUE/OTP),RUGBY-BALTA230+PST TIGHT DB (ONLY),02:00,-22.55,
07/12/2024,,333946.0,OTPGRE4G_RUGBY_RGBYORUGBY11_1_1,RUGBY RGBYORUGBY11_1 1 (LN/WAUE/OTP),RUGBY-BALTA230+PST TIGHT DB (ONLY),02:05,-24.73,
07/12/2024,,333946.0,OTPGRE4G_RUGBY_RGBYORUGBY11_1_1,RUGBY RGBYORUGBY11_1 1 (LN/WAUE/OTP),RUGBY-BALTA230+PST TIGHT DB (ONLY),02:10,-24.6,
07/12/2024,,333946.0,OTPGRE4G_RUGBY_RGBYORUGBY11_1_1,RUGBY RGBYORUGBY11_1 1 (LN/WAUE/OTP),RUGBY-BALTA230+PST TIGHT DB (ONLY),02:15,-23.37,
07/12/2024,,333946.0,OTPGRE4G_RUGBY_RGBYORUGBY11_1_1,RUGBY RGBYORUGBY11_1 1 (LN/WAUE/OTP),RUGBY-BALTA230+PST TIGHT DB (ONLY),02:25,-23.56,
07/12/2024,,333946.0,OTPGRE4G_RUGBY_RGBYORUGBY11_1_1,RUGBY RGBYORUGBY11_1 1 (LN/WAUE/OTP),RUGBY-BALTA230+PST TIGHT DB (ONLY),02:30,-22.68,
07/12/2024,,333946.0,OTPGRE4G_RUGBY_RGBYORUGBY11_1_1,RUGBY RGBYORUGBY11_1 1 (LN/WAUE/OTP),RUGBY-BALTA230+PST TIGHT DB (ONLY),02:35,-23.14,
07/12/2024,,333946.0,OTPGRE4G_RUGBY_RGBYORUGBY11_1_1,RUGBY RGBYORUGBY11_1 1 (LN/WAUE/OTP),RUGBY-BALTA230+PST TIGHT DB (ONLY),02:45,-22.59,
07/12/2024,,333946.0,OTPGRE4G_RUGBY_RGBYORUGBY11_1_1,RUGBY RGBYORUGBY11_1 1 (LN/WAUE/OTP),RUGBY-BALTA230+PST TIGHT DB (ONLY),02:55,-22.89,
07/12/2024,,333946.0,OTPGRE4G_RUGBY_RGBYORUGBY11_1_1,RUGBY RGBYORUGBY11_1 1 (LN/WAUE/OTP),RUGBY-BALTA230+PST TIGHT DB (ONLY),03:05,-21.52,
07/12/2024,,333946.0,OTPGRE4G_RUGBY_RGBYORUGBY11_1_1,RUGBY RGBYORUGBY11_1 1 (LN/WAUE/OTP),RUGBY-BALTA230+PST TIGHT DB (ONLY),03:45,-21.77,
07/12/2024,,333946.0,OTPGRE4G_RUGBY_RGBYORUGBY11_1_1,RUGBY RGBYORUGBY11_1 1 (LN/WAUE/OTP),RUGBY-BALTA230+PST TIGHT DB (ONLY),03:50,-22.5,
07/12/2024,,333946.0,OTPGRE4G_RUGBY_RGBYORUGBY11_1_1,RUGBY RGBYORUGBY11_1 1 (LN/WAUE/OTP),RUGBY-BALTA230+PST TIGHT DB (ONLY),03:55,-21.3,
07/12/2024,,333946.0,OTPGRE4G_RUGBY_RGBYORUGBY11_1_1,RUGBY RGBYORUGBY11_1 1 (LN/WAUE/OTP),RUGBY-BALTA230+PST TIGHT DB (ONLY),04:00,-23.22,
07/12/2024,,333946.0,OTPGRE4G_RUGBY_RGBYORUGBY11_1_1,RUGBY RGBYORUGBY11_1 1 (LN/WAUE/OTP),RUGBY-BALTA230+PST TIGHT DB (ONLY),04:05,-22.98,
07/12/2024,,454598.0,ITC34073_MONROE4_MONRONSTAR12_1_1,MONROE4 MONRONSTAR12_1 1 (LN/DECO/DECO),MONROE-COVENTRY 345,06:05,-8.3,
07/12/2024,,454598.0,ITC34073_MONROE4_MONRONSTAR12_1_1,MONROE4 MONRONSTAR12_1 1 (LN/DECO/DECO),MONROE-COVENTRY 345,06:10,-33.88,
07/12/2024,,454598.0,ITC34073_MONROE4_MONRONSTAR12_1_1,MONROE4 MONRONSTAR12_1 1 (LN/DECO/DECO),MONROE-COVENTRY 345,08:40,-6.11,
07/12/2024,,454598.0,ITC34073_MONROE4_MONRONSTAR12_1_1,MONROE4 MONRONSTAR12_1 1 (LN/DECO/DECO),MONROE-COVENTRY 345,08:45,-18.650000000000002,
07/12/2024,,454598.0,ITC34073_MONROE4_MONRONSTAR12_1_1,MONROE4 MONRONSTAR12_1 1 (LN/DECO/DECO),MONROE-COVENTRY 345,08:55,-23.9,
07/12/2024,,454598.0,ITC34073_MONROE4_MONRONSTAR12_1_1,MONROE4 MONRONSTAR12_1 1 (LN/DECO/DECO),MONROE-COVENTRY 345,09:00,-17.57,
07/12/2024,,454598.0,ITC34073_MONROE4_MONRONSTAR12_1_1,MONROE4 MONRONSTAR12_1 1 (LN/DECO/DECO),MONROE-COVENTRY 345,09:05,-11.4,
07/12/2024,,286372.0,ITC34066_MONROE4_MONRONSTAR12_1_1,MONROE4 MONRONSTAR12_1 1 (LN/DECO/DECO),MONROE-BROWNSTOWN 345 #2,09:10,-11.21,
07/12/2024,,412120.0,BASE_7MILECRK_X-159_1,7MILECRK X-159 1 (LN/ALTE/ALTE),,09:15,-37.35,
07/12/2024,,286372.0,ITC34066_MONROE4_MONRONSTAR12_1_1,MONROE4 MONRONSTAR12_1 1 (LN/DECO/DECO),MONROE-BROWNSTOWN 345 #2,09:15,-29.12,
07/12/2024,,412120.0,BASE_7MILECRK_X-159_1,7MILECRK X-159 1 (LN/ALTE/ALTE),,09:20,-37.25,
07/12/2024,,412120.0,BASE_7MILECRK_X-159_1,7MILECRK X-159 1 (LN/ALTE/ALTE),,09:25,-37.800000000000004,
07/12/2024,,286372.0,ITC34066_MONROE4_MONRONSTAR12_1_1,MONROE4 MONRONSTAR12_1 1 (LN/DECO/DECO),MONROE-BROWNSTOWN 345 #2,09:25,-700.0,
07/12/2024,,412120.0,BASE_7MILECRK_X-159_1,7MILECRK X-159 1 (LN/ALTE/ALTE),,09:30,-84.88,
07/12/2024,,412120.0,BASE_7MILECRK_X-159_1,7MILECRK X-159 1 (LN/ALTE/ALTE),,09:35,-39.550000000000004,
07/12/2024,,454598.0,ITC34073_MONROE4_MONRONSTAR12_1_1,MONROE4 MONRONSTAR12_1 1 (LN/DECO/DECO),MONROE-COVENTRY 345,09:35,-53.91,
07/12/2024,,412120.0,BASE_7MILECRK_X-159_1,7MILECRK X-159 1 (LN/ALTE/ALTE),,09:40,-57.36,
07/12/2024,,286372.0,ITC34066_MONROE4_MONRONSTAR12_1_1,MONROE4 MONRONSTAR12_1 1 (LN/DECO/DECO),MONROE-BROWNSTOWN 345 #2,09:40,-99.58,
07/12/2024,,412120.0,BASE_7MILECRK_X-159_1,7MILECRK X-159 1 (LN/ALTE/ALTE),,09:45,-46.15,
07/12/2024,,286372.0,ITC34066_MONROE4_MONRONSTAR12_1_1,MONROE4 MONRONSTAR12_1 1 (LN/DECO/DECO),MONROE-BROWNSTOWN 345 #2,09:45,-58.47,
07/12/2024,,412120.0,BASE_7MILECRK_X-159_1,7MILECRK X-159 1 (LN/ALTE/ALTE),,09:50,-47.22,
07/12/2024,,286372.0,ITC34066_MONROE4_MONRONSTAR12_1_1,MONROE4 MONRONSTAR12_1 1 (LN/DECO/DECO),MONROE-BROWNSTOWN 345 #2,09:50,-700.0,
07/12/2024,,454598.0,ITC34073_MONROE4_MONRONSTAR12_1_1,MONROE4 MONRONSTAR12_1 1 (LN/DECO/DECO),MONROE-COVENTRY 345,09:50,-346.21,
07/12/2024,,412120.0,BASE_7MILECRK_X-159_1,7MILECRK X-159 1 (LN/ALTE/ALTE),,09:55,-49.01,
07/12/2024,,286372.0,ITC34066_MONROE4_MONRONSTAR12_1_1,MONROE4 MONRONSTAR12_1 1 (LN/DECO/DECO),MONROE-BROWNSTOWN 345 #2,09:55,-65.8,
07/12/2024,,412120.0,BASE_7MILECRK_X-159_1,7MILECRK X-159 1 (LN/ALTE/ALTE),,10:00,-39.37,
07/12/2024,,412120.0,BASE_7MILECRK_X-159_1,7MILECRK X-159 1 (LN/ALTE/ALTE),,10:05,-34.84,
07/12/2024,,412120.0,BASE_7MILECRK_X-159_1,7MILECRK X-159 1 (LN/ALTE/ALTE),,10:10,-36.27,
07/12/2024,,454598.0,ITC34073_MONROE4_MONRONSTAR12_1_1,MONROE4 MONRONSTAR12_1 1 (LN/DECO/DECO),MONROE-COVENTRY 345,10:10,-28.04,
07/12/2024,,412120.0,BASE_7MILECRK_X-159_1,7MILECRK X-159 1 (LN/ALTE/ALTE),,10:15,-39.95,
07/12/2024,,286372.0,ITC34066_MONROE4_MONRONSTAR12_1_1,MONROE4 MONRONSTAR12_1 1 (LN/DECO/DECO),MONROE-BROWNSTOWN 345 #2,10:15,-1000.0,
07/12/2024,,454598.0,ITC34073_MONROE4_MONRONSTAR12_1_1,MONROE4 MONRONSTAR12_1 1 (LN/DECO/DECO),MONROE-COVENTRY 345,10:15,-1000.0,
07/12/2024,,412120.0,BASE_7MILECRK_X-159_1,7MILECRK X-159 1 (LN/ALTE/ALTE),,10:20,-37.15,
07/12/2024,,454598.0,ITC34073_MONROE4_MONRONSTAR12_1_1,MONROE4 MONRONSTAR12_1 1 (LN/DECO/DECO),MONROE-COVENTRY 345,10:20,-1000.0,
07/12/2024,,412120.0,BASE_7MILECRK_X-159_1,7MILECRK X-159 1 (LN/ALTE/ALTE),,10:25,-47.88,
07/12/2024,,286372.0,ITC34066_MONROE4_MONRONSTAR12_1_1,MONROE4 MONRONSTAR12_1 1 (LN/DECO/DECO),MONROE-BROWNSTOWN 345 #2,10:25,-700.0,
07/12/2024,,454598.0,ITC34073_MONROE4_MONRONSTAR12_1_1,MONROE4 MONRONSTAR12_1 1 (LN/DECO/DECO),MONROE-COVENTRY 345,10:25,-1000.0,
07/12/2024,,412120.0,BASE_7MILECRK_X-159_1,7MILECRK X-159 1 (LN/ALTE/ALTE),,10:30,-52.63,
07/12/2024,,286372.0,ITC34066_MONROE4_MONRONSTAR12_1_1,MONROE4 MONRONSTAR12_1 1 (LN/DECO/DECO),MONROE-BROWNSTOWN 345 #2,10:30,-700.0,
07/12/2024,,454598.0,ITC34073_MONROE4_MONRONSTAR12_1_1,MONROE4 MONRONSTAR12_1 1 (LN/DECO/DECO),MONROE-COVENTRY 345,10:30,-1000.0,
07/12/2024,,412120.0,BASE_7MILECRK_X-159_1,7MILECRK X-159 1 (LN/ALTE/ALTE),,10:35,-52.33,
07/12/2024,,454598.0,ITC34073_MONROE4_MONRONSTAR12_1_1,MONROE4 MONRONSTAR12_1 1 (LN/DECO/DECO),MONROE-COVENTRY 345,10:35,-1000.0,
07/12/2024,,331256.0,WEC13332_BLUFFCRK_WHIG53_2,BLUFFCRK WHIG53 2 (LN/WEC/WEC),UNIVERSITY - MUKWONAGO 138 (UNIG52,10:35,-16.080000000000002,
07/12/2024,,412120.0,BASE_7MILECRK_X-159_1,7MILECRK X-159 1 (LN/ALTE/ALTE),,10:40,-90.19,
07/12/2024,,454598.0,ITC34073_MONROE4_MONRONSTAR12_1_1,MONROE4 MONRONSTAR12_1 1 (LN/DECO/DECO),MONROE-COVENTRY 345,10:40,-1000.0,
07/12/2024,,331256.0,WEC13332_BLUFFCRK_WHIG53_2,BLUFFCRK WHIG53 2 (LN/WEC/WEC),UNIVERSITY - MUKWONAGO 138 (UNIG52,10:40,-36.87,
07/12/2024,,3781.0,ALEDPC09_GLN_HVN8_NED69GLN1_NE,GLN_HVN8 NED69GLN1 NE (LN/ALTE/ALTE),NELSON DEWEY 161/138 T91,10:45,-400.0,
07/12/2024,,412120.0,BASE_7MILECRK_X-159_1,7MILECRK X-159 1 (LN/ALTE/ALTE),,10:45,-151.9,
07/12/2024,,454598.0,ITC34073_MONROE4_MONRONSTAR12_1_1,MONROE4 MONRONSTAR12_1 1 (LN/DECO/DECO),MONROE-COVENTRY 345,10:45,-700.0,
07/12/2024,,331256.0,WEC13332_BLUFFCRK_WHIG53_2,BLUFFCRK WHIG53 2 (LN/WEC/WEC),UNIVERSITY - MUKWONAGO 138 (UNIG52,10:45,-36.87,
07/12/2024,,412120.0,BASE_7MILECRK_X-159_1,7MILECRK X-159 1 (LN/ALTE/ALTE),,10:50,-64.71000000000001,
07/12/2024,,454598.0,ITC34073_MONROE4_MONRONSTAR12_1_1,MONROE4 MONRONSTAR12_1 1 (LN/DECO/DECO),MONROE-COVENTRY 345,10:50,-1000.0,
07/12/2024,,331256.0,WEC13332_BLUFFCRK_WHIG53_2,BLUFFCRK WHIG53 2 (LN/WEC/WEC),UNIVERSITY - MUKWONAGO 138 (UNIG52,10:50,-16.94,
07/12/2024,,412120.0,BASE_7MILECRK_X-159_1,7MILECRK X-159 1 (LN/ALTE/ALTE),,10:55,-52.91,
07/12/2024,,454598.0,ITC34073_MONROE4_MONRONSTAR12_1_1,MONROE4 MONRONSTAR12_1 1 (LN/DECO/DECO),MONROE-COVENTRY 345,10:55,-971.33,
07/12/2024,,331256.0,WEC13332_BLUFFCRK_WHIG53_2,BLUFFCRK WHIG53 2 (LN/WEC/WEC),UNIVERSITY - MUKWONAGO 138 (UNIG52,10:55,-164.72,
07/12/2024,,412120.0,BASE_7MILECRK_X-159_1,7MILECRK X-159 1 (LN/ALTE/ALTE),,11:00,-48.33,
07/12/2024,,331256.0,WEC13332_BLUFFCRK_WHIG53_2,BLUFFCRK WHIG53 2 (LN/WEC/WEC),UNIVERSITY - MUKWONAGO 138 (UNIG52,11:00,-126.27,
07/12/2024,,3781.0,ALEDPC09_GLN_HVN8_NED69GLN1_NE,GLN_HVN8 NED69GLN1 NE (LN/ALTE/ALTE),NELSON DEWEY 161/138 T91,11:05,-355.25,
07/12/2024,,412120.0,BASE_7MILECRK_X-159_1,7MILECRK X-159 1 (LN/ALTE/ALTE),,11:05,-35.99,
07/12/2024,,454598.0,ITC34073_MONROE4_MONRONSTAR12_1_1,MONROE4 MONRONSTAR12_1 1 (LN/DECO/DECO),MONROE-COVENTRY 345,11:05,-1000.0,
07/12/2024,,331256.0,WEC13332_BLUFFCRK_WHIG53_2,BLUFFCRK WHIG53 2 (LN/WEC/WEC),UNIVERSITY - MUKWONAGO 138 (UNIG52,11:05,-13.68,
07/12/2024,,3781.0,ALEDPC09_GLN_HVN8_NED69GLN1_NE,GLN_HVN8 NED69GLN1 NE (LN/ALTE/ALTE),NELSON DEWEY 161/138 T91,11:10,-395.76,
07/12/2024,,412120.0,BASE_7MILECRK_X-159_1,7MILECRK X-159 1 (LN/ALTE/ALTE),,11:10,-41.15,
07/12/2024,,454598.0,ITC34073_MONROE4_MONRONSTAR12_1_1,MONROE4 MONRONSTAR12_1 1 (LN/DECO/DECO),MONROE-COVENTRY 345,11:10,-700.0,
07/12/2024,,331256.0,WEC13332_BLUFFCRK_WHIG53_2,BLUFFCRK WHIG53 2 (LN/WEC/WEC),UNIVERSITY - MUKWONAGO 138 (UNIG52,11:10,-19.84,
07/12/2024,,3781.0,ALEDPC09_GLN_HVN8_NED69GLN1_NE,GLN_HVN8 NED69GLN1 NE (LN/ALTE/ALTE),NELSON DEWEY 161/138 T91,11:15,-400.0,
07/12/2024,,412120.0,BASE_7MILECRK_X-159_1,7MILECRK X-159 1 (LN/ALTE/ALTE),,11:15,-45.52,
07/12/2024,,454598.0,ITC34073_MONROE4_MONRONSTAR12_1_1,MONROE4 MONRONSTAR12_1 1 (LN/DECO/DECO),MONROE-COVENTRY 345,11:15,-700.0,
07/12/2024,,331256.0,WEC13332_BLUFFCRK_WHIG53_2,BLUFFCRK WHIG53 2 (LN/WEC/WEC),UNIVERSITY - MUKWONAGO 138 (UNIG52,11:15,-30.52,
07/12/2024,,412120.0,BASE_7MILECRK_X-159_1,7MILECRK X-159 1 (LN/ALTE/ALTE),,11:20,-40.730000000000004,
07/12/2024,,331256.0,WEC13332_BLUFFCRK_WHIG53_2,BLUFFCRK WHIG53 2 (LN/WEC/WEC),UNIVERSITY - MUKWONAGO 138 (UNIG52,11:20,-133.76,
07/12/2024,,412120.0,BASE_7MILECRK_X-159_1,7MILECRK X-159 1 (LN/ALTE/ALTE),,11:25,-49.59,
07/12/2024,,331256.0,WEC13332_BLUFFCRK_WHIG53_2,BLUFFCRK WHIG53 2 (LN/WEC/WEC),UNIVERSITY - MUKWONAGO 138 (UNIG52,11:25,-153.89000000000001,
07/12/2024,,412120.0,BASE_7MILECRK_X-159_1,7MILECRK X-159 1 (LN/ALTE/ALTE),,11:30,-116.47,
07/12/2024,,331256.0,WEC13332_BLUFFCRK_WHIG53_2,BLUFFCRK WHIG53 2 (LN/WEC/WEC),UNIVERSITY - MUKWONAGO 138 (UNIG52,11:30,-17.32,
07/12/2024,,412120.0,BASE_7MILECRK_X-159_1,7MILECRK X-159 1 (LN/ALTE/ALTE),,11:35,-122.27,
07/12/2024,,454598.0,ITC34073_MONROE4_MONRONSTAR12_1_1,MONROE4 MONRONSTAR12_1 1 (LN/DECO/DECO),MONROE-COVENTRY 345,11:35,-530.7,
07/12/2024,,331256.0,WEC13332_BLUFFCRK_WHIG53_2,BLUFFCRK WHIG53 2 (LN/WEC/WEC),UNIVERSITY - MUKWONAGO 138 (UNIG52,11:35,-27.24,
07/12/2024,,412120.0,BASE_7MILECRK_X-159_1,7MILECRK X-159 1 (LN/ALTE/ALTE),,11:40,-127.02,
07/12/2024,,454598.0,ITC34073_MONROE4_MONRONSTAR12_1_1,MONROE4 MONRONSTAR12_1 1 (LN/DECO/DECO),MONROE-COVENTRY 345,11:40,-700.0,
07/12/2024,,331256.0,WEC13332_BLUFFCRK_WHIG53_2,BLUFFCRK WHIG53 2 (LN/WEC/WEC),UNIVERSITY - MUKWONAGO 138 (UNIG52,11:40,-33.33,
07/12/2024,,412120.0,BASE_7MILECRK_X-159_1,7MILECRK X-159 1 (LN/ALTE/ALTE),,11:45,-130.51,
07/12/2024,,454598.0,ITC34073_MONROE4_MONRONSTAR12_1_1,MONROE4 MONRONSTAR12_1 1 (LN/DECO/DECO),MONROE-COVENTRY 345,11:45,-786.2,
07/12/2024,,331256.0,WEC13332_BLUFFCRK_WHIG53_2,BLUFFCRK WHIG53 2 (LN/WEC/WEC),UNIVERSITY - MUKWONAGO 138 (UNIG52,11:45,-36.28,
07/12/2024,,412120.0,BASE_7MILECRK_X-159_1,7MILECRK X-159 1 (LN/ALTE/ALTE),,11:50,-123.08,
07/12/2024,,454598.0,ITC34073_MONROE4_MONRONSTAR12_1_1,MONROE4 MONRONSTAR12_1 1 (LN/DECO/DECO),MONROE-COVENTRY 345,11:50,-700.0,
07/12/2024,,331256.0,WEC13332_BLUFFCRK_WHIG53_2,BLUFFCRK WHIG53 2 (LN/WEC/WEC),UNIVERSITY - MUKWONAGO 138 (UNIG52,11:50,-29.66,
07/12/2024,,412120.0,BASE_7MILECRK_X-159_1,7MILECRK X-159 1 (LN/ALTE/ALTE),,11:55,-111.94,
07/12/2024,,454598.0,ITC34073_MONROE4_MONRONSTAR12_1_1,MONROE4 MONRONSTAR12_1 1 (LN/DECO/DECO),MONROE-COVENTRY 345,11:55,-498.41,
07/12/2024,,331256.0,WEC13332_BLUFFCRK_WHIG53_2,BLUFFCRK WHIG53 2 (LN/WEC/WEC),UNIVERSITY - MUKWONAGO 138 (UNIG52,11:55,-17.490000000000002,
07/12/2024,,412120.0,BASE_7MILECRK_X-159_1,7MILECRK X-159 1 (LN/ALTE/ALTE),,12:00,-42.9,
07/12/2024,,454598.0,ITC34073_MONROE4_MONRONSTAR12_1_1,MONROE4 MONRONSTAR12_1 1 (LN/DECO/DECO),MONROE-COVENTRY 345,12:00,-1000.0,
07/12/2024,,331256.0,WEC13332_BLUFFCRK_WHIG53_2,BLUFFCRK WHIG53 2 (LN/WEC/WEC),UNIVERSITY - MUKWONAGO 138 (UNIG52,12:00,-28.79,
07/12/2024,,412120.0,BASE_7MILECRK_X-159_1,7MILECRK X-159 1 (LN/ALTE/ALTE),,12:05,-26.96,
07/12/2024,,454598.0,ITC34073_MONROE4_MONRONSTAR12_1_1,MONROE4 MONRONSTAR12_1 1 (LN/DECO/DECO),MONROE-COVENTRY 345,12:05,-700.0,
07/12/2024,,331256.0,WEC13332_BLUFFCRK_WHIG53_2,BLUFFCRK WHIG53 2 (LN/WEC/WEC),UNIVERSITY - MUKWONAGO 138 (UNIG52,12:05,-17.25,
07/12/2024,,412120.0,BASE_7MILECRK_X-159_1,7MILECRK X-159 1 (LN/ALTE/ALTE),,12:10,-28.84,
07/12/2024,,454598.0,ITC34073_MONROE4_MONRONSTAR12_1_1,MONROE4 MONRONSTAR12_1 1 (LN/DECO/DECO),MONROE-COVENTRY 345,12:10,-1000.0,
07/12/2024,,331256.0,WEC13332_BLUFFCRK_WHIG53_2,BLUFFCRK WHIG53 2 (LN/WEC/WEC),UNIVERSITY - MUKWONAGO 138 (UNIG52,12:10,-21.02,
07/12/2024,,412120.0,BASE_7MILECRK_X-159_1,7MILECRK X-159 1 (LN/ALTE/ALTE),,12:15,-33.29,
07/12/2024,,454598.0,ITC34073_MONROE4_MONRONSTAR12_1_1,MONROE4 MONRONSTAR12_1 1 (LN/DECO/DECO),MONROE-COVENTRY 345,12:15,-617.5500000000001,
07/12/2024,,331256.0,WEC13332_BLUFFCRK_WHIG53_2,BLUFFCRK WHIG53 2 (LN/WEC/WEC),UNIVERSITY - MUKWONAGO 138 (UNIG52,12:15,-27.62,
07/12/2024,,412120.0,BASE_7MILECRK_X-159_1,7MILECRK X-159 1 (LN/ALTE/ALTE),,12:20,-31.27,
07/12/2024,,307216.0,EA50022_INDEP2_INDEP2_MOREFL5_A,INDEP2 INDEP2_MOREFL5 A (LN/EAI/EAI),INDEPENDENCE - POWERLINE  500,12:20,-72.08,
07/12/2024,,454598.0,ITC34073_MONROE4_MONRONSTAR12_1_1,MONROE4 MONRONSTAR12_1 1 (LN/DECO/DECO),MONROE-COVENTRY 345,12:20,-915.77,
07/12/2024,,307216.0,EA50022_INDEP2_INDEP2_MOREFL5_A,INDEP2 INDEP2_MOREFL5 A (LN/EAI/EAI),INDEPENDENCE - POWERLINE  500,12:25,-30.5,
07/12/2024,,454598.0,ITC34073_MONROE4_MONRONSTAR12_1_1,MONROE4 MONRONSTAR12_1 1 (LN/DECO/DECO),MONROE-COVENTRY 345,12:25,-700.0,
07/12/2024,,412120.0,BASE_7MILECRK_X-159_1,7MILECRK X-159 1 (LN/ALTE/ALTE),,12:30,-34.28,
07/12/2024,,307216.0,EA50022_INDEP2_INDEP2_MOREFL5_A,INDEP2 INDEP2_MOREFL5 A (LN/EAI/EAI),INDEPENDENCE - POWERLINE  500,12:30,-20.95,
07/12/2024,,454598.0,ITC34073_MONROE4_MONRONSTAR12_1_1,MONROE4 MONRONSTAR12_1 1 (LN/DECO/DECO),MONROE-COVENTRY 345,12:30,-700.0,
07/12/2024,,412120.0,BASE_7MILECRK_X-159_1,7MILECRK X-159 1 (LN/ALTE/ALTE),,12:35,-36.160000000000004,
07/12/2024,,454598.0,ITC34073_MONROE4_MONRONSTAR12_1_1,MONROE4 MONRONSTAR12_1 1 (LN/DECO/DECO),MONROE-COVENTRY 345,12:35,-97.69,
07/12/2024,,412120.0,BASE_7MILECRK_X-159_1,7MILECRK X-159 1 (LN/ALTE/ALTE),,12:40,-56.54,
07/12/2024,,454598.0,ITC34073_MONROE4_MONRONSTAR12_1_1,MONROE4 MONRONSTAR12_1 1 (LN/DECO/DECO),MONROE-COVENTRY 345,12:40,-700.0,
07/12/2024,,454598.0,ITC34073_MONROE4_MONRONSTAR12_1_1,MONROE4 MONRONSTAR12_1 1 (LN/DECO/DECO),MONROE-COVENTRY 345,12:45,-700.0,
07/12/2024,,331256.0,WEC13332_BLUFFCRK_WHIG53_2,BLUFFCRK WHIG53 2 (LN/WEC/WEC),UNIVERSITY - MUKWONAGO 138 (UNIG52,12:45,-6.95,
07/12/2024,,307216.0,EA50022_INDEP2_INDEP2_MOREFL5_A,INDEP2 INDEP2_MOREFL5 A (LN/EAI/EAI),INDEPENDENCE - POWERLINE  500,12:50,-23.44,
07/12/2024,,454598.0,ITC34073_MONROE4_MONRONSTAR12_1_1,MONROE4 MONRONSTAR12_1 1 (LN/DECO/DECO),MONROE-COVENTRY 345,12:50,-700.0,
07/12/2024,,307216.0,EA50022_INDEP2_INDEP2_MOREFL5_A,INDEP2 INDEP2_MOREFL5 A (LN/EAI/EAI),INDEPENDENCE - POWERLINE  500,12:55,-11.79,
07/12/2024,,454598.0,ITC34073_MONROE4_MONRONSTAR12_1_1,MONROE4 MONRONSTAR12_1 1 (LN/DECO/DECO),MONROE-COVENTRY 345,12:55,-1000.0,
07/12/2024,,307216.0,EA50022_INDEP2_INDEP2_MOREFL5_A,INDEP2 INDEP2_MOREFL5 A (LN/EAI/EAI),INDEPENDENCE - POWERLINE  500,13:00,-25.87,
07/12/2024,,454598.0,ITC34073_MONROE4_MONRONSTAR12_1_1,MONROE4 MONRONSTAR12_1 1 (LN/DECO/DECO),MONROE-COVENTRY 345,13:00,-1000.0,
07/12/2024,,307216.0,EA50022_INDEP2_INDEP2_MOREFL5_A,INDEP2 INDEP2_MOREFL5 A (LN/EAI/EAI),INDEPENDENCE - POWERLINE  500,13:05,-16.62,
07/12/2024,,454598.0,ITC34073_MONROE4_MONRONSTAR12_1_1,MONROE4 MONRONSTAR12_1 1 (LN/DECO/DECO),MONROE-COVENTRY 345,13:05,-1000.0,
07/12/2024,,454598.0,ITC34073_MONROE4_MONRONSTAR12_1_1,MONROE4 MONRONSTAR12_1 1 (LN/DECO/DECO),MONROE-COVENTRY 345,13:10,-1000.0,
07/12/2024,,454598.0,ITC34073_MONROE4_MONRONSTAR12_1_1,MONROE4 MONRONSTAR12_1 1 (LN/DECO/DECO),MONROE-COVENTRY 345,13:15,-1000.0,
07/12/2024,,454598.0,ITC34073_MONROE4_MONRONSTAR12_1_1,MONROE4 MONRONSTAR12_1 1 (LN/DECO/DECO),MONROE-COVENTRY 345,13:20,-700.0,
07/12/2024,,286372.0,ITC34066_MONROE4_MONRONSTAR12_1_1,MONROE4 MONRONSTAR12_1 1 (LN/DECO/DECO),MONROE-BROWNSTOWN 345 #2,13:25,-700.0,
07/12/2024,,454598.0,ITC34073_MONROE4_MONRONSTAR12_1_1,MONROE4 MONRONSTAR12_1 1 (LN/DECO/DECO),MONROE-COVENTRY 345,13:25,-1000.0,
07/12/2024,,454598.0,ITC34073_MONROE4_MONRONSTAR12_1_1,MONROE4 MONRONSTAR12_1 1 (LN/DECO/DECO),MONROE-COVENTRY 345,13:30,-1000.0,
07/12/2024,,412120.0,BASE_7MILECRK_X-159_1,7MILECRK X-159 1 (LN/ALTE/ALTE),,13:35,-56.85,
07/12/2024,,307216.0,EA50022_INDEP2_INDEP2_MOREFL5_A,INDEP2 INDEP2_MOREFL5 A (LN/EAI/EAI),INDEPENDENCE - POWERLINE  500,13:35,-9.950000000000001,
07/12/2024,,454598.0,ITC34073_MONROE4_MONRONSTAR12_1_1,MONROE4 MONRONSTAR12_1 1 (LN/DECO/DECO),MONROE-COVENTRY 345,13:35,-1000.0,
07/12/2024,,412120.0,BASE_7MILECRK_X-159_1,7MILECRK X-159 1 (LN/ALTE/ALTE),,13:40,-47.86,
07/12/2024,,454598.0,ITC34073_MONROE4_MONRONSTAR12_1_1,MONROE4 MONRONSTAR12_1 1 (LN/DECO/DECO),MONROE-COVENTRY 345,13:40,-700.0,
07/12/2024,,307216.0,EA50022_INDEP2_INDEP2_MOREFL5_A,INDEP2 INDEP2_MOREFL5 A (LN/EAI/EAI),INDEPENDENCE - POWERLINE  500,13:45,-7.16,
07/12/2024,,454598.0,ITC34073_MONROE4_MONRONSTAR12_1_1,MONROE4 MONRONSTAR12_1 1 (LN/DECO/DECO),MONROE-COVENTRY 345,13:45,-700.0,
07/12/2024,,454598.0,ITC34073_MONROE4_MONRONSTAR12_1_1,MONROE4 MONRONSTAR12_1 1 (LN/DECO/DECO),MONROE-COVENTRY 345,13:50,-700.0,
07/12/2024,,454598.0,ITC34073_MONROE4_MONRONSTAR12_1_1,MONROE4 MONRONSTAR12_1 1 (LN/DECO/DECO),MONROE-COVENTRY 345,13:55,-268.52,
07/12/2024,,412120.0,BASE_7MILECRK_X-159_1,7MILECRK X-159 1 (LN/ALTE/ALTE),,14:00,-53.4,
07/12/2024,,454598.0,ITC34073_MONROE4_MONRONSTAR12_1_1,MONROE4 MONRONSTAR12_1 1 (LN/DECO/DECO),MONROE-COVENTRY 345,14:00,-940.78,
07/12/2024,,412120.0,BASE_7MILECRK_X-159_1,7MILECRK X-159 1 (LN/ALTE/ALTE),,14:05,-54.44,
07/12/2024,,454598.0,ITC34073_MONROE4_MONRONSTAR12_1_1,MONROE4 MONRONSTAR12_1 1 (LN/DECO/DECO),MONROE-COVENTRY 345,14:05,-1000.0,
07/12/2024,,412120.0,BASE_7MILECRK_X-159_1,7MILECRK X-159 1 (LN/ALTE/ALTE),,14:10,-55.49,
07/12/2024,,454598.0,ITC34073_MONROE4_MONRONSTAR12_1_1,MONROE4 MONRONSTAR12_1 1 (LN/DECO/DECO),MONROE-COVENTRY 345,14:10,-1000.0,
07/12/2024,,454598.0,ITC34073_MONROE4_MONRONSTAR12_1_1,MONROE4 MONRONSTAR12_1 1 (LN/DECO/DECO),MONROE-COVENTRY 345,14:15,-198.36,
07/12/2024,,454598.0,ITC34073_MONROE4_MONRONSTAR12_1_1,MONROE4 MONRONSTAR12_1 1 (LN/DECO/DECO),MONROE-COVENTRY 345,14:20,-938.89,
07/12/2024,,454598.0,ITC34073_MONROE4_MONRONSTAR12_1_1,MONROE4 MONRONSTAR12_1 1 (LN/DECO/DECO),MONROE-COVENTRY 345,14:25,-167.06,
07/12/2024,,331256.0,WEC13332_BLUFFCRK_WHIG53_2,BLUFFCRK WHIG53 2 (LN/WEC/WEC),UNIVERSITY - MUKWONAGO 138 (UNIG52,15:35,-50.77,
07/12/2024,,331256.0,WEC13332_BLUFFCRK_WHIG53_2,BLUFFCRK WHIG53 2 (LN/WEC/WEC),UNIVERSITY - MUKWONAGO 138 (UNIG52,15:40,-52.43,
07/12/2024,,331256.0,WEC13332_BLUFFCRK_WHIG53_2,BLUFFCRK WHIG53 2 (LN/WEC/WEC),UNIVERSITY - MUKWONAGO 138 (UNIG52,15:45,-35.7,
07/12/2024,,331256.0,WEC13332_BLUFFCRK_WHIG53_2,BLUFFCRK WHIG53 2 (LN/WEC/WEC),UNIVERSITY - MUKWONAGO 138 (UNIG52,15:50,-31.27,
07/12/2024,,331256.0,WEC13332_BLUFFCRK_WHIG53_2,BLUFFCRK WHIG53 2 (LN/WEC/WEC),UNIVERSITY - MUKWONAGO 138 (UNIG52,16:00,-9.040000000000001,
07/12/2024,27548.0,28297.0,TEMP34_LEEDS2_PENN_TAP_115kV_ftlo_BALTAJCT_RAMSE,PENN_TAP PENN_LEEDS11_1 1 (LN/WAUE/WAUE),BALTA GRE-RAMSEY 230,22:20,-234.88,
07/12/2024,27548.0,28297.0,TEMP34_LEEDS2_PENN_TAP_115kV_ftlo_BALTAJCT_RAMSE,PENN_TAP PENN_LEEDS11_1 1 (LN/WAUE/WAUE),BALTA GRE-RAMSEY 230,22:30,-242.18,
07/12/2024,,333946.0,OTPGRE4G_RUGBY_RGBYORUGBY11_1_1,RUGBY RGBYORUGBY11_1 1 (LN/WAUE/OTP),RUGBY-BALTA230+PST TIGHT DB (ONLY),22:35,-23.55,
07/12/2024,27548.0,28297.0,TEMP34_LEEDS2_PENN_TAP_115kV_ftlo_BALTAJCT_RAMSE,PENN_TAP PENN_LEEDS11_1 1 (LN/WAUE/WAUE),BALTA GRE-RAMSEY 230,22:40,-263.0,
07/12/2024,,333946.0,OTPGRE4G_RUGBY_RGBYORUGBY11_1_1,RUGBY RGBYORUGBY11_1 1 (LN/WAUE/OTP),RUGBY-BALTA230+PST TIGHT DB (ONLY),22:45,-23.66,
07/12/2024,,333946.0,OTPGRE4G_RUGBY_RGBYORUGBY11_1_1,RUGBY RGBYORUGBY11_1 1 (LN/WAUE/OTP),RUGBY-BALTA230+PST TIGHT DB (ONLY),22:50,-23.5,
07/12/2024,,209480.0,WEC13135_BLUEMOUN_5061_50,BLUEMOUN 5061 50 (LN/WEC/WEC),BLUEMOUND-BUTLER 138 (5051),22:55,-0.12,
07/12/2024,,209480.0,WEC13135_BLUEMOUN_5061_50,BLUEMOUN 5061 50 (LN/WEC/WEC),BLUEMOUND-BUTLER 138 (5051),23:05,-13.77,
07/12/2024,,209480.0,WEC13135_BLUEMOUN_5061_50,BLUEMOUN 5061 50 (LN/WEC/WEC),BLUEMOUND-BUTLER 138 (5051),23:15,-19.5,
07/12/2024,,209480.0,WEC13135_BLUEMOUN_5061_50,BLUEMOUN 5061 50 (LN/WEC/WEC),BLUEMOUND-BUTLER 138 (5051),23:20,-10.21,
07/12/2024,,209480.0,WEC13135_BLUEMOUN_5061_50,BLUEMOUN 5061 50 (LN/WEC/WEC),BLUEMOUND-BUTLER 138 (5051),23:25,-5.82,
07/12/2024,,209480.0,WEC13135_BLUEMOUN_5061_50,BLUEMOUN 5061 50 (LN/WEC/WEC),BLUEMOUND-BUTLER 138 (5051),23:30,-12.09,
07/12/2024,,209480.0,WEC13135_BLUEMOUN_5061_50,BLUEMOUN 5061 50 (LN/WEC/WEC),BLUEMOUND-BUTLER 138 (5051),23:35,-34.33,
07/12/2024,,209480.0,WEC13135_BLUEMOUN_5061_50,BLUEMOUN 5061 50 (LN/WEC/WEC),BLUEMOUND-BUTLER 138 (5051),23:40,-26.39,
07/12/2024,,209480.0,WEC13135_BLUEMOUN_5061_50,BLUEMOUN 5061 50 (LN/WEC/WEC),BLUEMOUND-BUTLER 138 (5051),23:45,-25.65,
07/12/2024,,209480.0,WEC13135_BLUEMOUN_5061_50,BLUEMOUN 5061 50 (LN/WEC/WEC),BLUEMOUND-BUTLER 138 (5051),23:55,-28.19,
07/13/2024,29652.0,248380.0,TMP151_S3_Granitfalls_115kv_lLN_ftlo_LyonCo_Ceda,S3 S3GRANI11_1 1 (LN/WAUE/WAUE),CEDAR MTN-LYON COUNTY 345 1 (0956),00:00,-178.95,
07/13/2024,28975.0,1277.0,Duneacre_Michigan_City_13843_138_flo_Wilton_Cent,DUNEACRE 13843 A (LN/NIPS/NIPS),WILTON CENTER-DUMONT 765 (11215),00:05,-378.4,
07/13/2024,,453132.0,NSP34056_MARS_SS_LYON_MARS_11_1_1,MARS_SS LYON_MARS_11_1 1 (LN/NSP/NSP),CEDAR MTN-LYON COUNTY 345 1 (0956),00:05,-105.03,
07/13/2024,28975.0,1277.0,Duneacre_Michigan_City_13843_138_flo_Wilton_Cent,DUNEACRE 13843 A (LN/NIPS/NIPS),WILTON CENTER-DUMONT 765 (11215),00:10,-2000.0,
07/13/2024,,453132.0,NSP34056_MARS_SS_LYON_MARS_11_1_1,MARS_SS LYON_MARS_11_1 1 (LN/NSP/NSP),CEDAR MTN-LYON COUNTY 345 1 (0956),00:10,-111.27,
07/13/2024,28975.0,1277.0,Duneacre_Michigan_City_13843_138_flo_Wilton_Cent,DUNEACRE 13843 A (LN/NIPS/NIPS),WILTON CENTER-DUMONT 765 (11215),00:15,-2000.0,
07/13/2024,,453132.0,NSP34056_MARS_SS_LYON_MARS_11_1_1,MARS_SS LYON_MARS_11_1 1 (LN/NSP/NSP),CEDAR MTN-LYON COUNTY 345 1 (0956),00:15,-116.71,
07/13/2024,28975.0,1277.0,Duneacre_Michigan_City_13843_138_flo_Wilton_Cent,DUNEACRE 13843 A (LN/NIPS/NIPS),WILTON CENTER-DUMONT 765 (11215),00:20,-93.74,
07/13/2024,,453132.0,NSP34056_MARS_SS_LYON_MARS_11_1_1,MARS_SS LYON_MARS_11_1 1 (LN/NSP/NSP),CEDAR MTN-LYON COUNTY 345 1 (0956),00:20,-108.21,
07/13/2024,,453132.0,NSP34056_MARS_SS_LYON_MARS_11_1_1,MARS_SS LYON_MARS_11_1 1 (LN/NSP/NSP),CEDAR MTN-LYON COUNTY 345 1 (0956),00:25,-108.46,
07/13/2024,28975.0,1277.0,Duneacre_Michigan_City_13843_138_flo_Wilton_Cent,DUNEACRE 13843 A (LN/NIPS/NIPS),WILTON CENTER-DUMONT 765 (11215),00:30,-61.8,
07/13/2024,,453132.0,NSP34056_MARS_SS_LYON_MARS_11_1_1,MARS_SS LYON_MARS_11_1 1 (LN/NSP/NSP),CEDAR MTN-LYON COUNTY 345 1 (0956),00:30,-106.1,
07/13/2024,,453132.0,NSP34056_MARS_SS_LYON_MARS_11_1_1,MARS_SS LYON_MARS_11_1 1 (LN/NSP/NSP),CEDAR MTN-LYON COUNTY 345 1 (0956),00:35,-107.15,
07/13/2024,28975.0,1277.0,Duneacre_Michigan_City_13843_138_flo_Wilton_Cent,DUNEACRE 13843 A (LN/NIPS/NIPS),WILTON CENTER-DUMONT 765 (11215),00:40,-161.4,
07/13/2024,,453132.0,NSP34056_MARS_SS_LYON_MARS_11_1_1,MARS_SS LYON_MARS_11_1 1 (LN/NSP/NSP),CEDAR MTN-LYON COUNTY 345 1 (0956),00:40,-101.71,
07/13/2024,28975.0,1277.0,Duneacre_Michigan_City_13843_138_flo_Wilton_Cent,DUNEACRE 13843 A (LN/NIPS/NIPS),WILTON CENTER-DUMONT 765 (11215),00:45,-160.8,
07/13/2024,,453132.0,NSP34056_MARS_SS_LYON_MARS_11_1_1,MARS_SS LYON_MARS_11_1 1 (LN/NSP/NSP),CEDAR MTN-LYON COUNTY 345 1 (0956),00:45,-101.76,
07/13/2024,28975.0,1277.0,Duneacre_Michigan_City_13843_138_flo_Wilton_Cent,DUNEACRE 13843 A (LN/NIPS/NIPS),WILTON CENTER-DUMONT 765 (11215),00:50,-142.97,
07/13/2024,,453132.0,NSP34056_MARS_SS_LYON_MARS_11_1_1,MARS_SS LYON_MARS_11_1 1 (LN/NSP/NSP),CEDAR MTN-LYON COUNTY 345 1 (0956),00:50,-101.33,
07/13/2024,28975.0,1277.0,Duneacre_Michigan_City_13843_138_flo_Wilton_Cent,DUNEACRE 13843 A (LN/NIPS/NIPS),WILTON CENTER-DUMONT 765 (11215),00:55,-150.0,
07/13/2024,,453132.0,NSP34056_MARS_SS_LYON_MARS_11_1_1,MARS_SS LYON_MARS_11_1 1 (LN/NSP/NSP),CEDAR MTN-LYON COUNTY 345 1 (0956),00:55,-111.04,
07/13/2024,28975.0,1277.0,Duneacre_Michigan_City_13843_138_flo_Wilton_Cent,DUNEACRE 13843 A (LN/NIPS/NIPS),WILTON CENTER-DUMONT 765 (11215),01:00,-69.0,
07/13/2024,,453132.0,NSP34056_MARS_SS_LYON_MARS_11_1_1,MARS_SS LYON_MARS_11_1 1 (LN/NSP/NSP),CEDAR MTN-LYON COUNTY 345 1 (0956),01:00,-112.87,
07/13/2024,28975.0,1277.0,Duneacre_Michigan_City_13843_138_flo_Wilton_Cent,DUNEACRE 13843 A (LN/NIPS/NIPS),WILTON CENTER-DUMONT 765 (11215),01:05,-125.4,
07/13/2024,,453132.0,NSP34056_MARS_SS_LYON_MARS_11_1_1,MARS_SS LYON_MARS_11_1 1 (LN/NSP/NSP),CEDAR MTN-LYON COUNTY 345 1 (0956),01:05,-112.45,
07/13/2024,28975.0,1277.0,Duneacre_Michigan_City_13843_138_flo_Wilton_Cent,DUNEACRE 13843 A (LN/NIPS/NIPS),WILTON CENTER-DUMONT 765 (11215),01:10,-125.4,
07/13/2024,,453132.0,NSP34056_MARS_SS_LYON_MARS_11_1_1,MARS_SS LYON_MARS_11_1 1 (LN/NSP/NSP),CEDAR MTN-LYON COUNTY 345 1 (0956),01:10,-100.65,
07/13/2024,29652.0,248380.0,TMP151_S3_Granitfalls_115kv_lLN_ftlo_LyonCo_Ceda,S3 S3GRANI11_1 1 (LN/WAUE/WAUE),CEDAR MTN-LYON COUNTY 345 1 (0956),01:10,-17.240000000000002,
07/13/2024,28975.0,1277.0,Duneacre_Michigan_City_13843_138_flo_Wilton_Cent,DUNEACRE 13843 A (LN/NIPS/NIPS),WILTON CENTER-DUMONT 765 (11215),01:15,-64.31,
07/13/2024,,453132.0,NSP34056_MARS_SS_LYON_MARS_11_1_1,MARS_SS LYON_MARS_11_1 1 (LN/NSP/NSP),CEDAR MTN-LYON COUNTY 345 1 (0956),01:15,-42.72,
07/13/2024,29652.0,248380.0,TMP151_S3_Granitfalls_115kv_lLN_ftlo_LyonCo_Ceda,S3 S3GRANI11_1 1 (LN/WAUE/WAUE),CEDAR MTN-LYON COUNTY 345 1 (0956),01:15,-101.87,
07/13/2024,28975.0,1277.0,Duneacre_Michigan_City_13843_138_flo_Wilton_Cent,DUNEACRE 13843 A (LN/NIPS/NIPS),WILTON CENTER-DUMONT 765 (11215),01:20,-33.3,
07/13/2024,29652.0,248380.0,TMP151_S3_Granitfalls_115kv_lLN_ftlo_LyonCo_Ceda,S3 S3GRANI11_1 1 (LN/WAUE/WAUE),CEDAR MTN-LYON COUNTY 345 1 (0956),01:20,-165.52,
07/13/2024,28975.0,1277.0,Duneacre_Michigan_City_13843_138_flo_Wilton_Cent,DUNEACRE 13843 A (LN/NIPS/NIPS),WILTON CENTER-DUMONT 765 (11215),01:25,-33.3,
07/13/2024,29652.0,248380.0,TMP151_S3_Granitfalls_115kv_lLN_ftlo_LyonCo_Ceda,S3 S3GRANI11_1 1 (LN/WAUE/WAUE),CEDAR MTN-LYON COUNTY 345 1 (0956),01:25,-165.81,
07/13/2024,28975.0,1277.0,Duneacre_Michigan_City_13843_138_flo_Wilton_Cent,DUNEACRE 13843 A (LN/NIPS/NIPS),WILTON CENTER-DUMONT 765 (11215),01:30,-131.4,
07/13/2024,,453132.0,NSP34056_MARS_SS_LYON_MARS_11_1_1,MARS_SS LYON_MARS_11_1 1 (LN/NSP/NSP),CEDAR MTN-LYON COUNTY 345 1 (0956),01:30,-111.09,
07/13/2024,28975.0,1277.0,Duneacre_Michigan_City_13843_138_flo_Wilton_Cent,DUNEACRE 13843 A (LN/NIPS/NIPS),WILTON CENTER-DUMONT 765 (11215),01:35,-166.93,
07/13/2024,,453132.0,NSP34056_MARS_SS_LYON_MARS_11_1_1,MARS_SS LYON_MARS_11_1 1 (LN/NSP/NSP),CEDAR MTN-LYON COUNTY 345 1 (0956),01:35,-111.25,
07/13/2024,28975.0,1277.0,Duneacre_Michigan_City_13843_138_flo_Wilton_Cent,DUNEACRE 13843 A (LN/NIPS/NIPS),WILTON CENTER-DUMONT 765 (11215),01:40,-236.77,
07/13/2024,,453132.0,NSP34056_MARS_SS_LYON_MARS_11_1_1,MARS_SS LYON_MARS_11_1 1 (LN/NSP/NSP),CEDAR MTN-LYON COUNTY 345 1 (0956),01:40,-112.2,
07/13/2024,28975.0,1277.0,Duneacre_Michigan_City_13843_138_flo_Wilton_Cent,DUNEACRE 13843 A (LN/NIPS/NIPS),WILTON CENTER-DUMONT 765 (11215),01:45,-104.6,
07/13/2024,,453132.0,NSP34056_MARS_SS_LYON_MARS_11_1_1,MARS_SS LYON_MARS_11_1 1 (LN/NSP/NSP),CEDAR MTN-LYON COUNTY 345 1 (0956),01:45,-114.32,
07/13/2024,28975.0,1277.0,Duneacre_Michigan_City_13843_138_flo_Wilton_Cent,DUNEACRE 13843 A (LN/NIPS/NIPS),WILTON CENTER-DUMONT 765 (11215),01:50,-106.3,
07/13/2024,29652.0,248380.0,TMP151_S3_Granitfalls_115kv_lLN_ftlo_LyonCo_Ceda,S3 S3GRANI11_1 1 (LN/WAUE/WAUE),CEDAR MTN-LYON COUNTY 345 1 (0956),01:50,-165.43,
07/13/2024,28975.0,1277.0,Duneacre_Michigan_City_13843_138_flo_Wilton_Cent,DUNEACRE 13843 A (LN/NIPS/NIPS),WILTON CENTER-DUMONT 765 (11215),01:55,-61.2,
07/13/2024,29652.0,248380.0,TMP151_S3_Granitfalls_115kv_lLN_ftlo_LyonCo_Ceda,S3 S3GRANI11_1 1 (LN/WAUE/WAUE),CEDAR MTN-LYON COUNTY 345 1 (0956),01:55,-166.75,
07/13/2024,28975.0,1277.0,Duneacre_Michigan_City_13843_138_flo_Wilton_Cent,DUNEACRE 13843 A (LN/NIPS/NIPS),WILTON CENTER-DUMONT 765 (11215),02:00,-44.5,
07/13/2024,29652.0,248380.0,TMP151_S3_Granitfalls_115kv_lLN_ftlo_LyonCo_Ceda,S3 S3GRANI11_1 1 (LN/WAUE/WAUE),CEDAR MTN-LYON COUNTY 345 1 (0956),02:00,-168.95,
07/13/2024,28975.0,1277.0,Duneacre_Michigan_City_13843_138_flo_Wilton_Cent,DUNEACRE 13843 A (LN/NIPS/NIPS),WILTON CENTER-DUMONT 765 (11215),02:05,-286.90000000000003,
07/13/2024,,453132.0,NSP34056_MARS_SS_LYON_MARS_11_1_1,MARS_SS LYON_MARS_11_1 1 (LN/NSP/NSP),CEDAR MTN-LYON COUNTY 345 1 (0956),02:05,-113.32,
07/13/2024,28975.0,1277.0,Duneacre_Michigan_City_13843_138_flo_Wilton_Cent,DUNEACRE 13843 A (LN/NIPS/NIPS),WILTON CENTER-DUMONT 765 (11215),02:10,-96.4,
07/13/2024,,453132.0,NSP34056_MARS_SS_LYON_MARS_11_1_1,MARS_SS LYON_MARS_11_1 1 (LN/NSP/NSP),CEDAR MTN-LYON COUNTY 345 1 (0956),02:10,-115.14,
07/13/2024,28975.0,1277.0,Duneacre_Michigan_City_13843_138_flo_Wilton_Cent,DUNEACRE 13843 A (LN/NIPS/NIPS),WILTON CENTER-DUMONT 765 (11215),02:15,-307.8,
07/13/2024,,453132.0,NSP34056_MARS_SS_LYON_MARS_11_1_1,MARS_SS LYON_MARS_11_1 1 (LN/NSP/NSP),CEDAR MTN-LYON COUNTY 345 1 (0956),02:15,-110.73,
07/13/2024,28975.0,1277.0,Duneacre_Michigan_City_13843_138_flo_Wilton_Cent,DUNEACRE 13843 A (LN/NIPS/NIPS),WILTON CENTER-DUMONT 765 (11215),02:20,-99.14,
07/13/2024,,453132.0,NSP34056_MARS_SS_LYON_MARS_11_1_1,MARS_SS LYON_MARS_11_1 1 (LN/NSP/NSP),CEDAR MTN-LYON COUNTY 345 1 (0956),02:20,-111.47,
07/13/2024,28975.0,1277.0,Duneacre_Michigan_City_13843_138_flo_Wilton_Cent,DUNEACRE 13843 A (LN/NIPS/NIPS),WILTON CENTER-DUMONT 765 (11215),02:25,-76.3,
07/13/2024,29652.0,248380.0,TMP151_S3_Granitfalls_115kv_lLN_ftlo_LyonCo_Ceda,S3 S3GRANI11_1 1 (LN/WAUE/WAUE),CEDAR MTN-LYON COUNTY 345 1 (0956),02:25,-165.52,
07/13/2024,28975.0,1277.0,Duneacre_Michigan_City_13843_138_flo_Wilton_Cent,DUNEACRE 13843 A (LN/NIPS/NIPS),WILTON CENTER-DUMONT 765 (11215),02:30,-76.3,
07/13/2024,29652.0,248380.0,TMP151_S3_Granitfalls_115kv_lLN_ftlo_LyonCo_Ceda,S3 S3GRANI11_1 1 (LN/WAUE/WAUE),CEDAR MTN-LYON COUNTY 345 1 (0956),02:30,-164.69,
07/13/2024,28975.0,1277.0,Duneacre_Michigan_City_13843_138_flo_Wilton_Cent,DUNEACRE 13843 A (LN/NIPS/NIPS),WILTON CENTER-DUMONT 765 (11215),02:35,-96.4,
07/13/2024,29652.0,248380.0,TMP151_S3_Granitfalls_115kv_lLN_ftlo_LyonCo_Ceda,S3 S3GRANI11_1 1 (LN/WAUE/WAUE),CEDAR MTN-LYON COUNTY 345 1 (0956),02:35,-1176.54,
07/13/2024,28975.0,1277.0,Duneacre_Michigan_City_13843_138_flo_Wilton_Cent,DUNEACRE 13843 A (LN/NIPS/NIPS),WILTON CENTER-DUMONT 765 (11215),02:40,-84.5,
07/13/2024,,453132.0,NSP34056_MARS_SS_LYON_MARS_11_1_1,MARS_SS LYON_MARS_11_1 1 (LN/NSP/NSP),CEDAR MTN-LYON COUNTY 345 1 (0956),02:40,-112.23,
07/13/2024,28975.0,1277.0,Duneacre_Michigan_City_13843_138_flo_Wilton_Cent,DUNEACRE 13843 A (LN/NIPS/NIPS),WILTON CENTER-DUMONT 765 (11215),02:45,-94.4,
07/13/2024,,453132.0,NSP34056_MARS_SS_LYON_MARS_11_1_1,MARS_SS LYON_MARS_11_1 1 (LN/NSP/NSP),CEDAR MTN-LYON COUNTY 345 1 (0956),02:45,-113.51,
07/13/2024,28975.0,1277.0,Duneacre_Michigan_City_13843_138_flo_Wilton_Cent,DUNEACRE 13843 A (LN/NIPS/NIPS),WILTON CENTER-DUMONT 765 (11215),02:50,-106.0,
07/13/2024,,453132.0,NSP34056_MARS_SS_LYON_MARS_11_1_1,MARS_SS LYON_MARS_11_1 1 (LN/NSP/NSP),CEDAR MTN-LYON COUNTY 345 1 (0956),02:50,-114.52,
07/13/2024,28975.0,1277.0,Duneacre_Michigan_City_13843_138_flo_Wilton_Cent,DUNEACRE 13843 A (LN/NIPS/NIPS),WILTON CENTER-DUMONT 765 (11215),02:55,-106.0,
07/13/2024,,453132.0,NSP34056_MARS_SS_LYON_MARS_11_1_1,MARS_SS LYON_MARS_11_1 1 (LN/NSP/NSP),CEDAR MTN-LYON COUNTY 345 1 (0956),02:55,-113.04,
07/13/2024,28975.0,1277.0,Duneacre_Michigan_City_13843_138_flo_Wilton_Cent,DUNEACRE 13843 A (LN/NIPS/NIPS),WILTON CENTER-DUMONT 765 (11215),03:00,-129.5,
07/13/2024,29652.0,248380.0,TMP151_S3_Granitfalls_115kv_lLN_ftlo_LyonCo_Ceda,S3 S3GRANI11_1 1 (LN/WAUE/WAUE),CEDAR MTN-LYON COUNTY 345 1 (0956),03:00,-162.17000000000002,
07/13/2024,28975.0,1277.0,Duneacre_Michigan_City_13843_138_flo_Wilton_Cent,DUNEACRE 13843 A (LN/NIPS/NIPS),WILTON CENTER-DUMONT 765 (11215),03:05,-217.5,
07/13/2024,29652.0,248380.0,TMP151_S3_Granitfalls_115kv_lLN_ftlo_LyonCo_Ceda,S3 S3GRANI11_1 1 (LN/WAUE/WAUE),CEDAR MTN-LYON COUNTY 345 1 (0956),03:05,-339.97,
07/13/2024,28975.0,1277.0,Duneacre_Michigan_City_13843_138_flo_Wilton_Cent,DUNEACRE 13843 A (LN/NIPS/NIPS),WILTON CENTER-DUMONT 765 (11215),03:10,-149.54,
07/13/2024,29652.0,248380.0,TMP151_S3_Granitfalls_115kv_lLN_ftlo_LyonCo_Ceda,S3 S3GRANI11_1 1 (LN/WAUE/WAUE),CEDAR MTN-LYON COUNTY 345 1 (0956),03:10,-1187.17,
07/13/2024,28975.0,1277.0,Duneacre_Michigan_City_13843_138_flo_Wilton_Cent,DUNEACRE 13843 A (LN/NIPS/NIPS),WILTON CENTER-DUMONT 765 (11215),03:15,-104.8,
07/13/2024,,453132.0,NSP34056_MARS_SS_LYON_MARS_11_1_1,MARS_SS LYON_MARS_11_1 1 (LN/NSP/NSP),CEDAR MTN-LYON COUNTY 345 1 (0956),03:15,-111.74,
07/13/2024,28975.0,1277.0,Duneacre_Michigan_City_13843_138_flo_Wilton_Cent,DUNEACRE 13843 A (LN/NIPS/NIPS),WILTON CENTER-DUMONT 765 (11215),03:20,-100.0,
07/13/2024,,453132.0,NSP34056_MARS_SS_LYON_MARS_11_1_1,MARS_SS LYON_MARS_11_1 1 (LN/NSP/NSP),CEDAR MTN-LYON COUNTY 345 1 (0956),03:20,-112.85,
07/13/2024,28975.0,1277.0,Duneacre_Michigan_City_13843_138_flo_Wilton_Cent,DUNEACRE 13843 A (LN/NIPS/NIPS),WILTON CENTER-DUMONT 765 (11215),03:25,-98.8,
07/13/2024,,453132.0,NSP34056_MARS_SS_LYON_MARS_11_1_1,MARS_SS LYON_MARS_11_1 1 (LN/NSP/NSP),CEDAR MTN-LYON COUNTY 345 1 (0956),03:25,-112.77,
07/13/2024,28975.0,1277.0,Duneacre_Michigan_City_13843_138_flo_Wilton_Cent,DUNEACRE 13843 A (LN/NIPS/NIPS),WILTON CENTER-DUMONT 765 (11215),03:30,-261.0,
07/13/2024,,453132.0,NSP34056_MARS_SS_LYON_MARS_11_1_1,MARS_SS LYON_MARS_11_1 1 (LN/NSP/NSP),CEDAR MTN-LYON COUNTY 345 1 (0956),03:30,-107.41,
07/13/2024,28975.0,1277.0,Duneacre_Michigan_City_13843_138_flo_Wilton_Cent,DUNEACRE 13843 A (LN/NIPS/NIPS),WILTON CENTER-DUMONT 765 (11215),03:35,-191.62,
07/13/2024,,453132.0,NSP34056_MARS_SS_LYON_MARS_11_1_1,MARS_SS LYON_MARS_11_1 1 (LN/NSP/NSP),CEDAR MTN-LYON COUNTY 345 1 (0956),03:35,-110.59,
07/13/2024,28975.0,1277.0,Duneacre_Michigan_City_13843_138_flo_Wilton_Cent,DUNEACRE 13843 A (LN/NIPS/NIPS),WILTON CENTER-DUMONT 765 (11215),03:40,-257.7,
07/13/2024,29652.0,248380.0,TMP151_S3_Granitfalls_115kv_lLN_ftlo_LyonCo_Ceda,S3 S3GRANI11_1 1 (LN/WAUE/WAUE),CEDAR MTN-LYON COUNTY 345 1 (0956),03:40,-159.67000000000002,
07/13/2024,28975.0,1277.0,Duneacre_Michigan_City_13843_138_flo_Wilton_Cent,DUNEACRE 13843 A (LN/NIPS/NIPS),WILTON CENTER-DUMONT 765 (11215),03:45,-105.4,
07/13/2024,29652.0,248380.0,TMP151_S3_Granitfalls_115kv_lLN_ftlo_LyonCo_Ceda,S3 S3GRANI11_1 1 (LN/WAUE/WAUE),CEDAR MTN-LYON COUNTY 345 1 (0956),03:45,-355.19,
07/13/2024,28975.0,1277.0,Duneacre_Michigan_City_13843_138_flo_Wilton_Cent,DUNEACRE 13843 A (LN/NIPS/NIPS),WILTON CENTER-DUMONT 765 (11215),03:50,-96.1,
07/13/2024,29652.0,248380.0,TMP151_S3_Granitfalls_115kv_lLN_ftlo_LyonCo_Ceda,S3 S3GRANI11_1 1 (LN/WAUE/WAUE),CEDAR MTN-LYON COUNTY 345 1 (0956),03:50,-425.14,
07/13/2024,28975.0,1277.0,Duneacre_Michigan_City_13843_138_flo_Wilton_Cent,DUNEACRE 13843 A (LN/NIPS/NIPS),WILTON CENTER-DUMONT 765 (11215),03:55,-96.6,
07/13/2024,,453132.0,NSP34056_MARS_SS_LYON_MARS_11_1_1,MARS_SS LYON_MARS_11_1 1 (LN/NSP/NSP),CEDAR MTN-LYON COUNTY 345 1 (0956),03:55,-54.07,
07/13/2024,28625.0,390250.0,Overton_345_161_TR1_flo_Bondurant_Montezuma_345,OVER X345 XFMR_1_345 (XF/AMMO/*),BONDURANT - MONTEZUMA 345,03:55,-21.08,
07/13/2024,29652.0,248380.0,TMP151_S3_Granitfalls_115kv_lLN_ftlo_LyonCo_Ceda,S3 S3GRANI11_1 1 (LN/WAUE/WAUE),CEDAR MTN-LYON COUNTY 345 1 (0956),03:55,-82.58,
07/13/2024,28975.0,1277.0,Duneacre_Michigan_City_13843_138_flo_Wilton_Cent,DUNEACRE 13843 A (LN/NIPS/NIPS),WILTON CENTER-DUMONT 765 (11215),04:00,-93.1,
07/13/2024,,453132.0,NSP34056_MARS_SS_LYON_MARS_11_1_1,MARS_SS LYON_MARS_11_1 1 (LN/NSP/NSP),CEDAR MTN-LYON COUNTY 345 1 (0956),04:00,-112.18,
07/13/2024,28625.0,390250.0,Overton_345_161_TR1_flo_Bondurant_Montezuma_345,OVER X345 XFMR_1_345 (XF/AMMO/*),BONDURANT - MONTEZUMA 345,04:00,-5.5,
07/13/2024,28975.0,1277.0,Duneacre_Michigan_City_13843_138_flo_Wilton_Cent,DUNEACRE 13843 A (LN/NIPS/NIPS),WILTON CENTER-DUMONT 765 (11215),04:05,-93.1,
07/13/2024,,453132.0,NSP34056_MARS_SS_LYON_MARS_11_1_1,MARS_SS LYON_MARS_11_1 1 (LN/NSP/NSP),CEDAR MTN-LYON COUNTY 345 1 (0956),04:05,-112.42,
07/13/2024,28975.0,1277.0,Duneacre_Michigan_City_13843_138_flo_Wilton_Cent,DUNEACRE 13843 A (LN/NIPS/NIPS),WILTON CENTER-DUMONT 765 (11215),04:10,-345.4,
07/13/2024,,453132.0,NSP34056_MARS_SS_LYON_MARS_11_1_1,MARS_SS LYON_MARS_11_1 1 (LN/NSP/NSP),CEDAR MTN-LYON COUNTY 345 1 (0956),04:10,-112.22,
07/13/2024,28975.0,1277.0,Duneacre_Michigan_City_13843_138_flo_Wilton_Cent,DUNEACRE 13843 A (LN/NIPS/NIPS),WILTON CENTER-DUMONT 765 (11215),04:15,-261.2,
07/13/2024,29652.0,248380.0,TMP151_S3_Granitfalls_115kv_lLN_ftlo_LyonCo_Ceda,S3 S3GRANI11_1 1 (LN/WAUE/WAUE),CEDAR MTN-LYON COUNTY 345 1 (0956),04:15,-163.99,
07/13/2024,28975.0,1277.0,Duneacre_Michigan_City_13843_138_flo_Wilton_Cent,DUNEACRE 13843 A (LN/NIPS/NIPS),WILTON CENTER-DUMONT 765 (11215),04:20,-230.64,
07/13/2024,29652.0,248380.0,TMP151_S3_Granitfalls_115kv_lLN_ftlo_LyonCo_Ceda,S3 S3GRANI11_1 1 (LN/WAUE/WAUE),CEDAR MTN-LYON COUNTY 345 1 (0956),04:20,-162.70000000000002,
07/13/2024,28975.0,1277.0,Duneacre_Michigan_City_13843_138_flo_Wilton_Cent,DUNEACRE 13843 A (LN/NIPS/NIPS),WILTON CENTER-DUMONT 765 (11215),04:25,-168.2,
07/13/2024,29652.0,248380.0,TMP151_S3_Granitfalls_115kv_lLN_ftlo_LyonCo_Ceda,S3 S3GRANI11_1 1 (LN/WAUE/WAUE),CEDAR MTN-LYON COUNTY 345 1 (0956),04:25,-1460.02,
07/13/2024,28975.0,1277.0,Duneacre_Michigan_City_13843_138_flo_Wilton_Cent,DUNEACRE 13843 A (LN/NIPS/NIPS),WILTON CENTER-DUMONT 765 (11215),04:30,-28.2,
07/13/2024,,453132.0,NSP34056_MARS_SS_LYON_MARS_11_1_1,MARS_SS LYON_MARS_11_1 1 (LN/NSP/NSP),CEDAR MTN-LYON COUNTY 345 1 (0956),04:30,-114.61,
07/13/2024,28975.0,1277.0,Duneacre_Michigan_City_13843_138_flo_Wilton_Cent,DUNEACRE 13843 A (LN/NIPS/NIPS),WILTON CENTER-DUMONT 765 (11215),04:35,-84.8,
07/13/2024,29652.0,248380.0,TMP151_S3_Granitfalls_115kv_lLN_ftlo_LyonCo_Ceda,S3 S3GRANI11_1 1 (LN/WAUE/WAUE),CEDAR MTN-LYON COUNTY 345 1 (0956),04:35,-404.37,
07/13/2024,28975.0,1277.0,Duneacre_Michigan_City_13843_138_flo_Wilton_Cent,DUNEACRE 13843 A (LN/NIPS/NIPS),WILTON CENTER-DUMONT 765 (11215),04:40,-96.9,
07/13/2024,,453132.0,NSP34056_MARS_SS_LYON_MARS_11_1_1,MARS_SS LYON_MARS_11_1 1 (LN/NSP/NSP),CEDAR MTN-LYON COUNTY 345 1 (0956),04:40,-116.25,
07/13/2024,28975.0,1277.0,Duneacre_Michigan_City_13843_138_flo_Wilton_Cent,DUNEACRE 13843 A (LN/NIPS/NIPS),WILTON CENTER-DUMONT 765 (11215),04:45,-921.6,
07/13/2024,29652.0,248380.0,TMP151_S3_Granitfalls_115kv_lLN_ftlo_LyonCo_Ceda,S3 S3GRANI11_1 1 (LN/WAUE/WAUE),CEDAR MTN-LYON COUNTY 345 1 (0956),04:45,-401.22,
07/13/2024,28975.0,1277.0,Duneacre_Michigan_City_13843_138_flo_Wilton_Cent,DUNEACRE 13843 A (LN/NIPS/NIPS),WILTON CENTER-DUMONT 765 (11215),04:50,-283.6,
07/13/2024,,453132.0,NSP34056_MARS_SS_LYON_MARS_11_1_1,MARS_SS LYON_MARS_11_1 1 (LN/NSP/NSP),CEDAR MTN-LYON COUNTY 345 1 (0956),04:50,-114.62,
07/13/2024,28975.0,1277.0,Duneacre_Michigan_City_13843_138_flo_Wilton_Cent,DUNEACRE 13843 A (LN/NIPS/NIPS),WILTON CENTER-DUMONT 765 (11215),04:55,-1145.0,
07/13/2024,29652.0,248380.0,TMP151_S3_Granitfalls_115kv_lLN_ftlo_LyonCo_Ceda,S3 S3GRANI11_1 1 (LN/WAUE/WAUE),CEDAR MTN-LYON COUNTY 345 1 (0956),04:55,-495.19,
07/13/2024,28975.0,1277.0,Duneacre_Michigan_City_13843_138_flo_Wilton_Cent,DUNEACRE 13843 A (LN/NIPS/NIPS),WILTON CENTER-DUMONT 765 (11215),05:00,-181.6,
07/13/2024,,453132.0,NSP34056_MARS_SS_LYON_MARS_11_1_1,MARS_SS LYON_MARS_11_1 1 (LN/NSP/NSP),CEDAR MTN-LYON COUNTY 345 1 (0956),05:00,-117.33,
07/13/2024,28975.0,1277.0,Duneacre_Michigan_City_13843_138_flo_Wilton_Cent,DUNEACRE 13843 A (LN/NIPS/NIPS),WILTON CENTER-DUMONT 765 (11215),05:05,-179.6,
07/13/2024,29652.0,248380.0,TMP151_S3_Granitfalls_115kv_lLN_ftlo_LyonCo_Ceda,S3 S3GRANI11_1 1 (LN/WAUE/WAUE),CEDAR MTN-LYON COUNTY 345 1 (0956),05:05,-464.94,
07/13/2024,28975.0,1277.0,Duneacre_Michigan_City_13843_138_flo_Wilton_Cent,DUNEACRE 13843 A (LN/NIPS/NIPS),WILTON CENTER-DUMONT 765 (11215),05:10,-165.4,
07/13/2024,,453132.0,NSP34056_MARS_SS_LYON_MARS_11_1_1,MARS_SS LYON_MARS_11_1 1 (LN/NSP/NSP),CEDAR MTN-LYON COUNTY 345 1 (0956),05:10,-115.94,
07/13/2024,28975.0,1277.0,Duneacre_Michigan_City_13843_138_flo_Wilton_Cent,DUNEACRE 13843 A (LN/NIPS/NIPS),WILTON CENTER-DUMONT 765 (11215),05:15,-207.7,
07/13/2024,29652.0,248380.0,TMP151_S3_Granitfalls_115kv_lLN_ftlo_LyonCo_Ceda,S3 S3GRANI11_1 1 (LN/WAUE/WAUE),CEDAR MTN-LYON COUNTY 345 1 (0956),05:15,-169.69,
07/13/2024,,453132.0,NSP34056_MARS_SS_LYON_MARS_11_1_1,MARS_SS LYON_MARS_11_1 1 (LN/NSP/NSP),CEDAR MTN-LYON COUNTY 345 1 (0956),05:20,-117.68,
07/13/2024,28975.0,1277.0,Duneacre_Michigan_City_13843_138_flo_Wilton_Cent,DUNEACRE 13843 A (LN/NIPS/NIPS),WILTON CENTER-DUMONT 765 (11215),05:25,-133.96,
07/13/2024,,453132.0,NSP34056_MARS_SS_LYON_MARS_11_1_1,MARS_SS LYON_MARS_11_1 1 (LN/NSP/NSP),CEDAR MTN-LYON COUNTY 345 1 (0956),05:25,-115.3,
07/13/2024,28975.0,1277.0,Duneacre_Michigan_City_13843_138_flo_Wilton_Cent,DUNEACRE 13843 A (LN/NIPS/NIPS),WILTON CENTER-DUMONT 765 (11215),05:30,-188.6,
07/13/2024,,453132.0,NSP34056_MARS_SS_LYON_MARS_11_1_1,MARS_SS LYON_MARS_11_1 1 (LN/NSP/NSP),CEDAR MTN-LYON COUNTY 345 1 (0956),05:30,-117.86,
07/13/2024,28975.0,1277.0,Duneacre_Michigan_City_13843_138_flo_Wilton_Cent,DUNEACRE 13843 A (LN/NIPS/NIPS),WILTON CENTER-DUMONT 765 (11215),05:35,-234.91,
07/13/2024,,453132.0,NSP34056_MARS_SS_LYON_MARS_11_1_1,MARS_SS LYON_MARS_11_1 1 (LN/NSP/NSP),CEDAR MTN-LYON COUNTY 345 1 (0956),05:35,-117.53,
07/13/2024,28975.0,1277.0,Duneacre_Michigan_City_13843_138_flo_Wilton_Cent,DUNEACRE 13843 A (LN/NIPS/NIPS),WILTON CENTER-DUMONT 765 (11215),05:40,-157.0,
07/13/2024,29652.0,248380.0,TMP151_S3_Granitfalls_115kv_lLN_ftlo_LyonCo_Ceda,S3 S3GRANI11_1 1 (LN/WAUE/WAUE),CEDAR MTN-LYON COUNTY 345 1 (0956),05:40,-169.23,
07/13/2024,28975.0,1277.0,Duneacre_Michigan_City_13843_138_flo_Wilton_Cent,DUNEACRE 13843 A (LN/NIPS/NIPS),WILTON CENTER-DUMONT 765 (11215),05:45,-157.0,
07/13/2024,29652.0,248380.0,TMP151_S3_Granitfalls_115kv_lLN_ftlo_LyonCo_Ceda,S3 S3GRANI11_1 1 (LN/WAUE/WAUE),CEDAR MTN-LYON COUNTY 345 1 (0956),05:45,-173.32,
07/13/2024,28975.0,1277.0,Duneacre_Michigan_City_13843_138_flo_Wilton_Cent,DUNEACRE 13843 A (LN/NIPS/NIPS),WILTON CENTER-DUMONT 765 (11215),05:50,-239.1,
07/13/2024,29652.0,248380.0,TMP151_S3_Granitfalls_115kv_lLN_ftlo_LyonCo_Ceda,S3 S3GRANI11_1 1 (LN/WAUE/WAUE),CEDAR MTN-LYON COUNTY 345 1 (0956),05:50,-172.43,
07/13/2024,28975.0,1277.0,Duneacre_Michigan_City_13843_138_flo_Wilton_Cent,DUNEACRE 13843 A (LN/NIPS/NIPS),WILTON CENTER-DUMONT 765 (11215),05:55,-223.7,
07/13/2024,,453132.0,NSP34056_MARS_SS_LYON_MARS_11_1_1,MARS_SS LYON_MARS_11_1 1 (LN/NSP/NSP),CEDAR MTN-LYON COUNTY 345 1 (0956),05:55,-116.62,
07/13/2024,28975.0,1277.0,Duneacre_Michigan_City_13843_138_flo_Wilton_Cent,DUNEACRE 13843 A (LN/NIPS/NIPS),WILTON CENTER-DUMONT 765 (11215),06:00,-163.44,
07/13/2024,,453132.0,NSP34056_MARS_SS_LYON_MARS_11_1_1,MARS_SS LYON_MARS_11_1 1 (LN/NSP/NSP),CEDAR MTN-LYON COUNTY 345 1 (0956),06:00,-116.48,
07/13/2024,28975.0,1277.0,Duneacre_Michigan_City_13843_138_flo_Wilton_Cent,DUNEACRE 13843 A (LN/NIPS/NIPS),WILTON CENTER-DUMONT 765 (11215),06:05,-172.55,
07/13/2024,,453132.0,NSP34056_MARS_SS_LYON_MARS_11_1_1,MARS_SS LYON_MARS_11_1 1 (LN/NSP/NSP),CEDAR MTN-LYON COUNTY 345 1 (0956),06:05,-115.45,
07/13/2024,28975.0,1277.0,Duneacre_Michigan_City_13843_138_flo_Wilton_Cent,DUNEACRE 13843 A (LN/NIPS/NIPS),WILTON CENTER-DUMONT 765 (11215),06:10,-242.5,
07/13/2024,,453132.0,NSP34056_MARS_SS_LYON_MARS_11_1_1,MARS_SS LYON_MARS_11_1 1 (LN/NSP/NSP),CEDAR MTN-LYON COUNTY 345 1 (0956),06:10,-114.25,
07/13/2024,28975.0,1277.0,Duneacre_Michigan_City_13843_138_flo_Wilton_Cent,DUNEACRE 13843 A (LN/NIPS/NIPS),WILTON CENTER-DUMONT 765 (11215),06:15,-205.5,
07/13/2024,29652.0,248380.0,TMP151_S3_Granitfalls_115kv_lLN_ftlo_LyonCo_Ceda,S3 S3GRANI11_1 1 (LN/WAUE/WAUE),CEDAR MTN-LYON COUNTY 345 1 (0956),06:15,-158.81,
07/13/2024,29652.0,248380.0,TMP151_S3_Granitfalls_115kv_lLN_ftlo_LyonCo_Ceda,S3 S3GRANI11_1 1 (LN/WAUE/WAUE),CEDAR MTN-LYON COUNTY 345 1 (0956),06:20,-172.37,
07/13/2024,29652.0,248380.0,TMP151_S3_Granitfalls_115kv_lLN_ftlo_LyonCo_Ceda,S3 S3GRANI11_1 1 (LN/WAUE/WAUE),CEDAR MTN-LYON COUNTY 345 1 (0956),06:25,-175.38,
07/13/2024,,453132.0,NSP34056_MARS_SS_LYON_MARS_11_1_1,MARS_SS LYON_MARS_11_1 1 (LN/NSP/NSP),CEDAR MTN-LYON COUNTY 345 1 (0956),06:30,-119.3,
07/13/2024,,453132.0,NSP34056_MARS_SS_LYON_MARS_11_1_1,MARS_SS LYON_MARS_11_1 1 (LN/NSP/NSP),CEDAR MTN-LYON COUNTY 345 1 (0956),06:35,-119.07,
07/13/2024,,453132.0,NSP34056_MARS_SS_LYON_MARS_11_1_1,MARS_SS LYON_MARS_11_1 1 (LN/NSP/NSP),CEDAR MTN-LYON COUNTY 345 1 (0956),06:40,-119.06,
07/13/2024,,453132.0,NSP34056_MARS_SS_LYON_MARS_11_1_1,MARS_SS LYON_MARS_11_1 1 (LN/NSP/NSP),CEDAR MTN-LYON COUNTY 345 1 (0956),06:45,-119.45,
07/13/2024,29652.0,248380.0,TMP151_S3_Granitfalls_115kv_lLN_ftlo_LyonCo_Ceda,S3 S3GRANI11_1 1 (LN/WAUE/WAUE),CEDAR MTN-LYON COUNTY 345 1 (0956),06:50,-179.78,
07/13/2024,28975.0,1277.0,Duneacre_Michigan_City_13843_138_flo_Wilton_Cent,DUNEACRE 13843 A (LN/NIPS/NIPS),WILTON CENTER-DUMONT 765 (11215),06:55,-84.4,
07/13/2024,29652.0,248380.0,TMP151_S3_Granitfalls_115kv_lLN_ftlo_LyonCo_Ceda,S3 S3GRANI11_1 1 (LN/WAUE/WAUE),CEDAR MTN-LYON COUNTY 345 1 (0956),06:55,-175.22,
07/13/2024,28975.0,1277.0,Duneacre_Michigan_City_13843_138_flo_Wilton_Cent,DUNEACRE 13843 A (LN/NIPS/NIPS),WILTON CENTER-DUMONT 765 (11215),07:00,-83.52,
07/13/2024,29652.0,248380.0,TMP151_S3_Granitfalls_115kv_lLN_ftlo_LyonCo_Ceda,S3 S3GRANI11_1 1 (LN/WAUE/WAUE),CEDAR MTN-LYON COUNTY 345 1 (0956),07:00,-174.97,
07/13/2024,28975.0,1277.0,Duneacre_Michigan_City_13843_138_flo_Wilton_Cent,DUNEACRE 13843 A (LN/NIPS/NIPS),WILTON CENTER-DUMONT 765 (11215),07:05,-177.9,
07/13/2024,,453132.0,NSP34056_MARS_SS_LYON_MARS_11_1_1,MARS_SS LYON_MARS_11_1 1 (LN/NSP/NSP),CEDAR MTN-LYON COUNTY 345 1 (0956),07:05,-125.0,
07/13/2024,,453132.0,NSP34056_MARS_SS_LYON_MARS_11_1_1,MARS_SS LYON_MARS_11_1 1 (LN/NSP/NSP),CEDAR MTN-LYON COUNTY 345 1 (0956),07:10,-123.67,
07/13/2024,,453132.0,NSP34056_MARS_SS_LYON_MARS_11_1_1,MARS_SS LYON_MARS_11_1 1 (LN/NSP/NSP),CEDAR MTN-LYON COUNTY 345 1 (0956),07:15,-124.74,
07/13/2024,,453132.0,NSP34056_MARS_SS_LYON_MARS_11_1_1,MARS_SS LYON_MARS_11_1 1 (LN/NSP/NSP),CEDAR MTN-LYON COUNTY 345 1 (0956),07:20,-127.01,
07/13/2024,,453132.0,NSP34056_MARS_SS_LYON_MARS_11_1_1,MARS_SS LYON_MARS_11_1 1 (LN/NSP/NSP),CEDAR MTN-LYON COUNTY 345 1 (0956),07:25,-127.92,
07/13/2024,,453132.0,NSP34056_MARS_SS_LYON_MARS_11_1_1,MARS_SS LYON_MARS_11_1 1 (LN/NSP/NSP),CEDAR MTN-LYON COUNTY 345 1 (0956),07:30,-134.48,
07/13/2024,,453132.0,NSP34056_MARS_SS_LYON_MARS_11_1_1,MARS_SS LYON_MARS_11_1 1 (LN/NSP/NSP),CEDAR MTN-LYON COUNTY 345 1 (0956),07:35,-131.92000000000002,
07/13/2024,,453132.0,NSP34056_MARS_SS_LYON_MARS_11_1_1,MARS_SS LYON_MARS_11_1 1 (LN/NSP/NSP),CEDAR MTN-LYON COUNTY 345 1 (0956),07:40,-129.49,
07/13/2024,,453132.0,NSP34056_MARS_SS_LYON_MARS_11_1_1,MARS_SS LYON_MARS_11_1 1 (LN/NSP/NSP),CEDAR MTN-LYON COUNTY 345 1 (0956),07:45,-148.55,
07/13/2024,,453132.0,NSP34056_MARS_SS_LYON_MARS_11_1_1,MARS_SS LYON_MARS_11_1 1 (LN/NSP/NSP),CEDAR MTN-LYON COUNTY 345 1 (0956),07:50,-132.46,
07/13/2024,,453132.0,NSP34056_MARS_SS_LYON_MARS_11_1_1,MARS_SS LYON_MARS_11_1 1 (LN/NSP/NSP),CEDAR MTN-LYON COUNTY 345 1 (0956),07:55,-133.8,
07/13/2024,,209480.0,WEC13135_BLUEMOUN_5061_50,BLUEMOUN 5061 50 (LN/WEC/WEC),BLUEMOUND-BUTLER 138 (5051),07:55,-19.080000000000002,
07/13/2024,,453132.0,NSP34056_MARS_SS_LYON_MARS_11_1_1,MARS_SS LYON_MARS_11_1 1 (LN/NSP/NSP),CEDAR MTN-LYON COUNTY 345 1 (0956),08:00,-134.61,
07/13/2024,,209480.0,WEC13135_BLUEMOUN_5061_50,BLUEMOUN 5061 50 (LN/WEC/WEC),BLUEMOUND-BUTLER 138 (5051),08:00,-14.97,
07/13/2024,,453132.0,NSP34056_MARS_SS_LYON_MARS_11_1_1,MARS_SS LYON_MARS_11_1 1 (LN/NSP/NSP),CEDAR MTN-LYON COUNTY 345 1 (0956),08:05,-137.83,
07/13/2024,,453132.0,NSP34056_MARS_SS_LYON_MARS_11_1_1,MARS_SS LYON_MARS_11_1 1 (LN/NSP/NSP),CEDAR MTN-LYON COUNTY 345 1 (0956),08:10,-159.55,
07/13/2024,,453132.0,NSP34056_MARS_SS_LYON_MARS_11_1_1,MARS_SS LYON_MARS_11_1 1 (LN/NSP/NSP),CEDAR MTN-LYON COUNTY 345 1 (0956),08:15,-213.24,
07/13/2024,,453132.0,NSP34056_MARS_SS_LYON_MARS_11_1_1,MARS_SS LYON_MARS_11_1 1 (LN/NSP/NSP),CEDAR MTN-LYON COUNTY 345 1 (0956),08:20,-152.04,
07/13/2024,,453132.0,NSP34056_MARS_SS_LYON_MARS_11_1_1,MARS_SS LYON_MARS_11_1 1 (LN/NSP/NSP),CEDAR MTN-LYON COUNTY 345 1 (0956),08:25,-215.34,
07/13/2024,,453132.0,NSP34056_MARS_SS_LYON_MARS_11_1_1,MARS_SS LYON_MARS_11_1 1 (LN/NSP/NSP),CEDAR MTN-LYON COUNTY 345 1 (0956),08:30,-219.26,
07/13/2024,,453132.0,NSP34056_MARS_SS_LYON_MARS_11_1_1,MARS_SS LYON_MARS_11_1 1 (LN/NSP/NSP),CEDAR MTN-LYON COUNTY 345 1 (0956),08:35,-209.03,
07/13/2024,,9768.0,MGE69009_EASTCAMP_6976_1,EASTCAMP 6976 1 (LN/MGE/MGE),EAST CAMPUS-WALNUT 69 (6975),08:40,-3.16,
07/13/2024,,453132.0,NSP34056_MARS_SS_LYON_MARS_11_1_1,MARS_SS LYON_MARS_11_1 1 (LN/NSP/NSP),CEDAR MTN-LYON COUNTY 345 1 (0956),08:40,-164.54,
07/13/2024,,453132.0,NSP34056_MARS_SS_LYON_MARS_11_1_1,MARS_SS LYON_MARS_11_1 1 (LN/NSP/NSP),CEDAR MTN-LYON COUNTY 345 1 (0956),08:45,-145.59,
07/13/2024,,453132.0,NSP34056_MARS_SS_LYON_MARS_11_1_1,MARS_SS LYON_MARS_11_1 1 (LN/NSP/NSP),CEDAR MTN-LYON COUNTY 345 1 (0956),08:50,-132.53,
07/13/2024,,453132.0,NSP34056_MARS_SS_LYON_MARS_11_1_1,MARS_SS LYON_MARS_11_1 1 (LN/NSP/NSP),CEDAR MTN-LYON COUNTY 345 1 (0956),08:55,-129.94,
07/13/2024,,453132.0,NSP34056_MARS_SS_LYON_MARS_11_1_1,MARS_SS LYON_MARS_11_1 1 (LN/NSP/NSP),CEDAR MTN-LYON COUNTY 345 1 (0956),09:00,-121.21,
07/13/2024,,453132.0,NSP34056_MARS_SS_LYON_MARS_11_1_1,MARS_SS LYON_MARS_11_1 1 (LN/NSP/NSP),CEDAR MTN-LYON COUNTY 345 1 (0956),09:05,-116.67,
07/13/2024,,453132.0,NSP34056_MARS_SS_LYON_MARS_11_1_1,MARS_SS LYON_MARS_11_1 1 (LN/NSP/NSP),CEDAR MTN-LYON COUNTY 345 1 (0956),09:10,-124.82,
07/13/2024,,209480.0,WEC13135_BLUEMOUN_5061_50,BLUEMOUN 5061 50 (LN/WEC/WEC),BLUEMOUND-BUTLER 138 (5051),09:10,-12.96,
07/13/2024,,453132.0,NSP34056_MARS_SS_LYON_MARS_11_1_1,MARS_SS LYON_MARS_11_1 1 (LN/NSP/NSP),CEDAR MTN-LYON COUNTY 345 1 (0956),09:15,-126.27,
07/13/2024,,209480.0,WEC13135_BLUEMOUN_5061_50,BLUEMOUN 5061 50 (LN/WEC/WEC),BLUEMOUND-BUTLER 138 (5051),09:15,-12.93,
07/13/2024,,453132.0,NSP34056_MARS_SS_LYON_MARS_11_1_1,MARS_SS LYON_MARS_11_1 1 (LN/NSP/NSP),CEDAR MTN-LYON COUNTY 345 1 (0956),09:20,-123.6,
07/13/2024,,209480.0,WEC13135_BLUEMOUN_5061_50,BLUEMOUN 5061 50 (LN/WEC/WEC),BLUEMOUND-BUTLER 138 (5051),09:20,-41.1,
07/13/2024,,453132.0,NSP34056_MARS_SS_LYON_MARS_11_1_1,MARS_SS LYON_MARS_11_1 1 (LN/NSP/NSP),CEDAR MTN-LYON COUNTY 345 1 (0956),09:25,-135.79,
07/13/2024,,209480.0,WEC13135_BLUEMOUN_5061_50,BLUEMOUN 5061 50 (LN/WEC/WEC),BLUEMOUND-BUTLER 138 (5051),09:25,-13.87,
07/13/2024,,453132.0,NSP34056_MARS_SS_LYON_MARS_11_1_1,MARS_SS LYON_MARS_11_1 1 (LN/NSP/NSP),CEDAR MTN-LYON COUNTY 345 1 (0956),09:30,-135.79,
07/13/2024,,209480.0,WEC13135_BLUEMOUN_5061_50,BLUEMOUN 5061 50 (LN/WEC/WEC),BLUEMOUND-BUTLER 138 (5051),09:30,-11.07,
07/13/2024,,453132.0,NSP34056_MARS_SS_LYON_MARS_11_1_1,MARS_SS LYON_MARS_11_1 1 (LN/NSP/NSP),CEDAR MTN-LYON COUNTY 345 1 (0956),09:35,-136.59,
07/13/2024,,209480.0,WEC13135_BLUEMOUN_5061_50,BLUEMOUN 5061 50 (LN/WEC/WEC),BLUEMOUND-BUTLER 138 (5051),09:35,-27.33,
07/13/2024,,331256.0,WEC13332_BLUFFCRK_WHIG53_2,BLUFFCRK WHIG53 2 (LN/WEC/WEC),UNIVERSITY - MUKWONAGO 138 (UNIG52,09:35,-1.63,
07/13/2024,,453132.0,NSP34056_MARS_SS_LYON_MARS_11_1_1,MARS_SS LYON_MARS_11_1 1 (LN/NSP/NSP),CEDAR MTN-LYON COUNTY 345 1 (0956),09:40,-136.58,
07/13/2024,,209480.0,WEC13135_BLUEMOUN_5061_50,BLUEMOUN 5061 50 (LN/WEC/WEC),BLUEMOUND-BUTLER 138 (5051),09:40,-8.74,
07/13/2024,,331256.0,WEC13332_BLUFFCRK_WHIG53_2,BLUFFCRK WHIG53 2 (LN/WEC/WEC),UNIVERSITY - MUKWONAGO 138 (UNIG52,09:40,-0.96,
07/13/2024,,453132.0,NSP34056_MARS_SS_LYON_MARS_11_1_1,MARS_SS LYON_MARS_11_1 1 (LN/NSP/NSP),CEDAR MTN-LYON COUNTY 345 1 (0956),09:45,-136.83,
07/13/2024,,209480.0,WEC13135_BLUEMOUN_5061_50,BLUEMOUN 5061 50 (LN/WEC/WEC),BLUEMOUND-BUTLER 138 (5051),09:45,-9.68,
07/13/2024,,331256.0,WEC13332_BLUFFCRK_WHIG53_2,BLUFFCRK WHIG53 2 (LN/WEC/WEC),UNIVERSITY - MUKWONAGO 138 (UNIG52,09:45,-1.12,
07/13/2024,,453132.0,NSP34056_MARS_SS_LYON_MARS_11_1_1,MARS_SS LYON_MARS_11_1 1 (LN/NSP/NSP),CEDAR MTN-LYON COUNTY 345 1 (0956),09:50,-135.33,
07/13/2024,,209480.0,WEC13135_BLUEMOUN_5061_50,BLUEMOUN 5061 50 (LN/WEC/WEC),BLUEMOUND-BUTLER 138 (5051),09:50,-12.59,
07/13/2024,,453132.0,NSP34056_MARS_SS_LYON_MARS_11_1_1,MARS_SS LYON_MARS_11_1 1 (LN/NSP/NSP),CEDAR MTN-LYON COUNTY 345 1 (0956),09:55,-136.03,
07/13/2024,,331256.0,WEC13332_BLUFFCRK_WHIG53_2,BLUFFCRK WHIG53 2 (LN/WEC/WEC),UNIVERSITY - MUKWONAGO 138 (UNIG52,09:55,-10.61,
07/13/2024,,453132.0,NSP34056_MARS_SS_LYON_MARS_11_1_1,MARS_SS LYON_MARS_11_1 1 (LN/NSP/NSP),CEDAR MTN-LYON COUNTY 345 1 (0956),10:00,-135.34,
07/13/2024,,209480.0,WEC13135_BLUEMOUN_5061_50,BLUEMOUN 5061 50 (LN/WEC/WEC),BLUEMOUND-BUTLER 138 (5051),10:00,-9.24,
07/13/2024,,331256.0,WEC13332_BLUFFCRK_WHIG53_2,BLUFFCRK WHIG53 2 (LN/WEC/WEC),UNIVERSITY - MUKWONAGO 138 (UNIG52,10:00,-48.18,
07/13/2024,,453132.0,NSP34056_MARS_SS_LYON_MARS_11_1_1,MARS_SS LYON_MARS_11_1 1 (LN/NSP/NSP),CEDAR MTN-LYON COUNTY 345 1 (0956),10:05,-137.09,
07/13/2024,,209480.0,WEC13135_BLUEMOUN_5061_50,BLUEMOUN 5061 50 (LN/WEC/WEC),BLUEMOUND-BUTLER 138 (5051),10:05,-77.05,
07/13/2024,,331256.0,WEC13332_BLUFFCRK_WHIG53_2,BLUFFCRK WHIG53 2 (LN/WEC/WEC),UNIVERSITY - MUKWONAGO 138 (UNIG52,10:05,-74.11,
07/13/2024,,453132.0,NSP34056_MARS_SS_LYON_MARS_11_1_1,MARS_SS LYON_MARS_11_1 1 (LN/NSP/NSP),CEDAR MTN-LYON COUNTY 345 1 (0956),10:10,-135.35,
07/13/2024,,209480.0,WEC13135_BLUEMOUN_5061_50,BLUEMOUN 5061 50 (LN/WEC/WEC),BLUEMOUND-BUTLER 138 (5051),10:10,-20.5,
07/13/2024,,331256.0,WEC13332_BLUFFCRK_WHIG53_2,BLUFFCRK WHIG53 2 (LN/WEC/WEC),UNIVERSITY - MUKWONAGO 138 (UNIG52,10:10,-53.87,
07/13/2024,,453132.0,NSP34056_MARS_SS_LYON_MARS_11_1_1,MARS_SS LYON_MARS_11_1 1 (LN/NSP/NSP),CEDAR MTN-LYON COUNTY 345 1 (0956),10:15,-139.63,
07/13/2024,,209480.0,WEC13135_BLUEMOUN_5061_50,BLUEMOUN 5061 50 (LN/WEC/WEC),BLUEMOUND-BUTLER 138 (5051),10:15,-125.51,
07/13/2024,,331256.0,WEC13332_BLUFFCRK_WHIG53_2,BLUFFCRK WHIG53 2 (LN/WEC/WEC),UNIVERSITY - MUKWONAGO 138 (UNIG52,10:15,-120.28,
07/13/2024,,453132.0,NSP34056_MARS_SS_LYON_MARS_11_1_1,MARS_SS LYON_MARS_11_1 1 (LN/NSP/NSP),CEDAR MTN-LYON COUNTY 345 1 (0956),10:20,-54.07,
07/13/2024,29652.0,248380.0,TMP151_S3_Granitfalls_115kv_lLN_ftlo_LyonCo_Ceda,S3 S3GRANI11_1 1 (LN/WAUE/WAUE),CEDAR MTN-LYON COUNTY 345 1 (0956),10:20,-121.69,
07/13/2024,,209480.0,WEC13135_BLUEMOUN_5061_50,BLUEMOUN 5061 50 (LN/WEC/WEC),BLUEMOUND-BUTLER 138 (5051),10:20,-80.37,
07/13/2024,,331256.0,WEC13332_BLUFFCRK_WHIG53_2,BLUFFCRK WHIG53 2 (LN/WEC/WEC),UNIVERSITY - MUKWONAGO 138 (UNIG52,10:20,-159.45000000000002,
07/13/2024,26900.0,197604.0,Butler_Bluemound_138_5061_flo_Arcadian_Granvil_3,BLUEMOUN 5061 50 (LN/WEC/WEC),ARCADIAN-GRANVILLE 345 (9911),10:25,-90.89,
07/13/2024,,453132.0,NSP34056_MARS_SS_LYON_MARS_11_1_1,MARS_SS LYON_MARS_11_1 1 (LN/NSP/NSP),CEDAR MTN-LYON COUNTY 345 1 (0956),10:25,-136.93,
07/13/2024,,331256.0,WEC13332_BLUFFCRK_WHIG53_2,BLUFFCRK WHIG53 2 (LN/WEC/WEC),UNIVERSITY - MUKWONAGO 138 (UNIG52,10:25,-15.09,
07/13/2024,26900.0,197604.0,Butler_Bluemound_138_5061_flo_Arcadian_Granvil_3,BLUEMOUN 5061 50 (LN/WEC/WEC),ARCADIAN-GRANVILLE 345 (9911),10:30,-73.29,
07/13/2024,,453132.0,NSP34056_MARS_SS_LYON_MARS_11_1_1,MARS_SS LYON_MARS_11_1 1 (LN/NSP/NSP),CEDAR MTN-LYON COUNTY 345 1 (0956),10:30,-134.24,
07/13/2024,,331256.0,WEC13332_BLUFFCRK_WHIG53_2,BLUFFCRK WHIG53 2 (LN/WEC/WEC),UNIVERSITY - MUKWONAGO 138 (UNIG52,10:30,-11.08,
07/13/2024,26900.0,197604.0,Butler_Bluemound_138_5061_flo_Arcadian_Granvil_3,BLUEMOUN 5061 50 (LN/WEC/WEC),ARCADIAN-GRANVILLE 345 (9911),10:35,-104.18,
07/13/2024,,453132.0,NSP34056_MARS_SS_LYON_MARS_11_1_1,MARS_SS LYON_MARS_11_1 1 (LN/NSP/NSP),CEDAR MTN-LYON COUNTY 345 1 (0956),10:35,-125.04,
07/13/2024,29652.0,248380.0,TMP151_S3_Granitfalls_115kv_lLN_ftlo_LyonCo_Ceda,S3 S3GRANI11_1 1 (LN/WAUE/WAUE),CEDAR MTN-LYON COUNTY 345 1 (0956),10:35,-18.080000000000002,
07/13/2024,,331256.0,WEC13332_BLUFFCRK_WHIG53_2,BLUFFCRK WHIG53 2 (LN/WEC/WEC),UNIVERSITY - MUKWONAGO 138 (UNIG52,10:35,-15.12,
07/13/2024,26900.0,197604.0,Butler_Bluemound_138_5061_flo_Arcadian_Granvil_3,BLUEMOUN 5061 50 (LN/WEC/WEC),ARCADIAN-GRANVILLE 345 (9911),10:40,-58.93,
07/13/2024,29652.0,248380.0,TMP151_S3_Granitfalls_115kv_lLN_ftlo_LyonCo_Ceda,S3 S3GRANI11_1 1 (LN/WAUE/WAUE),CEDAR MTN-LYON COUNTY 345 1 (0956),10:40,-199.64,
07/13/2024,,331256.0,WEC13332_BLUFFCRK_WHIG53_2,BLUFFCRK WHIG53 2 (LN/WEC/WEC),UNIVERSITY - MUKWONAGO 138 (UNIG52,10:40,-12.25,
07/13/2024,29652.0,248380.0,TMP151_S3_Granitfalls_115kv_lLN_ftlo_LyonCo_Ceda,S3 S3GRANI11_1 1 (LN/WAUE/WAUE),CEDAR MTN-LYON COUNTY 345 1 (0956),10:45,-200.98,
07/13/2024,,331256.0,WEC13332_BLUFFCRK_WHIG53_2,BLUFFCRK WHIG53 2 (LN/WEC/WEC),UNIVERSITY - MUKWONAGO 138 (UNIG52,10:45,-15.52,
07/13/2024,,3463.0,WEC13347_GRANVILL_3443_34,GRANVILL 3443 34 (LN/WEC/WEC),BUTLER-GRANVILLE 138 (3453),10:45,-52.96,
07/13/2024,29652.0,248380.0,TMP151_S3_Granitfalls_115kv_lLN_ftlo_LyonCo_Ceda,S3 S3GRANI11_1 1 (LN/WAUE/WAUE),CEDAR MTN-LYON COUNTY 345 1 (0956),10:50,-349.91,
07/13/2024,,331256.0,WEC13332_BLUFFCRK_WHIG53_2,BLUFFCRK WHIG53 2 (LN/WEC/WEC),UNIVERSITY - MUKWONAGO 138 (UNIG52,10:50,-13.17,
07/13/2024,,3463.0,WEC13347_GRANVILL_3443_34,GRANVILL 3443 34 (LN/WEC/WEC),BUTLER-GRANVILLE 138 (3453),10:50,-32.24,
07/13/2024,,453132.0,NSP34056_MARS_SS_LYON_MARS_11_1_1,MARS_SS LYON_MARS_11_1 1 (LN/NSP/NSP),CEDAR MTN-LYON COUNTY 345 1 (0956),10:55,-136.83,
07/13/2024,,331256.0,WEC13332_BLUFFCRK_WHIG53_2,BLUFFCRK WHIG53 2 (LN/WEC/WEC),UNIVERSITY - MUKWONAGO 138 (UNIG52,10:55,-11.79,
07/13/2024,,3463.0,WEC13347_GRANVILL_3443_34,GRANVILL 3443 34 (LN/WEC/WEC),BUTLER-GRANVILLE 138 (3453),10:55,-25.07,
07/13/2024,,453132.0,NSP34056_MARS_SS_LYON_MARS_11_1_1,MARS_SS LYON_MARS_11_1 1 (LN/NSP/NSP),CEDAR MTN-LYON COUNTY 345 1 (0956),11:00,-138.3,
07/13/2024,,331256.0,WEC13332_BLUFFCRK_WHIG53_2,BLUFFCRK WHIG53 2 (LN/WEC/WEC),UNIVERSITY - MUKWONAGO 138 (UNIG52,11:00,-18.17,
07/13/2024,,3463.0,WEC13347_GRANVILL_3443_34,GRANVILL 3443 34 (LN/WEC/WEC),BUTLER-GRANVILLE 138 (3453),11:00,-81.19,
07/13/2024,,453132.0,NSP34056_MARS_SS_LYON_MARS_11_1_1,MARS_SS LYON_MARS_11_1 1 (LN/NSP/NSP),CEDAR MTN-LYON COUNTY 345 1 (0956),11:05,-132.22,
07/13/2024,,331256.0,WEC13332_BLUFFCRK_WHIG53_2,BLUFFCRK WHIG53 2 (LN/WEC/WEC),UNIVERSITY - MUKWONAGO 138 (UNIG52,11:05,-22.14,
07/13/2024,,3463.0,WEC13347_GRANVILL_3443_34,GRANVILL 3443 34 (LN/WEC/WEC),BUTLER-GRANVILLE 138 (3453),11:05,-48.74,
07/13/2024,,453132.0,NSP34056_MARS_SS_LYON_MARS_11_1_1,MARS_SS LYON_MARS_11_1 1 (LN/NSP/NSP),CEDAR MTN-LYON COUNTY 345 1 (0956),11:10,-134.47,
07/13/2024,,331256.0,WEC13332_BLUFFCRK_WHIG53_2,BLUFFCRK WHIG53 2 (LN/WEC/WEC),UNIVERSITY - MUKWONAGO 138 (UNIG52,11:10,-25.64,
07/13/2024,,3463.0,WEC13347_GRANVILL_3443_34,GRANVILL 3443 34 (LN/WEC/WEC),BUTLER-GRANVILLE 138 (3453),11:10,-154.44,
07/13/2024,29652.0,248380.0,TMP151_S3_Granitfalls_115kv_lLN_ftlo_LyonCo_Ceda,S3 S3GRANI11_1 1 (LN/WAUE/WAUE),CEDAR MTN-LYON COUNTY 345 1 (0956),11:15,-197.63,
07/13/2024,,331256.0,WEC13332_BLUFFCRK_WHIG53_2,BLUFFCRK WHIG53 2 (LN/WEC/WEC),UNIVERSITY - MUKWONAGO 138 (UNIG52,11:15,-59.04,
07/13/2024,,3463.0,WEC13347_GRANVILL_3443_34,GRANVILL 3443 34 (LN/WEC/WEC),BUTLER-GRANVILLE 138 (3453),11:15,-131.26,
07/13/2024,29652.0,248380.0,TMP151_S3_Granitfalls_115kv_lLN_ftlo_LyonCo_Ceda,S3 S3GRANI11_1 1 (LN/WAUE/WAUE),CEDAR MTN-LYON COUNTY 345 1 (0956),11:20,-196.35,
07/13/2024,,331256.0,WEC13332_BLUFFCRK_WHIG53_2,BLUFFCRK WHIG53 2 (LN/WEC/WEC),UNIVERSITY - MUKWONAGO 138 (UNIG52,11:20,-70.65,
07/13/2024,,3463.0,WEC13347_GRANVILL_3443_34,GRANVILL 3443 34 (LN/WEC/WEC),BUTLER-GRANVILLE 138 (3453),11:20,-132.11,
07/13/2024,29652.0,248380.0,TMP151_S3_Granitfalls_115kv_lLN_ftlo_LyonCo_Ceda,S3 S3GRANI11_1 1 (LN/WAUE/WAUE),CEDAR MTN-LYON COUNTY 345 1 (0956),11:25,-1398.52,
07/13/2024,,331256.0,WEC13332_BLUFFCRK_WHIG53_2,BLUFFCRK WHIG53 2 (LN/WEC/WEC),UNIVERSITY - MUKWONAGO 138 (UNIG52,11:25,-56.22,
07/13/2024,,3463.0,WEC13347_GRANVILL_3443_34,GRANVILL 3443 34 (LN/WEC/WEC),BUTLER-GRANVILLE 138 (3453),11:25,-99.2,
07/13/2024,,453132.0,NSP34056_MARS_SS_LYON_MARS_11_1_1,MARS_SS LYON_MARS_11_1 1 (LN/NSP/NSP),CEDAR MTN-LYON COUNTY 345 1 (0956),11:30,-135.36,
07/13/2024,,331256.0,WEC13332_BLUFFCRK_WHIG53_2,BLUFFCRK WHIG53 2 (LN/WEC/WEC),UNIVERSITY - MUKWONAGO 138 (UNIG52,11:30,-23.59,
07/13/2024,,3463.0,WEC13347_GRANVILL_3443_34,GRANVILL 3443 34 (LN/WEC/WEC),BUTLER-GRANVILLE 138 (3453),11:30,-115.43,
07/13/2024,,453132.0,NSP34056_MARS_SS_LYON_MARS_11_1_1,MARS_SS LYON_MARS_11_1 1 (LN/NSP/NSP),CEDAR MTN-LYON COUNTY 345 1 (0956),11:35,-141.58,
07/13/2024,27825.0,165228.0,TMP432_Split_Rock_NSP_Sioux_Falls_230kV_ftlo_Spl,SIOUXFL SIOUXSPLIT23_1 1 (LN/WAUE/NSP),SPLIT ROCK - SIOUX CITY 345,11:35,-34.11,
07/13/2024,,331256.0,WEC13332_BLUFFCRK_WHIG53_2,BLUFFCRK WHIG53 2 (LN/WEC/WEC),UNIVERSITY - MUKWONAGO 138 (UNIG52,11:35,-32.55,
07/13/2024,,3463.0,WEC13347_GRANVILL_3443_34,GRANVILL 3443 34 (LN/WEC/WEC),BUTLER-GRANVILLE 138 (3453),11:35,-116.44,
07/13/2024,,453132.0,NSP34056_MARS_SS_LYON_MARS_11_1_1,MARS_SS LYON_MARS_11_1 1 (LN/NSP/NSP),CEDAR MTN-LYON COUNTY 345 1 (0956),11:40,-142.05,
07/13/2024,,331256.0,WEC13332_BLUFFCRK_WHIG53_2,BLUFFCRK WHIG53 2 (LN/WEC/WEC),UNIVERSITY - MUKWONAGO 138 (UNIG52,11:40,-28.35,
07/13/2024,,3463.0,WEC13347_GRANVILL_3443_34,GRANVILL 3443 34 (LN/WEC/WEC),BUTLER-GRANVILLE 138 (3453),11:40,-94.61,
07/13/2024,,453132.0,NSP34056_MARS_SS_LYON_MARS_11_1_1,MARS_SS LYON_MARS_11_1 1 (LN/NSP/NSP),CEDAR MTN-LYON COUNTY 345 1 (0956),11:45,-138.92000000000002,
07/13/2024,,331256.0,WEC13332_BLUFFCRK_WHIG53_2,BLUFFCRK WHIG53 2 (LN/WEC/WEC),UNIVERSITY - MUKWONAGO 138 (UNIG52,11:45,-29.08,
07/13/2024,,3463.0,WEC13347_GRANVILL_3443_34,GRANVILL 3443 34 (LN/WEC/WEC),BUTLER-GRANVILLE 138 (3453),11:45,-121.73,
07/13/2024,29652.0,248380.0,TMP151_S3_Granitfalls_115kv_lLN_ftlo_LyonCo_Ceda,S3 S3GRANI11_1 1 (LN/WAUE/WAUE),CEDAR MTN-LYON COUNTY 345 1 (0956),11:50,-218.45,
07/13/2024,,331256.0,WEC13332_BLUFFCRK_WHIG53_2,BLUFFCRK WHIG53 2 (LN/WEC/WEC),UNIVERSITY - MUKWONAGO 138 (UNIG52,11:50,-32.13,
07/13/2024,,3463.0,WEC13347_GRANVILL_3443_34,GRANVILL 3443 34 (LN/WEC/WEC),BUTLER-GRANVILLE 138 (3453),11:50,-130.59,
07/13/2024,29652.0,248380.0,TMP151_S3_Granitfalls_115kv_lLN_ftlo_LyonCo_Ceda,S3 S3GRANI11_1 1 (LN/WAUE/WAUE),CEDAR MTN-LYON COUNTY 345 1 (0956),11:55,-472.15,
07/13/2024,,331256.0,WEC13332_BLUFFCRK_WHIG53_2,BLUFFCRK WHIG53 2 (LN/WEC/WEC),UNIVERSITY - MUKWONAGO 138 (UNIG52,11:55,-38.18,
07/13/2024,,3463.0,WEC13347_GRANVILL_3443_34,GRANVILL 3443 34 (LN/WEC/WEC),BUTLER-GRANVILLE 138 (3453),11:55,-144.89000000000001,
07/13/2024,29652.0,248380.0,TMP151_S3_Granitfalls_115kv_lLN_ftlo_LyonCo_Ceda,S3 S3GRANI11_1 1 (LN/WAUE/WAUE),CEDAR MTN-LYON COUNTY 345 1 (0956),12:00,-1456.83,
07/13/2024,,331256.0,WEC13332_BLUFFCRK_WHIG53_2,BLUFFCRK WHIG53 2 (LN/WEC/WEC),UNIVERSITY - MUKWONAGO 138 (UNIG52,12:00,-51.59,
07/13/2024,,3463.0,WEC13347_GRANVILL_3443_34,GRANVILL 3443 34 (LN/WEC/WEC),BUTLER-GRANVILLE 138 (3453),12:00,-177.42,
07/13/2024,,453132.0,NSP34056_MARS_SS_LYON_MARS_11_1_1,MARS_SS LYON_MARS_11_1 1 (LN/NSP/NSP),CEDAR MTN-LYON COUNTY 345 1 (0956),12:05,-134.42000000000002,
07/13/2024,27825.0,165228.0,TMP432_Split_Rock_NSP_Sioux_Falls_230kV_ftlo_Spl,SIOUXFL SIOUXSPLIT23_1 1 (LN/WAUE/NSP),SPLIT ROCK - SIOUX CITY 345,12:05,-4.7,
07/13/2024,,331256.0,WEC13332_BLUFFCRK_WHIG53_2,BLUFFCRK WHIG53 2 (LN/WEC/WEC),UNIVERSITY - MUKWONAGO 138 (UNIG52,12:05,-24.93,
07/13/2024,,3463.0,WEC13347_GRANVILL_3443_34,GRANVILL 3443 34 (LN/WEC/WEC),BUTLER-GRANVILLE 138 (3453),12:05,-105.07,
07/13/2024,29707.0,244312.0,Erie_Road_S3_115kV_flo_Cedar_Mt_Lyon_Co_345kV,ERIE_RD ERIE_S311_1 1 (LN/NSP/WAUE),CEDAR MTN-LYON COUNTY 345 1 (0956),12:10,-116.75,
07/13/2024,,453132.0,NSP34056_MARS_SS_LYON_MARS_11_1_1,MARS_SS LYON_MARS_11_1 1 (LN/NSP/NSP),CEDAR MTN-LYON COUNTY 345 1 (0956),12:10,-53.92,
07/13/2024,5665.0,77127.0,Raun_Tekamho_161kV_ftlo_Raun_Ft_Cal_345kV,RAUN RAUNTEKAM16_1 1 (LN/MEC/OPPD),FORT CALHOUN-RAUN 345,12:10,-64.65,
07/13/2024,,331256.0,WEC13332_BLUFFCRK_WHIG53_2,BLUFFCRK WHIG53 2 (LN/WEC/WEC),UNIVERSITY - MUKWONAGO 138 (UNIG52,12:10,-24.51,
07/13/2024,,3463.0,WEC13347_GRANVILL_3443_34,GRANVILL 3443 34 (LN/WEC/WEC),BUTLER-GRANVILLE 138 (3453),12:10,-109.07,
07/13/2024,,453132.0,NSP34056_MARS_SS_LYON_MARS_11_1_1,MARS_SS LYON_MARS_11_1 1 (LN/NSP/NSP),CEDAR MTN-LYON COUNTY 345 1 (0956),12:15,-139.94,
07/13/2024,,331256.0,WEC13332_BLUFFCRK_WHIG53_2,BLUFFCRK WHIG53 2 (LN/WEC/WEC),UNIVERSITY - MUKWONAGO 138 (UNIG52,12:15,-31.04,
07/13/2024,,3463.0,WEC13347_GRANVILL_3443_34,GRANVILL 3443 34 (LN/WEC/WEC),BUTLER-GRANVILLE 138 (3453),12:15,-125.57,
07/13/2024,,453132.0,NSP34056_MARS_SS_LYON_MARS_11_1_1,MARS_SS LYON_MARS_11_1 1 (LN/NSP/NSP),CEDAR MTN-LYON COUNTY 345 1 (0956),12:20,-138.45000000000002,
07/13/2024,5665.0,77127.0,Raun_Tekamho_161kV_ftlo_Raun_Ft_Cal_345kV,RAUN RAUNTEKAM16_1 1 (LN/MEC/OPPD),FORT CALHOUN-RAUN 345,12:20,-164.78,
07/13/2024,,331256.0,WEC13332_BLUFFCRK_WHIG53_2,BLUFFCRK WHIG53 2 (LN/WEC/WEC),UNIVERSITY - MUKWONAGO 138 (UNIG52,12:20,-41.35,
07/13/2024,,3463.0,WEC13347_GRANVILL_3443_34,GRANVILL 3443 34 (LN/WEC/WEC),BUTLER-GRANVILLE 138 (3453),12:20,-152.55,
07/13/2024,5665.0,77127.0,Raun_Tekamho_161kV_ftlo_Raun_Ft_Cal_345kV,RAUN RAUNTEKAM16_1 1 (LN/MEC/OPPD),FORT CALHOUN-RAUN 345,12:25,-127.35,
07/13/2024,29652.0,248380.0,TMP151_S3_Granitfalls_115kv_lLN_ftlo_LyonCo_Ceda,S3 S3GRANI11_1 1 (LN/WAUE/WAUE),CEDAR MTN-LYON COUNTY 345 1 (0956),12:25,-202.34,
07/13/2024,27825.0,165228.0,TMP432_Split_Rock_NSP_Sioux_Falls_230kV_ftlo_Spl,SIOUXFL SIOUXSPLIT23_1 1 (LN/WAUE/NSP),SPLIT ROCK - SIOUX CITY 345,12:25,-6.36,
07/13/2024,,331256.0,WEC13332_BLUFFCRK_WHIG53_2,BLUFFCRK WHIG53 2 (LN/WEC/WEC),UNIVERSITY - MUKWONAGO 138 (UNIG52,12:25,-40.09,
07/13/2024,,3463.0,WEC13347_GRANVILL_3443_34,GRANVILL 3443 34 (LN/WEC/WEC),BUTLER-GRANVILLE 138 (3453),12:25,-148.81,
07/13/2024,29652.0,248380.0,TMP151_S3_Granitfalls_115kv_lLN_ftlo_LyonCo_Ceda,S3 S3GRANI11_1 1 (LN/WAUE/WAUE),CEDAR MTN-LYON COUNTY 345 1 (0956),12:30,-212.41,
07/13/2024,27825.0,165228.0,TMP432_Split_Rock_NSP_Sioux_Falls_230kV_ftlo_Spl,SIOUXFL SIOUXSPLIT23_1 1 (LN/WAUE/NSP),SPLIT ROCK - SIOUX CITY 345,12:30,-26.15,
07/13/2024,,331256.0,WEC13332_BLUFFCRK_WHIG53_2,BLUFFCRK WHIG53 2 (LN/WEC/WEC),UNIVERSITY - MUKWONAGO 138 (UNIG52,12:30,-44.38,
07/13/2024,,3463.0,WEC13347_GRANVILL_3443_34,GRANVILL 3443 34 (LN/WEC/WEC),BUTLER-GRANVILLE 138 (3453),12:30,-160.70000000000002,
07/13/2024,29652.0,248380.0,TMP151_S3_Granitfalls_115kv_lLN_ftlo_LyonCo_Ceda,S3 S3GRANI11_1 1 (LN/WAUE/WAUE),CEDAR MTN-LYON COUNTY 345 1 (0956),12:35,-495.7,
07/13/2024,,331256.0,WEC13332_BLUFFCRK_WHIG53_2,BLUFFCRK WHIG53 2 (LN/WEC/WEC),UNIVERSITY - MUKWONAGO 138 (UNIG52,12:35,-53.76,
07/13/2024,,3463.0,WEC13347_GRANVILL_3443_34,GRANVILL 3443 34 (LN/WEC/WEC),BUTLER-GRANVILLE 138 (3453),12:35,-178.09,
07/13/2024,29652.0,248380.0,TMP151_S3_Granitfalls_115kv_lLN_ftlo_LyonCo_Ceda,S3 S3GRANI11_1 1 (LN/WAUE/WAUE),CEDAR MTN-LYON COUNTY 345 1 (0956),12:40,-1475.14,
07/13/2024,,331256.0,WEC13332_BLUFFCRK_WHIG53_2,BLUFFCRK WHIG53 2 (LN/WEC/WEC),UNIVERSITY - MUKWONAGO 138 (UNIG52,12:40,-85.53,
07/13/2024,,3463.0,WEC13347_GRANVILL_3443_34,GRANVILL 3443 34 (LN/WEC/WEC),BUTLER-GRANVILLE 138 (3453),12:40,-260.43,
07/13/2024,,453132.0,NSP34056_MARS_SS_LYON_MARS_11_1_1,MARS_SS LYON_MARS_11_1 1 (LN/NSP/NSP),CEDAR MTN-LYON COUNTY 345 1 (0956),12:45,-139.85,
07/13/2024,5665.0,77127.0,Raun_Tekamho_161kV_ftlo_Raun_Ft_Cal_345kV,RAUN RAUNTEKAM16_1 1 (LN/MEC/OPPD),FORT CALHOUN-RAUN 345,12:45,-356.93,
07/13/2024,,331256.0,WEC13332_BLUFFCRK_WHIG53_2,BLUFFCRK WHIG53 2 (LN/WEC/WEC),UNIVERSITY - MUKWONAGO 138 (UNIG52,12:45,-59.35,
07/13/2024,,3463.0,WEC13347_GRANVILL_3443_34,GRANVILL 3443 34 (LN/WEC/WEC),BUTLER-GRANVILLE 138 (3453),12:45,-193.35,
07/13/2024,,4862.0,WPS69038_NEAST_K-11_2_2,NEAST K-11_2 2 (LN/WPS/WPS),MANRAP-SHOTO 69 (C-55),12:45,-1.87,
07/13/2024,,453132.0,NSP34056_MARS_SS_LYON_MARS_11_1_1,MARS_SS LYON_MARS_11_1 1 (LN/NSP/NSP),CEDAR MTN-LYON COUNTY 345 1 (0956),12:50,-141.47,
07/13/2024,5665.0,77127.0,Raun_Tekamho_161kV_ftlo_Raun_Ft_Cal_345kV,RAUN RAUNTEKAM16_1 1 (LN/MEC/OPPD),FORT CALHOUN-RAUN 345,12:50,-363.24,
07/13/2024,,331256.0,WEC13332_BLUFFCRK_WHIG53_2,BLUFFCRK WHIG53 2 (LN/WEC/WEC),UNIVERSITY - MUKWONAGO 138 (UNIG52,12:50,-62.33,
07/13/2024,,3463.0,WEC13347_GRANVILL_3443_34,GRANVILL 3443 34 (LN/WEC/WEC),BUTLER-GRANVILLE 138 (3453),12:50,-201.88,
07/13/2024,,4862.0,WPS69038_NEAST_K-11_2_2,NEAST K-11_2 2 (LN/WPS/WPS),MANRAP-SHOTO 69 (C-55),12:50,-400.0,
07/13/2024,,455218.0,BASE_CRAWFISH_WEC_6654_90,CRAWFISH WEC_6654 90 (LN/WEC/WEC),,12:55,-133.86,
07/13/2024,,453132.0,NSP34056_MARS_SS_LYON_MARS_11_1_1,MARS_SS LYON_MARS_11_1 1 (LN/NSP/NSP),CEDAR MTN-LYON COUNTY 345 1 (0956),12:55,-142.74,
07/13/2024,5665.0,77127.0,Raun_Tekamho_161kV_ftlo_Raun_Ft_Cal_345kV,RAUN RAUNTEKAM16_1 1 (LN/MEC/OPPD),FORT CALHOUN-RAUN 345,12:55,-160.22,
07/13/2024,,331256.0,WEC13332_BLUFFCRK_WHIG53_2,BLUFFCRK WHIG53 2 (LN/WEC/WEC),UNIVERSITY - MUKWONAGO 138 (UNIG52,12:55,-56.37,
07/13/2024,,3463.0,WEC13347_GRANVILL_3443_34,GRANVILL 3443 34 (LN/WEC/WEC),BUTLER-GRANVILLE 138 (3453),12:55,-230.42,
07/13/2024,,4862.0,WPS69038_NEAST_K-11_2_2,NEAST K-11_2 2 (LN/WPS/WPS),MANRAP-SHOTO 69 (C-55),12:55,-3.76,
07/13/2024,,273204.0,BASE_ROCKDAL1_66320_66,ROCKDAL1 66320 66 (LN/ALTE/WEC),,13:00,-28.45,
07/13/2024,,453132.0,NSP34056_MARS_SS_LYON_MARS_11_1_1,MARS_SS LYON_MARS_11_1 1 (LN/NSP/NSP),CEDAR MTN-LYON COUNTY 345 1 (0956),13:00,-135.22,
07/13/2024,5665.0,77127.0,Raun_Tekamho_161kV_ftlo_Raun_Ft_Cal_345kV,RAUN RAUNTEKAM16_1 1 (LN/MEC/OPPD),FORT CALHOUN-RAUN 345,13:00,-41.76,
07/13/2024,,331256.0,WEC13332_BLUFFCRK_WHIG53_2,BLUFFCRK WHIG53 2 (LN/WEC/WEC),UNIVERSITY - MUKWONAGO 138 (UNIG52,13:00,-27.14,
07/13/2024,,3463.0,WEC13347_GRANVILL_3443_34,GRANVILL 3443 34 (LN/WEC/WEC),BUTLER-GRANVILLE 138 (3453),13:00,-114.96,
07/13/2024,,4862.0,WPS69038_NEAST_K-11_2_2,NEAST K-11_2 2 (LN/WPS/WPS),MANRAP-SHOTO 69 (C-55),13:00,-2.43,
07/13/2024,,273204.0,BASE_ROCKDAL1_66320_66,ROCKDAL1 66320 66 (LN/ALTE/WEC),,13:05,-34.84,
07/13/2024,29652.0,248380.0,TMP151_S3_Granitfalls_115kv_lLN_ftlo_LyonCo_Ceda,S3 S3GRANI11_1 1 (LN/WAUE/WAUE),CEDAR MTN-LYON COUNTY 345 1 (0956),13:05,-201.53,
07/13/2024,,331256.0,WEC13332_BLUFFCRK_WHIG53_2,BLUFFCRK WHIG53 2 (LN/WEC/WEC),UNIVERSITY - MUKWONAGO 138 (UNIG52,13:05,-28.96,
07/13/2024,,3463.0,WEC13347_GRANVILL_3443_34,GRANVILL 3443 34 (LN/WEC/WEC),BUTLER-GRANVILLE 138 (3453),13:05,-123.3,
07/13/2024,,4862.0,WPS69038_NEAST_K-11_2_2,NEAST K-11_2 2 (LN/WPS/WPS),MANRAP-SHOTO 69 (C-55),13:05,-2.72,
07/13/2024,,273204.0,BASE_ROCKDAL1_66320_66,ROCKDAL1 66320 66 (LN/ALTE/WEC),,13:10,-100.27,
07/13/2024,29652.0,248380.0,TMP151_S3_Granitfalls_115kv_lLN_ftlo_LyonCo_Ceda,S3 S3GRANI11_1 1 (LN/WAUE/WAUE),CEDAR MTN-LYON COUNTY 345 1 (0956),13:10,-428.68,
07/13/2024,,331256.0,WEC13332_BLUFFCRK_WHIG53_2,BLUFFCRK WHIG53 2 (LN/WEC/WEC),UNIVERSITY - MUKWONAGO 138 (UNIG52,13:10,-45.96,
07/13/2024,,3463.0,WEC13347_GRANVILL_3443_34,GRANVILL 3443 34 (LN/WEC/WEC),BUTLER-GRANVILLE 138 (3453),13:10,-174.17,
07/13/2024,,455218.0,BASE_CRAWFISH_WEC_6654_90,CRAWFISH WEC_6654 90 (LN/WEC/WEC),,13:15,-98.92,
07/13/2024,29652.0,248380.0,TMP151_S3_Granitfalls_115kv_lLN_ftlo_LyonCo_Ceda,S3 S3GRANI11_1 1 (LN/WAUE/WAUE),CEDAR MTN-LYON COUNTY 345 1 (0956),13:15,-882.69,
07/13/2024,,331256.0,WEC13332_BLUFFCRK_WHIG53_2,BLUFFCRK WHIG53 2 (LN/WEC/WEC),UNIVERSITY - MUKWONAGO 138 (UNIG52,13:15,-32.1,
07/13/2024,,273204.0,BASE_ROCKDAL1_66320_66,ROCKDAL1 66320 66 (LN/ALTE/WEC),,13:20,-36.78,
07/13/2024,,453132.0,NSP34056_MARS_SS_LYON_MARS_11_1_1,MARS_SS LYON_MARS_11_1 1 (LN/NSP/NSP),CEDAR MTN-LYON COUNTY 345 1 (0956),13:20,-135.49,
07/13/2024,5665.0,77127.0,Raun_Tekamho_161kV_ftlo_Raun_Ft_Cal_345kV,RAUN RAUNTEKAM16_1 1 (LN/MEC/OPPD),FORT CALHOUN-RAUN 345,13:20,-59.06,
07/13/2024,,331256.0,WEC13332_BLUFFCRK_WHIG53_2,BLUFFCRK WHIG53 2 (LN/WEC/WEC),UNIVERSITY - MUKWONAGO 138 (UNIG52,13:20,-25.83,
07/13/2024,,3463.0,WEC13347_GRANVILL_3443_34,GRANVILL 3443 34 (LN/WEC/WEC),BUTLER-GRANVILLE 138 (3453),13:20,-94.1,
07/13/2024,,273204.0,BASE_ROCKDAL1_66320_66,ROCKDAL1 66320 66 (LN/ALTE/WEC),,13:25,-30.71,
07/13/2024,,453132.0,NSP34056_MARS_SS_LYON_MARS_11_1_1,MARS_SS LYON_MARS_11_1 1 (LN/NSP/NSP),CEDAR MTN-LYON COUNTY 345 1 (0956),13:25,-137.12,
07/13/2024,5665.0,77127.0,Raun_Tekamho_161kV_ftlo_Raun_Ft_Cal_345kV,RAUN RAUNTEKAM16_1 1 (LN/MEC/OPPD),FORT CALHOUN-RAUN 345,13:25,-25.43,
07/13/2024,,331256.0,WEC13332_BLUFFCRK_WHIG53_2,BLUFFCRK WHIG53 2 (LN/WEC/WEC),UNIVERSITY - MUKWONAGO 138 (UNIG52,13:25,-27.19,
07/13/2024,,3463.0,WEC13347_GRANVILL_3443_34,GRANVILL 3443 34 (LN/WEC/WEC),BUTLER-GRANVILLE 138 (3453),13:25,-118.7,
07/13/2024,,4862.0,WPS69038_NEAST_K-11_2_2,NEAST K-11_2 2 (LN/WPS/WPS),MANRAP-SHOTO 69 (C-55),13:25,-400.0,
07/13/2024,,273204.0,BASE_ROCKDAL1_66320_66,ROCKDAL1 66320 66 (LN/ALTE/WEC),,13:30,-67.82000000000001,
07/13/2024,,453132.0,NSP34056_MARS_SS_LYON_MARS_11_1_1,MARS_SS LYON_MARS_11_1 1 (LN/NSP/NSP),CEDAR MTN-LYON COUNTY 345 1 (0956),13:30,-143.42000000000002,
07/13/2024,,331256.0,WEC13332_BLUFFCRK_WHIG53_2,BLUFFCRK WHIG53 2 (LN/WEC/WEC),UNIVERSITY - MUKWONAGO 138 (UNIG52,13:30,-35.31,
07/13/2024,,3463.0,WEC13347_GRANVILL_3443_34,GRANVILL 3443 34 (LN/WEC/WEC),BUTLER-GRANVILLE 138 (3453),13:30,-126.32,
07/13/2024,,273204.0,BASE_ROCKDAL1_66320_66,ROCKDAL1 66320 66 (LN/ALTE/WEC),,13:35,-70.52,
07/13/2024,,453132.0,NSP34056_MARS_SS_LYON_MARS_11_1_1,MARS_SS LYON_MARS_11_1 1 (LN/NSP/NSP),CEDAR MTN-LYON COUNTY 345 1 (0956),13:35,-138.88,
07/13/2024,5665.0,77127.0,Raun_Tekamho_161kV_ftlo_Raun_Ft_Cal_345kV,RAUN RAUNTEKAM16_1 1 (LN/MEC/OPPD),FORT CALHOUN-RAUN 345,13:35,-78.83,
07/13/2024,,331256.0,WEC13332_BLUFFCRK_WHIG53_2,BLUFFCRK WHIG53 2 (LN/WEC/WEC),UNIVERSITY - MUKWONAGO 138 (UNIG52,13:35,-36.18,
07/13/2024,,3463.0,WEC13347_GRANVILL_3443_34,GRANVILL 3443 34 (LN/WEC/WEC),BUTLER-GRANVILLE 138 (3453),13:35,-128.77,
07/13/2024,,273204.0,BASE_ROCKDAL1_66320_66,ROCKDAL1 66320 66 (LN/ALTE/WEC),,13:40,-129.85,
07/13/2024,29652.0,248380.0,TMP151_S3_Granitfalls_115kv_lLN_ftlo_LyonCo_Ceda,S3 S3GRANI11_1 1 (LN/WAUE/WAUE),CEDAR MTN-LYON COUNTY 345 1 (0956),13:40,-220.96,
07/13/2024,,331256.0,WEC13332_BLUFFCRK_WHIG53_2,BLUFFCRK WHIG53 2 (LN/WEC/WEC),UNIVERSITY - MUKWONAGO 138 (UNIG52,13:40,-33.04,
07/13/2024,,273204.0,BASE_ROCKDAL1_66320_66,ROCKDAL1 66320 66 (LN/ALTE/WEC),,13:45,-88.09,
07/13/2024,5665.0,77127.0,Raun_Tekamho_161kV_ftlo_Raun_Ft_Cal_345kV,RAUN RAUNTEKAM16_1 1 (LN/MEC/OPPD),FORT CALHOUN-RAUN 345,13:45,-25.15,
07/13/2024,29652.0,248380.0,TMP151_S3_Granitfalls_115kv_lLN_ftlo_LyonCo_Ceda,S3 S3GRANI11_1 1 (LN/WAUE/WAUE),CEDAR MTN-LYON COUNTY 345 1 (0956),13:45,-214.13,
07/13/2024,,331256.0,WEC13332_BLUFFCRK_WHIG53_2,BLUFFCRK WHIG53 2 (LN/WEC/WEC),UNIVERSITY - MUKWONAGO 138 (UNIG52,13:45,-47.78,
07/13/2024,,3463.0,WEC13347_GRANVILL_3443_34,GRANVILL 3443 34 (LN/WEC/WEC),BUTLER-GRANVILLE 138 (3453),13:45,-191.56,
07/13/2024,,273204.0,BASE_ROCKDAL1_66320_66,ROCKDAL1 66320 66 (LN/ALTE/WEC),,13:50,-79.9,
07/13/2024,,453132.0,NSP34056_MARS_SS_LYON_MARS_11_1_1,MARS_SS LYON_MARS_11_1 1 (LN/NSP/NSP),CEDAR MTN-LYON COUNTY 345 1 (0956),13:50,-147.18,
07/13/2024,,331256.0,WEC13332_BLUFFCRK_WHIG53_2,BLUFFCRK WHIG53 2 (LN/WEC/WEC),UNIVERSITY - MUKWONAGO 138 (UNIG52,13:50,-41.16,
07/13/2024,,3463.0,WEC13347_GRANVILL_3443_34,GRANVILL 3443 34 (LN/WEC/WEC),BUTLER-GRANVILLE 138 (3453),13:50,-145.85,
07/13/2024,,273204.0,BASE_ROCKDAL1_66320_66,ROCKDAL1 66320 66 (LN/ALTE/WEC),,13:55,-72.8,
07/13/2024,,453132.0,NSP34056_MARS_SS_LYON_MARS_11_1_1,MARS_SS LYON_MARS_11_1 1 (LN/NSP/NSP),CEDAR MTN-LYON COUNTY 345 1 (0956),13:55,-145.85,
07/13/2024,,331256.0,WEC13332_BLUFFCRK_WHIG53_2,BLUFFCRK WHIG53 2 (LN/WEC/WEC),UNIVERSITY - MUKWONAGO 138 (UNIG52,13:55,-37.910000000000004,
07/13/2024,,3463.0,WEC13347_GRANVILL_3443_34,GRANVILL 3443 34 (LN/WEC/WEC),BUTLER-GRANVILLE 138 (3453),13:55,-135.77,
07/13/2024,,273204.0,BASE_ROCKDAL1_66320_66,ROCKDAL1 66320 66 (LN/ALTE/WEC),,14:00,-74.14,
07/13/2024,,453132.0,NSP34056_MARS_SS_LYON_MARS_11_1_1,MARS_SS LYON_MARS_11_1 1 (LN/NSP/NSP),CEDAR MTN-LYON COUNTY 345 1 (0956),14:00,-146.35,
07/13/2024,,331256.0,WEC13332_BLUFFCRK_WHIG53_2,BLUFFCRK WHIG53 2 (LN/WEC/WEC),UNIVERSITY - MUKWONAGO 138 (UNIG52,14:00,-43.01,
07/13/2024,,3463.0,WEC13347_GRANVILL_3443_34,GRANVILL 3443 34 (LN/WEC/WEC),BUTLER-GRANVILLE 138 (3453),14:00,-171.27,
07/13/2024,,273204.0,BASE_ROCKDAL1_66320_66,ROCKDAL1 66320 66 (LN/ALTE/WEC),,14:05,-58.89,
07/13/2024,,453132.0,NSP34056_MARS_SS_LYON_MARS_11_1_1,MARS_SS LYON_MARS_11_1 1 (LN/NSP/NSP),CEDAR MTN-LYON COUNTY 345 1 (0956),14:05,-144.37,
07/13/2024,,331256.0,WEC13332_BLUFFCRK_WHIG53_2,BLUFFCRK WHIG53 2 (LN/WEC/WEC),UNIVERSITY - MUKWONAGO 138 (UNIG52,14:05,-36.62,
07/13/2024,,3463.0,WEC13347_GRANVILL_3443_34,GRANVILL 3443 34 (LN/WEC/WEC),BUTLER-GRANVILLE 138 (3453),14:05,-128.56,
07/13/2024,,4862.0,WPS69038_NEAST_K-11_2_2,NEAST K-11_2 2 (LN/WPS/WPS),MANRAP-SHOTO 69 (C-55),14:05,-0.03,
07/13/2024,,273204.0,BASE_ROCKDAL1_66320_66,ROCKDAL1 66320 66 (LN/ALTE/WEC),,14:10,-94.23,
07/13/2024,,453132.0,NSP34056_MARS_SS_LYON_MARS_11_1_1,MARS_SS LYON_MARS_11_1 1 (LN/NSP/NSP),CEDAR MTN-LYON COUNTY 345 1 (0956),14:10,-150.17000000000002,
07/13/2024,,331256.0,WEC13332_BLUFFCRK_WHIG53_2,BLUFFCRK WHIG53 2 (LN/WEC/WEC),UNIVERSITY - MUKWONAGO 138 (UNIG52,14:10,-47.03,
07/13/2024,,3463.0,WEC13347_GRANVILL_3443_34,GRANVILL 3443 34 (LN/WEC/WEC),BUTLER-GRANVILLE 138 (3453),14:10,-164.87,
07/13/2024,,273204.0,BASE_ROCKDAL1_66320_66,ROCKDAL1 66320 66 (LN/ALTE/WEC),,14:15,-114.93,
07/13/2024,,453132.0,NSP34056_MARS_SS_LYON_MARS_11_1_1,MARS_SS LYON_MARS_11_1 1 (LN/NSP/NSP),CEDAR MTN-LYON COUNTY 345 1 (0956),14:15,-155.45000000000002,
07/13/2024,,331256.0,WEC13332_BLUFFCRK_WHIG53_2,BLUFFCRK WHIG53 2 (LN/WEC/WEC),UNIVERSITY - MUKWONAGO 138 (UNIG52,14:15,-53.96,
07/13/2024,,3463.0,WEC13347_GRANVILL_3443_34,GRANVILL 3443 34 (LN/WEC/WEC),BUTLER-GRANVILLE 138 (3453),14:15,-192.73,
07/13/2024,,273204.0,BASE_ROCKDAL1_66320_66,ROCKDAL1 66320 66 (LN/ALTE/WEC),,14:20,-91.57,
07/13/2024,,413605.0,EA50022_CASH_CASH___JONSB25_A,CASH CASH___JONSB25 A (LN/EAI/EAI),INDEPENDENCE - POWERLINE  500,14:20,-13.47,
07/13/2024,,453132.0,NSP34056_MARS_SS_LYON_MARS_11_1_1,MARS_SS LYON_MARS_11_1 1 (LN/NSP/NSP),CEDAR MTN-LYON COUNTY 345 1 (0956),14:20,-149.0,
07/13/2024,,331256.0,WEC13332_BLUFFCRK_WHIG53_2,BLUFFCRK WHIG53 2 (LN/WEC/WEC),UNIVERSITY - MUKWONAGO 138 (UNIG52,14:20,-47.88,
07/13/2024,,3463.0,WEC13347_GRANVILL_3443_34,GRANVILL 3443 34 (LN/WEC/WEC),BUTLER-GRANVILLE 138 (3453),14:20,-195.61,
07/13/2024,,273204.0,BASE_ROCKDAL1_66320_66,ROCKDAL1 66320 66 (LN/ALTE/WEC),,14:25,-127.14,
07/13/2024,,413605.0,EA50022_CASH_CASH___JONSB25_A,CASH CASH___JONSB25 A (LN/EAI/EAI),INDEPENDENCE - POWERLINE  500,14:25,-1.4,
07/13/2024,,453132.0,NSP34056_MARS_SS_LYON_MARS_11_1_1,MARS_SS LYON_MARS_11_1 1 (LN/NSP/NSP),CEDAR MTN-LYON COUNTY 345 1 (0956),14:25,-152.81,
07/13/2024,,331256.0,WEC13332_BLUFFCRK_WHIG53_2,BLUFFCRK WHIG53 2 (LN/WEC/WEC),UNIVERSITY - MUKWONAGO 138 (UNIG52,14:25,-51.04,
07/13/2024,,3463.0,WEC13347_GRANVILL_3443_34,GRANVILL 3443 34 (LN/WEC/WEC),BUTLER-GRANVILLE 138 (3453),14:25,-185.44,
07/13/2024,,273204.0,BASE_ROCKDAL1_66320_66,ROCKDAL1 66320 66 (LN/ALTE/WEC),,14:30,-114.48,
07/13/2024,,453132.0,NSP34056_MARS_SS_LYON_MARS_11_1_1,MARS_SS LYON_MARS_11_1 1 (LN/NSP/NSP),CEDAR MTN-LYON COUNTY 345 1 (0956),14:30,-150.3,
07/13/2024,,331256.0,WEC13332_BLUFFCRK_WHIG53_2,BLUFFCRK WHIG53 2 (LN/WEC/WEC),UNIVERSITY - MUKWONAGO 138 (UNIG52,14:30,-47.29,
07/13/2024,,3463.0,WEC13347_GRANVILL_3443_34,GRANVILL 3443 34 (LN/WEC/WEC),BUTLER-GRANVILLE 138 (3453),14:30,-170.94,
07/13/2024,,273204.0,BASE_ROCKDAL1_66320_66,ROCKDAL1 66320 66 (LN/ALTE/WEC),,14:35,-134.98,
07/13/2024,,453132.0,NSP34056_MARS_SS_LYON_MARS_11_1_1,MARS_SS LYON_MARS_11_1 1 (LN/NSP/NSP),CEDAR MTN-LYON COUNTY 345 1 (0956),14:35,-153.14000000000001,
07/13/2024,,331256.0,WEC13332_BLUFFCRK_WHIG53_2,BLUFFCRK WHIG53 2 (LN/WEC/WEC),UNIVERSITY - MUKWONAGO 138 (UNIG52,14:35,-55.67,
07/13/2024,,3463.0,WEC13347_GRANVILL_3443_34,GRANVILL 3443 34 (LN/WEC/WEC),BUTLER-GRANVILLE 138 (3453),14:35,-225.45,
07/13/2024,,273204.0,BASE_ROCKDAL1_66320_66,ROCKDAL1 66320 66 (LN/ALTE/WEC),,14:40,-100.32,
07/13/2024,,453132.0,NSP34056_MARS_SS_LYON_MARS_11_1_1,MARS_SS LYON_MARS_11_1 1 (LN/NSP/NSP),CEDAR MTN-LYON COUNTY 345 1 (0956),14:40,-148.19,
07/13/2024,,331256.0,WEC13332_BLUFFCRK_WHIG53_2,BLUFFCRK WHIG53 2 (LN/WEC/WEC),UNIVERSITY - MUKWONAGO 138 (UNIG52,14:40,-42.89,
07/13/2024,,3463.0,WEC13347_GRANVILL_3443_34,GRANVILL 3443 34 (LN/WEC/WEC),BUTLER-GRANVILLE 138 (3453),14:40,-155.68,
07/13/2024,,273204.0,BASE_ROCKDAL1_66320_66,ROCKDAL1 66320 66 (LN/ALTE/WEC),,14:45,-83.22,
07/13/2024,,453132.0,NSP34056_MARS_SS_LYON_MARS_11_1_1,MARS_SS LYON_MARS_11_1 1 (LN/NSP/NSP),CEDAR MTN-LYON COUNTY 345 1 (0956),14:45,-147.88,
07/13/2024,,331256.0,WEC13332_BLUFFCRK_WHIG53_2,BLUFFCRK WHIG53 2 (LN/WEC/WEC),UNIVERSITY - MUKWONAGO 138 (UNIG52,14:45,-41.35,
07/13/2024,,3463.0,WEC13347_GRANVILL_3443_34,GRANVILL 3443 34 (LN/WEC/WEC),BUTLER-GRANVILLE 138 (3453),14:45,-148.31,
07/13/2024,,273204.0,BASE_ROCKDAL1_66320_66,ROCKDAL1 66320 66 (LN/ALTE/WEC),,14:50,-107.36,
07/13/2024,29707.0,244312.0,Erie_Road_S3_115kV_flo_Cedar_Mt_Lyon_Co_345kV,ERIE_RD ERIE_S311_1 1 (LN/NSP/WAUE),CEDAR MTN-LYON COUNTY 345 1 (0956),14:50,-150.18,
07/13/2024,,453132.0,NSP34056_MARS_SS_LYON_MARS_11_1_1,MARS_SS LYON_MARS_11_1 1 (LN/NSP/NSP),CEDAR MTN-LYON COUNTY 345 1 (0956),14:50,-50.96,
07/13/2024,,331256.0,WEC13332_BLUFFCRK_WHIG53_2,BLUFFCRK WHIG53 2 (LN/WEC/WEC),UNIVERSITY - MUKWONAGO 138 (UNIG52,14:50,-51.21,
07/13/2024,,3463.0,WEC13347_GRANVILL_3443_34,GRANVILL 3443 34 (LN/WEC/WEC),BUTLER-GRANVILLE 138 (3453),14:50,-179.24,
07/13/2024,,453132.0,NSP34056_MARS_SS_LYON_MARS_11_1_1,MARS_SS LYON_MARS_11_1 1 (LN/NSP/NSP),CEDAR MTN-LYON COUNTY 345 1 (0956),14:55,-149.41,
07/13/2024,,331256.0,WEC13332_BLUFFCRK_WHIG53_2,BLUFFCRK WHIG53 2 (LN/WEC/WEC),UNIVERSITY - MUKWONAGO 138 (UNIG52,14:55,-43.63,
07/13/2024,,3463.0,WEC13347_GRANVILL_3443_34,GRANVILL 3443 34 (LN/WEC/WEC),BUTLER-GRANVILLE 138 (3453),14:55,-145.82,
07/13/2024,,343378.0,EE23156_LNG_LNG____LACON_4_A,LNG LNG____LACON_4 A (LN/EES/EES),LEWIS CREEK-PEACH CREEK 230,15:00,-5.82,
07/13/2024,,453132.0,NSP34056_MARS_SS_LYON_MARS_11_1_1,MARS_SS LYON_MARS_11_1 1 (LN/NSP/NSP),CEDAR MTN-LYON COUNTY 345 1 (0956),15:00,-144.64000000000001,
07/13/2024,,331256.0,WEC13332_BLUFFCRK_WHIG53_2,BLUFFCRK WHIG53 2 (LN/WEC/WEC),UNIVERSITY - MUKWONAGO 138 (UNIG52,15:00,-37.43,
07/13/2024,,3463.0,WEC13347_GRANVILL_3443_34,GRANVILL 3443 34 (LN/WEC/WEC),BUTLER-GRANVILLE 138 (3453),15:00,-142.28,
07/13/2024,,343378.0,EE23156_LNG_LNG____LACON_4_A,LNG LNG____LACON_4 A (LN/EES/EES),LEWIS CREEK-PEACH CREEK 230,15:05,-3.27,
07/13/2024,29652.0,248380.0,TMP151_S3_Granitfalls_115kv_lLN_ftlo_LyonCo_Ceda,S3 S3GRANI11_1 1 (LN/WAUE/WAUE),CEDAR MTN-LYON COUNTY 345 1 (0956),15:05,-264.2,
07/13/2024,,331256.0,WEC13332_BLUFFCRK_WHIG53_2,BLUFFCRK WHIG53 2 (LN/WEC/WEC),UNIVERSITY - MUKWONAGO 138 (UNIG52,15:05,-49.75,
07/13/2024,,3463.0,WEC13347_GRANVILL_3443_34,GRANVILL 3443 34 (LN/WEC/WEC),BUTLER-GRANVILLE 138 (3453),15:05,-176.13,
07/13/2024,,343378.0,EE23156_LNG_LNG____LACON_4_A,LNG LNG____LACON_4 A (LN/EES/EES),LEWIS CREEK-PEACH CREEK 230,15:10,-5.17,
07/13/2024,29652.0,248380.0,TMP151_S3_Granitfalls_115kv_lLN_ftlo_LyonCo_Ceda,S3 S3GRANI11_1 1 (LN/WAUE/WAUE),CEDAR MTN-LYON COUNTY 345 1 (0956),15:10,-254.74,
07/13/2024,,331256.0,WEC13332_BLUFFCRK_WHIG53_2,BLUFFCRK WHIG53 2 (LN/WEC/WEC),UNIVERSITY - MUKWONAGO 138 (UNIG52,15:10,-47.41,
07/13/2024,,3463.0,WEC13347_GRANVILL_3443_34,GRANVILL 3443 34 (LN/WEC/WEC),BUTLER-GRANVILLE 138 (3453),15:10,-169.97,
07/13/2024,29652.0,248380.0,TMP151_S3_Granitfalls_115kv_lLN_ftlo_LyonCo_Ceda,S3 S3GRANI11_1 1 (LN/WAUE/WAUE),CEDAR MTN-LYON COUNTY 345 1 (0956),15:15,-299.91,
07/13/2024,,331256.0,WEC13332_BLUFFCRK_WHIG53_2,BLUFFCRK WHIG53 2 (LN/WEC/WEC),UNIVERSITY - MUKWONAGO 138 (UNIG52,15:15,-37.38,
07/13/2024,,3463.0,WEC13347_GRANVILL_3443_34,GRANVILL 3443 34 (LN/WEC/WEC),BUTLER-GRANVILLE 138 (3453),15:15,-117.74,
07/13/2024,29652.0,248380.0,TMP151_S3_Granitfalls_115kv_lLN_ftlo_LyonCo_Ceda,S3 S3GRANI11_1 1 (LN/WAUE/WAUE),CEDAR MTN-LYON COUNTY 345 1 (0956),15:20,-299.95,
07/13/2024,,331256.0,WEC13332_BLUFFCRK_WHIG53_2,BLUFFCRK WHIG53 2 (LN/WEC/WEC),UNIVERSITY - MUKWONAGO 138 (UNIG52,15:20,-37.15,
07/13/2024,,3463.0,WEC13347_GRANVILL_3443_34,GRANVILL 3443 34 (LN/WEC/WEC),BUTLER-GRANVILLE 138 (3453),15:20,-117.67,
07/13/2024,29652.0,248380.0,TMP151_S3_Granitfalls_115kv_lLN_ftlo_LyonCo_Ceda,S3 S3GRANI11_1 1 (LN/WAUE/WAUE),CEDAR MTN-LYON COUNTY 345 1 (0956),15:25,-286.44,
07/13/2024,,331256.0,WEC13332_BLUFFCRK_WHIG53_2,BLUFFCRK WHIG53 2 (LN/WEC/WEC),UNIVERSITY - MUKWONAGO 138 (UNIG52,15:25,-36.050000000000004,
07/13/2024,,3463.0,WEC13347_GRANVILL_3443_34,GRANVILL 3443 34 (LN/WEC/WEC),BUTLER-GRANVILLE 138 (3453),15:25,-114.1,
07/13/2024,,453132.0,NSP34056_MARS_SS_LYON_MARS_11_1_1,MARS_SS LYON_MARS_11_1 1 (LN/NSP/NSP),CEDAR MTN-LYON COUNTY 345 1 (0956),15:30,-146.79,
07/13/2024,,331256.0,WEC13332_BLUFFCRK_WHIG53_2,BLUFFCRK WHIG53 2 (LN/WEC/WEC),UNIVERSITY - MUKWONAGO 138 (UNIG52,15:30,-33.72,
07/13/2024,,3463.0,WEC13347_GRANVILL_3443_34,GRANVILL 3443 34 (LN/WEC/WEC),BUTLER-GRANVILLE 138 (3453),15:30,-108.93,
07/13/2024,,453132.0,NSP34056_MARS_SS_LYON_MARS_11_1_1,MARS_SS LYON_MARS_11_1 1 (LN/NSP/NSP),CEDAR MTN-LYON COUNTY 345 1 (0956),15:35,-152.9,
07/13/2024,,331256.0,WEC13332_BLUFFCRK_WHIG53_2,BLUFFCRK WHIG53 2 (LN/WEC/WEC),UNIVERSITY - MUKWONAGO 138 (UNIG52,15:35,-47.29,
07/13/2024,,3463.0,WEC13347_GRANVILL_3443_34,GRANVILL 3443 34 (LN/WEC/WEC),BUTLER-GRANVILLE 138 (3453),15:35,-170.6,
07/13/2024,,453132.0,NSP34056_MARS_SS_LYON_MARS_11_1_1,MARS_SS LYON_MARS_11_1 1 (LN/NSP/NSP),CEDAR MTN-LYON COUNTY 345 1 (0956),15:40,-148.26,
07/13/2024,5717.0,296436.0,TMP269_CHARLIE_CREEK_WATFORD_FTLO_CHARLIE_CREEK_,CHAR_CK CHAR_WATFO23_1 1 (LN/WAUE/WAUE),CHARLIE CREEK - PATENT GATE 345,15:40,-544.72,
07/13/2024,,331256.0,WEC13332_BLUFFCRK_WHIG53_2,BLUFFCRK WHIG53 2 (LN/WEC/WEC),UNIVERSITY - MUKWONAGO 138 (UNIG52,15:40,-38.800000000000004,
07/13/2024,,3463.0,WEC13347_GRANVILL_3443_34,GRANVILL 3443 34 (LN/WEC/WEC),BUTLER-GRANVILLE 138 (3453),15:40,-120.09,
07/13/2024,,343378.0,EE23156_LNG_LNG____LACON_4_A,LNG LNG____LACON_4 A (LN/EES/EES),LEWIS CREEK-PEACH CREEK 230,15:45,-6.16,
07/13/2024,29652.0,248380.0,TMP151_S3_Granitfalls_115kv_lLN_ftlo_LyonCo_Ceda,S3 S3GRANI11_1 1 (LN/WAUE/WAUE),CEDAR MTN-LYON COUNTY 345 1 (0956),15:45,-222.13,
07/13/2024,5717.0,296436.0,TMP269_CHARLIE_CREEK_WATFORD_FTLO_CHARLIE_CREEK_,CHAR_CK CHAR_WATFO23_1 1 (LN/WAUE/WAUE),CHARLIE CREEK - PATENT GATE 345,15:45,-331.09,
07/13/2024,,331256.0,WEC13332_BLUFFCRK_WHIG53_2,BLUFFCRK WHIG53 2 (LN/WEC/WEC),UNIVERSITY - MUKWONAGO 138 (UNIG52,15:45,-47.9,
07/13/2024,,3463.0,WEC13347_GRANVILL_3443_34,GRANVILL 3443 34 (LN/WEC/WEC),BUTLER-GRANVILLE 138 (3453),15:45,-171.57,
07/13/2024,,343378.0,EE23156_LNG_LNG____LACON_4_A,LNG LNG____LACON_4 A (LN/EES/EES),LEWIS CREEK-PEACH CREEK 230,15:50,-6.31,
07/13/2024,29652.0,248380.0,TMP151_S3_Granitfalls_115kv_lLN_ftlo_LyonCo_Ceda,S3 S3GRANI11_1 1 (LN/WAUE/WAUE),CEDAR MTN-LYON COUNTY 345 1 (0956),15:50,-223.1,
07/13/2024,,331256.0,WEC13332_BLUFFCRK_WHIG53_2,BLUFFCRK WHIG53 2 (LN/WEC/WEC),UNIVERSITY - MUKWONAGO 138 (UNIG52,15:50,-48.91,
07/13/2024,,3463.0,WEC13347_GRANVILL_3443_34,GRANVILL 3443 34 (LN/WEC/WEC),BUTLER-GRANVILLE 138 (3453),15:50,-173.88,
07/13/2024,,413605.0,EA50022_CASH_CASH___JONSB25_A,CASH CASH___JONSB25 A (LN/EAI/EAI),INDEPENDENCE - POWERLINE  500,15:55,-2.58,
07/13/2024,,343378.0,EE23156_LNG_LNG____LACON_4_A,LNG LNG____LACON_4 A (LN/EES/EES),LEWIS CREEK-PEACH CREEK 230,15:55,-7.98,
07/13/2024,29652.0,248380.0,TMP151_S3_Granitfalls_115kv_lLN_ftlo_LyonCo_Ceda,S3 S3GRANI11_1 1 (LN/WAUE/WAUE),CEDAR MTN-LYON COUNTY 345 1 (0956),15:55,-221.03,
07/13/2024,,331256.0,WEC13332_BLUFFCRK_WHIG53_2,BLUFFCRK WHIG53 2 (LN/WEC/WEC),UNIVERSITY - MUKWONAGO 138 (UNIG52,15:55,-47.32,
07/13/2024,,3463.0,WEC13347_GRANVILL_3443_34,GRANVILL 3443 34 (LN/WEC/WEC),BUTLER-GRANVILLE 138 (3453),15:55,-169.84,
07/13/2024,,413605.0,EA50022_CASH_CASH___JONSB25_A,CASH CASH___JONSB25 A (LN/EAI/EAI),INDEPENDENCE - POWERLINE  500,16:00,-1.59,
07/13/2024,,343378.0,EE23156_LNG_LNG____LACON_4_A,LNG LNG____LACON_4 A (LN/EES/EES),LEWIS CREEK-PEACH CREEK 230,16:00,-7.8,
07/13/2024,29652.0,248380.0,TMP151_S3_Granitfalls_115kv_lLN_ftlo_LyonCo_Ceda,S3 S3GRANI11_1 1 (LN/WAUE/WAUE),CEDAR MTN-LYON COUNTY 345 1 (0956),16:00,-227.26,
07/13/2024,5717.0,296436.0,TMP269_CHARLIE_CREEK_WATFORD_FTLO_CHARLIE_CREEK_,CHAR_CK CHAR_WATFO23_1 1 (LN/WAUE/WAUE),CHARLIE CREEK - PATENT GATE 345,16:00,-833.23,
07/13/2024,,331256.0,WEC13332_BLUFFCRK_WHIG53_2,BLUFFCRK WHIG53 2 (LN/WEC/WEC),UNIVERSITY - MUKWONAGO 138 (UNIG52,16:00,-48.55,
07/13/2024,,3463.0,WEC13347_GRANVILL_3443_34,GRANVILL 3443 34 (LN/WEC/WEC),BUTLER-GRANVILLE 138 (3453),16:00,-147.09,
07/13/2024,29652.0,248380.0,TMP151_S3_Granitfalls_115kv_lLN_ftlo_LyonCo_Ceda,S3 S3GRANI11_1 1 (LN/WAUE/WAUE),CEDAR MTN-LYON COUNTY 345 1 (0956),16:05,-224.19,
07/13/2024,5717.0,296436.0,TMP269_CHARLIE_CREEK_WATFORD_FTLO_CHARLIE_CREEK_,CHAR_CK CHAR_WATFO23_1 1 (LN/WAUE/WAUE),CHARLIE CREEK - PATENT GATE 345,16:05,-326.2,
07/13/2024,,331256.0,WEC13332_BLUFFCRK_WHIG53_2,BLUFFCRK WHIG53 2 (LN/WEC/WEC),UNIVERSITY - MUKWONAGO 138 (UNIG52,16:05,-48.67,
07/13/2024,,3463.0,WEC13347_GRANVILL_3443_34,GRANVILL 3443 34 (LN/WEC/WEC),BUTLER-GRANVILLE 138 (3453),16:05,-174.77,
07/13/2024,29652.0,248380.0,TMP151_S3_Granitfalls_115kv_lLN_ftlo_LyonCo_Ceda,S3 S3GRANI11_1 1 (LN/WAUE/WAUE),CEDAR MTN-LYON COUNTY 345 1 (0956),16:10,-223.19,
07/13/2024,,331256.0,WEC13332_BLUFFCRK_WHIG53_2,BLUFFCRK WHIG53 2 (LN/WEC/WEC),UNIVERSITY - MUKWONAGO 138 (UNIG52,16:10,-48.24,
07/13/2024,,3463.0,WEC13347_GRANVILL_3443_34,GRANVILL 3443 34 (LN/WEC/WEC),BUTLER-GRANVILLE 138 (3453),16:10,-172.04,
07/13/2024,,413605.0,EA50022_CASH_CASH___JONSB25_A,CASH CASH___JONSB25 A (LN/EAI/EAI),INDEPENDENCE - POWERLINE  500,16:15,-4.3500000000000005,
07/13/2024,29652.0,248380.0,TMP151_S3_Granitfalls_115kv_lLN_ftlo_LyonCo_Ceda,S3 S3GRANI11_1 1 (LN/WAUE/WAUE),CEDAR MTN-LYON COUNTY 345 1 (0956),16:15,-226.19,
07/13/2024,,331256.0,WEC13332_BLUFFCRK_WHIG53_2,BLUFFCRK WHIG53 2 (LN/WEC/WEC),UNIVERSITY - MUKWONAGO 138 (UNIG52,16:15,-51.7,
07/13/2024,,3463.0,WEC13347_GRANVILL_3443_34,GRANVILL 3443 34 (LN/WEC/WEC),BUTLER-GRANVILLE 138 (3453),16:15,-183.02,
07/13/2024,29652.0,248380.0,TMP151_S3_Granitfalls_115kv_lLN_ftlo_LyonCo_Ceda,S3 S3GRANI11_1 1 (LN/WAUE/WAUE),CEDAR MTN-LYON COUNTY 345 1 (0956),16:20,-221.85,
07/13/2024,,331256.0,WEC13332_BLUFFCRK_WHIG53_2,BLUFFCRK WHIG53 2 (LN/WEC/WEC),UNIVERSITY - MUKWONAGO 138 (UNIG52,16:20,-47.89,
07/13/2024,,3463.0,WEC13347_GRANVILL_3443_34,GRANVILL 3443 34 (LN/WEC/WEC),BUTLER-GRANVILLE 138 (3453),16:20,-172.04,
07/13/2024,,413605.0,EA50022_CASH_CASH___JONSB25_A,CASH CASH___JONSB25 A (LN/EAI/EAI),INDEPENDENCE - POWERLINE  500,16:25,-32.35,
07/13/2024,29652.0,248380.0,TMP151_S3_Granitfalls_115kv_lLN_ftlo_LyonCo_Ceda,S3 S3GRANI11_1 1 (LN/WAUE/WAUE),CEDAR MTN-LYON COUNTY 345 1 (0956),16:25,-224.48,
07/13/2024,,331256.0,WEC13332_BLUFFCRK_WHIG53_2,BLUFFCRK WHIG53 2 (LN/WEC/WEC),UNIVERSITY - MUKWONAGO 138 (UNIG52,16:25,-50.29,
07/13/2024,,3463.0,WEC13347_GRANVILL_3443_34,GRANVILL 3443 34 (LN/WEC/WEC),BUTLER-GRANVILLE 138 (3453),16:25,-178.25,
07/13/2024,,413605.0,EA50022_CASH_CASH___JONSB25_A,CASH CASH___JONSB25 A (LN/EAI/EAI),INDEPENDENCE - POWERLINE  500,16:30,-49.15,
07/13/2024,29652.0,248380.0,TMP151_S3_Granitfalls_115kv_lLN_ftlo_LyonCo_Ceda,S3 S3GRANI11_1 1 (LN/WAUE/WAUE),CEDAR MTN-LYON COUNTY 345 1 (0956),16:30,-233.61,
07/13/2024,,331256.0,WEC13332_BLUFFCRK_WHIG53_2,BLUFFCRK WHIG53 2 (LN/WEC/WEC),UNIVERSITY - MUKWONAGO 138 (UNIG52,16:30,-58.71,
07/13/2024,,3463.0,WEC13347_GRANVILL_3443_34,GRANVILL 3443 34 (LN/WEC/WEC),BUTLER-GRANVILLE 138 (3453),16:30,-203.84,
07/13/2024,,413605.0,EA50022_CASH_CASH___JONSB25_A,CASH CASH___JONSB25 A (LN/EAI/EAI),INDEPENDENCE - POWERLINE  500,16:35,-39.33,
07/13/2024,29652.0,248380.0,TMP151_S3_Granitfalls_115kv_lLN_ftlo_LyonCo_Ceda,S3 S3GRANI11_1 1 (LN/WAUE/WAUE),CEDAR MTN-LYON COUNTY 345 1 (0956),16:35,-228.91,
07/13/2024,,331256.0,WEC13332_BLUFFCRK_WHIG53_2,BLUFFCRK WHIG53 2 (LN/WEC/WEC),UNIVERSITY - MUKWONAGO 138 (UNIG52,16:35,-52.5,
07/13/2024,,3463.0,WEC13347_GRANVILL_3443_34,GRANVILL 3443 34 (LN/WEC/WEC),BUTLER-GRANVILLE 138 (3453),16:35,-190.43,
07/13/2024,,413605.0,EA50022_CASH_CASH___JONSB25_A,CASH CASH___JONSB25 A (LN/EAI/EAI),INDEPENDENCE - POWERLINE  500,16:40,-18.95,
07/13/2024,29652.0,248380.0,TMP151_S3_Granitfalls_115kv_lLN_ftlo_LyonCo_Ceda,S3 S3GRANI11_1 1 (LN/WAUE/WAUE),CEDAR MTN-LYON COUNTY 345 1 (0956),16:40,-234.63,
07/13/2024,,331256.0,WEC13332_BLUFFCRK_WHIG53_2,BLUFFCRK WHIG53 2 (LN/WEC/WEC),UNIVERSITY - MUKWONAGO 138 (UNIG52,16:40,-57.0,
07/13/2024,,3463.0,WEC13347_GRANVILL_3443_34,GRANVILL 3443 34 (LN/WEC/WEC),BUTLER-GRANVILLE 138 (3453),16:40,-202.68,
07/13/2024,,413605.0,EA50022_CASH_CASH___JONSB25_A,CASH CASH___JONSB25 A (LN/EAI/EAI),INDEPENDENCE - POWERLINE  500,16:45,-16.38,
07/13/2024,29652.0,248380.0,TMP151_S3_Granitfalls_115kv_lLN_ftlo_LyonCo_Ceda,S3 S3GRANI11_1 1 (LN/WAUE/WAUE),CEDAR MTN-LYON COUNTY 345 1 (0956),16:45,-237.34,
07/13/2024,,331256.0,WEC13332_BLUFFCRK_WHIG53_2,BLUFFCRK WHIG53 2 (LN/WEC/WEC),UNIVERSITY - MUKWONAGO 138 (UNIG52,16:45,-61.58,
07/13/2024,,3463.0,WEC13347_GRANVILL_3443_34,GRANVILL 3443 34 (LN/WEC/WEC),BUTLER-GRANVILLE 138 (3453),16:45,-214.93,
07/13/2024,,413605.0,EA50022_CASH_CASH___JONSB25_A,CASH CASH___JONSB25 A (LN/EAI/EAI),INDEPENDENCE - POWERLINE  500,16:50,-7.23,
07/13/2024,29652.0,248380.0,TMP151_S3_Granitfalls_115kv_lLN_ftlo_LyonCo_Ceda,S3 S3GRANI11_1 1 (LN/WAUE/WAUE),CEDAR MTN-LYON COUNTY 345 1 (0956),16:50,-227.57,
07/13/2024,,331256.0,WEC13332_BLUFFCRK_WHIG53_2,BLUFFCRK WHIG53 2 (LN/WEC/WEC),UNIVERSITY - MUKWONAGO 138 (UNIG52,16:50,-51.35,
07/13/2024,,3463.0,WEC13347_GRANVILL_3443_34,GRANVILL 3443 34 (LN/WEC/WEC),BUTLER-GRANVILLE 138 (3453),16:50,-186.99,
07/13/2024,,413605.0,EA50022_CASH_CASH___JONSB25_A,CASH CASH___JONSB25 A (LN/EAI/EAI),INDEPENDENCE - POWERLINE  500,16:55,-4.4,
07/13/2024,29652.0,248380.0,TMP151_S3_Granitfalls_115kv_lLN_ftlo_LyonCo_Ceda,S3 S3GRANI11_1 1 (LN/WAUE/WAUE),CEDAR MTN-LYON COUNTY 345 1 (0956),16:55,-227.91,
07/13/2024,,331256.0,WEC13332_BLUFFCRK_WHIG53_2,BLUFFCRK WHIG53 2 (LN/WEC/WEC),UNIVERSITY - MUKWONAGO 138 (UNIG52,16:55,-52.16,
07/13/2024,,3463.0,WEC13347_GRANVILL_3443_34,GRANVILL 3443 34 (LN/WEC/WEC),BUTLER-GRANVILLE 138 (3453),16:55,-189.57,
07/13/2024,29652.0,248380.0,TMP151_S3_Granitfalls_115kv_lLN_ftlo_LyonCo_Ceda,S3 S3GRANI11_1 1 (LN/WAUE/WAUE),CEDAR MTN-LYON COUNTY 345 1 (0956),17:00,-224.09,
07/13/2024,,331256.0,WEC13332_BLUFFCRK_WHIG53_2,BLUFFCRK WHIG53 2 (LN/WEC/WEC),UNIVERSITY - MUKWONAGO 138 (UNIG52,17:00,-49.02,
07/13/2024,,3463.0,WEC13347_GRANVILL_3443_34,GRANVILL 3443 34 (LN/WEC/WEC),BUTLER-GRANVILLE 138 (3453),17:00,-178.93,
07/13/2024,29652.0,248380.0,TMP151_S3_Granitfalls_115kv_lLN_ftlo_LyonCo_Ceda,S3 S3GRANI11_1 1 (LN/WAUE/WAUE),CEDAR MTN-LYON COUNTY 345 1 (0956),17:05,-230.23,
07/13/2024,,331256.0,WEC13332_BLUFFCRK_WHIG53_2,BLUFFCRK WHIG53 2 (LN/WEC/WEC),UNIVERSITY - MUKWONAGO 138 (UNIG52,17:05,-52.63,
07/13/2024,,3463.0,WEC13347_GRANVILL_3443_34,GRANVILL 3443 34 (LN/WEC/WEC),BUTLER-GRANVILLE 138 (3453),17:05,-179.19,
07/13/2024,29652.0,248380.0,TMP151_S3_Granitfalls_115kv_lLN_ftlo_LyonCo_Ceda,S3 S3GRANI11_1 1 (LN/WAUE/WAUE),CEDAR MTN-LYON COUNTY 345 1 (0956),17:10,-227.3,
07/13/2024,,331256.0,WEC13332_BLUFFCRK_WHIG53_2,BLUFFCRK WHIG53 2 (LN/WEC/WEC),UNIVERSITY - MUKWONAGO 138 (UNIG52,17:10,-51.46,
07/13/2024,,3463.0,WEC13347_GRANVILL_3443_34,GRANVILL 3443 34 (LN/WEC/WEC),BUTLER-GRANVILLE 138 (3453),17:10,-187.6,
07/13/2024,29652.0,248380.0,TMP151_S3_Granitfalls_115kv_lLN_ftlo_LyonCo_Ceda,S3 S3GRANI11_1 1 (LN/WAUE/WAUE),CEDAR MTN-LYON COUNTY 345 1 (0956),17:15,-227.31,
07/13/2024,,331256.0,WEC13332_BLUFFCRK_WHIG53_2,BLUFFCRK WHIG53 2 (LN/WEC/WEC),UNIVERSITY - MUKWONAGO 138 (UNIG52,17:15,-51.22,
07/13/2024,,3463.0,WEC13347_GRANVILL_3443_34,GRANVILL 3443 34 (LN/WEC/WEC),BUTLER-GRANVILLE 138 (3453),17:15,-186.75,
07/13/2024,29652.0,248380.0,TMP151_S3_Granitfalls_115kv_lLN_ftlo_LyonCo_Ceda,S3 S3GRANI11_1 1 (LN/WAUE/WAUE),CEDAR MTN-LYON COUNTY 345 1 (0956),17:20,-236.92,
07/13/2024,,331256.0,WEC13332_BLUFFCRK_WHIG53_2,BLUFFCRK WHIG53 2 (LN/WEC/WEC),UNIVERSITY - MUKWONAGO 138 (UNIG52,17:20,-59.11,
07/13/2024,,3463.0,WEC13347_GRANVILL_3443_34,GRANVILL 3443 34 (LN/WEC/WEC),BUTLER-GRANVILLE 138 (3453),17:20,-208.3,
07/13/2024,29652.0,248380.0,TMP151_S3_Granitfalls_115kv_lLN_ftlo_LyonCo_Ceda,S3 S3GRANI11_1 1 (LN/WAUE/WAUE),CEDAR MTN-LYON COUNTY 345 1 (0956),17:25,-225.57,
07/13/2024,,331256.0,WEC13332_BLUFFCRK_WHIG53_2,BLUFFCRK WHIG53 2 (LN/WEC/WEC),UNIVERSITY - MUKWONAGO 138 (UNIG52,17:25,-49.95,
07/13/2024,,3463.0,WEC13347_GRANVILL_3443_34,GRANVILL 3443 34 (LN/WEC/WEC),BUTLER-GRANVILLE 138 (3453),17:25,-182.64,
07/13/2024,29652.0,248380.0,TMP151_S3_Granitfalls_115kv_lLN_ftlo_LyonCo_Ceda,S3 S3GRANI11_1 1 (LN/WAUE/WAUE),CEDAR MTN-LYON COUNTY 345 1 (0956),17:30,-225.14,
07/13/2024,,331256.0,WEC13332_BLUFFCRK_WHIG53_2,BLUFFCRK WHIG53 2 (LN/WEC/WEC),UNIVERSITY - MUKWONAGO 138 (UNIG52,17:30,-47.76,
07/13/2024,,3463.0,WEC13347_GRANVILL_3443_34,GRANVILL 3443 34 (LN/WEC/WEC),BUTLER-GRANVILLE 138 (3453),17:30,-160.62,
07/13/2024,29652.0,248380.0,TMP151_S3_Granitfalls_115kv_lLN_ftlo_LyonCo_Ceda,S3 S3GRANI11_1 1 (LN/WAUE/WAUE),CEDAR MTN-LYON COUNTY 345 1 (0956),17:35,-227.48,
07/13/2024,,331256.0,WEC13332_BLUFFCRK_WHIG53_2,BLUFFCRK WHIG53 2 (LN/WEC/WEC),UNIVERSITY - MUKWONAGO 138 (UNIG52,17:35,-51.84,
07/13/2024,,3463.0,WEC13347_GRANVILL_3443_34,GRANVILL 3443 34 (LN/WEC/WEC),BUTLER-GRANVILLE 138 (3453),17:35,-185.56,
07/13/2024,29652.0,248380.0,TMP151_S3_Granitfalls_115kv_lLN_ftlo_LyonCo_Ceda,S3 S3GRANI11_1 1 (LN/WAUE/WAUE),CEDAR MTN-LYON COUNTY 345 1 (0956),17:40,-226.14,
07/13/2024,,331256.0,WEC13332_BLUFFCRK_WHIG53_2,BLUFFCRK WHIG53 2 (LN/WEC/WEC),UNIVERSITY - MUKWONAGO 138 (UNIG52,17:40,-52.84,
07/13/2024,,3463.0,WEC13347_GRANVILL_3443_34,GRANVILL 3443 34 (LN/WEC/WEC),BUTLER-GRANVILLE 138 (3453),17:40,-207.38,
07/13/2024,,413605.0,EA50022_CASH_CASH___JONSB25_A,CASH CASH___JONSB25 A (LN/EAI/EAI),INDEPENDENCE - POWERLINE  500,17:45,-0.03,
07/13/2024,29652.0,248380.0,TMP151_S3_Granitfalls_115kv_lLN_ftlo_LyonCo_Ceda,S3 S3GRANI11_1 1 (LN/WAUE/WAUE),CEDAR MTN-LYON COUNTY 345 1 (0956),17:45,-227.47,
07/13/2024,,331256.0,WEC13332_BLUFFCRK_WHIG53_2,BLUFFCRK WHIG53 2 (LN/WEC/WEC),UNIVERSITY - MUKWONAGO 138 (UNIG52,17:45,-50.59,
07/13/2024,,3463.0,WEC13347_GRANVILL_3443_34,GRANVILL 3443 34 (LN/WEC/WEC),BUTLER-GRANVILLE 138 (3453),17:45,-185.44,
07/13/2024,29652.0,248380.0,TMP151_S3_Granitfalls_115kv_lLN_ftlo_LyonCo_Ceda,S3 S3GRANI11_1 1 (LN/WAUE/WAUE),CEDAR MTN-LYON COUNTY 345 1 (0956),17:50,-227.51,
07/13/2024,,331256.0,WEC13332_BLUFFCRK_WHIG53_2,BLUFFCRK WHIG53 2 (LN/WEC/WEC),UNIVERSITY - MUKWONAGO 138 (UNIG52,17:50,-50.95,
07/13/2024,,3463.0,WEC13347_GRANVILL_3443_34,GRANVILL 3443 34 (LN/WEC/WEC),BUTLER-GRANVILLE 138 (3453),17:50,-187.24,
07/13/2024,29652.0,248380.0,TMP151_S3_Granitfalls_115kv_lLN_ftlo_LyonCo_Ceda,S3 S3GRANI11_1 1 (LN/WAUE/WAUE),CEDAR MTN-LYON COUNTY 345 1 (0956),17:55,-227.85,
07/13/2024,,331256.0,WEC13332_BLUFFCRK_WHIG53_2,BLUFFCRK WHIG53 2 (LN/WEC/WEC),UNIVERSITY - MUKWONAGO 138 (UNIG52,17:55,-50.95,
07/13/2024,,3463.0,WEC13347_GRANVILL_3443_34,GRANVILL 3443 34 (LN/WEC/WEC),BUTLER-GRANVILLE 138 (3453),17:55,-189.55,
07/13/2024,29652.0,248380.0,TMP151_S3_Granitfalls_115kv_lLN_ftlo_LyonCo_Ceda,S3 S3GRANI11_1 1 (LN/WAUE/WAUE),CEDAR MTN-LYON COUNTY 345 1 (0956),18:00,-221.48,
07/13/2024,,331256.0,WEC13332_BLUFFCRK_WHIG53_2,BLUFFCRK WHIG53 2 (LN/WEC/WEC),UNIVERSITY - MUKWONAGO 138 (UNIG52,18:00,-45.14,
07/13/2024,,3463.0,WEC13347_GRANVILL_3443_34,GRANVILL 3443 34 (LN/WEC/WEC),BUTLER-GRANVILLE 138 (3453),18:00,-173.63,
07/13/2024,29652.0,248380.0,TMP151_S3_Granitfalls_115kv_lLN_ftlo_LyonCo_Ceda,S3 S3GRANI11_1 1 (LN/WAUE/WAUE),CEDAR MTN-LYON COUNTY 345 1 (0956),18:05,-224.37,
07/13/2024,,331256.0,WEC13332_BLUFFCRK_WHIG53_2,BLUFFCRK WHIG53 2 (LN/WEC/WEC),UNIVERSITY - MUKWONAGO 138 (UNIG52,18:05,-46.77,
07/13/2024,,3463.0,WEC13347_GRANVILL_3443_34,GRANVILL 3443 34 (LN/WEC/WEC),BUTLER-GRANVILLE 138 (3453),18:05,-180.46,
07/13/2024,29652.0,248380.0,TMP151_S3_Granitfalls_115kv_lLN_ftlo_LyonCo_Ceda,S3 S3GRANI11_1 1 (LN/WAUE/WAUE),CEDAR MTN-LYON COUNTY 345 1 (0956),18:10,-237.37,
07/13/2024,,331256.0,WEC13332_BLUFFCRK_WHIG53_2,BLUFFCRK WHIG53 2 (LN/WEC/WEC),UNIVERSITY - MUKWONAGO 138 (UNIG52,18:10,-64.2,
07/13/2024,,3463.0,WEC13347_GRANVILL_3443_34,GRANVILL 3443 34 (LN/WEC/WEC),BUTLER-GRANVILLE 138 (3453),18:10,-215.95,
07/13/2024,29652.0,248380.0,TMP151_S3_Granitfalls_115kv_lLN_ftlo_LyonCo_Ceda,S3 S3GRANI11_1 1 (LN/WAUE/WAUE),CEDAR MTN-LYON COUNTY 345 1 (0956),18:15,-215.04,
07/13/2024,,331256.0,WEC13332_BLUFFCRK_WHIG53_2,BLUFFCRK WHIG53 2 (LN/WEC/WEC),UNIVERSITY - MUKWONAGO 138 (UNIG52,18:15,-39.59,
07/13/2024,,3463.0,WEC13347_GRANVILL_3443_34,GRANVILL 3443 34 (LN/WEC/WEC),BUTLER-GRANVILLE 138 (3453),18:15,-149.82,
07/13/2024,29652.0,248380.0,TMP151_S3_Granitfalls_115kv_lLN_ftlo_LyonCo_Ceda,S3 S3GRANI11_1 1 (LN/WAUE/WAUE),CEDAR MTN-LYON COUNTY 345 1 (0956),18:20,-225.75,
07/13/2024,,331256.0,WEC13332_BLUFFCRK_WHIG53_2,BLUFFCRK WHIG53 2 (LN/WEC/WEC),UNIVERSITY - MUKWONAGO 138 (UNIG52,18:20,-39.37,
07/13/2024,,3463.0,WEC13347_GRANVILL_3443_34,GRANVILL 3443 34 (LN/WEC/WEC),BUTLER-GRANVILLE 138 (3453),18:20,-178.94,
07/13/2024,29652.0,248380.0,TMP151_S3_Granitfalls_115kv_lLN_ftlo_LyonCo_Ceda,S3 S3GRANI11_1 1 (LN/WAUE/WAUE),CEDAR MTN-LYON COUNTY 345 1 (0956),18:25,-233.67,
07/13/2024,,331256.0,WEC13332_BLUFFCRK_WHIG53_2,BLUFFCRK WHIG53 2 (LN/WEC/WEC),UNIVERSITY - MUKWONAGO 138 (UNIG52,18:25,-36.730000000000004,
07/13/2024,,3463.0,WEC13347_GRANVILL_3443_34,GRANVILL 3443 34 (LN/WEC/WEC),BUTLER-GRANVILLE 138 (3453),18:25,-90.39,
07/13/2024,29652.0,248380.0,TMP151_S3_Granitfalls_115kv_lLN_ftlo_LyonCo_Ceda,S3 S3GRANI11_1 1 (LN/WAUE/WAUE),CEDAR MTN-LYON COUNTY 345 1 (0956),18:30,-237.0,
07/13/2024,,331256.0,WEC13332_BLUFFCRK_WHIG53_2,BLUFFCRK WHIG53 2 (LN/WEC/WEC),UNIVERSITY - MUKWONAGO 138 (UNIG52,18:30,-37.72,
07/13/2024,,3463.0,WEC13347_GRANVILL_3443_34,GRANVILL 3443 34 (LN/WEC/WEC),BUTLER-GRANVILLE 138 (3453),18:30,-78.46000000000001,
07/13/2024,29652.0,248380.0,TMP151_S3_Granitfalls_115kv_lLN_ftlo_LyonCo_Ceda,S3 S3GRANI11_1 1 (LN/WAUE/WAUE),CEDAR MTN-LYON COUNTY 345 1 (0956),18:35,-231.73,
07/13/2024,,331256.0,WEC13332_BLUFFCRK_WHIG53_2,BLUFFCRK WHIG53 2 (LN/WEC/WEC),UNIVERSITY - MUKWONAGO 138 (UNIG52,18:35,-39.550000000000004,
07/13/2024,,3463.0,WEC13347_GRANVILL_3443_34,GRANVILL 3443 34 (LN/WEC/WEC),BUTLER-GRANVILLE 138 (3453),18:35,-148.56,
07/13/2024,29652.0,248380.0,TMP151_S3_Granitfalls_115kv_lLN_ftlo_LyonCo_Ceda,S3 S3GRANI11_1 1 (LN/WAUE/WAUE),CEDAR MTN-LYON COUNTY 345 1 (0956),18:40,-237.32,
07/13/2024,,331256.0,WEC13332_BLUFFCRK_WHIG53_2,BLUFFCRK WHIG53 2 (LN/WEC/WEC),UNIVERSITY - MUKWONAGO 138 (UNIG52,18:40,-36.44,
07/13/2024,,3463.0,WEC13347_GRANVILL_3443_34,GRANVILL 3443 34 (LN/WEC/WEC),BUTLER-GRANVILLE 138 (3453),18:40,-74.64,
07/13/2024,29652.0,248380.0,TMP151_S3_Granitfalls_115kv_lLN_ftlo_LyonCo_Ceda,S3 S3GRANI11_1 1 (LN/WAUE/WAUE),CEDAR MTN-LYON COUNTY 345 1 (0956),18:45,-226.56,
07/13/2024,,331256.0,WEC13332_BLUFFCRK_WHIG53_2,BLUFFCRK WHIG53 2 (LN/WEC/WEC),UNIVERSITY - MUKWONAGO 138 (UNIG52,18:45,-23.8,
07/13/2024,,3463.0,WEC13347_GRANVILL_3443_34,GRANVILL 3443 34 (LN/WEC/WEC),BUTLER-GRANVILLE 138 (3453),18:45,-16.97,
07/13/2024,29652.0,248380.0,TMP151_S3_Granitfalls_115kv_lLN_ftlo_LyonCo_Ceda,S3 S3GRANI11_1 1 (LN/WAUE/WAUE),CEDAR MTN-LYON COUNTY 345 1 (0956),18:50,-229.53,
07/13/2024,,331256.0,WEC13332_BLUFFCRK_WHIG53_2,BLUFFCRK WHIG53 2 (LN/WEC/WEC),UNIVERSITY - MUKWONAGO 138 (UNIG52,18:50,-25.59,
07/13/2024,,3463.0,WEC13347_GRANVILL_3443_34,GRANVILL 3443 34 (LN/WEC/WEC),BUTLER-GRANVILLE 138 (3453),18:50,-10.18,
07/13/2024,29652.0,248380.0,TMP151_S3_Granitfalls_115kv_lLN_ftlo_LyonCo_Ceda,S3 S3GRANI11_1 1 (LN/WAUE/WAUE),CEDAR MTN-LYON COUNTY 345 1 (0956),18:55,-228.45,
07/13/2024,29652.0,248380.0,TMP151_S3_Granitfalls_115kv_lLN_ftlo_LyonCo_Ceda,S3 S3GRANI11_1 1 (LN/WAUE/WAUE),CEDAR MTN-LYON COUNTY 345 1 (0956),19:00,-227.42,
07/13/2024,,3463.0,WEC13347_GRANVILL_3443_34,GRANVILL 3443 34 (LN/WEC/WEC),BUTLER-GRANVILLE 138 (3453),19:00,-31.25,
07/13/2024,29652.0,248380.0,TMP151_S3_Granitfalls_115kv_lLN_ftlo_LyonCo_Ceda,S3 S3GRANI11_1 1 (LN/WAUE/WAUE),CEDAR MTN-LYON COUNTY 345 1 (0956),19:05,-399.52,
07/13/2024,,3463.0,WEC13347_GRANVILL_3443_34,GRANVILL 3443 34 (LN/WEC/WEC),BUTLER-GRANVILLE 138 (3453),19:05,-565.5500000000001,
07/13/2024,29652.0,248380.0,TMP151_S3_Granitfalls_115kv_lLN_ftlo_LyonCo_Ceda,S3 S3GRANI11_1 1 (LN/WAUE/WAUE),CEDAR MTN-LYON COUNTY 345 1 (0956),19:10,-333.53,
07/13/2024,,3463.0,WEC13347_GRANVILL_3443_34,GRANVILL 3443 34 (LN/WEC/WEC),BUTLER-GRANVILLE 138 (3453),19:10,-406.92,
07/13/2024,29652.0,248380.0,TMP151_S3_Granitfalls_115kv_lLN_ftlo_LyonCo_Ceda,S3 S3GRANI11_1 1 (LN/WAUE/WAUE),CEDAR MTN-LYON COUNTY 345 1 (0956),19:15,-241.83,
07/13/2024,29652.0,248380.0,TMP151_S3_Granitfalls_115kv_lLN_ftlo_LyonCo_Ceda,S3 S3GRANI11_1 1 (LN/WAUE/WAUE),CEDAR MTN-LYON COUNTY 345 1 (0956),19:20,-245.95,
07/13/2024,,3463.0,WEC13347_GRANVILL_3443_34,GRANVILL 3443 34 (LN/WEC/WEC),BUTLER-GRANVILLE 138 (3453),19:20,-107.68,
07/13/2024,29652.0,248380.0,TMP151_S3_Granitfalls_115kv_lLN_ftlo_LyonCo_Ceda,S3 S3GRANI11_1 1 (LN/WAUE/WAUE),CEDAR MTN-LYON COUNTY 345 1 (0956),19:25,-238.44,
07/13/2024,,3463.0,WEC13347_GRANVILL_3443_34,GRANVILL 3443 34 (LN/WEC/WEC),BUTLER-GRANVILLE 138 (3453),19:25,-62.37,
07/13/2024,29652.0,248380.0,TMP151_S3_Granitfalls_115kv_lLN_ftlo_LyonCo_Ceda,S3 S3GRANI11_1 1 (LN/WAUE/WAUE),CEDAR MTN-LYON COUNTY 345 1 (0956),19:30,-313.96,
07/13/2024,,3463.0,WEC13347_GRANVILL_3443_34,GRANVILL 3443 34 (LN/WEC/WEC),BUTLER-GRANVILLE 138 (3453),19:30,-327.91,
07/13/2024,29652.0,248380.0,TMP151_S3_Granitfalls_115kv_lLN_ftlo_LyonCo_Ceda,S3 S3GRANI11_1 1 (LN/WAUE/WAUE),CEDAR MTN-LYON COUNTY 345 1 (0956),19:35,-238.49,
07/13/2024,,3463.0,WEC13347_GRANVILL_3443_34,GRANVILL 3443 34 (LN/WEC/WEC),BUTLER-GRANVILLE 138 (3453),19:35,-57.05,
07/13/2024,,453132.0,NSP34056_MARS_SS_LYON_MARS_11_1_1,MARS_SS LYON_MARS_11_1 1 (LN/NSP/NSP),CEDAR MTN-LYON COUNTY 345 1 (0956),19:40,-145.21,
07/13/2024,29652.0,248380.0,TMP151_S3_Granitfalls_115kv_lLN_ftlo_LyonCo_Ceda,S3 S3GRANI11_1 1 (LN/WAUE/WAUE),CEDAR MTN-LYON COUNTY 345 1 (0956),19:40,-18.98,
07/13/2024,,3463.0,WEC13347_GRANVILL_3443_34,GRANVILL 3443 34 (LN/WEC/WEC),BUTLER-GRANVILLE 138 (3453),19:40,-25.43,
07/13/2024,,453132.0,NSP34056_MARS_SS_LYON_MARS_11_1_1,MARS_SS LYON_MARS_11_1 1 (LN/NSP/NSP),CEDAR MTN-LYON COUNTY 345 1 (0956),19:45,-121.11,
07/13/2024,29652.0,248380.0,TMP151_S3_Granitfalls_115kv_lLN_ftlo_LyonCo_Ceda,S3 S3GRANI11_1 1 (LN/WAUE/WAUE),CEDAR MTN-LYON COUNTY 345 1 (0956),19:45,-59.37,
07/13/2024,,3463.0,WEC13347_GRANVILL_3443_34,GRANVILL 3443 34 (LN/WEC/WEC),BUTLER-GRANVILLE 138 (3453),19:45,-14.88,
07/13/2024,,453132.0,NSP34056_MARS_SS_LYON_MARS_11_1_1,MARS_SS LYON_MARS_11_1 1 (LN/NSP/NSP),CEDAR MTN-LYON COUNTY 345 1 (0956),19:50,-155.13,
07/13/2024,,453132.0,NSP34056_MARS_SS_LYON_MARS_11_1_1,MARS_SS LYON_MARS_11_1 1 (LN/NSP/NSP),CEDAR MTN-LYON COUNTY 345 1 (0956),19:55,-148.03,
07/13/2024,,453132.0,NSP34056_MARS_SS_LYON_MARS_11_1_1,MARS_SS LYON_MARS_11_1 1 (LN/NSP/NSP),CEDAR MTN-LYON COUNTY 345 1 (0956),20:00,-152.12,
07/13/2024,,453132.0,NSP34056_MARS_SS_LYON_MARS_11_1_1,MARS_SS LYON_MARS_11_1 1 (LN/NSP/NSP),CEDAR MTN-LYON COUNTY 345 1 (0956),20:05,-154.74,
07/13/2024,,453132.0,NSP34056_MARS_SS_LYON_MARS_11_1_1,MARS_SS LYON_MARS_11_1 1 (LN/NSP/NSP),CEDAR MTN-LYON COUNTY 345 1 (0956),20:10,-174.55,
07/13/2024,,3463.0,WEC13347_GRANVILL_3443_34,GRANVILL 3443 34 (LN/WEC/WEC),BUTLER-GRANVILLE 138 (3453),20:10,-170.04,
07/13/2024,,453132.0,NSP34056_MARS_SS_LYON_MARS_11_1_1,MARS_SS LYON_MARS_11_1 1 (LN/NSP/NSP),CEDAR MTN-LYON COUNTY 345 1 (0956),20:15,-172.24,
07/13/2024,,3463.0,WEC13347_GRANVILL_3443_34,GRANVILL 3443 34 (LN/WEC/WEC),BUTLER-GRANVILLE 138 (3453),20:15,-123.15,
07/13/2024,,453132.0,NSP34056_MARS_SS_LYON_MARS_11_1_1,MARS_SS LYON_MARS_11_1 1 (LN/NSP/NSP),CEDAR MTN-LYON COUNTY 345 1 (0956),20:20,-274.82,
07/13/2024,,3463.0,WEC13347_GRANVILL_3443_34,GRANVILL 3443 34 (LN/WEC/WEC),BUTLER-GRANVILLE 138 (3453),20:20,-700.0,
07/13/2024,,206680.0,EA23003_ALTIMX_ALTIMX_WODWRD3_A,ALTIMX ALTIMX_WODWRD3 A (LN/EAI/EAI),STUTTGART-WOODWARD 230,20:25,-39.75,
07/13/2024,,453132.0,NSP34056_MARS_SS_LYON_MARS_11_1_1,MARS_SS LYON_MARS_11_1 1 (LN/NSP/NSP),CEDAR MTN-LYON COUNTY 345 1 (0956),20:25,-157.57,
07/13/2024,,3463.0,WEC13347_GRANVILL_3443_34,GRANVILL 3443 34 (LN/WEC/WEC),BUTLER-GRANVILLE 138 (3453),20:25,-70.86,
07/13/2024,,453132.0,NSP34056_MARS_SS_LYON_MARS_11_1_1,MARS_SS LYON_MARS_11_1 1 (LN/NSP/NSP),CEDAR MTN-LYON COUNTY 345 1 (0956),20:30,-152.65,
07/13/2024,,3463.0,WEC13347_GRANVILL_3443_34,GRANVILL 3443 34 (LN/WEC/WEC),BUTLER-GRANVILLE 138 (3453),20:30,-47.61,
07/13/2024,,453132.0,NSP34056_MARS_SS_LYON_MARS_11_1_1,MARS_SS LYON_MARS_11_1 1 (LN/NSP/NSP),CEDAR MTN-LYON COUNTY 345 1 (0956),20:35,-151.73,
07/13/2024,,3463.0,WEC13347_GRANVILL_3443_34,GRANVILL 3443 34 (LN/WEC/WEC),BUTLER-GRANVILLE 138 (3453),20:35,-37.910000000000004,
07/13/2024,,453132.0,NSP34056_MARS_SS_LYON_MARS_11_1_1,MARS_SS LYON_MARS_11_1 1 (LN/NSP/NSP),CEDAR MTN-LYON COUNTY 345 1 (0956),20:40,-140.73,
07/13/2024,,3463.0,WEC13347_GRANVILL_3443_34,GRANVILL 3443 34 (LN/WEC/WEC),BUTLER-GRANVILLE 138 (3453),20:40,-81.52,
07/13/2024,,453132.0,NSP34056_MARS_SS_LYON_MARS_11_1_1,MARS_SS LYON_MARS_11_1 1 (LN/NSP/NSP),CEDAR MTN-LYON COUNTY 345 1 (0956),20:45,-150.66,
07/13/2024,,3463.0,WEC13347_GRANVILL_3443_34,GRANVILL 3443 34 (LN/WEC/WEC),BUTLER-GRANVILLE 138 (3453),20:45,-113.31,
07/13/2024,,453132.0,NSP34056_MARS_SS_LYON_MARS_11_1_1,MARS_SS LYON_MARS_11_1 1 (LN/NSP/NSP),CEDAR MTN-LYON COUNTY 345 1 (0956),20:50,-149.20000000000002,
07/13/2024,,3463.0,WEC13347_GRANVILL_3443_34,GRANVILL 3443 34 (LN/WEC/WEC),BUTLER-GRANVILLE 138 (3453),20:50,-116.81,
07/13/2024,,453132.0,NSP34056_MARS_SS_LYON_MARS_11_1_1,MARS_SS LYON_MARS_11_1 1 (LN/NSP/NSP),CEDAR MTN-LYON COUNTY 345 1 (0956),20:55,-145.34,
07/13/2024,,3463.0,WEC13347_GRANVILL_3443_34,GRANVILL 3443 34 (LN/WEC/WEC),BUTLER-GRANVILLE 138 (3453),20:55,-103.43,
07/13/2024,,453132.0,NSP34056_MARS_SS_LYON_MARS_11_1_1,MARS_SS LYON_MARS_11_1 1 (LN/NSP/NSP),CEDAR MTN-LYON COUNTY 345 1 (0956),21:00,-140.25,
07/13/2024,,3463.0,WEC13347_GRANVILL_3443_34,GRANVILL 3443 34 (LN/WEC/WEC),BUTLER-GRANVILLE 138 (3453),21:00,-40.62,
07/13/2024,,453132.0,NSP34056_MARS_SS_LYON_MARS_11_1_1,MARS_SS LYON_MARS_11_1 1 (LN/NSP/NSP),CEDAR MTN-LYON COUNTY 345 1 (0956),21:05,-143.27,
07/13/2024,,331256.0,WEC13332_BLUFFCRK_WHIG53_2,BLUFFCRK WHIG53 2 (LN/WEC/WEC),UNIVERSITY - MUKWONAGO 138 (UNIG52,21:05,-13.61,
07/13/2024,,3463.0,WEC13347_GRANVILL_3443_34,GRANVILL 3443 34 (LN/WEC/WEC),BUTLER-GRANVILLE 138 (3453),21:05,-116.69,
07/13/2024,,453132.0,NSP34056_MARS_SS_LYON_MARS_11_1_1,MARS_SS LYON_MARS_11_1 1 (LN/NSP/NSP),CEDAR MTN-LYON COUNTY 345 1 (0956),21:10,-66.49,
07/13/2024,29652.0,248380.0,TMP151_S3_Granitfalls_115kv_lLN_ftlo_LyonCo_Ceda,S3 S3GRANI11_1 1 (LN/WAUE/WAUE),CEDAR MTN-LYON COUNTY 345 1 (0956),21:10,-112.58,
07/13/2024,,331256.0,WEC13332_BLUFFCRK_WHIG53_2,BLUFFCRK WHIG53 2 (LN/WEC/WEC),UNIVERSITY - MUKWONAGO 138 (UNIG52,21:10,-72.32000000000001,
07/13/2024,,3463.0,WEC13347_GRANVILL_3443_34,GRANVILL 3443 34 (LN/WEC/WEC),BUTLER-GRANVILLE 138 (3453),21:10,-117.46,
07/13/2024,,453132.0,NSP34056_MARS_SS_LYON_MARS_11_1_1,MARS_SS LYON_MARS_11_1 1 (LN/NSP/NSP),CEDAR MTN-LYON COUNTY 345 1 (0956),21:15,-54.01,
07/13/2024,29652.0,248380.0,TMP151_S3_Granitfalls_115kv_lLN_ftlo_LyonCo_Ceda,S3 S3GRANI11_1 1 (LN/WAUE/WAUE),CEDAR MTN-LYON COUNTY 345 1 (0956),21:15,-121.62,
07/13/2024,,331256.0,WEC13332_BLUFFCRK_WHIG53_2,BLUFFCRK WHIG53 2 (LN/WEC/WEC),UNIVERSITY - MUKWONAGO 138 (UNIG52,21:15,-4.37,
07/13/2024,,3463.0,WEC13347_GRANVILL_3443_34,GRANVILL 3443 34 (LN/WEC/WEC),BUTLER-GRANVILLE 138 (3453),21:15,-23.12,
07/13/2024,,453132.0,NSP34056_MARS_SS_LYON_MARS_11_1_1,MARS_SS LYON_MARS_11_1 1 (LN/NSP/NSP),CEDAR MTN-LYON COUNTY 345 1 (0956),21:20,-53.88,
07/13/2024,29652.0,248380.0,TMP151_S3_Granitfalls_115kv_lLN_ftlo_LyonCo_Ceda,S3 S3GRANI11_1 1 (LN/WAUE/WAUE),CEDAR MTN-LYON COUNTY 345 1 (0956),21:20,-120.1,
07/13/2024,,331256.0,WEC13332_BLUFFCRK_WHIG53_2,BLUFFCRK WHIG53 2 (LN/WEC/WEC),UNIVERSITY - MUKWONAGO 138 (UNIG52,21:20,-18.89,
07/13/2024,,3463.0,WEC13347_GRANVILL_3443_34,GRANVILL 3443 34 (LN/WEC/WEC),BUTLER-GRANVILLE 138 (3453),21:20,-18.97,
07/13/2024,,453132.0,NSP34056_MARS_SS_LYON_MARS_11_1_1,MARS_SS LYON_MARS_11_1 1 (LN/NSP/NSP),CEDAR MTN-LYON COUNTY 345 1 (0956),21:25,-34.53,
07/13/2024,29652.0,248380.0,TMP151_S3_Granitfalls_115kv_lLN_ftlo_LyonCo_Ceda,S3 S3GRANI11_1 1 (LN/WAUE/WAUE),CEDAR MTN-LYON COUNTY 345 1 (0956),21:25,-148.37,
07/13/2024,,331256.0,WEC13332_BLUFFCRK_WHIG53_2,BLUFFCRK WHIG53 2 (LN/WEC/WEC),UNIVERSITY - MUKWONAGO 138 (UNIG52,21:25,-3.06,
07/13/2024,,3463.0,WEC13347_GRANVILL_3443_34,GRANVILL 3443 34 (LN/WEC/WEC),BUTLER-GRANVILLE 138 (3453),21:25,-15.29,
07/13/2024,29652.0,248380.0,TMP151_S3_Granitfalls_115kv_lLN_ftlo_LyonCo_Ceda,S3 S3GRANI11_1 1 (LN/WAUE/WAUE),CEDAR MTN-LYON COUNTY 345 1 (0956),21:30,-196.29,
07/13/2024,,331256.0,WEC13332_BLUFFCRK_WHIG53_2,BLUFFCRK WHIG53 2 (LN/WEC/WEC),UNIVERSITY - MUKWONAGO 138 (UNIG52,21:30,-1.73,
07/13/2024,,3463.0,WEC13347_GRANVILL_3443_34,GRANVILL 3443 34 (LN/WEC/WEC),BUTLER-GRANVILLE 138 (3453),21:30,-24.51,
07/13/2024,29652.0,248380.0,TMP151_S3_Granitfalls_115kv_lLN_ftlo_LyonCo_Ceda,S3 S3GRANI11_1 1 (LN/WAUE/WAUE),CEDAR MTN-LYON COUNTY 345 1 (0956),21:35,-195.88,
07/13/2024,,3463.0,WEC13347_GRANVILL_3443_34,GRANVILL 3443 34 (LN/WEC/WEC),BUTLER-GRANVILLE 138 (3453),21:35,-17.82,
07/13/2024,29652.0,248380.0,TMP151_S3_Granitfalls_115kv_lLN_ftlo_LyonCo_Ceda,S3 S3GRANI11_1 1 (LN/WAUE/WAUE),CEDAR MTN-LYON COUNTY 345 1 (0956),21:40,-190.79,
07/13/2024,,3463.0,WEC13347_GRANVILL_3443_34,GRANVILL 3443 34 (LN/WEC/WEC),BUTLER-GRANVILLE 138 (3453),21:40,-23.94,
07/13/2024,29652.0,248380.0,TMP151_S3_Granitfalls_115kv_lLN_ftlo_LyonCo_Ceda,S3 S3GRANI11_1 1 (LN/WAUE/WAUE),CEDAR MTN-LYON COUNTY 345 1 (0956),21:45,-191.27,
07/13/2024,,3463.0,WEC13347_GRANVILL_3443_34,GRANVILL 3443 34 (LN/WEC/WEC),BUTLER-GRANVILLE 138 (3453),21:45,-21.78,
07/13/2024,29652.0,248380.0,TMP151_S3_Granitfalls_115kv_lLN_ftlo_LyonCo_Ceda,S3 S3GRANI11_1 1 (LN/WAUE/WAUE),CEDAR MTN-LYON COUNTY 345 1 (0956),21:50,-190.33,
07/13/2024,,3463.0,WEC13347_GRANVILL_3443_34,GRANVILL 3443 34 (LN/WEC/WEC),BUTLER-GRANVILLE 138 (3453),21:50,-25.24,
07/13/2024,29652.0,248380.0,TMP151_S3_Granitfalls_115kv_lLN_ftlo_LyonCo_Ceda,S3 S3GRANI11_1 1 (LN/WAUE/WAUE),CEDAR MTN-LYON COUNTY 345 1 (0956),21:55,-187.72,
07/13/2024,,3463.0,WEC13347_GRANVILL_3443_34,GRANVILL 3443 34 (LN/WEC/WEC),BUTLER-GRANVILLE 138 (3453),21:55,-28.48,
07/13/2024,29652.0,248380.0,TMP151_S3_Granitfalls_115kv_lLN_ftlo_LyonCo_Ceda,S3 S3GRANI11_1 1 (LN/WAUE/WAUE),CEDAR MTN-LYON COUNTY 345 1 (0956),22:00,-190.03,
07/13/2024,,3463.0,WEC13347_GRANVILL_3443_34,GRANVILL 3443 34 (LN/WEC/WEC),BUTLER-GRANVILLE 138 (3453),22:00,-23.61,
07/13/2024,29652.0,248380.0,TMP151_S3_Granitfalls_115kv_lLN_ftlo_LyonCo_Ceda,S3 S3GRANI11_1 1 (LN/WAUE/WAUE),CEDAR MTN-LYON COUNTY 345 1 (0956),22:05,-193.88,
07/13/2024,,3463.0,WEC13347_GRANVILL_3443_34,GRANVILL 3443 34 (LN/WEC/WEC),BUTLER-GRANVILLE 138 (3453),22:05,-18.44,
07/13/2024,29652.0,248380.0,TMP151_S3_Granitfalls_115kv_lLN_ftlo_LyonCo_Ceda,S3 S3GRANI11_1 1 (LN/WAUE/WAUE),CEDAR MTN-LYON COUNTY 345 1 (0956),22:10,-195.98,
07/13/2024,,3463.0,WEC13347_GRANVILL_3443_34,GRANVILL 3443 34 (LN/WEC/WEC),BUTLER-GRANVILLE 138 (3453),22:10,-12.85,
07/13/2024,29652.0,248380.0,TMP151_S3_Granitfalls_115kv_lLN_ftlo_LyonCo_Ceda,S3 S3GRANI11_1 1 (LN/WAUE/WAUE),CEDAR MTN-LYON COUNTY 345 1 (0956),22:15,-193.39,
07/13/2024,29652.0,248380.0,TMP151_S3_Granitfalls_115kv_lLN_ftlo_LyonCo_Ceda,S3 S3GRANI11_1 1 (LN/WAUE/WAUE),CEDAR MTN-LYON COUNTY 345 1 (0956),22:20,-191.3,
07/13/2024,,3463.0,WEC13347_GRANVILL_3443_34,GRANVILL 3443 34 (LN/WEC/WEC),BUTLER-GRANVILLE 138 (3453),22:20,-17.42,
07/13/2024,29652.0,248380.0,TMP151_S3_Granitfalls_115kv_lLN_ftlo_LyonCo_Ceda,S3 S3GRANI11_1 1 (LN/WAUE/WAUE),CEDAR MTN-LYON COUNTY 345 1 (0956),22:25,-190.55,
07/13/2024,,3463.0,WEC13347_GRANVILL_3443_34,GRANVILL 3443 34 (LN/WEC/WEC),BUTLER-GRANVILLE 138 (3453),22:25,-23.98,
07/13/2024,29652.0,248380.0,TMP151_S3_Granitfalls_115kv_lLN_ftlo_LyonCo_Ceda,S3 S3GRANI11_1 1 (LN/WAUE/WAUE),CEDAR MTN-LYON COUNTY 345 1 (0956),22:30,-189.43,
07/13/2024,,3463.0,WEC13347_GRANVILL_3443_34,GRANVILL 3443 34 (LN/WEC/WEC),BUTLER-GRANVILLE 138 (3453),22:30,-26.58,
07/13/2024,29652.0,248380.0,TMP151_S3_Granitfalls_115kv_lLN_ftlo_LyonCo_Ceda,S3 S3GRANI11_1 1 (LN/WAUE/WAUE),CEDAR MTN-LYON COUNTY 345 1 (0956),22:35,-186.64,
07/13/2024,,3463.0,WEC13347_GRANVILL_3443_34,GRANVILL 3443 34 (LN/WEC/WEC),BUTLER-GRANVILLE 138 (3453),22:35,-30.09,
07/13/2024,29652.0,248380.0,TMP151_S3_Granitfalls_115kv_lLN_ftlo_LyonCo_Ceda,S3 S3GRANI11_1 1 (LN/WAUE/WAUE),CEDAR MTN-LYON COUNTY 345 1 (0956),22:40,-186.83,
07/13/2024,,3463.0,WEC13347_GRANVILL_3443_34,GRANVILL 3443 34 (LN/WEC/WEC),BUTLER-GRANVILLE 138 (3453),22:40,-30.45,
07/13/2024,29652.0,248380.0,TMP151_S3_Granitfalls_115kv_lLN_ftlo_LyonCo_Ceda,S3 S3GRANI11_1 1 (LN/WAUE/WAUE),CEDAR MTN-LYON COUNTY 345 1 (0956),22:45,-185.88,
07/13/2024,,3463.0,WEC13347_GRANVILL_3443_34,GRANVILL 3443 34 (LN/WEC/WEC),BUTLER-GRANVILLE 138 (3453),22:45,-30.72,
07/13/2024,29652.0,248380.0,TMP151_S3_Granitfalls_115kv_lLN_ftlo_LyonCo_Ceda,S3 S3GRANI11_1 1 (LN/WAUE/WAUE),CEDAR MTN-LYON COUNTY 345 1 (0956),22:50,-186.82,
07/13/2024,,3463.0,WEC13347_GRANVILL_3443_34,GRANVILL 3443 34 (LN/WEC/WEC),BUTLER-GRANVILLE 138 (3453),22:50,-26.67,
07/13/2024,29652.0,248380.0,TMP151_S3_Granitfalls_115kv_lLN_ftlo_LyonCo_Ceda,S3 S3GRANI11_1 1 (LN/WAUE/WAUE),CEDAR MTN-LYON COUNTY 345 1 (0956),22:55,-185.66,
07/13/2024,,3463.0,WEC13347_GRANVILL_3443_34,GRANVILL 3443 34 (LN/WEC/WEC),BUTLER-GRANVILLE 138 (3453),22:55,-23.37,
07/13/2024,29652.0,248380.0,TMP151_S3_Granitfalls_115kv_lLN_ftlo_LyonCo_Ceda,S3 S3GRANI11_1 1 (LN/WAUE/WAUE),CEDAR MTN-LYON COUNTY 345 1 (0956),23:00,-184.87,
07/13/2024,,3463.0,WEC13347_GRANVILL_3443_34,GRANVILL 3443 34 (LN/WEC/WEC),BUTLER-GRANVILLE 138 (3453),23:00,-31.03,
07/13/2024,29652.0,248380.0,TMP151_S3_Granitfalls_115kv_lLN_ftlo_LyonCo_Ceda,S3 S3GRANI11_1 1 (LN/WAUE/WAUE),CEDAR MTN-LYON COUNTY 345 1 (0956),23:05,-184.17,
07/13/2024,,3463.0,WEC13347_GRANVILL_3443_34,GRANVILL 3443 34 (LN/WEC/WEC),BUTLER-GRANVILLE 138 (3453),23:05,-29.99,
07/13/2024,29652.0,248380.0,TMP151_S3_Granitfalls_115kv_lLN_ftlo_LyonCo_Ceda,S3 S3GRANI11_1 1 (LN/WAUE/WAUE),CEDAR MTN-LYON COUNTY 345 1 (0956),23:10,-186.5,
07/13/2024,,3463.0,WEC13347_GRANVILL_3443_34,GRANVILL 3443 34 (LN/WEC/WEC),BUTLER-GRANVILLE 138 (3453),23:10,-5.83,
07/13/2024,29652.0,248380.0,TMP151_S3_Granitfalls_115kv_lLN_ftlo_LyonCo_Ceda,S3 S3GRANI11_1 1 (LN/WAUE/WAUE),CEDAR MTN-LYON COUNTY 345 1 (0956),23:15,-187.55,
07/13/2024,29652.0,248380.0,TMP151_S3_Granitfalls_115kv_lLN_ftlo_LyonCo_Ceda,S3 S3GRANI11_1 1 (LN/WAUE/WAUE),CEDAR MTN-LYON COUNTY 345 1 (0956),23:20,-184.25,
07/13/2024,29652.0,248380.0,TMP151_S3_Granitfalls_115kv_lLN_ftlo_LyonCo_Ceda,S3 S3GRANI11_1 1 (LN/WAUE/WAUE),CEDAR MTN-LYON COUNTY 345 1 (0956),23:25,-186.53,
07/13/2024,29652.0,248380.0,TMP151_S3_Granitfalls_115kv_lLN_ftlo_LyonCo_Ceda,S3 S3GRANI11_1 1 (LN/WAUE/WAUE),CEDAR MTN-LYON COUNTY 345 1 (0956),23:30,-184.69,
07/13/2024,29652.0,248380.0,TMP151_S3_Granitfalls_115kv_lLN_ftlo_LyonCo_Ceda,S3 S3GRANI11_1 1 (LN/WAUE/WAUE),CEDAR MTN-LYON COUNTY 345 1 (0956),23:35,-184.47,
07/13/2024,29652.0,248380.0,TMP151_S3_Granitfalls_115kv_lLN_ftlo_LyonCo_Ceda,S3 S3GRANI11_1 1 (LN/WAUE/WAUE),CEDAR MTN-LYON COUNTY 345 1 (0956),23:40,-183.37,
07/13/2024,29652.0,248380.0,TMP151_S3_Granitfalls_115kv_lLN_ftlo_LyonCo_Ceda,S3 S3GRANI11_1 1 (LN/WAUE/WAUE),CEDAR MTN-LYON COUNTY 345 1 (0956),23:45,-181.12,
07/13/2024,29652.0,248380.0,TMP151_S3_Granitfalls_115kv_lLN_ftlo_LyonCo_Ceda,S3 S3GRANI11_1 1 (LN/WAUE/WAUE),CEDAR MTN-LYON COUNTY 345 1 (0956),23:50,-179.57,
07/13/2024,,3463.0,WEC13347_GRANVILL_3443_34,GRANVILL 3443 34 (LN/WEC/WEC),BUTLER-GRANVILLE 138 (3453),23:50,-28.59,
07/13/2024,29652.0,248380.0,TMP151_S3_Granitfalls_115kv_lLN_ftlo_LyonCo_Ceda,S3 S3GRANI11_1 1 (LN/WAUE/WAUE),CEDAR MTN-LYON COUNTY 345 1 (0956),23:55,-176.77,
07/13/2024,,3463.0,WEC13347_GRANVILL_3443_34,GRANVILL 3443 34 (LN/WEC/WEC),BUTLER-GRANVILLE 138 (3453),23:55,-33.21,
07/14/2024,29652.0,248380.0,TMP151_S3_Granitfalls_115kv_lLN_ftlo_LyonCo_Ceda,S3 S3GRANI11_1 1 (LN/WAUE/WAUE),CEDAR MTN-LYON COUNTY 345 1 (0956),00:05,-179.74,
07/14/2024,,3463.0,WEC13347_GRANVILL_3443_34,GRANVILL 3443 34 (LN/WEC/WEC),BUTLER-GRANVILLE 138 (3453),00:05,-22.76,
07/14/2024,29652.0,248380.0,TMP151_S3_Granitfalls_115kv_lLN_ftlo_LyonCo_Ceda,S3 S3GRANI11_1 1 (LN/WAUE/WAUE),CEDAR MTN-LYON COUNTY 345 1 (0956),00:10,-180.82,
07/14/2024,,3463.0,WEC13347_GRANVILL_3443_34,GRANVILL 3443 34 (LN/WEC/WEC),BUTLER-GRANVILLE 138 (3453),00:10,-24.54,
07/14/2024,28975.0,1277.0,Duneacre_Michigan_City_13843_138_flo_Wilton_Cent,DUNEACRE 13843 A (LN/NIPS/NIPS),WILTON CENTER-DUMONT 765 (11215),00:15,-69.76,
07/14/2024,29652.0,248380.0,TMP151_S3_Granitfalls_115kv_lLN_ftlo_LyonCo_Ceda,S3 S3GRANI11_1 1 (LN/WAUE/WAUE),CEDAR MTN-LYON COUNTY 345 1 (0956),00:15,-175.49,
07/14/2024,29652.0,248380.0,TMP151_S3_Granitfalls_115kv_lLN_ftlo_LyonCo_Ceda,S3 S3GRANI11_1 1 (LN/WAUE/WAUE),CEDAR MTN-LYON COUNTY 345 1 (0956),00:20,-179.71,
07/14/2024,29652.0,248380.0,TMP151_S3_Granitfalls_115kv_lLN_ftlo_LyonCo_Ceda,S3 S3GRANI11_1 1 (LN/WAUE/WAUE),CEDAR MTN-LYON COUNTY 345 1 (0956),00:25,-178.62,
07/14/2024,29015.0,3443.0,Duneare_Michigan_City_13839_138kv_flo_Wilton_Cen,DUNEACRE 13839 A (LN/NIPS/NIPS),WILTON CENTER-DUMONT 765 (11215),00:30,-43.1,
07/14/2024,,308562.0,NSP34102_ALMA2_ALMAWABAC16_1_1,ALMA2 ALMAWABAC16_1 1 (LN/DPC/DPC),BRIGGS ROAD - NORTH ROCHESTER 345,00:30,-373.74,
07/14/2024,29652.0,248380.0,TMP151_S3_Granitfalls_115kv_lLN_ftlo_LyonCo_Ceda,S3 S3GRANI11_1 1 (LN/WAUE/WAUE),CEDAR MTN-LYON COUNTY 345 1 (0956),00:30,-142.75,
07/14/2024,,179996.0,ALW34004_GALENA_GALEN8TH_S16_1_1,GALENA GALEN8TH_S16_1 1 (LN/DPC/ALTW),ROCK CREEK - SALEM 345,00:35,-91.6,
07/14/2024,,308562.0,NSP34102_ALMA2_ALMAWABAC16_1_1,ALMA2 ALMAWABAC16_1 1 (LN/DPC/DPC),BRIGGS ROAD - NORTH ROCHESTER 345,00:35,-221.64,
07/14/2024,29652.0,248380.0,TMP151_S3_Granitfalls_115kv_lLN_ftlo_LyonCo_Ceda,S3 S3GRANI11_1 1 (LN/WAUE/WAUE),CEDAR MTN-LYON COUNTY 345 1 (0956),00:35,-155.06,
07/14/2024,29015.0,3443.0,Duneare_Michigan_City_13839_138kv_flo_Wilton_Cen,DUNEACRE 13839 A (LN/NIPS/NIPS),WILTON CENTER-DUMONT 765 (11215),00:40,-4.1,
07/14/2024,,308562.0,NSP34102_ALMA2_ALMAWABAC16_1_1,ALMA2 ALMAWABAC16_1 1 (LN/DPC/DPC),BRIGGS ROAD - NORTH ROCHESTER 345,00:40,-317.41,
07/14/2024,29652.0,248380.0,TMP151_S3_Granitfalls_115kv_lLN_ftlo_LyonCo_Ceda,S3 S3GRANI11_1 1 (LN/WAUE/WAUE),CEDAR MTN-LYON COUNTY 345 1 (0956),00:40,-151.74,
07/14/2024,,308562.0,NSP34102_ALMA2_ALMAWABAC16_1_1,ALMA2 ALMAWABAC16_1 1 (LN/DPC/DPC),BRIGGS ROAD - NORTH ROCHESTER 345,00:45,-144.06,
07/14/2024,29652.0,248380.0,TMP151_S3_Granitfalls_115kv_lLN_ftlo_LyonCo_Ceda,S3 S3GRANI11_1 1 (LN/WAUE/WAUE),CEDAR MTN-LYON COUNTY 345 1 (0956),00:45,-167.99,
07/14/2024,,308562.0,NSP34102_ALMA2_ALMAWABAC16_1_1,ALMA2 ALMAWABAC16_1 1 (LN/DPC/DPC),BRIGGS ROAD - NORTH ROCHESTER 345,00:50,-55.23,
07/14/2024,29652.0,248380.0,TMP151_S3_Granitfalls_115kv_lLN_ftlo_LyonCo_Ceda,S3 S3GRANI11_1 1 (LN/WAUE/WAUE),CEDAR MTN-LYON COUNTY 345 1 (0956),00:50,-168.04,
07/14/2024,,308562.0,NSP34102_ALMA2_ALMAWABAC16_1_1,ALMA2 ALMAWABAC16_1 1 (LN/DPC/DPC),BRIGGS ROAD - NORTH ROCHESTER 345,00:55,-57.17,
07/14/2024,29652.0,248380.0,TMP151_S3_Granitfalls_115kv_lLN_ftlo_LyonCo_Ceda,S3 S3GRANI11_1 1 (LN/WAUE/WAUE),CEDAR MTN-LYON COUNTY 345 1 (0956),00:55,-166.4,
07/14/2024,,308562.0,NSP34102_ALMA2_ALMAWABAC16_1_1,ALMA2 ALMAWABAC16_1 1 (LN/DPC/DPC),BRIGGS ROAD - NORTH ROCHESTER 345,01:00,-53.66,
07/14/2024,29652.0,248380.0,TMP151_S3_Granitfalls_115kv_lLN_ftlo_LyonCo_Ceda,S3 S3GRANI11_1 1 (LN/WAUE/WAUE),CEDAR MTN-LYON COUNTY 345 1 (0956),01:00,-169.76,
07/14/2024,29015.0,3443.0,Duneare_Michigan_City_13839_138kv_flo_Wilton_Cen,DUNEACRE 13839 A (LN/NIPS/NIPS),WILTON CENTER-DUMONT 765 (11215),01:05,-49.6,
07/14/2024,,308562.0,NSP34102_ALMA2_ALMAWABAC16_1_1,ALMA2 ALMAWABAC16_1 1 (LN/DPC/DPC),BRIGGS ROAD - NORTH ROCHESTER 345,01:05,-60.21,
07/14/2024,29652.0,248380.0,TMP151_S3_Granitfalls_115kv_lLN_ftlo_LyonCo_Ceda,S3 S3GRANI11_1 1 (LN/WAUE/WAUE),CEDAR MTN-LYON COUNTY 345 1 (0956),01:05,-163.75,
07/14/2024,29015.0,3443.0,Duneare_Michigan_City_13839_138kv_flo_Wilton_Cen,DUNEACRE 13839 A (LN/NIPS/NIPS),WILTON CENTER-DUMONT 765 (11215),01:10,-66.0,
07/14/2024,,308562.0,NSP34102_ALMA2_ALMAWABAC16_1_1,ALMA2 ALMAWABAC16_1 1 (LN/DPC/DPC),BRIGGS ROAD - NORTH ROCHESTER 345,01:10,-57.1,
07/14/2024,29652.0,248380.0,TMP151_S3_Granitfalls_115kv_lLN_ftlo_LyonCo_Ceda,S3 S3GRANI11_1 1 (LN/WAUE/WAUE),CEDAR MTN-LYON COUNTY 345 1 (0956),01:10,-166.98,
07/14/2024,29015.0,3443.0,Duneare_Michigan_City_13839_138kv_flo_Wilton_Cen,DUNEACRE 13839 A (LN/NIPS/NIPS),WILTON CENTER-DUMONT 765 (11215),01:15,-66.3,
07/14/2024,,308562.0,NSP34102_ALMA2_ALMAWABAC16_1_1,ALMA2 ALMAWABAC16_1 1 (LN/DPC/DPC),BRIGGS ROAD - NORTH ROCHESTER 345,01:15,-53.82,
07/14/2024,29652.0,248380.0,TMP151_S3_Granitfalls_115kv_lLN_ftlo_LyonCo_Ceda,S3 S3GRANI11_1 1 (LN/WAUE/WAUE),CEDAR MTN-LYON COUNTY 345 1 (0956),01:15,-170.11,
07/14/2024,29015.0,3443.0,Duneare_Michigan_City_13839_138kv_flo_Wilton_Cen,DUNEACRE 13839 A (LN/NIPS/NIPS),WILTON CENTER-DUMONT 765 (11215),01:20,-47.3,
07/14/2024,,308562.0,NSP34102_ALMA2_ALMAWABAC16_1_1,ALMA2 ALMAWABAC16_1 1 (LN/DPC/DPC),BRIGGS ROAD - NORTH ROCHESTER 345,01:20,-53.05,
07/14/2024,29652.0,248380.0,TMP151_S3_Granitfalls_115kv_lLN_ftlo_LyonCo_Ceda,S3 S3GRANI11_1 1 (LN/WAUE/WAUE),CEDAR MTN-LYON COUNTY 345 1 (0956),01:20,-170.72,
07/14/2024,29015.0,3443.0,Duneare_Michigan_City_13839_138kv_flo_Wilton_Cen,DUNEACRE 13839 A (LN/NIPS/NIPS),WILTON CENTER-DUMONT 765 (11215),01:25,-47.3,
07/14/2024,,308562.0,NSP34102_ALMA2_ALMAWABAC16_1_1,ALMA2 ALMAWABAC16_1 1 (LN/DPC/DPC),BRIGGS ROAD - NORTH ROCHESTER 345,01:25,-54.72,
07/14/2024,29652.0,248380.0,TMP151_S3_Granitfalls_115kv_lLN_ftlo_LyonCo_Ceda,S3 S3GRANI11_1 1 (LN/WAUE/WAUE),CEDAR MTN-LYON COUNTY 345 1 (0956),01:25,-169.02,
07/14/2024,5717.0,296436.0,TMP269_CHARLIE_CREEK_WATFORD_FTLO_CHARLIE_CREEK_,CHAR_CK CHAR_WATFO23_1 1 (LN/WAUE/WAUE),CHARLIE CREEK - PATENT GATE 345,01:25,-1211.66,
07/14/2024,29015.0,3443.0,Duneare_Michigan_City_13839_138kv_flo_Wilton_Cen,DUNEACRE 13839 A (LN/NIPS/NIPS),WILTON CENTER-DUMONT 765 (11215),01:30,-22.26,
07/14/2024,29652.0,248380.0,TMP151_S3_Granitfalls_115kv_lLN_ftlo_LyonCo_Ceda,S3 S3GRANI11_1 1 (LN/WAUE/WAUE),CEDAR MTN-LYON COUNTY 345 1 (0956),01:30,-170.18,
07/14/2024,5717.0,296436.0,TMP269_CHARLIE_CREEK_WATFORD_FTLO_CHARLIE_CREEK_,CHAR_CK CHAR_WATFO23_1 1 (LN/WAUE/WAUE),CHARLIE CREEK - PATENT GATE 345,01:30,-1200.9,
07/14/2024,29015.0,3443.0,Duneare_Michigan_City_13839_138kv_flo_Wilton_Cen,DUNEACRE 13839 A (LN/NIPS/NIPS),WILTON CENTER-DUMONT 765 (11215),01:35,-70.3,
07/14/2024,29652.0,248380.0,TMP151_S3_Granitfalls_115kv_lLN_ftlo_LyonCo_Ceda,S3 S3GRANI11_1 1 (LN/WAUE/WAUE),CEDAR MTN-LYON COUNTY 345 1 (0956),01:35,-169.07,
07/14/2024,5717.0,296436.0,TMP269_CHARLIE_CREEK_WATFORD_FTLO_CHARLIE_CREEK_,CHAR_CK CHAR_WATFO23_1 1 (LN/WAUE/WAUE),CHARLIE CREEK - PATENT GATE 345,01:35,-1265.18,
07/14/2024,29015.0,3443.0,Duneare_Michigan_City_13839_138kv_flo_Wilton_Cen,DUNEACRE 13839 A (LN/NIPS/NIPS),WILTON CENTER-DUMONT 765 (11215),01:40,-85.0,
07/14/2024,29652.0,248380.0,TMP151_S3_Granitfalls_115kv_lLN_ftlo_LyonCo_Ceda,S3 S3GRANI11_1 1 (LN/WAUE/WAUE),CEDAR MTN-LYON COUNTY 345 1 (0956),01:40,-170.84,
07/14/2024,29015.0,3443.0,Duneare_Michigan_City_13839_138kv_flo_Wilton_Cen,DUNEACRE 13839 A (LN/NIPS/NIPS),WILTON CENTER-DUMONT 765 (11215),01:45,-43.75,
07/14/2024,29652.0,248380.0,TMP151_S3_Granitfalls_115kv_lLN_ftlo_LyonCo_Ceda,S3 S3GRANI11_1 1 (LN/WAUE/WAUE),CEDAR MTN-LYON COUNTY 345 1 (0956),01:45,-170.87,
07/14/2024,29015.0,3443.0,Duneare_Michigan_City_13839_138kv_flo_Wilton_Cen,DUNEACRE 13839 A (LN/NIPS/NIPS),WILTON CENTER-DUMONT 765 (11215),01:50,-84.1,
07/14/2024,29652.0,248380.0,TMP151_S3_Granitfalls_115kv_lLN_ftlo_LyonCo_Ceda,S3 S3GRANI11_1 1 (LN/WAUE/WAUE),CEDAR MTN-LYON COUNTY 345 1 (0956),01:50,-165.66,
07/14/2024,29015.0,3443.0,Duneare_Michigan_City_13839_138kv_flo_Wilton_Cen,DUNEACRE 13839 A (LN/NIPS/NIPS),WILTON CENTER-DUMONT 765 (11215),01:55,-24.63,
07/14/2024,29652.0,248380.0,TMP151_S3_Granitfalls_115kv_lLN_ftlo_LyonCo_Ceda,S3 S3GRANI11_1 1 (LN/WAUE/WAUE),CEDAR MTN-LYON COUNTY 345 1 (0956),01:55,-168.61,
07/14/2024,29015.0,3443.0,Duneare_Michigan_City_13839_138kv_flo_Wilton_Cen,DUNEACRE 13839 A (LN/NIPS/NIPS),WILTON CENTER-DUMONT 765 (11215),02:00,-48.4,
07/14/2024,29652.0,248380.0,TMP151_S3_Granitfalls_115kv_lLN_ftlo_LyonCo_Ceda,S3 S3GRANI11_1 1 (LN/WAUE/WAUE),CEDAR MTN-LYON COUNTY 345 1 (0956),02:00,-169.46,
07/14/2024,29015.0,3443.0,Duneare_Michigan_City_13839_138kv_flo_Wilton_Cen,DUNEACRE 13839 A (LN/NIPS/NIPS),WILTON CENTER-DUMONT 765 (11215),02:05,-46.7,
07/14/2024,29652.0,248380.0,TMP151_S3_Granitfalls_115kv_lLN_ftlo_LyonCo_Ceda,S3 S3GRANI11_1 1 (LN/WAUE/WAUE),CEDAR MTN-LYON COUNTY 345 1 (0956),02:05,-169.84,
07/14/2024,29015.0,3443.0,Duneare_Michigan_City_13839_138kv_flo_Wilton_Cen,DUNEACRE 13839 A (LN/NIPS/NIPS),WILTON CENTER-DUMONT 765 (11215),02:10,-31.68,
07/14/2024,29652.0,248380.0,TMP151_S3_Granitfalls_115kv_lLN_ftlo_LyonCo_Ceda,S3 S3GRANI11_1 1 (LN/WAUE/WAUE),CEDAR MTN-LYON COUNTY 345 1 (0956),02:10,-169.4,
07/14/2024,29015.0,3443.0,Duneare_Michigan_City_13839_138kv_flo_Wilton_Cen,DUNEACRE 13839 A (LN/NIPS/NIPS),WILTON CENTER-DUMONT 765 (11215),02:15,-24.02,
07/14/2024,29652.0,248380.0,TMP151_S3_Granitfalls_115kv_lLN_ftlo_LyonCo_Ceda,S3 S3GRANI11_1 1 (LN/WAUE/WAUE),CEDAR MTN-LYON COUNTY 345 1 (0956),02:15,-169.03,
07/14/2024,29015.0,3443.0,Duneare_Michigan_City_13839_138kv_flo_Wilton_Cen,DUNEACRE 13839 A (LN/NIPS/NIPS),WILTON CENTER-DUMONT 765 (11215),02:20,-31.2,
07/14/2024,29652.0,248380.0,TMP151_S3_Granitfalls_115kv_lLN_ftlo_LyonCo_Ceda,S3 S3GRANI11_1 1 (LN/WAUE/WAUE),CEDAR MTN-LYON COUNTY 345 1 (0956),02:20,-169.32,
07/14/2024,29015.0,3443.0,Duneare_Michigan_City_13839_138kv_flo_Wilton_Cen,DUNEACRE 13839 A (LN/NIPS/NIPS),WILTON CENTER-DUMONT 765 (11215),02:25,-129.11,
07/14/2024,29652.0,248380.0,TMP151_S3_Granitfalls_115kv_lLN_ftlo_LyonCo_Ceda,S3 S3GRANI11_1 1 (LN/WAUE/WAUE),CEDAR MTN-LYON COUNTY 345 1 (0956),02:25,-167.49,
07/14/2024,29015.0,3443.0,Duneare_Michigan_City_13839_138kv_flo_Wilton_Cen,DUNEACRE 13839 A (LN/NIPS/NIPS),WILTON CENTER-DUMONT 765 (11215),02:30,-44.0,
07/14/2024,29652.0,248380.0,TMP151_S3_Granitfalls_115kv_lLN_ftlo_LyonCo_Ceda,S3 S3GRANI11_1 1 (LN/WAUE/WAUE),CEDAR MTN-LYON COUNTY 345 1 (0956),02:30,-167.95,
07/14/2024,29015.0,3443.0,Duneare_Michigan_City_13839_138kv_flo_Wilton_Cen,DUNEACRE 13839 A (LN/NIPS/NIPS),WILTON CENTER-DUMONT 765 (11215),02:35,-34.9,
07/14/2024,29652.0,248380.0,TMP151_S3_Granitfalls_115kv_lLN_ftlo_LyonCo_Ceda,S3 S3GRANI11_1 1 (LN/WAUE/WAUE),CEDAR MTN-LYON COUNTY 345 1 (0956),02:35,-167.71,
07/14/2024,29015.0,3443.0,Duneare_Michigan_City_13839_138kv_flo_Wilton_Cen,DUNEACRE 13839 A (LN/NIPS/NIPS),WILTON CENTER-DUMONT 765 (11215),02:40,-26.4,
07/14/2024,29652.0,248380.0,TMP151_S3_Granitfalls_115kv_lLN_ftlo_LyonCo_Ceda,S3 S3GRANI11_1 1 (LN/WAUE/WAUE),CEDAR MTN-LYON COUNTY 345 1 (0956),02:40,-168.91,
07/14/2024,29015.0,3443.0,Duneare_Michigan_City_13839_138kv_flo_Wilton_Cen,DUNEACRE 13839 A (LN/NIPS/NIPS),WILTON CENTER-DUMONT 765 (11215),02:45,-24.1,
07/14/2024,29652.0,248380.0,TMP151_S3_Granitfalls_115kv_lLN_ftlo_LyonCo_Ceda,S3 S3GRANI11_1 1 (LN/WAUE/WAUE),CEDAR MTN-LYON COUNTY 345 1 (0956),02:45,-168.87,
07/14/2024,29015.0,3443.0,Duneare_Michigan_City_13839_138kv_flo_Wilton_Cen,DUNEACRE 13839 A (LN/NIPS/NIPS),WILTON CENTER-DUMONT 765 (11215),02:50,-37.0,
07/14/2024,29652.0,248380.0,TMP151_S3_Granitfalls_115kv_lLN_ftlo_LyonCo_Ceda,S3 S3GRANI11_1 1 (LN/WAUE/WAUE),CEDAR MTN-LYON COUNTY 345 1 (0956),02:50,-166.82,
07/14/2024,29015.0,3443.0,Duneare_Michigan_City_13839_138kv_flo_Wilton_Cen,DUNEACRE 13839 A (LN/NIPS/NIPS),WILTON CENTER-DUMONT 765 (11215),02:55,-31.2,
07/14/2024,29652.0,248380.0,TMP151_S3_Granitfalls_115kv_lLN_ftlo_LyonCo_Ceda,S3 S3GRANI11_1 1 (LN/WAUE/WAUE),CEDAR MTN-LYON COUNTY 345 1 (0956),02:55,-168.3,
07/14/2024,29015.0,3443.0,Duneare_Michigan_City_13839_138kv_flo_Wilton_Cen,DUNEACRE 13839 A (LN/NIPS/NIPS),WILTON CENTER-DUMONT 765 (11215),03:00,-87.08,
07/14/2024,29652.0,248380.0,TMP151_S3_Granitfalls_115kv_lLN_ftlo_LyonCo_Ceda,S3 S3GRANI11_1 1 (LN/WAUE/WAUE),CEDAR MTN-LYON COUNTY 345 1 (0956),03:00,-161.72,
07/14/2024,29652.0,248380.0,TMP151_S3_Granitfalls_115kv_lLN_ftlo_LyonCo_Ceda,S3 S3GRANI11_1 1 (LN/WAUE/WAUE),CEDAR MTN-LYON COUNTY 345 1 (0956),03:05,-167.95,
07/14/2024,29015.0,3443.0,Duneare_Michigan_City_13839_138kv_flo_Wilton_Cen,DUNEACRE 13839 A (LN/NIPS/NIPS),WILTON CENTER-DUMONT 765 (11215),03:10,-12.49,
07/14/2024,29652.0,248380.0,TMP151_S3_Granitfalls_115kv_lLN_ftlo_LyonCo_Ceda,S3 S3GRANI11_1 1 (LN/WAUE/WAUE),CEDAR MTN-LYON COUNTY 345 1 (0956),03:10,-169.55,
07/14/2024,29652.0,248380.0,TMP151_S3_Granitfalls_115kv_lLN_ftlo_LyonCo_Ceda,S3 S3GRANI11_1 1 (LN/WAUE/WAUE),CEDAR MTN-LYON COUNTY 345 1 (0956),03:15,-170.69,
07/14/2024,29652.0,248380.0,TMP151_S3_Granitfalls_115kv_lLN_ftlo_LyonCo_Ceda,S3 S3GRANI11_1 1 (LN/WAUE/WAUE),CEDAR MTN-LYON COUNTY 345 1 (0956),03:20,-168.1,
07/14/2024,29015.0,3443.0,Duneare_Michigan_City_13839_138kv_flo_Wilton_Cen,DUNEACRE 13839 A (LN/NIPS/NIPS),WILTON CENTER-DUMONT 765 (11215),03:25,-31.9,
07/14/2024,29652.0,248380.0,TMP151_S3_Granitfalls_115kv_lLN_ftlo_LyonCo_Ceda,S3 S3GRANI11_1 1 (LN/WAUE/WAUE),CEDAR MTN-LYON COUNTY 345 1 (0956),03:25,-164.24,
07/14/2024,29015.0,3443.0,Duneare_Michigan_City_13839_138kv_flo_Wilton_Cen,DUNEACRE 13839 A (LN/NIPS/NIPS),WILTON CENTER-DUMONT 765 (11215),03:30,-6.25,
07/14/2024,29652.0,248380.0,TMP151_S3_Granitfalls_115kv_lLN_ftlo_LyonCo_Ceda,S3 S3GRANI11_1 1 (LN/WAUE/WAUE),CEDAR MTN-LYON COUNTY 345 1 (0956),03:30,-168.13,
07/14/2024,29015.0,3443.0,Duneare_Michigan_City_13839_138kv_flo_Wilton_Cen,DUNEACRE 13839 A (LN/NIPS/NIPS),WILTON CENTER-DUMONT 765 (11215),03:35,-28.6,
07/14/2024,29652.0,248380.0,TMP151_S3_Granitfalls_115kv_lLN_ftlo_LyonCo_Ceda,S3 S3GRANI11_1 1 (LN/WAUE/WAUE),CEDAR MTN-LYON COUNTY 345 1 (0956),03:35,-166.25,
07/14/2024,29015.0,3443.0,Duneare_Michigan_City_13839_138kv_flo_Wilton_Cen,DUNEACRE 13839 A (LN/NIPS/NIPS),WILTON CENTER-DUMONT 765 (11215),03:40,-29.2,
07/14/2024,29652.0,248380.0,TMP151_S3_Granitfalls_115kv_lLN_ftlo_LyonCo_Ceda,S3 S3GRANI11_1 1 (LN/WAUE/WAUE),CEDAR MTN-LYON COUNTY 345 1 (0956),03:40,-168.06,
07/14/2024,29015.0,3443.0,Duneare_Michigan_City_13839_138kv_flo_Wilton_Cen,DUNEACRE 13839 A (LN/NIPS/NIPS),WILTON CENTER-DUMONT 765 (11215),03:45,-18.18,
07/14/2024,29652.0,248380.0,TMP151_S3_Granitfalls_115kv_lLN_ftlo_LyonCo_Ceda,S3 S3GRANI11_1 1 (LN/WAUE/WAUE),CEDAR MTN-LYON COUNTY 345 1 (0956),03:45,-166.83,
07/14/2024,29015.0,3443.0,Duneare_Michigan_City_13839_138kv_flo_Wilton_Cen,DUNEACRE 13839 A (LN/NIPS/NIPS),WILTON CENTER-DUMONT 765 (11215),03:50,-28.6,
07/14/2024,29652.0,248380.0,TMP151_S3_Granitfalls_115kv_lLN_ftlo_LyonCo_Ceda,S3 S3GRANI11_1 1 (LN/WAUE/WAUE),CEDAR MTN-LYON COUNTY 345 1 (0956),03:50,-166.96,
07/14/2024,29015.0,3443.0,Duneare_Michigan_City_13839_138kv_flo_Wilton_Cen,DUNEACRE 13839 A (LN/NIPS/NIPS),WILTON CENTER-DUMONT 765 (11215),03:55,-36.7,
07/14/2024,29652.0,248380.0,TMP151_S3_Granitfalls_115kv_lLN_ftlo_LyonCo_Ceda,S3 S3GRANI11_1 1 (LN/WAUE/WAUE),CEDAR MTN-LYON COUNTY 345 1 (0956),03:55,-165.08,
07/14/2024,29015.0,3443.0,Duneare_Michigan_City_13839_138kv_flo_Wilton_Cen,DUNEACRE 13839 A (LN/NIPS/NIPS),WILTON CENTER-DUMONT 765 (11215),04:00,-35.4,
07/14/2024,29652.0,248380.0,TMP151_S3_Granitfalls_115kv_lLN_ftlo_LyonCo_Ceda,S3 S3GRANI11_1 1 (LN/WAUE/WAUE),CEDAR MTN-LYON COUNTY 345 1 (0956),04:00,-166.37,
07/14/2024,29015.0,3443.0,Duneare_Michigan_City_13839_138kv_flo_Wilton_Cen,DUNEACRE 13839 A (LN/NIPS/NIPS),WILTON CENTER-DUMONT 765 (11215),04:05,-28.17,
07/14/2024,29652.0,248380.0,TMP151_S3_Granitfalls_115kv_lLN_ftlo_LyonCo_Ceda,S3 S3GRANI11_1 1 (LN/WAUE/WAUE),CEDAR MTN-LYON COUNTY 345 1 (0956),04:05,-165.82,
07/14/2024,29015.0,3443.0,Duneare_Michigan_City_13839_138kv_flo_Wilton_Cen,DUNEACRE 13839 A (LN/NIPS/NIPS),WILTON CENTER-DUMONT 765 (11215),04:10,-31.6,
07/14/2024,29652.0,248380.0,TMP151_S3_Granitfalls_115kv_lLN_ftlo_LyonCo_Ceda,S3 S3GRANI11_1 1 (LN/WAUE/WAUE),CEDAR MTN-LYON COUNTY 345 1 (0956),04:10,-166.12,
07/14/2024,29015.0,3443.0,Duneare_Michigan_City_13839_138kv_flo_Wilton_Cen,DUNEACRE 13839 A (LN/NIPS/NIPS),WILTON CENTER-DUMONT 765 (11215),04:15,-28.9,
07/14/2024,29652.0,248380.0,TMP151_S3_Granitfalls_115kv_lLN_ftlo_LyonCo_Ceda,S3 S3GRANI11_1 1 (LN/WAUE/WAUE),CEDAR MTN-LYON COUNTY 345 1 (0956),04:15,-166.77,
07/14/2024,29015.0,3443.0,Duneare_Michigan_City_13839_138kv_flo_Wilton_Cen,DUNEACRE 13839 A (LN/NIPS/NIPS),WILTON CENTER-DUMONT 765 (11215),04:20,-24.9,
07/14/2024,29652.0,248380.0,TMP151_S3_Granitfalls_115kv_lLN_ftlo_LyonCo_Ceda,S3 S3GRANI11_1 1 (LN/WAUE/WAUE),CEDAR MTN-LYON COUNTY 345 1 (0956),04:20,-167.26,
07/14/2024,29015.0,3443.0,Duneare_Michigan_City_13839_138kv_flo_Wilton_Cen,DUNEACRE 13839 A (LN/NIPS/NIPS),WILTON CENTER-DUMONT 765 (11215),04:25,-33.0,
07/14/2024,29652.0,248380.0,TMP151_S3_Granitfalls_115kv_lLN_ftlo_LyonCo_Ceda,S3 S3GRANI11_1 1 (LN/WAUE/WAUE),CEDAR MTN-LYON COUNTY 345 1 (0956),04:25,-166.68,
07/14/2024,29015.0,3443.0,Duneare_Michigan_City_13839_138kv_flo_Wilton_Cen,DUNEACRE 13839 A (LN/NIPS/NIPS),WILTON CENTER-DUMONT 765 (11215),04:30,-24.36,
07/14/2024,29652.0,248380.0,TMP151_S3_Granitfalls_115kv_lLN_ftlo_LyonCo_Ceda,S3 S3GRANI11_1 1 (LN/WAUE/WAUE),CEDAR MTN-LYON COUNTY 345 1 (0956),04:30,-167.53,
07/14/2024,29015.0,3443.0,Duneare_Michigan_City_13839_138kv_flo_Wilton_Cen,DUNEACRE 13839 A (LN/NIPS/NIPS),WILTON CENTER-DUMONT 765 (11215),04:35,-37.0,
07/14/2024,29652.0,248380.0,TMP151_S3_Granitfalls_115kv_lLN_ftlo_LyonCo_Ceda,S3 S3GRANI11_1 1 (LN/WAUE/WAUE),CEDAR MTN-LYON COUNTY 345 1 (0956),04:35,-168.52,
07/14/2024,29015.0,3443.0,Duneare_Michigan_City_13839_138kv_flo_Wilton_Cen,DUNEACRE 13839 A (LN/NIPS/NIPS),WILTON CENTER-DUMONT 765 (11215),04:40,-37.0,
07/14/2024,29652.0,248380.0,TMP151_S3_Granitfalls_115kv_lLN_ftlo_LyonCo_Ceda,S3 S3GRANI11_1 1 (LN/WAUE/WAUE),CEDAR MTN-LYON COUNTY 345 1 (0956),04:40,-167.81,
07/14/2024,29015.0,3443.0,Duneare_Michigan_City_13839_138kv_flo_Wilton_Cen,DUNEACRE 13839 A (LN/NIPS/NIPS),WILTON CENTER-DUMONT 765 (11215),04:45,-34.59,
07/14/2024,29652.0,248380.0,TMP151_S3_Granitfalls_115kv_lLN_ftlo_LyonCo_Ceda,S3 S3GRANI11_1 1 (LN/WAUE/WAUE),CEDAR MTN-LYON COUNTY 345 1 (0956),04:45,-168.24,
07/14/2024,29015.0,3443.0,Duneare_Michigan_City_13839_138kv_flo_Wilton_Cen,DUNEACRE 13839 A (LN/NIPS/NIPS),WILTON CENTER-DUMONT 765 (11215),04:50,-69.60000000000001,
07/14/2024,29652.0,248380.0,TMP151_S3_Granitfalls_115kv_lLN_ftlo_LyonCo_Ceda,S3 S3GRANI11_1 1 (LN/WAUE/WAUE),CEDAR MTN-LYON COUNTY 345 1 (0956),04:50,-167.59,
07/14/2024,29015.0,3443.0,Duneare_Michigan_City_13839_138kv_flo_Wilton_Cen,DUNEACRE 13839 A (LN/NIPS/NIPS),WILTON CENTER-DUMONT 765 (11215),04:55,-25.4,
07/14/2024,29652.0,248380.0,TMP151_S3_Granitfalls_115kv_lLN_ftlo_LyonCo_Ceda,S3 S3GRANI11_1 1 (LN/WAUE/WAUE),CEDAR MTN-LYON COUNTY 345 1 (0956),04:55,-169.14,
07/14/2024,29015.0,3443.0,Duneare_Michigan_City_13839_138kv_flo_Wilton_Cen,DUNEACRE 13839 A (LN/NIPS/NIPS),WILTON CENTER-DUMONT 765 (11215),05:00,-50.4,
07/14/2024,29652.0,248380.0,TMP151_S3_Granitfalls_115kv_lLN_ftlo_LyonCo_Ceda,S3 S3GRANI11_1 1 (LN/WAUE/WAUE),CEDAR MTN-LYON COUNTY 345 1 (0956),05:00,-167.31,
07/14/2024,29015.0,3443.0,Duneare_Michigan_City_13839_138kv_flo_Wilton_Cen,DUNEACRE 13839 A (LN/NIPS/NIPS),WILTON CENTER-DUMONT 765 (11215),05:05,-0.7,
07/14/2024,29652.0,248380.0,TMP151_S3_Granitfalls_115kv_lLN_ftlo_LyonCo_Ceda,S3 S3GRANI11_1 1 (LN/WAUE/WAUE),CEDAR MTN-LYON COUNTY 345 1 (0956),05:05,-169.87,
07/14/2024,29652.0,248380.0,TMP151_S3_Granitfalls_115kv_lLN_ftlo_LyonCo_Ceda,S3 S3GRANI11_1 1 (LN/WAUE/WAUE),CEDAR MTN-LYON COUNTY 345 1 (0956),05:10,-168.98,
07/14/2024,29652.0,248380.0,TMP151_S3_Granitfalls_115kv_lLN_ftlo_LyonCo_Ceda,S3 S3GRANI11_1 1 (LN/WAUE/WAUE),CEDAR MTN-LYON COUNTY 345 1 (0956),05:15,-169.27,
07/14/2024,29015.0,3443.0,Duneare_Michigan_City_13839_138kv_flo_Wilton_Cen,DUNEACRE 13839 A (LN/NIPS/NIPS),WILTON CENTER-DUMONT 765 (11215),05:20,-52.2,
07/14/2024,29652.0,248380.0,TMP151_S3_Granitfalls_115kv_lLN_ftlo_LyonCo_Ceda,S3 S3GRANI11_1 1 (LN/WAUE/WAUE),CEDAR MTN-LYON COUNTY 345 1 (0956),05:20,-166.33,
07/14/2024,29015.0,3443.0,Duneare_Michigan_City_13839_138kv_flo_Wilton_Cen,DUNEACRE 13839 A (LN/NIPS/NIPS),WILTON CENTER-DUMONT 765 (11215),05:25,-40.0,
07/14/2024,29652.0,248380.0,TMP151_S3_Granitfalls_115kv_lLN_ftlo_LyonCo_Ceda,S3 S3GRANI11_1 1 (LN/WAUE/WAUE),CEDAR MTN-LYON COUNTY 345 1 (0956),05:25,-169.14,
07/14/2024,29015.0,3443.0,Duneare_Michigan_City_13839_138kv_flo_Wilton_Cen,DUNEACRE 13839 A (LN/NIPS/NIPS),WILTON CENTER-DUMONT 765 (11215),05:30,-21.9,
07/14/2024,29652.0,248380.0,TMP151_S3_Granitfalls_115kv_lLN_ftlo_LyonCo_Ceda,S3 S3GRANI11_1 1 (LN/WAUE/WAUE),CEDAR MTN-LYON COUNTY 345 1 (0956),05:30,-171.47,
07/14/2024,29015.0,3443.0,Duneare_Michigan_City_13839_138kv_flo_Wilton_Cen,DUNEACRE 13839 A (LN/NIPS/NIPS),WILTON CENTER-DUMONT 765 (11215),05:35,-17.2,
07/14/2024,29652.0,248380.0,TMP151_S3_Granitfalls_115kv_lLN_ftlo_LyonCo_Ceda,S3 S3GRANI11_1 1 (LN/WAUE/WAUE),CEDAR MTN-LYON COUNTY 345 1 (0956),05:35,-169.64,
07/14/2024,29015.0,3443.0,Duneare_Michigan_City_13839_138kv_flo_Wilton_Cen,DUNEACRE 13839 A (LN/NIPS/NIPS),WILTON CENTER-DUMONT 765 (11215),05:40,-22.9,
07/14/2024,29652.0,248380.0,TMP151_S3_Granitfalls_115kv_lLN_ftlo_LyonCo_Ceda,S3 S3GRANI11_1 1 (LN/WAUE/WAUE),CEDAR MTN-LYON COUNTY 345 1 (0956),05:40,-170.35,
07/14/2024,29015.0,3443.0,Duneare_Michigan_City_13839_138kv_flo_Wilton_Cen,DUNEACRE 13839 A (LN/NIPS/NIPS),WILTON CENTER-DUMONT 765 (11215),05:45,-22.9,
07/14/2024,29652.0,248380.0,TMP151_S3_Granitfalls_115kv_lLN_ftlo_LyonCo_Ceda,S3 S3GRANI11_1 1 (LN/WAUE/WAUE),CEDAR MTN-LYON COUNTY 345 1 (0956),05:45,-174.17,
07/14/2024,29015.0,3443.0,Duneare_Michigan_City_13839_138kv_flo_Wilton_Cen,DUNEACRE 13839 A (LN/NIPS/NIPS),WILTON CENTER-DUMONT 765 (11215),05:50,-22.0,
07/14/2024,29652.0,248380.0,TMP151_S3_Granitfalls_115kv_lLN_ftlo_LyonCo_Ceda,S3 S3GRANI11_1 1 (LN/WAUE/WAUE),CEDAR MTN-LYON COUNTY 345 1 (0956),05:50,-172.35,
07/14/2024,29015.0,3443.0,Duneare_Michigan_City_13839_138kv_flo_Wilton_Cen,DUNEACRE 13839 A (LN/NIPS/NIPS),WILTON CENTER-DUMONT 765 (11215),05:55,-22.0,
07/14/2024,29652.0,248380.0,TMP151_S3_Granitfalls_115kv_lLN_ftlo_LyonCo_Ceda,S3 S3GRANI11_1 1 (LN/WAUE/WAUE),CEDAR MTN-LYON COUNTY 345 1 (0956),05:55,-171.6,
07/14/2024,29015.0,3443.0,Duneare_Michigan_City_13839_138kv_flo_Wilton_Cen,DUNEACRE 13839 A (LN/NIPS/NIPS),WILTON CENTER-DUMONT 765 (11215),06:00,-44.1,
07/14/2024,29652.0,248380.0,TMP151_S3_Granitfalls_115kv_lLN_ftlo_LyonCo_Ceda,S3 S3GRANI11_1 1 (LN/WAUE/WAUE),CEDAR MTN-LYON COUNTY 345 1 (0956),06:00,-172.71,
07/14/2024,29015.0,3443.0,Duneare_Michigan_City_13839_138kv_flo_Wilton_Cen,DUNEACRE 13839 A (LN/NIPS/NIPS),WILTON CENTER-DUMONT 765 (11215),06:05,-170.65,
07/14/2024,29652.0,248380.0,TMP151_S3_Granitfalls_115kv_lLN_ftlo_LyonCo_Ceda,S3 S3GRANI11_1 1 (LN/WAUE/WAUE),CEDAR MTN-LYON COUNTY 345 1 (0956),06:05,-163.77,
07/14/2024,29015.0,3443.0,Duneare_Michigan_City_13839_138kv_flo_Wilton_Cen,DUNEACRE 13839 A (LN/NIPS/NIPS),WILTON CENTER-DUMONT 765 (11215),06:10,-161.47,
07/14/2024,,453132.0,NSP34056_MARS_SS_LYON_MARS_11_1_1,MARS_SS LYON_MARS_11_1 1 (LN/NSP/NSP),CEDAR MTN-LYON COUNTY 345 1 (0956),06:10,-10.79,
07/14/2024,29652.0,248380.0,TMP151_S3_Granitfalls_115kv_lLN_ftlo_LyonCo_Ceda,S3 S3GRANI11_1 1 (LN/WAUE/WAUE),CEDAR MTN-LYON COUNTY 345 1 (0956),06:10,-147.93,
07/14/2024,29015.0,3443.0,Duneare_Michigan_City_13839_138kv_flo_Wilton_Cen,DUNEACRE 13839 A (LN/NIPS/NIPS),WILTON CENTER-DUMONT 765 (11215),06:15,-42.8,
07/14/2024,,453132.0,NSP34056_MARS_SS_LYON_MARS_11_1_1,MARS_SS LYON_MARS_11_1 1 (LN/NSP/NSP),CEDAR MTN-LYON COUNTY 345 1 (0956),06:15,-21.45,
07/14/2024,29652.0,248380.0,TMP151_S3_Granitfalls_115kv_lLN_ftlo_LyonCo_Ceda,S3 S3GRANI11_1 1 (LN/WAUE/WAUE),CEDAR MTN-LYON COUNTY 345 1 (0956),06:15,-138.64000000000001,
07/14/2024,29015.0,3443.0,Duneare_Michigan_City_13839_138kv_flo_Wilton_Cen,DUNEACRE 13839 A (LN/NIPS/NIPS),WILTON CENTER-DUMONT 765 (11215),06:20,-53.6,
07/14/2024,,453132.0,NSP34056_MARS_SS_LYON_MARS_11_1_1,MARS_SS LYON_MARS_11_1 1 (LN/NSP/NSP),CEDAR MTN-LYON COUNTY 345 1 (0956),06:20,-2.29,
07/14/2024,29652.0,248380.0,TMP151_S3_Granitfalls_115kv_lLN_ftlo_LyonCo_Ceda,S3 S3GRANI11_1 1 (LN/WAUE/WAUE),CEDAR MTN-LYON COUNTY 345 1 (0956),06:20,-151.35,
07/14/2024,,453132.0,NSP34056_MARS_SS_LYON_MARS_11_1_1,MARS_SS LYON_MARS_11_1 1 (LN/NSP/NSP),CEDAR MTN-LYON COUNTY 345 1 (0956),06:25,-108.29,
07/14/2024,,453132.0,NSP34056_MARS_SS_LYON_MARS_11_1_1,MARS_SS LYON_MARS_11_1 1 (LN/NSP/NSP),CEDAR MTN-LYON COUNTY 345 1 (0956),06:30,-108.39,
07/14/2024,29015.0,3443.0,Duneare_Michigan_City_13839_138kv_flo_Wilton_Cen,DUNEACRE 13839 A (LN/NIPS/NIPS),WILTON CENTER-DUMONT 765 (11215),06:35,-1.0,
07/14/2024,,453132.0,NSP34056_MARS_SS_LYON_MARS_11_1_1,MARS_SS LYON_MARS_11_1 1 (LN/NSP/NSP),CEDAR MTN-LYON COUNTY 345 1 (0956),06:35,-118.75,
07/14/2024,29015.0,3443.0,Duneare_Michigan_City_13839_138kv_flo_Wilton_Cen,DUNEACRE 13839 A (LN/NIPS/NIPS),WILTON CENTER-DUMONT 765 (11215),06:40,-3.44,
07/14/2024,,453132.0,NSP34056_MARS_SS_LYON_MARS_11_1_1,MARS_SS LYON_MARS_11_1 1 (LN/NSP/NSP),CEDAR MTN-LYON COUNTY 345 1 (0956),06:40,-109.72,
07/14/2024,29015.0,3443.0,Duneare_Michigan_City_13839_138kv_flo_Wilton_Cen,DUNEACRE 13839 A (LN/NIPS/NIPS),WILTON CENTER-DUMONT 765 (11215),06:45,-51.0,
07/14/2024,,453132.0,NSP34056_MARS_SS_LYON_MARS_11_1_1,MARS_SS LYON_MARS_11_1 1 (LN/NSP/NSP),CEDAR MTN-LYON COUNTY 345 1 (0956),06:45,-107.57,
07/14/2024,29015.0,3443.0,Duneare_Michigan_City_13839_138kv_flo_Wilton_Cen,DUNEACRE 13839 A (LN/NIPS/NIPS),WILTON CENTER-DUMONT 765 (11215),06:50,-30.9,
07/14/2024,,453132.0,NSP34056_MARS_SS_LYON_MARS_11_1_1,MARS_SS LYON_MARS_11_1 1 (LN/NSP/NSP),CEDAR MTN-LYON COUNTY 345 1 (0956),06:50,-107.46,
07/14/2024,29015.0,3443.0,Duneare_Michigan_City_13839_138kv_flo_Wilton_Cen,DUNEACRE 13839 A (LN/NIPS/NIPS),WILTON CENTER-DUMONT 765 (11215),06:55,-24.6,
07/14/2024,,453132.0,NSP34056_MARS_SS_LYON_MARS_11_1_1,MARS_SS LYON_MARS_11_1 1 (LN/NSP/NSP),CEDAR MTN-LYON COUNTY 345 1 (0956),06:55,-108.03,
07/14/2024,,453132.0,NSP34056_MARS_SS_LYON_MARS_11_1_1,MARS_SS LYON_MARS_11_1 1 (LN/NSP/NSP),CEDAR MTN-LYON COUNTY 345 1 (0956),08:30,-120.77,
07/14/2024,,453132.0,NSP34056_MARS_SS_LYON_MARS_11_1_1,MARS_SS LYON_MARS_11_1 1 (LN/NSP/NSP),CEDAR MTN-LYON COUNTY 345 1 (0956),08:35,-125.76,
07/14/2024,,453132.0,NSP34056_MARS_SS_LYON_MARS_11_1_1,MARS_SS LYON_MARS_11_1 1 (LN/NSP/NSP),CEDAR MTN-LYON COUNTY 345 1 (0956),08:40,-119.21,
07/14/2024,,453132.0,NSP34056_MARS_SS_LYON_MARS_11_1_1,MARS_SS LYON_MARS_11_1 1 (LN/NSP/NSP),CEDAR MTN-LYON COUNTY 345 1 (0956),08:45,-135.83,
07/14/2024,,453132.0,NSP34056_MARS_SS_LYON_MARS_11_1_1,MARS_SS LYON_MARS_11_1 1 (LN/NSP/NSP),CEDAR MTN-LYON COUNTY 345 1 (0956),08:50,-141.4,
07/14/2024,,453132.0,NSP34056_MARS_SS_LYON_MARS_11_1_1,MARS_SS LYON_MARS_11_1 1 (LN/NSP/NSP),CEDAR MTN-LYON COUNTY 345 1 (0956),08:55,-135.79,
07/14/2024,,453132.0,NSP34056_MARS_SS_LYON_MARS_11_1_1,MARS_SS LYON_MARS_11_1 1 (LN/NSP/NSP),CEDAR MTN-LYON COUNTY 345 1 (0956),09:00,-127.69,
07/14/2024,,453132.0,NSP34056_MARS_SS_LYON_MARS_11_1_1,MARS_SS LYON_MARS_11_1 1 (LN/NSP/NSP),CEDAR MTN-LYON COUNTY 345 1 (0956),09:05,-119.33,
07/14/2024,,453132.0,NSP34056_MARS_SS_LYON_MARS_11_1_1,MARS_SS LYON_MARS_11_1 1 (LN/NSP/NSP),CEDAR MTN-LYON COUNTY 345 1 (0956),09:10,-120.11,
07/14/2024,,453132.0,NSP34056_MARS_SS_LYON_MARS_11_1_1,MARS_SS LYON_MARS_11_1 1 (LN/NSP/NSP),CEDAR MTN-LYON COUNTY 345 1 (0956),09:15,-137.07,
07/14/2024,,453132.0,NSP34056_MARS_SS_LYON_MARS_11_1_1,MARS_SS LYON_MARS_11_1 1 (LN/NSP/NSP),CEDAR MTN-LYON COUNTY 345 1 (0956),09:20,-141.8,
07/14/2024,,453132.0,NSP34056_MARS_SS_LYON_MARS_11_1_1,MARS_SS LYON_MARS_11_1 1 (LN/NSP/NSP),CEDAR MTN-LYON COUNTY 345 1 (0956),09:25,-139.29,
07/14/2024,,453132.0,NSP34056_MARS_SS_LYON_MARS_11_1_1,MARS_SS LYON_MARS_11_1 1 (LN/NSP/NSP),CEDAR MTN-LYON COUNTY 345 1 (0956),09:30,-139.35,
07/14/2024,,453132.0,NSP34056_MARS_SS_LYON_MARS_11_1_1,MARS_SS LYON_MARS_11_1 1 (LN/NSP/NSP),CEDAR MTN-LYON COUNTY 345 1 (0956),09:35,-140.33,
07/14/2024,,453132.0,NSP34056_MARS_SS_LYON_MARS_11_1_1,MARS_SS LYON_MARS_11_1 1 (LN/NSP/NSP),CEDAR MTN-LYON COUNTY 345 1 (0956),09:40,-128.82,
07/14/2024,,453132.0,NSP34056_MARS_SS_LYON_MARS_11_1_1,MARS_SS LYON_MARS_11_1 1 (LN/NSP/NSP),CEDAR MTN-LYON COUNTY 345 1 (0956),09:45,-131.05,
07/14/2024,,453132.0,NSP34056_MARS_SS_LYON_MARS_11_1_1,MARS_SS LYON_MARS_11_1 1 (LN/NSP/NSP),CEDAR MTN-LYON COUNTY 345 1 (0956),09:50,-126.3,
07/14/2024,,3463.0,WEC13347_GRANVILL_3443_34,GRANVILL 3443 34 (LN/WEC/WEC),BUTLER-GRANVILLE 138 (3453),09:50,-1.1,
07/14/2024,,453132.0,NSP34056_MARS_SS_LYON_MARS_11_1_1,MARS_SS LYON_MARS_11_1 1 (LN/NSP/NSP),CEDAR MTN-LYON COUNTY 345 1 (0956),09:55,-121.46,
07/14/2024,,453132.0,NSP34056_MARS_SS_LYON_MARS_11_1_1,MARS_SS LYON_MARS_11_1 1 (LN/NSP/NSP),CEDAR MTN-LYON COUNTY 345 1 (0956),10:00,-120.21,
07/14/2024,,3463.0,WEC13347_GRANVILL_3443_34,GRANVILL 3443 34 (LN/WEC/WEC),BUTLER-GRANVILLE 138 (3453),10:00,-14.65,
07/14/2024,,453132.0,NSP34056_MARS_SS_LYON_MARS_11_1_1,MARS_SS LYON_MARS_11_1 1 (LN/NSP/NSP),CEDAR MTN-LYON COUNTY 345 1 (0956),10:05,-120.96,
07/14/2024,,3463.0,WEC13347_GRANVILL_3443_34,GRANVILL 3443 34 (LN/WEC/WEC),BUTLER-GRANVILLE 138 (3453),10:05,-13.66,
07/14/2024,,453132.0,NSP34056_MARS_SS_LYON_MARS_11_1_1,MARS_SS LYON_MARS_11_1 1 (LN/NSP/NSP),CEDAR MTN-LYON COUNTY 345 1 (0956),10:10,-123.27,
07/14/2024,,3463.0,WEC13347_GRANVILL_3443_34,GRANVILL 3443 34 (LN/WEC/WEC),BUTLER-GRANVILLE 138 (3453),10:10,-39.69,
07/14/2024,,453132.0,NSP34056_MARS_SS_LYON_MARS_11_1_1,MARS_SS LYON_MARS_11_1 1 (LN/NSP/NSP),CEDAR MTN-LYON COUNTY 345 1 (0956),10:15,-121.84,
07/14/2024,,3463.0,WEC13347_GRANVILL_3443_34,GRANVILL 3443 34 (LN/WEC/WEC),BUTLER-GRANVILLE 138 (3453),10:15,-23.12,
07/14/2024,,453132.0,NSP34056_MARS_SS_LYON_MARS_11_1_1,MARS_SS LYON_MARS_11_1 1 (LN/NSP/NSP),CEDAR MTN-LYON COUNTY 345 1 (0956),10:20,-125.28,
07/14/2024,,3463.0,WEC13347_GRANVILL_3443_34,GRANVILL 3443 34 (LN/WEC/WEC),BUTLER-GRANVILLE 138 (3453),10:20,-55.03,
07/14/2024,,453132.0,NSP34056_MARS_SS_LYON_MARS_11_1_1,MARS_SS LYON_MARS_11_1 1 (LN/NSP/NSP),CEDAR MTN-LYON COUNTY 345 1 (0956),10:25,-127.05,
07/14/2024,,331256.0,WEC13332_BLUFFCRK_WHIG53_2,BLUFFCRK WHIG53 2 (LN/WEC/WEC),UNIVERSITY - MUKWONAGO 138 (UNIG52,10:25,-4.65,
07/14/2024,,3463.0,WEC13347_GRANVILL_3443_34,GRANVILL 3443 34 (LN/WEC/WEC),BUTLER-GRANVILLE 138 (3453),10:25,-54.67,
07/14/2024,,453132.0,NSP34056_MARS_SS_LYON_MARS_11_1_1,MARS_SS LYON_MARS_11_1 1 (LN/NSP/NSP),CEDAR MTN-LYON COUNTY 345 1 (0956),10:30,-126.95,
07/14/2024,,331256.0,WEC13332_BLUFFCRK_WHIG53_2,BLUFFCRK WHIG53 2 (LN/WEC/WEC),UNIVERSITY - MUKWONAGO 138 (UNIG52,10:30,-1.4,
07/14/2024,,3463.0,WEC13347_GRANVILL_3443_34,GRANVILL 3443 34 (LN/WEC/WEC),BUTLER-GRANVILLE 138 (3453),10:30,-21.01,
07/14/2024,,453132.0,NSP34056_MARS_SS_LYON_MARS_11_1_1,MARS_SS LYON_MARS_11_1 1 (LN/NSP/NSP),CEDAR MTN-LYON COUNTY 345 1 (0956),10:35,-125.77,
07/14/2024,,331256.0,WEC13332_BLUFFCRK_WHIG53_2,BLUFFCRK WHIG53 2 (LN/WEC/WEC),UNIVERSITY - MUKWONAGO 138 (UNIG52,10:35,-42.25,
07/14/2024,,3463.0,WEC13347_GRANVILL_3443_34,GRANVILL 3443 34 (LN/WEC/WEC),BUTLER-GRANVILLE 138 (3453),10:35,-22.4,
07/14/2024,,453132.0,NSP34056_MARS_SS_LYON_MARS_11_1_1,MARS_SS LYON_MARS_11_1 1 (LN/NSP/NSP),CEDAR MTN-LYON COUNTY 345 1 (0956),10:40,-128.98,
07/14/2024,,331256.0,WEC13332_BLUFFCRK_WHIG53_2,BLUFFCRK WHIG53 2 (LN/WEC/WEC),UNIVERSITY - MUKWONAGO 138 (UNIG52,10:40,-16.75,
07/14/2024,,3463.0,WEC13347_GRANVILL_3443_34,GRANVILL 3443 34 (LN/WEC/WEC),BUTLER-GRANVILLE 138 (3453),10:40,-31.41,
07/14/2024,,453132.0,NSP34056_MARS_SS_LYON_MARS_11_1_1,MARS_SS LYON_MARS_11_1 1 (LN/NSP/NSP),CEDAR MTN-LYON COUNTY 345 1 (0956),10:45,-128.95,
07/14/2024,,331256.0,WEC13332_BLUFFCRK_WHIG53_2,BLUFFCRK WHIG53 2 (LN/WEC/WEC),UNIVERSITY - MUKWONAGO 138 (UNIG52,10:45,-77.08,
07/14/2024,,3463.0,WEC13347_GRANVILL_3443_34,GRANVILL 3443 34 (LN/WEC/WEC),BUTLER-GRANVILLE 138 (3453),10:45,-80.04,
07/14/2024,,453132.0,NSP34056_MARS_SS_LYON_MARS_11_1_1,MARS_SS LYON_MARS_11_1 1 (LN/NSP/NSP),CEDAR MTN-LYON COUNTY 345 1 (0956),10:50,-126.31,
07/14/2024,,331256.0,WEC13332_BLUFFCRK_WHIG53_2,BLUFFCRK WHIG53 2 (LN/WEC/WEC),UNIVERSITY - MUKWONAGO 138 (UNIG52,10:50,-20.02,
07/14/2024,,3463.0,WEC13347_GRANVILL_3443_34,GRANVILL 3443 34 (LN/WEC/WEC),BUTLER-GRANVILLE 138 (3453),10:50,-60.44,
07/14/2024,,453132.0,NSP34056_MARS_SS_LYON_MARS_11_1_1,MARS_SS LYON_MARS_11_1 1 (LN/NSP/NSP),CEDAR MTN-LYON COUNTY 345 1 (0956),10:55,-125.04,
07/14/2024,,331256.0,WEC13332_BLUFFCRK_WHIG53_2,BLUFFCRK WHIG53 2 (LN/WEC/WEC),UNIVERSITY - MUKWONAGO 138 (UNIG52,10:55,-18.36,
07/14/2024,,3463.0,WEC13347_GRANVILL_3443_34,GRANVILL 3443 34 (LN/WEC/WEC),BUTLER-GRANVILLE 138 (3453),10:55,-56.51,
07/14/2024,3245.0,128378.0,15616_Cher_Silv_for_15502_Nels_EJ,SILVERL0 15616 1 (LN/CE/CE),NELSON-ELECTRIC JCT 345 B (15502),11:00,-325.40000000000003,
07/14/2024,,453132.0,NSP34056_MARS_SS_LYON_MARS_11_1_1,MARS_SS LYON_MARS_11_1 1 (LN/NSP/NSP),CEDAR MTN-LYON COUNTY 345 1 (0956),11:00,-105.05,
07/14/2024,,453132.0,NSP34056_MARS_SS_LYON_MARS_11_1_1,MARS_SS LYON_MARS_11_1 1 (LN/NSP/NSP),CEDAR MTN-LYON COUNTY 345 1 (0956),11:05,-120.69,
07/14/2024,,331256.0,WEC13332_BLUFFCRK_WHIG53_2,BLUFFCRK WHIG53 2 (LN/WEC/WEC),UNIVERSITY - MUKWONAGO 138 (UNIG52,11:05,-9.11,
07/14/2024,,3463.0,WEC13347_GRANVILL_3443_34,GRANVILL 3443 34 (LN/WEC/WEC),BUTLER-GRANVILLE 138 (3453),11:05,-10.69,
07/14/2024,,453132.0,NSP34056_MARS_SS_LYON_MARS_11_1_1,MARS_SS LYON_MARS_11_1 1 (LN/NSP/NSP),CEDAR MTN-LYON COUNTY 345 1 (0956),11:10,-45.36,
07/14/2024,,331256.0,WEC13332_BLUFFCRK_WHIG53_2,BLUFFCRK WHIG53 2 (LN/WEC/WEC),UNIVERSITY - MUKWONAGO 138 (UNIG52,11:10,-10.48,
07/14/2024,,3463.0,WEC13347_GRANVILL_3443_34,GRANVILL 3443 34 (LN/WEC/WEC),BUTLER-GRANVILLE 138 (3453),11:10,-31.56,
07/14/2024,,453132.0,NSP34056_MARS_SS_LYON_MARS_11_1_1,MARS_SS LYON_MARS_11_1 1 (LN/NSP/NSP),CEDAR MTN-LYON COUNTY 345 1 (0956),11:15,-48.16,
07/14/2024,,331256.0,WEC13332_BLUFFCRK_WHIG53_2,BLUFFCRK WHIG53 2 (LN/WEC/WEC),UNIVERSITY - MUKWONAGO 138 (UNIG52,11:15,-19.11,
07/14/2024,,3463.0,WEC13347_GRANVILL_3443_34,GRANVILL 3443 34 (LN/WEC/WEC),BUTLER-GRANVILLE 138 (3453),11:15,-80.28,
07/14/2024,,331256.0,WEC13332_BLUFFCRK_WHIG53_2,BLUFFCRK WHIG53 2 (LN/WEC/WEC),UNIVERSITY - MUKWONAGO 138 (UNIG52,11:20,-19.3,
07/14/2024,,3463.0,WEC13347_GRANVILL_3443_34,GRANVILL 3443 34 (LN/WEC/WEC),BUTLER-GRANVILLE 138 (3453),11:20,-78.94,
07/14/2024,,331256.0,WEC13332_BLUFFCRK_WHIG53_2,BLUFFCRK WHIG53 2 (LN/WEC/WEC),UNIVERSITY - MUKWONAGO 138 (UNIG52,11:25,-20.13,
07/14/2024,,3463.0,WEC13347_GRANVILL_3443_34,GRANVILL 3443 34 (LN/WEC/WEC),BUTLER-GRANVILLE 138 (3453),11:25,-82.2,
07/14/2024,,331256.0,WEC13332_BLUFFCRK_WHIG53_2,BLUFFCRK WHIG53 2 (LN/WEC/WEC),UNIVERSITY - MUKWONAGO 138 (UNIG52,11:30,-17.22,
07/14/2024,,3463.0,WEC13347_GRANVILL_3443_34,GRANVILL 3443 34 (LN/WEC/WEC),BUTLER-GRANVILLE 138 (3453),11:30,-59.9,
07/14/2024,,445314.0,WAU16003_MAXBURG_MAXBUWNTRS16_1_1,MAXBURG MAXBUWNTRS16_1 1 (LN/MEC/MEC),EXIRAWA - DENISON 161,11:35,-4.2,
07/14/2024,,331256.0,WEC13332_BLUFFCRK_WHIG53_2,BLUFFCRK WHIG53 2 (LN/WEC/WEC),UNIVERSITY - MUKWONAGO 138 (UNIG52,11:35,-19.490000000000002,
07/14/2024,,3463.0,WEC13347_GRANVILL_3443_34,GRANVILL 3443 34 (LN/WEC/WEC),BUTLER-GRANVILLE 138 (3453),11:35,-62.05,
07/14/2024,,445314.0,WAU16003_MAXBURG_MAXBUWNTRS16_1_1,MAXBURG MAXBUWNTRS16_1 1 (LN/MEC/MEC),EXIRAWA - DENISON 161,11:40,-6.09,
07/14/2024,,331256.0,WEC13332_BLUFFCRK_WHIG53_2,BLUFFCRK WHIG53 2 (LN/WEC/WEC),UNIVERSITY - MUKWONAGO 138 (UNIG52,11:40,-22.23,
07/14/2024,,3463.0,WEC13347_GRANVILL_3443_34,GRANVILL 3443 34 (LN/WEC/WEC),BUTLER-GRANVILLE 138 (3453),11:40,-74.81,
07/14/2024,,445314.0,WAU16003_MAXBURG_MAXBUWNTRS16_1_1,MAXBURG MAXBUWNTRS16_1 1 (LN/MEC/MEC),EXIRAWA - DENISON 161,11:45,-104.31,
07/14/2024,,331256.0,WEC13332_BLUFFCRK_WHIG53_2,BLUFFCRK WHIG53 2 (LN/WEC/WEC),UNIVERSITY - MUKWONAGO 138 (UNIG52,11:45,-19.14,
07/14/2024,,3463.0,WEC13347_GRANVILL_3443_34,GRANVILL 3443 34 (LN/WEC/WEC),BUTLER-GRANVILLE 138 (3453),11:45,-59.63,
07/14/2024,,445314.0,WAU16003_MAXBURG_MAXBUWNTRS16_1_1,MAXBURG MAXBUWNTRS16_1 1 (LN/MEC/MEC),EXIRAWA - DENISON 161,11:50,-105.49,
07/14/2024,,331256.0,WEC13332_BLUFFCRK_WHIG53_2,BLUFFCRK WHIG53 2 (LN/WEC/WEC),UNIVERSITY - MUKWONAGO 138 (UNIG52,11:50,-20.72,
07/14/2024,,3463.0,WEC13347_GRANVILL_3443_34,GRANVILL 3443 34 (LN/WEC/WEC),BUTLER-GRANVILLE 138 (3453),11:50,-74.55,
07/14/2024,,445314.0,WAU16003_MAXBURG_MAXBUWNTRS16_1_1,MAXBURG MAXBUWNTRS16_1 1 (LN/MEC/MEC),EXIRAWA - DENISON 161,11:55,-103.28,
07/14/2024,,331256.0,WEC13332_BLUFFCRK_WHIG53_2,BLUFFCRK WHIG53 2 (LN/WEC/WEC),UNIVERSITY - MUKWONAGO 138 (UNIG52,11:55,-15.73,
07/14/2024,,3463.0,WEC13347_GRANVILL_3443_34,GRANVILL 3443 34 (LN/WEC/WEC),BUTLER-GRANVILLE 138 (3453),11:55,-54.41,
07/14/2024,3245.0,128378.0,15616_Cher_Silv_for_15502_Nels_EJ,SILVERL0 15616 1 (LN/CE/CE),NELSON-ELECTRIC JCT 345 B (15502),12:00,-164.3,
07/14/2024,,445314.0,WAU16003_MAXBURG_MAXBUWNTRS16_1_1,MAXBURG MAXBUWNTRS16_1 1 (LN/MEC/MEC),EXIRAWA - DENISON 161,12:00,-101.38,
07/14/2024,,331256.0,WEC13332_BLUFFCRK_WHIG53_2,BLUFFCRK WHIG53 2 (LN/WEC/WEC),UNIVERSITY - MUKWONAGO 138 (UNIG52,12:00,-13.15,
07/14/2024,,3463.0,WEC13347_GRANVILL_3443_34,GRANVILL 3443 34 (LN/WEC/WEC),BUTLER-GRANVILLE 138 (3453),12:00,-68.34,
07/14/2024,,445314.0,WAU16003_MAXBURG_MAXBUWNTRS16_1_1,MAXBURG MAXBUWNTRS16_1 1 (LN/MEC/MEC),EXIRAWA - DENISON 161,12:05,-103.6,
07/14/2024,,331256.0,WEC13332_BLUFFCRK_WHIG53_2,BLUFFCRK WHIG53 2 (LN/WEC/WEC),UNIVERSITY - MUKWONAGO 138 (UNIG52,12:05,-16.05,
07/14/2024,,3463.0,WEC13347_GRANVILL_3443_34,GRANVILL 3443 34 (LN/WEC/WEC),BUTLER-GRANVILLE 138 (3453),12:05,-67.29,
07/14/2024,,445314.0,WAU16003_MAXBURG_MAXBUWNTRS16_1_1,MAXBURG MAXBUWNTRS16_1 1 (LN/MEC/MEC),EXIRAWA - DENISON 161,12:10,-101.45,
07/14/2024,,331256.0,WEC13332_BLUFFCRK_WHIG53_2,BLUFFCRK WHIG53 2 (LN/WEC/WEC),UNIVERSITY - MUKWONAGO 138 (UNIG52,12:10,-10.76,
07/14/2024,,3463.0,WEC13347_GRANVILL_3443_34,GRANVILL 3443 34 (LN/WEC/WEC),BUTLER-GRANVILLE 138 (3453),12:10,-36.28,
07/14/2024,,413605.0,EA50022_CASH_CASH___JONSB25_A,CASH CASH___JONSB25 A (LN/EAI/EAI),INDEPENDENCE - POWERLINE  500,12:15,-16.65,
07/14/2024,,331256.0,WEC13332_BLUFFCRK_WHIG53_2,BLUFFCRK WHIG53 2 (LN/WEC/WEC),UNIVERSITY - MUKWONAGO 138 (UNIG52,12:15,-12.63,
07/14/2024,,3463.0,WEC13347_GRANVILL_3443_34,GRANVILL 3443 34 (LN/WEC/WEC),BUTLER-GRANVILLE 138 (3453),12:15,-28.46,
07/14/2024,,413605.0,EA50022_CASH_CASH___JONSB25_A,CASH CASH___JONSB25 A (LN/EAI/EAI),INDEPENDENCE - POWERLINE  500,12:20,-8.05,
07/14/2024,,445314.0,WAU16003_MAXBURG_MAXBUWNTRS16_1_1,MAXBURG MAXBUWNTRS16_1 1 (LN/MEC/MEC),EXIRAWA - DENISON 161,12:20,-2.1,
07/14/2024,,331256.0,WEC13332_BLUFFCRK_WHIG53_2,BLUFFCRK WHIG53 2 (LN/WEC/WEC),UNIVERSITY - MUKWONAGO 138 (UNIG52,12:20,-12.33,
07/14/2024,,3463.0,WEC13347_GRANVILL_3443_34,GRANVILL 3443 34 (LN/WEC/WEC),BUTLER-GRANVILLE 138 (3453),12:20,-40.76,
07/14/2024,,413605.0,EA50022_CASH_CASH___JONSB25_A,CASH CASH___JONSB25 A (LN/EAI/EAI),INDEPENDENCE - POWERLINE  500,12:25,-14.94,
07/14/2024,,331256.0,WEC13332_BLUFFCRK_WHIG53_2,BLUFFCRK WHIG53 2 (LN/WEC/WEC),UNIVERSITY - MUKWONAGO 138 (UNIG52,12:25,-12.58,
07/14/2024,,3463.0,WEC13347_GRANVILL_3443_34,GRANVILL 3443 34 (LN/WEC/WEC),BUTLER-GRANVILLE 138 (3453),12:25,-40.19,
07/14/2024,,413605.0,EA50022_CASH_CASH___JONSB25_A,CASH CASH___JONSB25 A (LN/EAI/EAI),INDEPENDENCE - POWERLINE  500,12:30,-29.48,
07/14/2024,,445314.0,WAU16003_MAXBURG_MAXBUWNTRS16_1_1,MAXBURG MAXBUWNTRS16_1 1 (LN/MEC/MEC),EXIRAWA - DENISON 161,12:30,-7.55,
07/14/2024,,331256.0,WEC13332_BLUFFCRK_WHIG53_2,BLUFFCRK WHIG53 2 (LN/WEC/WEC),UNIVERSITY - MUKWONAGO 138 (UNIG52,12:30,-18.59,
07/14/2024,,3463.0,WEC13347_GRANVILL_3443_34,GRANVILL 3443 34 (LN/WEC/WEC),BUTLER-GRANVILLE 138 (3453),12:30,-65.55,
07/14/2024,,413605.0,EA50022_CASH_CASH___JONSB25_A,CASH CASH___JONSB25 A (LN/EAI/EAI),INDEPENDENCE - POWERLINE  500,12:35,-164.01,
07/14/2024,28141.0,281264.0,TMP246_LN_Aurora_Reed_Springs_161_kV_LO_LN_Beave,AUR1241 11335 A (LN/EDE/EDE),EUREKA SPRINGS-BEAVER DAM 161,12:35,-1928.41,
07/14/2024,,331256.0,WEC13332_BLUFFCRK_WHIG53_2,BLUFFCRK WHIG53 2 (LN/WEC/WEC),UNIVERSITY - MUKWONAGO 138 (UNIG52,12:35,-17.04,
07/14/2024,,3463.0,WEC13347_GRANVILL_3443_34,GRANVILL 3443 34 (LN/WEC/WEC),BUTLER-GRANVILLE 138 (3453),12:35,-58.22,
07/14/2024,,413605.0,EA50022_CASH_CASH___JONSB25_A,CASH CASH___JONSB25 A (LN/EAI/EAI),INDEPENDENCE - POWERLINE  500,12:40,-140.78,
07/14/2024,28141.0,281264.0,TMP246_LN_Aurora_Reed_Springs_161_kV_LO_LN_Beave,AUR1241 11335 A (LN/EDE/EDE),EUREKA SPRINGS-BEAVER DAM 161,12:40,-1327.17,
07/14/2024,,331256.0,WEC13332_BLUFFCRK_WHIG53_2,BLUFFCRK WHIG53 2 (LN/WEC/WEC),UNIVERSITY - MUKWONAGO 138 (UNIG52,12:40,-20.04,
07/14/2024,,3463.0,WEC13347_GRANVILL_3443_34,GRANVILL 3443 34 (LN/WEC/WEC),BUTLER-GRANVILLE 138 (3453),12:40,-69.75,
07/14/2024,,413605.0,EA50022_CASH_CASH___JONSB25_A,CASH CASH___JONSB25 A (LN/EAI/EAI),INDEPENDENCE - POWERLINE  500,12:45,-141.91,
07/14/2024,,272376.0,EE50136_DELHI_E_DELHI__TALULA3_A,DELHI_E DELHI__TALULA3 A (LN/EES/EES),BAXTER WILSON - PERRYVILLE 500,12:45,-164.92,
07/14/2024,28141.0,281264.0,TMP246_LN_Aurora_Reed_Springs_161_kV_LO_LN_Beave,AUR1241 11335 A (LN/EDE/EDE),EUREKA SPRINGS-BEAVER DAM 161,12:45,-1357.04,
07/14/2024,,331256.0,WEC13332_BLUFFCRK_WHIG53_2,BLUFFCRK WHIG53 2 (LN/WEC/WEC),UNIVERSITY - MUKWONAGO 138 (UNIG52,12:45,-20.8,
07/14/2024,,3463.0,WEC13347_GRANVILL_3443_34,GRANVILL 3443 34 (LN/WEC/WEC),BUTLER-GRANVILLE 138 (3453),12:45,-82.3,
07/14/2024,,413605.0,EA50022_CASH_CASH___JONSB25_A,CASH CASH___JONSB25 A (LN/EAI/EAI),INDEPENDENCE - POWERLINE  500,12:50,-147.57,
07/14/2024,28141.0,281264.0,TMP246_LN_Aurora_Reed_Springs_161_kV_LO_LN_Beave,AUR1241 11335 A (LN/EDE/EDE),EUREKA SPRINGS-BEAVER DAM 161,12:50,-1391.75,
07/14/2024,,331256.0,WEC13332_BLUFFCRK_WHIG53_2,BLUFFCRK WHIG53 2 (LN/WEC/WEC),UNIVERSITY - MUKWONAGO 138 (UNIG52,12:50,-23.92,
07/14/2024,,3463.0,WEC13347_GRANVILL_3443_34,GRANVILL 3443 34 (LN/WEC/WEC),BUTLER-GRANVILLE 138 (3453),12:50,-90.68,
07/14/2024,,413605.0,EA50022_CASH_CASH___JONSB25_A,CASH CASH___JONSB25 A (LN/EAI/EAI),INDEPENDENCE - POWERLINE  500,12:55,-153.28,
07/14/2024,28141.0,281264.0,TMP246_LN_Aurora_Reed_Springs_161_kV_LO_LN_Beave,AUR1241 11335 A (LN/EDE/EDE),EUREKA SPRINGS-BEAVER DAM 161,12:55,-1622.24,
07/14/2024,,331256.0,WEC13332_BLUFFCRK_WHIG53_2,BLUFFCRK WHIG53 2 (LN/WEC/WEC),UNIVERSITY - MUKWONAGO 138 (UNIG52,12:55,-21.51,
07/14/2024,,3463.0,WEC13347_GRANVILL_3443_34,GRANVILL 3443 34 (LN/WEC/WEC),BUTLER-GRANVILLE 138 (3453),12:55,-85.04,
07/14/2024,3245.0,128378.0,15616_Cher_Silv_for_15502_Nels_EJ,SILVERL0 15616 1 (LN/CE/CE),NELSON-ELECTRIC JCT 345 B (15502),13:00,-226.54,
07/14/2024,,413605.0,EA50022_CASH_CASH___JONSB25_A,CASH CASH___JONSB25 A (LN/EAI/EAI),INDEPENDENCE - POWERLINE  500,13:00,-188.02,
07/14/2024,28141.0,281264.0,TMP246_LN_Aurora_Reed_Springs_161_kV_LO_LN_Beave,AUR1241 11335 A (LN/EDE/EDE),EUREKA SPRINGS-BEAVER DAM 161,13:00,-1998.4,
07/14/2024,,413605.0,EA50022_CASH_CASH___JONSB25_A,CASH CASH___JONSB25 A (LN/EAI/EAI),INDEPENDENCE - POWERLINE  500,13:05,-83.81,
07/14/2024,,3463.0,WEC13347_GRANVILL_3443_34,GRANVILL 3443 34 (LN/WEC/WEC),BUTLER-GRANVILLE 138 (3453),13:05,-88.16,
07/14/2024,,413605.0,EA50022_CASH_CASH___JONSB25_A,CASH CASH___JONSB25 A (LN/EAI/EAI),INDEPENDENCE - POWERLINE  500,13:10,-11.75,
07/14/2024,,331256.0,WEC13332_BLUFFCRK_WHIG53_2,BLUFFCRK WHIG53 2 (LN/WEC/WEC),UNIVERSITY - MUKWONAGO 138 (UNIG52,13:10,-12.76,
07/14/2024,,3463.0,WEC13347_GRANVILL_3443_34,GRANVILL 3443 34 (LN/WEC/WEC),BUTLER-GRANVILLE 138 (3453),13:10,-54.73,
07/14/2024,,413605.0,EA50022_CASH_CASH___JONSB25_A,CASH CASH___JONSB25 A (LN/EAI/EAI),INDEPENDENCE - POWERLINE  500,13:15,-9.31,
07/14/2024,27841.0,310654.0,Keo_WestMemphis_500_flo_SansSouci_Driver_500,WMPEHV KEO____WMPEHV8 A (LN/EAI/EAI),SANSSU - DRIVER 500,13:15,-2.24,
07/14/2024,,331256.0,WEC13332_BLUFFCRK_WHIG53_2,BLUFFCRK WHIG53 2 (LN/WEC/WEC),UNIVERSITY - MUKWONAGO 138 (UNIG52,13:15,-12.38,
07/14/2024,,3463.0,WEC13347_GRANVILL_3443_34,GRANVILL 3443 34 (LN/WEC/WEC),BUTLER-GRANVILLE 138 (3453),13:15,-46.18,
07/14/2024,,413605.0,EA50022_CASH_CASH___JONSB25_A,CASH CASH___JONSB25 A (LN/EAI/EAI),INDEPENDENCE - POWERLINE  500,13:20,-55.57,
07/14/2024,28141.0,281264.0,TMP246_LN_Aurora_Reed_Springs_161_kV_LO_LN_Beave,AUR1241 11335 A (LN/EDE/EDE),EUREKA SPRINGS-BEAVER DAM 161,13:20,-662.02,
07/14/2024,,331256.0,WEC13332_BLUFFCRK_WHIG53_2,BLUFFCRK WHIG53 2 (LN/WEC/WEC),UNIVERSITY - MUKWONAGO 138 (UNIG52,13:20,-11.66,
07/14/2024,,3463.0,WEC13347_GRANVILL_3443_34,GRANVILL 3443 34 (LN/WEC/WEC),BUTLER-GRANVILLE 138 (3453),13:20,-43.01,
07/14/2024,,413605.0,EA50022_CASH_CASH___JONSB25_A,CASH CASH___JONSB25 A (LN/EAI/EAI),INDEPENDENCE - POWERLINE  500,13:25,-13.11,
07/14/2024,,265456.0,EATVA002_DRIVER_DRIVER_SANSSU8_1,DRIVER DRIVER_SANSSU8 1 (LN/EAI/EAI),W MEMPHIS - BRMNGHM ST FREEPRT 500,13:25,-73.47,
07/14/2024,2674.0,356560.0,Palmyra_345_161_FLO_Maywood_Herleman_345KV,PLMY XFM1 XFMR_1 (XF/AMMO/*),MAYWOOD-HERLEMAN  345,13:25,-165.88,
07/14/2024,28141.0,281264.0,TMP246_LN_Aurora_Reed_Springs_161_kV_LO_LN_Beave,AUR1241 11335 A (LN/EDE/EDE),EUREKA SPRINGS-BEAVER DAM 161,13:25,-1973.78,
07/14/2024,,331256.0,WEC13332_BLUFFCRK_WHIG53_2,BLUFFCRK WHIG53 2 (LN/WEC/WEC),UNIVERSITY - MUKWONAGO 138 (UNIG52,13:25,-12.03,
07/14/2024,,3463.0,WEC13347_GRANVILL_3443_34,GRANVILL 3443 34 (LN/WEC/WEC),BUTLER-GRANVILLE 138 (3453),13:25,-31.19,
07/14/2024,,413605.0,EA50022_CASH_CASH___JONSB25_A,CASH CASH___JONSB25 A (LN/EAI/EAI),INDEPENDENCE - POWERLINE  500,13:30,-6.18,
07/14/2024,,265456.0,EATVA002_DRIVER_DRIVER_SANSSU8_1,DRIVER DRIVER_SANSSU8 1 (LN/EAI/EAI),W MEMPHIS - BRMNGHM ST FREEPRT 500,13:30,-76.64,
07/14/2024,2674.0,356560.0,Palmyra_345_161_FLO_Maywood_Herleman_345KV,PLMY XFM1 XFMR_1 (XF/AMMO/*),MAYWOOD-HERLEMAN  345,13:30,-251.57,
07/14/2024,28141.0,281264.0,TMP246_LN_Aurora_Reed_Springs_161_kV_LO_LN_Beave,AUR1241 11335 A (LN/EDE/EDE),EUREKA SPRINGS-BEAVER DAM 161,13:30,-1940.02,
07/14/2024,,331256.0,WEC13332_BLUFFCRK_WHIG53_2,BLUFFCRK WHIG53 2 (LN/WEC/WEC),UNIVERSITY - MUKWONAGO 138 (UNIG52,13:30,-13.62,
07/14/2024,,3463.0,WEC13347_GRANVILL_3443_34,GRANVILL 3443 34 (LN/WEC/WEC),BUTLER-GRANVILLE 138 (3453),13:30,-37.25,
07/14/2024,,413605.0,EA50022_CASH_CASH___JONSB25_A,CASH CASH___JONSB25 A (LN/EAI/EAI),INDEPENDENCE - POWERLINE  500,13:35,-2.82,
07/14/2024,,265456.0,EATVA002_DRIVER_DRIVER_SANSSU8_1,DRIVER DRIVER_SANSSU8 1 (LN/EAI/EAI),W MEMPHIS - BRMNGHM ST FREEPRT 500,13:35,-69.92,
07/14/2024,2674.0,356560.0,Palmyra_345_161_FLO_Maywood_Herleman_345KV,PLMY XFM1 XFMR_1 (XF/AMMO/*),MAYWOOD-HERLEMAN  345,13:35,-221.66,
07/14/2024,28141.0,281264.0,TMP246_LN_Aurora_Reed_Springs_161_kV_LO_LN_Beave,AUR1241 11335 A (LN/EDE/EDE),EUREKA SPRINGS-BEAVER DAM 161,13:35,-1997.35,
07/14/2024,,331256.0,WEC13332_BLUFFCRK_WHIG53_2,BLUFFCRK WHIG53 2 (LN/WEC/WEC),UNIVERSITY - MUKWONAGO 138 (UNIG52,13:35,-16.82,
07/14/2024,,3463.0,WEC13347_GRANVILL_3443_34,GRANVILL 3443 34 (LN/WEC/WEC),BUTLER-GRANVILLE 138 (3453),13:35,-53.04,
07/14/2024,,413605.0,EA50022_CASH_CASH___JONSB25_A,CASH CASH___JONSB25 A (LN/EAI/EAI),INDEPENDENCE - POWERLINE  500,13:40,-51.23,
07/14/2024,2674.0,356560.0,Palmyra_345_161_FLO_Maywood_Herleman_345KV,PLMY XFM1 XFMR_1 (XF/AMMO/*),MAYWOOD-HERLEMAN  345,13:40,-359.03,
07/14/2024,28141.0,281264.0,TMP246_LN_Aurora_Reed_Springs_161_kV_LO_LN_Beave,AUR1241 11335 A (LN/EDE/EDE),EUREKA SPRINGS-BEAVER DAM 161,13:40,-1982.0800000000004,
07/14/2024,,445314.0,WAU16003_MAXBURG_MAXBUWNTRS16_1_1,MAXBURG MAXBUWNTRS16_1 1 (LN/MEC/MEC),EXIRAWA - DENISON 161,13:40,-63.27,
07/14/2024,,331256.0,WEC13332_BLUFFCRK_WHIG53_2,BLUFFCRK WHIG53 2 (LN/WEC/WEC),UNIVERSITY - MUKWONAGO 138 (UNIG52,13:40,-13.09,
07/14/2024,,3463.0,WEC13347_GRANVILL_3443_34,GRANVILL 3443 34 (LN/WEC/WEC),BUTLER-GRANVILLE 138 (3453),13:40,-43.84,
07/14/2024,,413605.0,EA50022_CASH_CASH___JONSB25_A,CASH CASH___JONSB25 A (LN/EAI/EAI),INDEPENDENCE - POWERLINE  500,13:45,-20.330000000000002,
07/14/2024,2674.0,356560.0,Palmyra_345_161_FLO_Maywood_Herleman_345KV,PLMY XFM1 XFMR_1 (XF/AMMO/*),MAYWOOD-HERLEMAN  345,13:45,-366.14,
07/14/2024,,445314.0,WAU16003_MAXBURG_MAXBUWNTRS16_1_1,MAXBURG MAXBUWNTRS16_1 1 (LN/MEC/MEC),EXIRAWA - DENISON 161,13:45,-89.59,
07/14/2024,,331256.0,WEC13332_BLUFFCRK_WHIG53_2,BLUFFCRK WHIG53 2 (LN/WEC/WEC),UNIVERSITY - MUKWONAGO 138 (UNIG52,13:45,-13.74,
07/14/2024,,3463.0,WEC13347_GRANVILL_3443_34,GRANVILL 3443 34 (LN/WEC/WEC),BUTLER-GRANVILLE 138 (3453),13:45,-47.89,
07/14/2024,,413605.0,EA50022_CASH_CASH___JONSB25_A,CASH CASH___JONSB25 A (LN/EAI/EAI),INDEPENDENCE - POWERLINE  500,13:50,-41.72,
07/14/2024,2674.0,356560.0,Palmyra_345_161_FLO_Maywood_Herleman_345KV,PLMY XFM1 XFMR_1 (XF/AMMO/*),MAYWOOD-HERLEMAN  345,13:50,-459.05,
07/14/2024,,445314.0,WAU16003_MAXBURG_MAXBUWNTRS16_1_1,MAXBURG MAXBUWNTRS16_1 1 (LN/MEC/MEC),EXIRAWA - DENISON 161,13:50,-90.05,
07/14/2024,,331256.0,WEC13332_BLUFFCRK_WHIG53_2,BLUFFCRK WHIG53 2 (LN/WEC/WEC),UNIVERSITY - MUKWONAGO 138 (UNIG52,13:50,-19.85,
07/14/2024,,3463.0,WEC13347_GRANVILL_3443_34,GRANVILL 3443 34 (LN/WEC/WEC),BUTLER-GRANVILLE 138 (3453),13:50,-66.15,
07/14/2024,,413605.0,EA50022_CASH_CASH___JONSB25_A,CASH CASH___JONSB25 A (LN/EAI/EAI),INDEPENDENCE - POWERLINE  500,13:55,-36.83,
07/14/2024,2674.0,356560.0,Palmyra_345_161_FLO_Maywood_Herleman_345KV,PLMY XFM1 XFMR_1 (XF/AMMO/*),MAYWOOD-HERLEMAN  345,13:55,-188.93,
07/14/2024,,445314.0,WAU16003_MAXBURG_MAXBUWNTRS16_1_1,MAXBURG MAXBUWNTRS16_1 1 (LN/MEC/MEC),EXIRAWA - DENISON 161,13:55,-98.25,
07/14/2024,,331256.0,WEC13332_BLUFFCRK_WHIG53_2,BLUFFCRK WHIG53 2 (LN/WEC/WEC),UNIVERSITY - MUKWONAGO 138 (UNIG52,13:55,-19.240000000000002,
07/14/2024,,3463.0,WEC13347_GRANVILL_3443_34,GRANVILL 3443 34 (LN/WEC/WEC),BUTLER-GRANVILLE 138 (3453),13:55,-76.24,
07/14/2024,2674.0,356560.0,Palmyra_345_161_FLO_Maywood_Herleman_345KV,PLMY XFM1 XFMR_1 (XF/AMMO/*),MAYWOOD-HERLEMAN  345,14:00,-107.01,
07/14/2024,,331256.0,WEC13332_BLUFFCRK_WHIG53_2,BLUFFCRK WHIG53 2 (LN/WEC/WEC),UNIVERSITY - MUKWONAGO 138 (UNIG52,14:00,-11.86,
07/14/2024,,3463.0,WEC13347_GRANVILL_3443_34,GRANVILL 3443 34 (LN/WEC/WEC),BUTLER-GRANVILLE 138 (3453),14:00,-40.77,
07/14/2024,,265456.0,EATVA002_DRIVER_DRIVER_SANSSU8_1,DRIVER DRIVER_SANSSU8 1 (LN/EAI/EAI),W MEMPHIS - BRMNGHM ST FREEPRT 500,14:05,-66.29,
07/14/2024,,308562.0,NSP34102_ALMA2_ALMAWABAC16_1_1,ALMA2 ALMAWABAC16_1 1 (LN/DPC/DPC),BRIGGS ROAD - NORTH ROCHESTER 345,14:05,-4.42,
07/14/2024,28141.0,281264.0,TMP246_LN_Aurora_Reed_Springs_161_kV_LO_LN_Beave,AUR1241 11335 A (LN/EDE/EDE),EUREKA SPRINGS-BEAVER DAM 161,14:05,-1811.61,
07/14/2024,,331256.0,WEC13332_BLUFFCRK_WHIG53_2,BLUFFCRK WHIG53 2 (LN/WEC/WEC),UNIVERSITY - MUKWONAGO 138 (UNIG52,14:05,-11.04,
07/14/2024,,3463.0,WEC13347_GRANVILL_3443_34,GRANVILL 3443 34 (LN/WEC/WEC),BUTLER-GRANVILLE 138 (3453),14:05,-41.42,
07/14/2024,,413605.0,EA50022_CASH_CASH___JONSB25_A,CASH CASH___JONSB25 A (LN/EAI/EAI),INDEPENDENCE - POWERLINE  500,14:10,-71.63,
07/14/2024,,265456.0,EATVA002_DRIVER_DRIVER_SANSSU8_1,DRIVER DRIVER_SANSSU8 1 (LN/EAI/EAI),W MEMPHIS - BRMNGHM ST FREEPRT 500,14:10,-3.14,
07/14/2024,,308562.0,NSP34102_ALMA2_ALMAWABAC16_1_1,ALMA2 ALMAWABAC16_1 1 (LN/DPC/DPC),BRIGGS ROAD - NORTH ROCHESTER 345,14:10,-12.96,
07/14/2024,28141.0,281264.0,TMP246_LN_Aurora_Reed_Springs_161_kV_LO_LN_Beave,AUR1241 11335 A (LN/EDE/EDE),EUREKA SPRINGS-BEAVER DAM 161,14:10,-951.77,
07/14/2024,,331256.0,WEC13332_BLUFFCRK_WHIG53_2,BLUFFCRK WHIG53 2 (LN/WEC/WEC),UNIVERSITY - MUKWONAGO 138 (UNIG52,14:10,-10.84,
07/14/2024,,3463.0,WEC13347_GRANVILL_3443_34,GRANVILL 3443 34 (LN/WEC/WEC),BUTLER-GRANVILLE 138 (3453),14:10,-37.65,
07/14/2024,,413605.0,EA50022_CASH_CASH___JONSB25_A,CASH CASH___JONSB25 A (LN/EAI/EAI),INDEPENDENCE - POWERLINE  500,14:15,-143.78,
07/14/2024,,265456.0,EATVA002_DRIVER_DRIVER_SANSSU8_1,DRIVER DRIVER_SANSSU8 1 (LN/EAI/EAI),W MEMPHIS - BRMNGHM ST FREEPRT 500,14:15,-9.91,
07/14/2024,28141.0,281264.0,TMP246_LN_Aurora_Reed_Springs_161_kV_LO_LN_Beave,AUR1241 11335 A (LN/EDE/EDE),EUREKA SPRINGS-BEAVER DAM 161,14:15,-1706.21,
07/14/2024,,331256.0,WEC13332_BLUFFCRK_WHIG53_2,BLUFFCRK WHIG53 2 (LN/WEC/WEC),UNIVERSITY - MUKWONAGO 138 (UNIG52,14:15,-16.62,
07/14/2024,,3463.0,WEC13347_GRANVILL_3443_34,GRANVILL 3443 34 (LN/WEC/WEC),BUTLER-GRANVILLE 138 (3453),14:15,-60.88,
07/14/2024,,413605.0,EA50022_CASH_CASH___JONSB25_A,CASH CASH___JONSB25 A (LN/EAI/EAI),INDEPENDENCE - POWERLINE  500,14:20,-145.07,
07/14/2024,,265456.0,EATVA002_DRIVER_DRIVER_SANSSU8_1,DRIVER DRIVER_SANSSU8 1 (LN/EAI/EAI),W MEMPHIS - BRMNGHM ST FREEPRT 500,14:20,-17.28,
07/14/2024,28141.0,281264.0,TMP246_LN_Aurora_Reed_Springs_161_kV_LO_LN_Beave,AUR1241 11335 A (LN/EDE/EDE),EUREKA SPRINGS-BEAVER DAM 161,14:20,-1909.43,
07/14/2024,,331256.0,WEC13332_BLUFFCRK_WHIG53_2,BLUFFCRK WHIG53 2 (LN/WEC/WEC),UNIVERSITY - MUKWONAGO 138 (UNIG52,14:20,-16.98,
07/14/2024,,3463.0,WEC13347_GRANVILL_3443_34,GRANVILL 3443 34 (LN/WEC/WEC),BUTLER-GRANVILLE 138 (3453),14:20,-54.74,
07/14/2024,,413605.0,EA50022_CASH_CASH___JONSB25_A,CASH CASH___JONSB25 A (LN/EAI/EAI),INDEPENDENCE - POWERLINE  500,14:25,-132.84,
07/14/2024,28141.0,281264.0,TMP246_LN_Aurora_Reed_Springs_161_kV_LO_LN_Beave,AUR1241 11335 A (LN/EDE/EDE),EUREKA SPRINGS-BEAVER DAM 161,14:25,-1139.82,
07/14/2024,,445314.0,WAU16003_MAXBURG_MAXBUWNTRS16_1_1,MAXBURG MAXBUWNTRS16_1 1 (LN/MEC/MEC),EXIRAWA - DENISON 161,14:25,-90.41,
07/14/2024,,331256.0,WEC13332_BLUFFCRK_WHIG53_2,BLUFFCRK WHIG53 2 (LN/WEC/WEC),UNIVERSITY - MUKWONAGO 138 (UNIG52,14:25,-17.91,
07/14/2024,,3463.0,WEC13347_GRANVILL_3443_34,GRANVILL 3443 34 (LN/WEC/WEC),BUTLER-GRANVILLE 138 (3453),14:25,-64.42,
07/14/2024,,413605.0,EA50022_CASH_CASH___JONSB25_A,CASH CASH___JONSB25 A (LN/EAI/EAI),INDEPENDENCE - POWERLINE  500,14:30,-49.64,
07/14/2024,,445314.0,WAU16003_MAXBURG_MAXBUWNTRS16_1_1,MAXBURG MAXBUWNTRS16_1 1 (LN/MEC/MEC),EXIRAWA - DENISON 161,14:30,-106.77,
07/14/2024,,331256.0,WEC13332_BLUFFCRK_WHIG53_2,BLUFFCRK WHIG53 2 (LN/WEC/WEC),UNIVERSITY - MUKWONAGO 138 (UNIG52,14:30,-20.69,
07/14/2024,,3463.0,WEC13347_GRANVILL_3443_34,GRANVILL 3443 34 (LN/WEC/WEC),BUTLER-GRANVILLE 138 (3453),14:30,-75.48,
07/14/2024,,413605.0,EA50022_CASH_CASH___JONSB25_A,CASH CASH___JONSB25 A (LN/EAI/EAI),INDEPENDENCE - POWERLINE  500,14:35,-96.55,
07/14/2024,,445314.0,WAU16003_MAXBURG_MAXBUWNTRS16_1_1,MAXBURG MAXBUWNTRS16_1 1 (LN/MEC/MEC),EXIRAWA - DENISON 161,14:35,-110.08,
07/14/2024,,331256.0,WEC13332_BLUFFCRK_WHIG53_2,BLUFFCRK WHIG53 2 (LN/WEC/WEC),UNIVERSITY - MUKWONAGO 138 (UNIG52,14:35,-28.95,
07/14/2024,,3463.0,WEC13347_GRANVILL_3443_34,GRANVILL 3443 34 (LN/WEC/WEC),BUTLER-GRANVILLE 138 (3453),14:35,-102.76,
07/14/2024,,413605.0,EA50022_CASH_CASH___JONSB25_A,CASH CASH___JONSB25 A (LN/EAI/EAI),INDEPENDENCE - POWERLINE  500,14:40,-61.52,
07/14/2024,,445314.0,WAU16003_MAXBURG_MAXBUWNTRS16_1_1,MAXBURG MAXBUWNTRS16_1 1 (LN/MEC/MEC),EXIRAWA - DENISON 161,14:40,-10.77,
07/14/2024,,331256.0,WEC13332_BLUFFCRK_WHIG53_2,BLUFFCRK WHIG53 2 (LN/WEC/WEC),UNIVERSITY - MUKWONAGO 138 (UNIG52,14:40,-25.0,
07/14/2024,,3463.0,WEC13347_GRANVILL_3443_34,GRANVILL 3443 34 (LN/WEC/WEC),BUTLER-GRANVILLE 138 (3453),14:40,-83.64,
07/14/2024,,413605.0,EA50022_CASH_CASH___JONSB25_A,CASH CASH___JONSB25 A (LN/EAI/EAI),INDEPENDENCE - POWERLINE  500,14:45,-32.480000000000004,
07/14/2024,27841.0,310654.0,Keo_WestMemphis_500_flo_SansSouci_Driver_500,WMPEHV KEO____WMPEHV8 A (LN/EAI/EAI),SANSSU - DRIVER 500,14:45,-16.43,
07/14/2024,,331256.0,WEC13332_BLUFFCRK_WHIG53_2,BLUFFCRK WHIG53 2 (LN/WEC/WEC),UNIVERSITY - MUKWONAGO 138 (UNIG52,14:45,-26.49,
07/14/2024,,3463.0,WEC13347_GRANVILL_3443_34,GRANVILL 3443 34 (LN/WEC/WEC),BUTLER-GRANVILLE 138 (3453),14:45,-94.69,
07/14/2024,,413605.0,EA50022_CASH_CASH___JONSB25_A,CASH CASH___JONSB25 A (LN/EAI/EAI),INDEPENDENCE - POWERLINE  500,14:50,-136.79,
07/14/2024,,265456.0,EATVA002_DRIVER_DRIVER_SANSSU8_1,DRIVER DRIVER_SANSSU8 1 (LN/EAI/EAI),W MEMPHIS - BRMNGHM ST FREEPRT 500,14:50,-16.87,
07/14/2024,28141.0,281264.0,TMP246_LN_Aurora_Reed_Springs_161_kV_LO_LN_Beave,AUR1241 11335 A (LN/EDE/EDE),EUREKA SPRINGS-BEAVER DAM 161,14:50,-1413.57,
07/14/2024,,331256.0,WEC13332_BLUFFCRK_WHIG53_2,BLUFFCRK WHIG53 2 (LN/WEC/WEC),UNIVERSITY - MUKWONAGO 138 (UNIG52,14:50,-26.42,
07/14/2024,,3463.0,WEC13347_GRANVILL_3443_34,GRANVILL 3443 34 (LN/WEC/WEC),BUTLER-GRANVILLE 138 (3453),14:50,-102.27,
07/14/2024,,413605.0,EA50022_CASH_CASH___JONSB25_A,CASH CASH___JONSB25 A (LN/EAI/EAI),INDEPENDENCE - POWERLINE  500,14:55,-172.1,
07/14/2024,28141.0,281264.0,TMP246_LN_Aurora_Reed_Springs_161_kV_LO_LN_Beave,AUR1241 11335 A (LN/EDE/EDE),EUREKA SPRINGS-BEAVER DAM 161,14:55,-1898.08,
07/14/2024,,331256.0,WEC13332_BLUFFCRK_WHIG53_2,BLUFFCRK WHIG53 2 (LN/WEC/WEC),UNIVERSITY - MUKWONAGO 138 (UNIG52,14:55,-26.27,
07/14/2024,,3463.0,WEC13347_GRANVILL_3443_34,GRANVILL 3443 34 (LN/WEC/WEC),BUTLER-GRANVILLE 138 (3453),14:55,-101.4,
07/14/2024,,413605.0,EA50022_CASH_CASH___JONSB25_A,CASH CASH___JONSB25 A (LN/EAI/EAI),INDEPENDENCE - POWERLINE  500,15:00,-133.77,
07/14/2024,28141.0,281264.0,TMP246_LN_Aurora_Reed_Springs_161_kV_LO_LN_Beave,AUR1241 11335 A (LN/EDE/EDE),EUREKA SPRINGS-BEAVER DAM 161,15:00,-1279.76,
07/14/2024,,331256.0,WEC13332_BLUFFCRK_WHIG53_2,BLUFFCRK WHIG53 2 (LN/WEC/WEC),UNIVERSITY - MUKWONAGO 138 (UNIG52,15:00,-18.490000000000002,
07/14/2024,,3463.0,WEC13347_GRANVILL_3443_34,GRANVILL 3443 34 (LN/WEC/WEC),BUTLER-GRANVILLE 138 (3453),15:00,-78.62,
07/14/2024,,413605.0,EA50022_CASH_CASH___JONSB25_A,CASH CASH___JONSB25 A (LN/EAI/EAI),INDEPENDENCE - POWERLINE  500,15:05,-142.69,
07/14/2024,,265456.0,EATVA002_DRIVER_DRIVER_SANSSU8_1,DRIVER DRIVER_SANSSU8 1 (LN/EAI/EAI),W MEMPHIS - BRMNGHM ST FREEPRT 500,15:05,-11.54,
07/14/2024,28141.0,281264.0,TMP246_LN_Aurora_Reed_Springs_161_kV_LO_LN_Beave,AUR1241 11335 A (LN/EDE/EDE),EUREKA SPRINGS-BEAVER DAM 161,15:05,-1667.11,
07/14/2024,,331256.0,WEC13332_BLUFFCRK_WHIG53_2,BLUFFCRK WHIG53 2 (LN/WEC/WEC),UNIVERSITY - MUKWONAGO 138 (UNIG52,15:05,-18.79,
07/14/2024,,3463.0,WEC13347_GRANVILL_3443_34,GRANVILL 3443 34 (LN/WEC/WEC),BUTLER-GRANVILLE 138 (3453),15:05,-66.37,
07/14/2024,,413605.0,EA50022_CASH_CASH___JONSB25_A,CASH CASH___JONSB25 A (LN/EAI/EAI),INDEPENDENCE - POWERLINE  500,15:10,-87.0,
07/14/2024,,331256.0,WEC13332_BLUFFCRK_WHIG53_2,BLUFFCRK WHIG53 2 (LN/WEC/WEC),UNIVERSITY - MUKWONAGO 138 (UNIG52,15:10,-18.09,
07/14/2024,,3463.0,WEC13347_GRANVILL_3443_34,GRANVILL 3443 34 (LN/WEC/WEC),BUTLER-GRANVILLE 138 (3453),15:10,-67.62,
07/14/2024,,413605.0,EA50022_CASH_CASH___JONSB25_A,CASH CASH___JONSB25 A (LN/EAI/EAI),INDEPENDENCE - POWERLINE  500,15:15,-19.55,
07/14/2024,,331256.0,WEC13332_BLUFFCRK_WHIG53_2,BLUFFCRK WHIG53 2 (LN/WEC/WEC),UNIVERSITY - MUKWONAGO 138 (UNIG52,15:15,-17.580000000000002,
07/14/2024,,3463.0,WEC13347_GRANVILL_3443_34,GRANVILL 3443 34 (LN/WEC/WEC),BUTLER-GRANVILLE 138 (3453),15:15,-57.62,
07/14/2024,,413605.0,EA50022_CASH_CASH___JONSB25_A,CASH CASH___JONSB25 A (LN/EAI/EAI),INDEPENDENCE - POWERLINE  500,15:20,-69.45,
07/14/2024,,331256.0,WEC13332_BLUFFCRK_WHIG53_2,BLUFFCRK WHIG53 2 (LN/WEC/WEC),UNIVERSITY - MUKWONAGO 138 (UNIG52,15:20,-26.51,
07/14/2024,,3463.0,WEC13347_GRANVILL_3443_34,GRANVILL 3443 34 (LN/WEC/WEC),BUTLER-GRANVILLE 138 (3453),15:20,-92.95,
07/14/2024,,265456.0,EATVA002_DRIVER_DRIVER_SANSSU8_1,DRIVER DRIVER_SANSSU8 1 (LN/EAI/EAI),W MEMPHIS - BRMNGHM ST FREEPRT 500,15:25,-18.86,
07/14/2024,,331256.0,WEC13332_BLUFFCRK_WHIG53_2,BLUFFCRK WHIG53 2 (LN/WEC/WEC),UNIVERSITY - MUKWONAGO 138 (UNIG52,15:25,-23.31,
07/14/2024,,3463.0,WEC13347_GRANVILL_3443_34,GRANVILL 3443 34 (LN/WEC/WEC),BUTLER-GRANVILLE 138 (3453),15:25,-76.36,
07/14/2024,,413605.0,EA50022_CASH_CASH___JONSB25_A,CASH CASH___JONSB25 A (LN/EAI/EAI),INDEPENDENCE - POWERLINE  500,15:30,-9.790000000000001,
07/14/2024,,265456.0,EATVA002_DRIVER_DRIVER_SANSSU8_1,DRIVER DRIVER_SANSSU8 1 (LN/EAI/EAI),W MEMPHIS - BRMNGHM ST FREEPRT 500,15:30,-6.55,
07/14/2024,27841.0,310654.0,Keo_WestMemphis_500_flo_SansSouci_Driver_500,WMPEHV KEO____WMPEHV8 A (LN/EAI/EAI),SANSSU - DRIVER 500,15:30,-10.73,
07/14/2024,,331256.0,WEC13332_BLUFFCRK_WHIG53_2,BLUFFCRK WHIG53 2 (LN/WEC/WEC),UNIVERSITY - MUKWONAGO 138 (UNIG52,15:30,-21.71,
07/14/2024,,3463.0,WEC13347_GRANVILL_3443_34,GRANVILL 3443 34 (LN/WEC/WEC),BUTLER-GRANVILLE 138 (3453),15:30,-72.28,
07/14/2024,,413605.0,EA50022_CASH_CASH___JONSB25_A,CASH CASH___JONSB25 A (LN/EAI/EAI),INDEPENDENCE - POWERLINE  500,15:35,-14.39,
07/14/2024,,265456.0,EATVA002_DRIVER_DRIVER_SANSSU8_1,DRIVER DRIVER_SANSSU8 1 (LN/EAI/EAI),W MEMPHIS - BRMNGHM ST FREEPRT 500,15:35,-10.28,
07/14/2024,27841.0,310654.0,Keo_WestMemphis_500_flo_SansSouci_Driver_500,WMPEHV KEO____WMPEHV8 A (LN/EAI/EAI),SANSSU - DRIVER 500,15:35,-17.32,
07/14/2024,,453132.0,NSP34056_MARS_SS_LYON_MARS_11_1_1,MARS_SS LYON_MARS_11_1 1 (LN/NSP/NSP),CEDAR MTN-LYON COUNTY 345 1 (0956),15:35,-54.3,
07/14/2024,,331256.0,WEC13332_BLUFFCRK_WHIG53_2,BLUFFCRK WHIG53 2 (LN/WEC/WEC),UNIVERSITY - MUKWONAGO 138 (UNIG52,15:35,-28.61,
07/14/2024,,3463.0,WEC13347_GRANVILL_3443_34,GRANVILL 3443 34 (LN/WEC/WEC),BUTLER-GRANVILLE 138 (3453),15:35,-94.19,
07/14/2024,,413605.0,EA50022_CASH_CASH___JONSB25_A,CASH CASH___JONSB25 A (LN/EAI/EAI),INDEPENDENCE - POWERLINE  500,15:40,-45.54,
07/14/2024,,453132.0,NSP34056_MARS_SS_LYON_MARS_11_1_1,MARS_SS LYON_MARS_11_1 1 (LN/NSP/NSP),CEDAR MTN-LYON COUNTY 345 1 (0956),15:40,-54.2,
07/14/2024,,331256.0,WEC13332_BLUFFCRK_WHIG53_2,BLUFFCRK WHIG53 2 (LN/WEC/WEC),UNIVERSITY - MUKWONAGO 138 (UNIG52,15:40,-27.17,
07/14/2024,,3463.0,WEC13347_GRANVILL_3443_34,GRANVILL 3443 34 (LN/WEC/WEC),BUTLER-GRANVILLE 138 (3453),15:40,-98.07,
07/14/2024,,413605.0,EA50022_CASH_CASH___JONSB25_A,CASH CASH___JONSB25 A (LN/EAI/EAI),INDEPENDENCE - POWERLINE  500,15:45,-29.27,
07/14/2024,,453132.0,NSP34056_MARS_SS_LYON_MARS_11_1_1,MARS_SS LYON_MARS_11_1 1 (LN/NSP/NSP),CEDAR MTN-LYON COUNTY 345 1 (0956),15:45,-51.44,
07/14/2024,,331256.0,WEC13332_BLUFFCRK_WHIG53_2,BLUFFCRK WHIG53 2 (LN/WEC/WEC),UNIVERSITY - MUKWONAGO 138 (UNIG52,15:45,-21.32,
07/14/2024,,3463.0,WEC13347_GRANVILL_3443_34,GRANVILL 3443 34 (LN/WEC/WEC),BUTLER-GRANVILLE 138 (3453),15:45,-72.77,
07/14/2024,,265456.0,EATVA002_DRIVER_DRIVER_SANSSU8_1,DRIVER DRIVER_SANSSU8 1 (LN/EAI/EAI),W MEMPHIS - BRMNGHM ST FREEPRT 500,15:50,-4.75,
07/14/2024,,453132.0,NSP34056_MARS_SS_LYON_MARS_11_1_1,MARS_SS LYON_MARS_11_1 1 (LN/NSP/NSP),CEDAR MTN-LYON COUNTY 345 1 (0956),15:50,-48.53,
07/14/2024,,331256.0,WEC13332_BLUFFCRK_WHIG53_2,BLUFFCRK WHIG53 2 (LN/WEC/WEC),UNIVERSITY - MUKWONAGO 138 (UNIG52,15:50,-12.67,
07/14/2024,,3463.0,WEC13347_GRANVILL_3443_34,GRANVILL 3443 34 (LN/WEC/WEC),BUTLER-GRANVILLE 138 (3453),15:50,-24.65,
07/14/2024,,453132.0,NSP34056_MARS_SS_LYON_MARS_11_1_1,MARS_SS LYON_MARS_11_1 1 (LN/NSP/NSP),CEDAR MTN-LYON COUNTY 345 1 (0956),15:55,-51.71,
07/14/2024,,331256.0,WEC13332_BLUFFCRK_WHIG53_2,BLUFFCRK WHIG53 2 (LN/WEC/WEC),UNIVERSITY - MUKWONAGO 138 (UNIG52,15:55,-18.41,
07/14/2024,,3463.0,WEC13347_GRANVILL_3443_34,GRANVILL 3443 34 (LN/WEC/WEC),BUTLER-GRANVILLE 138 (3453),15:55,-48.87,
07/14/2024,,413605.0,EA50022_CASH_CASH___JONSB25_A,CASH CASH___JONSB25 A (LN/EAI/EAI),INDEPENDENCE - POWERLINE  500,16:00,-12.14,
07/14/2024,,453132.0,NSP34056_MARS_SS_LYON_MARS_11_1_1,MARS_SS LYON_MARS_11_1 1 (LN/NSP/NSP),CEDAR MTN-LYON COUNTY 345 1 (0956),16:00,-50.74,
07/14/2024,,3463.0,WEC13347_GRANVILL_3443_34,GRANVILL 3443 34 (LN/WEC/WEC),BUTLER-GRANVILLE 138 (3453),16:00,-21.46,
07/14/2024,,413605.0,EA50022_CASH_CASH___JONSB25_A,CASH CASH___JONSB25 A (LN/EAI/EAI),INDEPENDENCE - POWERLINE  500,16:05,-117.18,
07/14/2024,,453132.0,NSP34056_MARS_SS_LYON_MARS_11_1_1,MARS_SS LYON_MARS_11_1 1 (LN/NSP/NSP),CEDAR MTN-LYON COUNTY 345 1 (0956),16:05,-52.32,
07/14/2024,28141.0,281264.0,TMP246_LN_Aurora_Reed_Springs_161_kV_LO_LN_Beave,AUR1241 11335 A (LN/EDE/EDE),EUREKA SPRINGS-BEAVER DAM 161,16:05,-1011.63,
07/14/2024,,331256.0,WEC13332_BLUFFCRK_WHIG53_2,BLUFFCRK WHIG53 2 (LN/WEC/WEC),UNIVERSITY - MUKWONAGO 138 (UNIG52,16:05,-20.18,
07/14/2024,,3463.0,WEC13347_GRANVILL_3443_34,GRANVILL 3443 34 (LN/WEC/WEC),BUTLER-GRANVILLE 138 (3453),16:05,-65.08,
07/14/2024,,413605.0,EA50022_CASH_CASH___JONSB25_A,CASH CASH___JONSB25 A (LN/EAI/EAI),INDEPENDENCE - POWERLINE  500,16:10,-163.79,
07/14/2024,,453132.0,NSP34056_MARS_SS_LYON_MARS_11_1_1,MARS_SS LYON_MARS_11_1 1 (LN/NSP/NSP),CEDAR MTN-LYON COUNTY 345 1 (0956),16:10,-52.95,
07/14/2024,28141.0,281264.0,TMP246_LN_Aurora_Reed_Springs_161_kV_LO_LN_Beave,AUR1241 11335 A (LN/EDE/EDE),EUREKA SPRINGS-BEAVER DAM 161,16:10,-1760.03,
07/14/2024,,331256.0,WEC13332_BLUFFCRK_WHIG53_2,BLUFFCRK WHIG53 2 (LN/WEC/WEC),UNIVERSITY - MUKWONAGO 138 (UNIG52,16:10,-700.0,
07/14/2024,,3463.0,WEC13347_GRANVILL_3443_34,GRANVILL 3443 34 (LN/WEC/WEC),BUTLER-GRANVILLE 138 (3453),16:10,-77.98,
07/14/2024,,413605.0,EA50022_CASH_CASH___JONSB25_A,CASH CASH___JONSB25 A (LN/EAI/EAI),INDEPENDENCE - POWERLINE  500,16:15,-232.24,
07/14/2024,,453132.0,NSP34056_MARS_SS_LYON_MARS_11_1_1,MARS_SS LYON_MARS_11_1 1 (LN/NSP/NSP),CEDAR MTN-LYON COUNTY 345 1 (0956),16:15,-57.67,
07/14/2024,28141.0,281264.0,TMP246_LN_Aurora_Reed_Springs_161_kV_LO_LN_Beave,AUR1241 11335 A (LN/EDE/EDE),EUREKA SPRINGS-BEAVER DAM 161,16:15,-1979.36,
07/14/2024,,331256.0,WEC13332_BLUFFCRK_WHIG53_2,BLUFFCRK WHIG53 2 (LN/WEC/WEC),UNIVERSITY - MUKWONAGO 138 (UNIG52,16:15,-137.47,
07/14/2024,,3463.0,WEC13347_GRANVILL_3443_34,GRANVILL 3443 34 (LN/WEC/WEC),BUTLER-GRANVILLE 138 (3453),16:15,-125.53,
07/14/2024,,413605.0,EA50022_CASH_CASH___JONSB25_A,CASH CASH___JONSB25 A (LN/EAI/EAI),INDEPENDENCE - POWERLINE  500,16:20,-165.04,
07/14/2024,,453132.0,NSP34056_MARS_SS_LYON_MARS_11_1_1,MARS_SS LYON_MARS_11_1 1 (LN/NSP/NSP),CEDAR MTN-LYON COUNTY 345 1 (0956),16:20,-126.78,
07/14/2024,28141.0,281264.0,TMP246_LN_Aurora_Reed_Springs_161_kV_LO_LN_Beave,AUR1241 11335 A (LN/EDE/EDE),EUREKA SPRINGS-BEAVER DAM 161,16:20,-1818.72,
07/14/2024,,331256.0,WEC13332_BLUFFCRK_WHIG53_2,BLUFFCRK WHIG53 2 (LN/WEC/WEC),UNIVERSITY - MUKWONAGO 138 (UNIG52,16:20,-82.0,
07/14/2024,,3463.0,WEC13347_GRANVILL_3443_34,GRANVILL 3443 34 (LN/WEC/WEC),BUTLER-GRANVILLE 138 (3453),16:20,-82.86,
07/14/2024,,413605.0,EA50022_CASH_CASH___JONSB25_A,CASH CASH___JONSB25 A (LN/EAI/EAI),INDEPENDENCE - POWERLINE  500,16:25,-157.62,
07/14/2024,,453132.0,NSP34056_MARS_SS_LYON_MARS_11_1_1,MARS_SS LYON_MARS_11_1 1 (LN/NSP/NSP),CEDAR MTN-LYON COUNTY 345 1 (0956),16:25,-50.26,
07/14/2024,28141.0,281264.0,TMP246_LN_Aurora_Reed_Springs_161_kV_LO_LN_Beave,AUR1241 11335 A (LN/EDE/EDE),EUREKA SPRINGS-BEAVER DAM 161,16:25,-1693.13,
07/14/2024,,331256.0,WEC13332_BLUFFCRK_WHIG53_2,BLUFFCRK WHIG53 2 (LN/WEC/WEC),UNIVERSITY - MUKWONAGO 138 (UNIG52,16:25,-20.26,
07/14/2024,,3463.0,WEC13347_GRANVILL_3443_34,GRANVILL 3443 34 (LN/WEC/WEC),BUTLER-GRANVILLE 138 (3453),16:25,-72.43,
07/14/2024,,413605.0,EA50022_CASH_CASH___JONSB25_A,CASH CASH___JONSB25 A (LN/EAI/EAI),INDEPENDENCE - POWERLINE  500,16:30,-99.96,
07/14/2024,,453132.0,NSP34056_MARS_SS_LYON_MARS_11_1_1,MARS_SS LYON_MARS_11_1 1 (LN/NSP/NSP),CEDAR MTN-LYON COUNTY 345 1 (0956),16:30,-54.63,
07/14/2024,,331256.0,WEC13332_BLUFFCRK_WHIG53_2,BLUFFCRK WHIG53 2 (LN/WEC/WEC),UNIVERSITY - MUKWONAGO 138 (UNIG52,16:30,-28.75,
07/14/2024,,3463.0,WEC13347_GRANVILL_3443_34,GRANVILL 3443 34 (LN/WEC/WEC),BUTLER-GRANVILLE 138 (3453),16:30,-107.47,
07/14/2024,,413605.0,EA50022_CASH_CASH___JONSB25_A,CASH CASH___JONSB25 A (LN/EAI/EAI),INDEPENDENCE - POWERLINE  500,16:35,-101.6,
07/14/2024,,453132.0,NSP34056_MARS_SS_LYON_MARS_11_1_1,MARS_SS LYON_MARS_11_1 1 (LN/NSP/NSP),CEDAR MTN-LYON COUNTY 345 1 (0956),16:35,-55.76,
07/14/2024,,331256.0,WEC13332_BLUFFCRK_WHIG53_2,BLUFFCRK WHIG53 2 (LN/WEC/WEC),UNIVERSITY - MUKWONAGO 138 (UNIG52,16:35,-29.99,
07/14/2024,,3463.0,WEC13347_GRANVILL_3443_34,GRANVILL 3443 34 (LN/WEC/WEC),BUTLER-GRANVILLE 138 (3453),16:35,-111.7,
07/14/2024,,413605.0,EA50022_CASH_CASH___JONSB25_A,CASH CASH___JONSB25 A (LN/EAI/EAI),INDEPENDENCE - POWERLINE  500,16:40,-71.11,
07/14/2024,,453132.0,NSP34056_MARS_SS_LYON_MARS_11_1_1,MARS_SS LYON_MARS_11_1 1 (LN/NSP/NSP),CEDAR MTN-LYON COUNTY 345 1 (0956),16:40,-54.2,
07/14/2024,,331256.0,WEC13332_BLUFFCRK_WHIG53_2,BLUFFCRK WHIG53 2 (LN/WEC/WEC),UNIVERSITY - MUKWONAGO 138 (UNIG52,16:40,-27.82,
07/14/2024,,3463.0,WEC13347_GRANVILL_3443_34,GRANVILL 3443 34 (LN/WEC/WEC),BUTLER-GRANVILLE 138 (3453),16:40,-99.96,
07/14/2024,,413605.0,EA50022_CASH_CASH___JONSB25_A,CASH CASH___JONSB25 A (LN/EAI/EAI),INDEPENDENCE - POWERLINE  500,16:45,-44.98,
07/14/2024,,453132.0,NSP34056_MARS_SS_LYON_MARS_11_1_1,MARS_SS LYON_MARS_11_1 1 (LN/NSP/NSP),CEDAR MTN-LYON COUNTY 345 1 (0956),16:45,-54.12,
07/14/2024,,331256.0,WEC13332_BLUFFCRK_WHIG53_2,BLUFFCRK WHIG53 2 (LN/WEC/WEC),UNIVERSITY - MUKWONAGO 138 (UNIG52,16:45,-27.15,
07/14/2024,,3463.0,WEC13347_GRANVILL_3443_34,GRANVILL 3443 34 (LN/WEC/WEC),BUTLER-GRANVILLE 138 (3453),16:45,-96.27,
07/14/2024,,413605.0,EA50022_CASH_CASH___JONSB25_A,CASH CASH___JONSB25 A (LN/EAI/EAI),INDEPENDENCE - POWERLINE  500,16:50,-37.37,
07/14/2024,,453132.0,NSP34056_MARS_SS_LYON_MARS_11_1_1,MARS_SS LYON_MARS_11_1 1 (LN/NSP/NSP),CEDAR MTN-LYON COUNTY 345 1 (0956),16:50,-52.51,
07/14/2024,,331256.0,WEC13332_BLUFFCRK_WHIG53_2,BLUFFCRK WHIG53 2 (LN/WEC/WEC),UNIVERSITY - MUKWONAGO 138 (UNIG52,16:50,-23.26,
07/14/2024,,3463.0,WEC13347_GRANVILL_3443_34,GRANVILL 3443 34 (LN/WEC/WEC),BUTLER-GRANVILLE 138 (3453),16:50,-80.08,
07/14/2024,,413605.0,EA50022_CASH_CASH___JONSB25_A,CASH CASH___JONSB25 A (LN/EAI/EAI),INDEPENDENCE - POWERLINE  500,16:55,-139.03,
07/14/2024,,453132.0,NSP34056_MARS_SS_LYON_MARS_11_1_1,MARS_SS LYON_MARS_11_1 1 (LN/NSP/NSP),CEDAR MTN-LYON COUNTY 345 1 (0956),16:55,-55.93,
07/14/2024,28141.0,281264.0,TMP246_LN_Aurora_Reed_Springs_161_kV_LO_LN_Beave,AUR1241 11335 A (LN/EDE/EDE),EUREKA SPRINGS-BEAVER DAM 161,16:55,-967.25,
07/14/2024,,331256.0,WEC13332_BLUFFCRK_WHIG53_2,BLUFFCRK WHIG53 2 (LN/WEC/WEC),UNIVERSITY - MUKWONAGO 138 (UNIG52,16:55,-29.41,
07/14/2024,,3463.0,WEC13347_GRANVILL_3443_34,GRANVILL 3443 34 (LN/WEC/WEC),BUTLER-GRANVILLE 138 (3453),16:55,-105.43,
07/14/2024,,413605.0,EA50022_CASH_CASH___JONSB25_A,CASH CASH___JONSB25 A (LN/EAI/EAI),INDEPENDENCE - POWERLINE  500,17:00,-103.83,
07/14/2024,,453132.0,NSP34056_MARS_SS_LYON_MARS_11_1_1,MARS_SS LYON_MARS_11_1 1 (LN/NSP/NSP),CEDAR MTN-LYON COUNTY 345 1 (0956),17:00,-53.78,
07/14/2024,28141.0,281264.0,TMP246_LN_Aurora_Reed_Springs_161_kV_LO_LN_Beave,AUR1241 11335 A (LN/EDE/EDE),EUREKA SPRINGS-BEAVER DAM 161,17:00,-687.33,
07/14/2024,,331256.0,WEC13332_BLUFFCRK_WHIG53_2,BLUFFCRK WHIG53 2 (LN/WEC/WEC),UNIVERSITY - MUKWONAGO 138 (UNIG52,17:00,-23.58,
07/14/2024,,3463.0,WEC13347_GRANVILL_3443_34,GRANVILL 3443 34 (LN/WEC/WEC),BUTLER-GRANVILLE 138 (3453),17:00,-82.72,
07/14/2024,,413605.0,EA50022_CASH_CASH___JONSB25_A,CASH CASH___JONSB25 A (LN/EAI/EAI),INDEPENDENCE - POWERLINE  500,17:05,-138.34,
07/14/2024,,453132.0,NSP34056_MARS_SS_LYON_MARS_11_1_1,MARS_SS LYON_MARS_11_1 1 (LN/NSP/NSP),CEDAR MTN-LYON COUNTY 345 1 (0956),17:05,-34.35,
07/14/2024,2674.0,356560.0,Palmyra_345_161_FLO_Maywood_Herleman_345KV,PLMY XFM1 XFMR_1 (XF/AMMO/*),MAYWOOD-HERLEMAN  345,17:05,-1181.53,
07/14/2024,28141.0,281264.0,TMP246_LN_Aurora_Reed_Springs_161_kV_LO_LN_Beave,AUR1241 11335 A (LN/EDE/EDE),EUREKA SPRINGS-BEAVER DAM 161,17:05,-291.93,
07/14/2024,,331256.0,WEC13332_BLUFFCRK_WHIG53_2,BLUFFCRK WHIG53 2 (LN/WEC/WEC),UNIVERSITY - MUKWONAGO 138 (UNIG52,17:05,-46.05,
07/14/2024,,3463.0,WEC13347_GRANVILL_3443_34,GRANVILL 3443 34 (LN/WEC/WEC),BUTLER-GRANVILLE 138 (3453),17:05,-90.98,
07/14/2024,,413605.0,EA50022_CASH_CASH___JONSB25_A,CASH CASH___JONSB25 A (LN/EAI/EAI),INDEPENDENCE - POWERLINE  500,17:10,-68.32000000000001,
07/14/2024,2674.0,356560.0,Palmyra_345_161_FLO_Maywood_Herleman_345KV,PLMY XFM1 XFMR_1 (XF/AMMO/*),MAYWOOD-HERLEMAN  345,17:10,-704.46,
07/14/2024,,331256.0,WEC13332_BLUFFCRK_WHIG53_2,BLUFFCRK WHIG53 2 (LN/WEC/WEC),UNIVERSITY - MUKWONAGO 138 (UNIG52,17:10,-21.99,
07/14/2024,,3463.0,WEC13347_GRANVILL_3443_34,GRANVILL 3443 34 (LN/WEC/WEC),BUTLER-GRANVILLE 138 (3453),17:10,-7.95,
07/14/2024,,413605.0,EA50022_CASH_CASH___JONSB25_A,CASH CASH___JONSB25 A (LN/EAI/EAI),INDEPENDENCE - POWERLINE  500,17:15,-133.61,
07/14/2024,2674.0,356560.0,Palmyra_345_161_FLO_Maywood_Herleman_345KV,PLMY XFM1 XFMR_1 (XF/AMMO/*),MAYWOOD-HERLEMAN  345,17:15,-1224.68,
07/14/2024,,331256.0,WEC13332_BLUFFCRK_WHIG53_2,BLUFFCRK WHIG53 2 (LN/WEC/WEC),UNIVERSITY - MUKWONAGO 138 (UNIG52,17:15,-51.67,
07/14/2024,,3463.0,WEC13347_GRANVILL_3443_34,GRANVILL 3443 34 (LN/WEC/WEC),BUTLER-GRANVILLE 138 (3453),17:15,-152.61,
07/14/2024,,413605.0,EA50022_CASH_CASH___JONSB25_A,CASH CASH___JONSB25 A (LN/EAI/EAI),INDEPENDENCE - POWERLINE  500,17:20,-60.55,
07/14/2024,27841.0,310654.0,Keo_WestMemphis_500_flo_SansSouci_Driver_500,WMPEHV KEO____WMPEHV8 A (LN/EAI/EAI),SANSSU - DRIVER 500,17:20,-24.52,
07/14/2024,2674.0,356560.0,Palmyra_345_161_FLO_Maywood_Herleman_345KV,PLMY XFM1 XFMR_1 (XF/AMMO/*),MAYWOOD-HERLEMAN  345,17:20,-59.31,
07/14/2024,,3463.0,WEC13347_GRANVILL_3443_34,GRANVILL 3443 34 (LN/WEC/WEC),BUTLER-GRANVILLE 138 (3453),17:20,-107.06,
07/14/2024,,413605.0,EA50022_CASH_CASH___JONSB25_A,CASH CASH___JONSB25 A (LN/EAI/EAI),INDEPENDENCE - POWERLINE  500,17:25,-44.77,
07/14/2024,2674.0,356560.0,Palmyra_345_161_FLO_Maywood_Herleman_345KV,PLMY XFM1 XFMR_1 (XF/AMMO/*),MAYWOOD-HERLEMAN  345,17:25,-272.44,
07/14/2024,,413605.0,EA50022_CASH_CASH___JONSB25_A,CASH CASH___JONSB25 A (LN/EAI/EAI),INDEPENDENCE - POWERLINE  500,17:30,-36.68,
07/14/2024,27841.0,310654.0,Keo_WestMemphis_500_flo_SansSouci_Driver_500,WMPEHV KEO____WMPEHV8 A (LN/EAI/EAI),SANSSU - DRIVER 500,17:30,-9.05,
07/14/2024,2674.0,356560.0,Palmyra_345_161_FLO_Maywood_Herleman_345KV,PLMY XFM1 XFMR_1 (XF/AMMO/*),MAYWOOD-HERLEMAN  345,17:30,-118.66,
07/14/2024,,3463.0,WEC13347_GRANVILL_3443_34,GRANVILL 3443 34 (LN/WEC/WEC),BUTLER-GRANVILLE 138 (3453),17:30,-4.29,
07/14/2024,,265456.0,EATVA002_DRIVER_DRIVER_SANSSU8_1,DRIVER DRIVER_SANSSU8 1 (LN/EAI/EAI),W MEMPHIS - BRMNGHM ST FREEPRT 500,17:35,-73.71000000000001,
07/14/2024,27841.0,310654.0,Keo_WestMemphis_500_flo_SansSouci_Driver_500,WMPEHV KEO____WMPEHV8 A (LN/EAI/EAI),SANSSU - DRIVER 500,17:35,-10.08,
07/14/2024,2674.0,356560.0,Palmyra_345_161_FLO_Maywood_Herleman_345KV,PLMY XFM1 XFMR_1 (XF/AMMO/*),MAYWOOD-HERLEMAN  345,17:35,-320.19,
07/14/2024,,3463.0,WEC13347_GRANVILL_3443_34,GRANVILL 3443 34 (LN/WEC/WEC),BUTLER-GRANVILLE 138 (3453),17:35,-111.94,
07/14/2024,,413605.0,EA50022_CASH_CASH___JONSB25_A,CASH CASH___JONSB25 A (LN/EAI/EAI),INDEPENDENCE - POWERLINE  500,17:40,-118.64,
07/14/2024,2674.0,356560.0,Palmyra_345_161_FLO_Maywood_Herleman_345KV,PLMY XFM1 XFMR_1 (XF/AMMO/*),MAYWOOD-HERLEMAN  345,17:40,-197.43,
07/14/2024,28141.0,281264.0,TMP246_LN_Aurora_Reed_Springs_161_kV_LO_LN_Beave,AUR1241 11335 A (LN/EDE/EDE),EUREKA SPRINGS-BEAVER DAM 161,17:40,-1624.78,
07/14/2024,,331256.0,WEC13332_BLUFFCRK_WHIG53_2,BLUFFCRK WHIG53 2 (LN/WEC/WEC),UNIVERSITY - MUKWONAGO 138 (UNIG52,17:40,-25.63,
07/14/2024,,3463.0,WEC13347_GRANVILL_3443_34,GRANVILL 3443 34 (LN/WEC/WEC),BUTLER-GRANVILLE 138 (3453),17:40,-104.53,
07/14/2024,,413605.0,EA50022_CASH_CASH___JONSB25_A,CASH CASH___JONSB25 A (LN/EAI/EAI),INDEPENDENCE - POWERLINE  500,17:45,-126.02,
07/14/2024,2674.0,356560.0,Palmyra_345_161_FLO_Maywood_Herleman_345KV,PLMY XFM1 XFMR_1 (XF/AMMO/*),MAYWOOD-HERLEMAN  345,17:45,-610.11,
07/14/2024,,3463.0,WEC13347_GRANVILL_3443_34,GRANVILL 3443 34 (LN/WEC/WEC),BUTLER-GRANVILLE 138 (3453),17:45,-127.68,
07/14/2024,,413605.0,EA50022_CASH_CASH___JONSB25_A,CASH CASH___JONSB25 A (LN/EAI/EAI),INDEPENDENCE - POWERLINE  500,17:50,-157.70000000000002,
07/14/2024,2674.0,356560.0,Palmyra_345_161_FLO_Maywood_Herleman_345KV,PLMY XFM1 XFMR_1 (XF/AMMO/*),MAYWOOD-HERLEMAN  345,17:50,-634.8100000000001,
07/14/2024,28141.0,281264.0,TMP246_LN_Aurora_Reed_Springs_161_kV_LO_LN_Beave,AUR1241 11335 A (LN/EDE/EDE),EUREKA SPRINGS-BEAVER DAM 161,17:50,-1242.01,
07/14/2024,,3463.0,WEC13347_GRANVILL_3443_34,GRANVILL 3443 34 (LN/WEC/WEC),BUTLER-GRANVILLE 138 (3453),17:50,-119.33,
07/14/2024,,413605.0,EA50022_CASH_CASH___JONSB25_A,CASH CASH___JONSB25 A (LN/EAI/EAI),INDEPENDENCE - POWERLINE  500,17:55,-144.21,
07/14/2024,2674.0,356560.0,Palmyra_345_161_FLO_Maywood_Herleman_345KV,PLMY XFM1 XFMR_1 (XF/AMMO/*),MAYWOOD-HERLEMAN  345,17:55,-382.66,
07/14/2024,28141.0,281264.0,TMP246_LN_Aurora_Reed_Springs_161_kV_LO_LN_Beave,AUR1241 11335 A (LN/EDE/EDE),EUREKA SPRINGS-BEAVER DAM 161,17:55,-989.25,
07/14/2024,,3463.0,WEC13347_GRANVILL_3443_34,GRANVILL 3443 34 (LN/WEC/WEC),BUTLER-GRANVILLE 138 (3453),17:55,-89.96,
07/14/2024,,413605.0,EA50022_CASH_CASH___JONSB25_A,CASH CASH___JONSB25 A (LN/EAI/EAI),INDEPENDENCE - POWERLINE  500,18:00,-154.6,
07/14/2024,2674.0,356560.0,Palmyra_345_161_FLO_Maywood_Herleman_345KV,PLMY XFM1 XFMR_1 (XF/AMMO/*),MAYWOOD-HERLEMAN  345,18:00,-106.01,
07/14/2024,28141.0,281264.0,TMP246_LN_Aurora_Reed_Springs_161_kV_LO_LN_Beave,AUR1241 11335 A (LN/EDE/EDE),EUREKA SPRINGS-BEAVER DAM 161,18:00,-1442.96,
07/14/2024,,3463.0,WEC13347_GRANVILL_3443_34,GRANVILL 3443 34 (LN/WEC/WEC),BUTLER-GRANVILLE 138 (3453),18:00,-17.21,
07/14/2024,,413605.0,EA50022_CASH_CASH___JONSB25_A,CASH CASH___JONSB25 A (LN/EAI/EAI),INDEPENDENCE - POWERLINE  500,18:05,-144.5,
07/14/2024,5540.0,413169.0,EROAVOWASNEO,EROGERS EROG_BEAVER_1A A (LN/CSWS/CSWS),WASHBURN - NOESHA 161,18:05,-10.6,
07/14/2024,2674.0,356560.0,Palmyra_345_161_FLO_Maywood_Herleman_345KV,PLMY XFM1 XFMR_1 (XF/AMMO/*),MAYWOOD-HERLEMAN  345,18:05,-2000.0,
07/14/2024,28141.0,281264.0,TMP246_LN_Aurora_Reed_Springs_161_kV_LO_LN_Beave,AUR1241 11335 A (LN/EDE/EDE),EUREKA SPRINGS-BEAVER DAM 161,18:05,-1020.26,
07/14/2024,,307216.0,EA50022_INDEP2_INDEP2_MOREFL5_A,INDEP2 INDEP2_MOREFL5 A (LN/EAI/EAI),INDEPENDENCE - POWERLINE  500,18:10,-26.67,
07/14/2024,5540.0,413169.0,EROAVOWASNEO,EROGERS EROG_BEAVER_1A A (LN/CSWS/CSWS),WASHBURN - NOESHA 161,18:10,-22.98,
07/14/2024,2674.0,356560.0,Palmyra_345_161_FLO_Maywood_Herleman_345KV,PLMY XFM1 XFMR_1 (XF/AMMO/*),MAYWOOD-HERLEMAN  345,18:10,-1883.79,
07/14/2024,2674.0,356560.0,Palmyra_345_161_FLO_Maywood_Herleman_345KV,PLMY XFM1 XFMR_1 (XF/AMMO/*),MAYWOOD-HERLEMAN  345,18:15,-2000.0,
07/14/2024,2674.0,356560.0,Palmyra_345_161_FLO_Maywood_Herleman_345KV,PLMY XFM1 XFMR_1 (XF/AMMO/*),MAYWOOD-HERLEMAN  345,18:20,-125.19,
07/14/2024,2674.0,356560.0,Palmyra_345_161_FLO_Maywood_Herleman_345KV,PLMY XFM1 XFMR_1 (XF/AMMO/*),MAYWOOD-HERLEMAN  345,18:25,-1000.0,
07/14/2024,,3463.0,WEC13347_GRANVILL_3443_34,GRANVILL 3443 34 (LN/WEC/WEC),BUTLER-GRANVILLE 138 (3453),18:25,-96.69,
07/14/2024,2674.0,356560.0,Palmyra_345_161_FLO_Maywood_Herleman_345KV,PLMY XFM1 XFMR_1 (XF/AMMO/*),MAYWOOD-HERLEMAN  345,18:30,-1000.0,
07/14/2024,,3463.0,WEC13347_GRANVILL_3443_34,GRANVILL 3443 34 (LN/WEC/WEC),BUTLER-GRANVILLE 138 (3453),18:30,-236.06,
07/14/2024,2674.0,356560.0,Palmyra_345_161_FLO_Maywood_Herleman_345KV,PLMY XFM1 XFMR_1 (XF/AMMO/*),MAYWOOD-HERLEMAN  345,18:35,-897.93,
07/14/2024,,3463.0,WEC13347_GRANVILL_3443_34,GRANVILL 3443 34 (LN/WEC/WEC),BUTLER-GRANVILLE 138 (3453),18:35,-118.22,
07/14/2024,5540.0,413169.0,EROAVOWASNEO,EROGERS EROG_BEAVER_1A A (LN/CSWS/CSWS),WASHBURN - NOESHA 161,18:40,-61.09,
07/14/2024,2674.0,356560.0,Palmyra_345_161_FLO_Maywood_Herleman_345KV,PLMY XFM1 XFMR_1 (XF/AMMO/*),MAYWOOD-HERLEMAN  345,18:40,-534.65,
07/14/2024,,3463.0,WEC13347_GRANVILL_3443_34,GRANVILL 3443 34 (LN/WEC/WEC),BUTLER-GRANVILLE 138 (3453),18:40,-106.37,
07/14/2024,5540.0,413169.0,EROAVOWASNEO,EROGERS EROG_BEAVER_1A A (LN/CSWS/CSWS),WASHBURN - NOESHA 161,18:45,-115.18,
07/14/2024,2674.0,356560.0,Palmyra_345_161_FLO_Maywood_Herleman_345KV,PLMY XFM1 XFMR_1 (XF/AMMO/*),MAYWOOD-HERLEMAN  345,18:45,-198.52,
07/14/2024,,3463.0,WEC13347_GRANVILL_3443_34,GRANVILL 3443 34 (LN/WEC/WEC),BUTLER-GRANVILLE 138 (3453),18:45,-51.9,
07/14/2024,5540.0,413169.0,EROAVOWASNEO,EROGERS EROG_BEAVER_1A A (LN/CSWS/CSWS),WASHBURN - NOESHA 161,18:50,-179.39,
07/14/2024,2674.0,356560.0,Palmyra_345_161_FLO_Maywood_Herleman_345KV,PLMY XFM1 XFMR_1 (XF/AMMO/*),MAYWOOD-HERLEMAN  345,18:50,-158.39000000000001,
07/14/2024,5540.0,413169.0,EROAVOWASNEO,EROGERS EROG_BEAVER_1A A (LN/CSWS/CSWS),WASHBURN - NOESHA 161,18:55,-566.7,
07/14/2024,2674.0,356560.0,Palmyra_345_161_FLO_Maywood_Herleman_345KV,PLMY XFM1 XFMR_1 (XF/AMMO/*),MAYWOOD-HERLEMAN  345,18:55,-71.21000000000001,
07/14/2024,5540.0,413169.0,EROAVOWASNEO,EROGERS EROG_BEAVER_1A A (LN/CSWS/CSWS),WASHBURN - NOESHA 161,19:00,-384.76,
07/14/2024,2674.0,356560.0,Palmyra_345_161_FLO_Maywood_Herleman_345KV,PLMY XFM1 XFMR_1 (XF/AMMO/*),MAYWOOD-HERLEMAN  345,19:00,-537.52,
07/14/2024,,3463.0,WEC13347_GRANVILL_3443_34,GRANVILL 3443 34 (LN/WEC/WEC),BUTLER-GRANVILLE 138 (3453),19:00,-79.65,
07/14/2024,5540.0,413169.0,EROAVOWASNEO,EROGERS EROG_BEAVER_1A A (LN/CSWS/CSWS),WASHBURN - NOESHA 161,19:05,-85.06,
07/14/2024,2674.0,356560.0,Palmyra_345_161_FLO_Maywood_Herleman_345KV,PLMY XFM1 XFMR_1 (XF/AMMO/*),MAYWOOD-HERLEMAN  345,19:05,-2000.0,
07/14/2024,,3463.0,WEC13347_GRANVILL_3443_34,GRANVILL 3443 34 (LN/WEC/WEC),BUTLER-GRANVILLE 138 (3453),19:05,-121.37,
07/14/2024,5540.0,413169.0,EROAVOWASNEO,EROGERS EROG_BEAVER_1A A (LN/CSWS/CSWS),WASHBURN - NOESHA 161,19:10,-256.6,
07/14/2024,2674.0,356560.0,Palmyra_345_161_FLO_Maywood_Herleman_345KV,PLMY XFM1 XFMR_1 (XF/AMMO/*),MAYWOOD-HERLEMAN  345,19:10,-2000.0,
07/14/2024,,3463.0,WEC13347_GRANVILL_3443_34,GRANVILL 3443 34 (LN/WEC/WEC),BUTLER-GRANVILLE 138 (3453),19:10,-220.16,
07/14/2024,5540.0,413169.0,EROAVOWASNEO,EROGERS EROG_BEAVER_1A A (LN/CSWS/CSWS),WASHBURN - NOESHA 161,19:15,-41.5,
07/14/2024,2674.0,356560.0,Palmyra_345_161_FLO_Maywood_Herleman_345KV,PLMY XFM1 XFMR_1 (XF/AMMO/*),MAYWOOD-HERLEMAN  345,19:15,-1294.33,
07/14/2024,,3463.0,WEC13347_GRANVILL_3443_34,GRANVILL 3443 34 (LN/WEC/WEC),BUTLER-GRANVILLE 138 (3453),19:15,-12.91,
07/14/2024,5540.0,413169.0,EROAVOWASNEO,EROGERS EROG_BEAVER_1A A (LN/CSWS/CSWS),WASHBURN - NOESHA 161,19:20,-250.3,
07/14/2024,2674.0,356560.0,Palmyra_345_161_FLO_Maywood_Herleman_345KV,PLMY XFM1 XFMR_1 (XF/AMMO/*),MAYWOOD-HERLEMAN  345,19:20,-1000.0,
07/14/2024,,3463.0,WEC13347_GRANVILL_3443_34,GRANVILL 3443 34 (LN/WEC/WEC),BUTLER-GRANVILLE 138 (3453),19:20,-96.03,
07/14/2024,5540.0,413169.0,EROAVOWASNEO,EROGERS EROG_BEAVER_1A A (LN/CSWS/CSWS),WASHBURN - NOESHA 161,19:25,-141.8,
07/14/2024,2674.0,356560.0,Palmyra_345_161_FLO_Maywood_Herleman_345KV,PLMY XFM1 XFMR_1 (XF/AMMO/*),MAYWOOD-HERLEMAN  345,19:25,-681.61,
07/14/2024,,3463.0,WEC13347_GRANVILL_3443_34,GRANVILL 3443 34 (LN/WEC/WEC),BUTLER-GRANVILLE 138 (3453),19:25,-48.89,
07/14/2024,5540.0,413169.0,EROAVOWASNEO,EROGERS EROG_BEAVER_1A A (LN/CSWS/CSWS),WASHBURN - NOESHA 161,19:30,-588.4,
07/14/2024,2674.0,356560.0,Palmyra_345_161_FLO_Maywood_Herleman_345KV,PLMY XFM1 XFMR_1 (XF/AMMO/*),MAYWOOD-HERLEMAN  345,19:30,-928.16,
07/14/2024,,3463.0,WEC13347_GRANVILL_3443_34,GRANVILL 3443 34 (LN/WEC/WEC),BUTLER-GRANVILLE 138 (3453),19:30,-98.49,
07/14/2024,5540.0,413169.0,EROAVOWASNEO,EROGERS EROG_BEAVER_1A A (LN/CSWS/CSWS),WASHBURN - NOESHA 161,19:35,-246.5,
07/14/2024,2674.0,356560.0,Palmyra_345_161_FLO_Maywood_Herleman_345KV,PLMY XFM1 XFMR_1 (XF/AMMO/*),MAYWOOD-HERLEMAN  345,19:35,-270.37,
07/14/2024,2674.0,356560.0,Palmyra_345_161_FLO_Maywood_Herleman_345KV,PLMY XFM1 XFMR_1 (XF/AMMO/*),MAYWOOD-HERLEMAN  345,19:40,-93.86,
07/14/2024,2674.0,356560.0,Palmyra_345_161_FLO_Maywood_Herleman_345KV,PLMY XFM1 XFMR_1 (XF/AMMO/*),MAYWOOD-HERLEMAN  345,19:45,-244.79,
07/14/2024,,206680.0,EA23003_ALTIMX_ALTIMX_WODWRD3_A,ALTIMX ALTIMX_WODWRD3 A (LN/EAI/EAI),STUTTGART-WOODWARD 230,19:50,-301.14,
07/14/2024,2674.0,356560.0,Palmyra_345_161_FLO_Maywood_Herleman_345KV,PLMY XFM1 XFMR_1 (XF/AMMO/*),MAYWOOD-HERLEMAN  345,19:50,-104.11,
07/14/2024,2674.0,356560.0,Palmyra_345_161_FLO_Maywood_Herleman_345KV,PLMY XFM1 XFMR_1 (XF/AMMO/*),MAYWOOD-HERLEMAN  345,19:55,-322.69,
07/14/2024,,206680.0,EA23003_ALTIMX_ALTIMX_WODWRD3_A,ALTIMX ALTIMX_WODWRD3 A (LN/EAI/EAI),STUTTGART-WOODWARD 230,20:00,-146.49,
07/14/2024,2674.0,356560.0,Palmyra_345_161_FLO_Maywood_Herleman_345KV,PLMY XFM1 XFMR_1 (XF/AMMO/*),MAYWOOD-HERLEMAN  345,20:00,-81.59,
07/14/2024,,206680.0,EA23003_ALTIMX_ALTIMX_WODWRD3_A,ALTIMX ALTIMX_WODWRD3 A (LN/EAI/EAI),STUTTGART-WOODWARD 230,20:05,-148.46,
07/14/2024,,3463.0,WEC13347_GRANVILL_3443_34,GRANVILL 3443 34 (LN/WEC/WEC),BUTLER-GRANVILLE 138 (3453),20:05,-19.23,
07/14/2024,,3463.0,WEC13347_GRANVILL_3443_34,GRANVILL 3443 34 (LN/WEC/WEC),BUTLER-GRANVILLE 138 (3453),20:10,-32.68,
07/14/2024,,3463.0,WEC13347_GRANVILL_3443_34,GRANVILL 3443 34 (LN/WEC/WEC),BUTLER-GRANVILLE 138 (3453),20:20,-5.35,
07/14/2024,,3463.0,WEC13347_GRANVILL_3443_34,GRANVILL 3443 34 (LN/WEC/WEC),BUTLER-GRANVILLE 138 (3453),20:25,-17.580000000000002,
07/14/2024,,3463.0,WEC13347_GRANVILL_3443_34,GRANVILL 3443 34 (LN/WEC/WEC),BUTLER-GRANVILLE 138 (3453),20:30,-25.3,
07/14/2024,,3463.0,WEC13347_GRANVILL_3443_34,GRANVILL 3443 34 (LN/WEC/WEC),BUTLER-GRANVILLE 138 (3453),20:35,-5.82,
07/14/2024,,206680.0,EA23003_ALTIMX_ALTIMX_WODWRD3_A,ALTIMX ALTIMX_WODWRD3 A (LN/EAI/EAI),STUTTGART-WOODWARD 230,20:40,-20.44,
07/14/2024,,3463.0,WEC13347_GRANVILL_3443_34,GRANVILL 3443 34 (LN/WEC/WEC),BUTLER-GRANVILLE 138 (3453),20:40,-9.05,
07/14/2024,,206680.0,EA23003_ALTIMX_ALTIMX_WODWRD3_A,ALTIMX ALTIMX_WODWRD3 A (LN/EAI/EAI),STUTTGART-WOODWARD 230,20:45,-293.85,
07/14/2024,28141.0,281264.0,TMP246_LN_Aurora_Reed_Springs_161_kV_LO_LN_Beave,AUR1241 11335 A (LN/EDE/EDE),EUREKA SPRINGS-BEAVER DAM 161,20:45,-1199.39,
07/14/2024,,3463.0,WEC13347_GRANVILL_3443_34,GRANVILL 3443 34 (LN/WEC/WEC),BUTLER-GRANVILLE 138 (3453),20:45,-9.42,
07/14/2024,28141.0,281264.0,TMP246_LN_Aurora_Reed_Springs_161_kV_LO_LN_Beave,AUR1241 11335 A (LN/EDE/EDE),EUREKA SPRINGS-BEAVER DAM 161,20:50,-138.17000000000002,
07/14/2024,,3463.0,WEC13347_GRANVILL_3443_34,GRANVILL 3443 34 (LN/WEC/WEC),BUTLER-GRANVILLE 138 (3453),20:50,-7.68,
07/14/2024,,3463.0,WEC13347_GRANVILL_3443_34,GRANVILL 3443 34 (LN/WEC/WEC),BUTLER-GRANVILLE 138 (3453),20:55,-9.31,
07/14/2024,,206680.0,EA23003_ALTIMX_ALTIMX_WODWRD3_A,ALTIMX ALTIMX_WODWRD3 A (LN/EAI/EAI),STUTTGART-WOODWARD 230,21:00,-46.55,
07/14/2024,28141.0,281264.0,TMP246_LN_Aurora_Reed_Springs_161_kV_LO_LN_Beave,AUR1241 11335 A (LN/EDE/EDE),EUREKA SPRINGS-BEAVER DAM 161,21:00,-1066.02,
07/14/2024,,3463.0,WEC13347_GRANVILL_3443_34,GRANVILL 3443 34 (LN/WEC/WEC),BUTLER-GRANVILLE 138 (3453),21:00,-11.39,
07/14/2024,,206680.0,EA23003_ALTIMX_ALTIMX_WODWRD3_A,ALTIMX ALTIMX_WODWRD3 A (LN/EAI/EAI),STUTTGART-WOODWARD 230,21:05,-16.580000000000002,
07/14/2024,28141.0,281264.0,TMP246_LN_Aurora_Reed_Springs_161_kV_LO_LN_Beave,AUR1241 11335 A (LN/EDE/EDE),EUREKA SPRINGS-BEAVER DAM 161,21:05,-1254.23,
07/14/2024,,3463.0,WEC13347_GRANVILL_3443_34,GRANVILL 3443 34 (LN/WEC/WEC),BUTLER-GRANVILLE 138 (3453),21:05,-3.49,
07/14/2024,,206680.0,EA23003_ALTIMX_ALTIMX_WODWRD3_A,ALTIMX ALTIMX_WODWRD3 A (LN/EAI/EAI),STUTTGART-WOODWARD 230,21:10,-128.52,
07/14/2024,28141.0,281264.0,TMP246_LN_Aurora_Reed_Springs_161_kV_LO_LN_Beave,AUR1241 11335 A (LN/EDE/EDE),EUREKA SPRINGS-BEAVER DAM 161,21:10,-1331.4,
07/14/2024,,331256.0,WEC13332_BLUFFCRK_WHIG53_2,BLUFFCRK WHIG53 2 (LN/WEC/WEC),UNIVERSITY - MUKWONAGO 138 (UNIG52,21:10,-5.6,
07/14/2024,,3463.0,WEC13347_GRANVILL_3443_34,GRANVILL 3443 34 (LN/WEC/WEC),BUTLER-GRANVILLE 138 (3453),21:10,-2.32,
07/14/2024,28141.0,281264.0,TMP246_LN_Aurora_Reed_Springs_161_kV_LO_LN_Beave,AUR1241 11335 A (LN/EDE/EDE),EUREKA SPRINGS-BEAVER DAM 161,21:15,-1191.96,
07/14/2024,,331256.0,WEC13332_BLUFFCRK_WHIG53_2,BLUFFCRK WHIG53 2 (LN/WEC/WEC),UNIVERSITY - MUKWONAGO 138 (UNIG52,21:15,-3.72,
07/14/2024,,3463.0,WEC13347_GRANVILL_3443_34,GRANVILL 3443 34 (LN/WEC/WEC),BUTLER-GRANVILLE 138 (3453),21:15,-21.85,
07/14/2024,28141.0,281264.0,TMP246_LN_Aurora_Reed_Springs_161_kV_LO_LN_Beave,AUR1241 11335 A (LN/EDE/EDE),EUREKA SPRINGS-BEAVER DAM 161,21:20,-1265.68,
07/14/2024,,331256.0,WEC13332_BLUFFCRK_WHIG53_2,BLUFFCRK WHIG53 2 (LN/WEC/WEC),UNIVERSITY - MUKWONAGO 138 (UNIG52,21:20,-18.72,
07/14/2024,,3463.0,WEC13347_GRANVILL_3443_34,GRANVILL 3443 34 (LN/WEC/WEC),BUTLER-GRANVILLE 138 (3453),21:20,-2.25,
07/14/2024,28141.0,281264.0,TMP246_LN_Aurora_Reed_Springs_161_kV_LO_LN_Beave,AUR1241 11335 A (LN/EDE/EDE),EUREKA SPRINGS-BEAVER DAM 161,21:25,-91.58,
07/14/2024,,331256.0,WEC13332_BLUFFCRK_WHIG53_2,BLUFFCRK WHIG53 2 (LN/WEC/WEC),UNIVERSITY - MUKWONAGO 138 (UNIG52,21:25,-2.5100000000000002,
07/14/2024,,3463.0,WEC13347_GRANVILL_3443_34,GRANVILL 3443 34 (LN/WEC/WEC),BUTLER-GRANVILLE 138 (3453),21:30,-8.44,
07/14/2024,25833.0,271628.0,SplitRock_TR11_FLO_SplitRock_TR10_345_115,SPLIT_R TR11 TR11 (XF/NSP/*),SPLIT ROCK 345/115 TR10,21:45,-939.57,
07/14/2024,25833.0,271628.0,SplitRock_TR11_FLO_SplitRock_TR10_345_115,SPLIT_R TR11 TR11 (XF/NSP/*),SPLIT ROCK 345/115 TR10,21:50,-927.64,
07/14/2024,,331256.0,WEC13332_BLUFFCRK_WHIG53_2,BLUFFCRK WHIG53 2 (LN/WEC/WEC),UNIVERSITY - MUKWONAGO 138 (UNIG52,21:50,-5.0200000000000005,
07/14/2024,25833.0,271628.0,SplitRock_TR11_FLO_SplitRock_TR10_345_115,SPLIT_R TR11 TR11 (XF/NSP/*),SPLIT ROCK 345/115 TR10,21:55,-717.81,
07/14/2024,25833.0,271628.0,SplitRock_TR11_FLO_SplitRock_TR10_345_115,SPLIT_R TR11 TR11 (XF/NSP/*),SPLIT ROCK 345/115 TR10,22:00,-553.9,
07/14/2024,25833.0,271628.0,SplitRock_TR11_FLO_SplitRock_TR10_345_115,SPLIT_R TR11 TR11 (XF/NSP/*),SPLIT ROCK 345/115 TR10,22:05,-125.67,
07/14/2024,25833.0,271628.0,SplitRock_TR11_FLO_SplitRock_TR10_345_115,SPLIT_R TR11 TR11 (XF/NSP/*),SPLIT ROCK 345/115 TR10,22:10,-785.77,
07/14/2024,25833.0,271628.0,SplitRock_TR11_FLO_SplitRock_TR10_345_115,SPLIT_R TR11 TR11 (XF/NSP/*),SPLIT ROCK 345/115 TR10,22:15,-1577.88,
07/14/2024,25833.0,271628.0,SplitRock_TR11_FLO_SplitRock_TR10_345_115,SPLIT_R TR11 TR11 (XF/NSP/*),SPLIT ROCK 345/115 TR10,22:20,-1979.24,
07/14/2024,25833.0,271628.0,SplitRock_TR11_FLO_SplitRock_TR10_345_115,SPLIT_R TR11 TR11 (XF/NSP/*),SPLIT ROCK 345/115 TR10,22:25,-1203.9,
07/14/2024,25833.0,271628.0,SplitRock_TR11_FLO_SplitRock_TR10_345_115,SPLIT_R TR11 TR11 (XF/NSP/*),SPLIT ROCK 345/115 TR10,22:30,-930.34,
07/14/2024,25833.0,271628.0,SplitRock_TR11_FLO_SplitRock_TR10_345_115,SPLIT_R TR11 TR11 (XF/NSP/*),SPLIT ROCK 345/115 TR10,22:35,-952.15,
07/14/2024,25833.0,271628.0,SplitRock_TR11_FLO_SplitRock_TR10_345_115,SPLIT_R TR11 TR11 (XF/NSP/*),SPLIT ROCK 345/115 TR10,22:40,-484.81,
07/14/2024,25833.0,271628.0,SplitRock_TR11_FLO_SplitRock_TR10_345_115,SPLIT_R TR11 TR11 (XF/NSP/*),SPLIT ROCK 345/115 TR10,22:45,-652.37,
07/14/2024,28141.0,281264.0,TMP246_LN_Aurora_Reed_Springs_161_kV_LO_LN_Beave,AUR1241 11335 A (LN/EDE/EDE),EUREKA SPRINGS-BEAVER DAM 161,23:15,-47.58,
07/14/2024,28141.0,281264.0,TMP246_LN_Aurora_Reed_Springs_161_kV_LO_LN_Beave,AUR1241 11335 A (LN/EDE/EDE),EUREKA SPRINGS-BEAVER DAM 161,23:20,-294.06,
07/14/2024,28141.0,281264.0,TMP246_LN_Aurora_Reed_Springs_161_kV_LO_LN_Beave,AUR1241 11335 A (LN/EDE/EDE),EUREKA SPRINGS-BEAVER DAM 161,23:25,-117.0,
07/14/2024,28141.0,281264.0,TMP246_LN_Aurora_Reed_Springs_161_kV_LO_LN_Beave,AUR1241 11335 A (LN/EDE/EDE),EUREKA SPRINGS-BEAVER DAM 161,23:35,-520.22,
07/14/2024,28141.0,281264.0,TMP246_LN_Aurora_Reed_Springs_161_kV_LO_LN_Beave,AUR1241 11335 A (LN/EDE/EDE),EUREKA SPRINGS-BEAVER DAM 161,23:50,-141.15,
07/14/2024,28141.0,281264.0,TMP246_LN_Aurora_Reed_Springs_161_kV_LO_LN_Beave,AUR1241 11335 A (LN/EDE/EDE),EUREKA SPRINGS-BEAVER DAM 161,23:55,-299.03000000000003,
07/15/2024,,297058.0,NIP69107_REYNOLD4_13857_A,REYNOLD4 13857 A (LN/NIPS/NIPS),SPRAIRIE-HONEYCRK-REMNGTN (69-103),00:00,-34.49,
07/15/2024,5502.0,329416.0,CouncilBluffs_Sub3456_345_ftlo_ArbrHill_Raccn_34,SUB3456 SUB34CBLUF34_1 1 (LN/OPPD/MEC),RACCOON TRAIL - ARBOR HILL 345,00:45,-4.0,
07/15/2024,5502.0,329416.0,CouncilBluffs_Sub3456_345_ftlo_ArbrHill_Raccn_34,SUB3456 SUB34CBLUF34_1 1 (LN/OPPD/MEC),RACCOON TRAIL - ARBOR HILL 345,00:55,-1.21,
07/15/2024,5502.0,329416.0,CouncilBluffs_Sub3456_345_ftlo_ArbrHill_Raccn_34,SUB3456 SUB34CBLUF34_1 1 (LN/OPPD/MEC),RACCOON TRAIL - ARBOR HILL 345,01:00,-0.25,
07/15/2024,5502.0,329416.0,CouncilBluffs_Sub3456_345_ftlo_ArbrHill_Raccn_34,SUB3456 SUB34CBLUF34_1 1 (LN/OPPD/MEC),RACCOON TRAIL - ARBOR HILL 345,01:10,-0.18,
07/15/2024,5502.0,329416.0,CouncilBluffs_Sub3456_345_ftlo_ArbrHill_Raccn_34,SUB3456 SUB34CBLUF34_1 1 (LN/OPPD/MEC),RACCOON TRAIL - ARBOR HILL 345,01:15,-0.25,
07/15/2024,5502.0,329416.0,CouncilBluffs_Sub3456_345_ftlo_ArbrHill_Raccn_34,SUB3456 SUB34CBLUF34_1 1 (LN/OPPD/MEC),RACCOON TRAIL - ARBOR HILL 345,01:20,-1.49,
07/15/2024,29652.0,248380.0,TMP151_S3_Granitfalls_115kv_lLN_ftlo_LyonCo_Ceda,S3 S3GRANI11_1 1 (LN/WAUE/WAUE),CEDAR MTN-LYON COUNTY 345 1 (0956),05:25,-149.21,
07/15/2024,29652.0,248380.0,TMP151_S3_Granitfalls_115kv_lLN_ftlo_LyonCo_Ceda,S3 S3GRANI11_1 1 (LN/WAUE/WAUE),CEDAR MTN-LYON COUNTY 345 1 (0956),05:30,-163.88,
07/15/2024,29652.0,248380.0,TMP151_S3_Granitfalls_115kv_lLN_ftlo_LyonCo_Ceda,S3 S3GRANI11_1 1 (LN/WAUE/WAUE),CEDAR MTN-LYON COUNTY 345 1 (0956),05:35,-164.1,
07/15/2024,29652.0,248380.0,TMP151_S3_Granitfalls_115kv_lLN_ftlo_LyonCo_Ceda,S3 S3GRANI11_1 1 (LN/WAUE/WAUE),CEDAR MTN-LYON COUNTY 345 1 (0956),05:40,-163.53,
07/15/2024,29652.0,248380.0,TMP151_S3_Granitfalls_115kv_lLN_ftlo_LyonCo_Ceda,S3 S3GRANI11_1 1 (LN/WAUE/WAUE),CEDAR MTN-LYON COUNTY 345 1 (0956),05:45,-163.01,
07/15/2024,29652.0,248380.0,TMP151_S3_Granitfalls_115kv_lLN_ftlo_LyonCo_Ceda,S3 S3GRANI11_1 1 (LN/WAUE/WAUE),CEDAR MTN-LYON COUNTY 345 1 (0956),05:50,-163.35,
07/15/2024,29652.0,248380.0,TMP151_S3_Granitfalls_115kv_lLN_ftlo_LyonCo_Ceda,S3 S3GRANI11_1 1 (LN/WAUE/WAUE),CEDAR MTN-LYON COUNTY 345 1 (0956),05:55,-163.13,
07/15/2024,29652.0,248380.0,TMP151_S3_Granitfalls_115kv_lLN_ftlo_LyonCo_Ceda,S3 S3GRANI11_1 1 (LN/WAUE/WAUE),CEDAR MTN-LYON COUNTY 345 1 (0956),06:00,-163.08,
07/15/2024,29652.0,248380.0,TMP151_S3_Granitfalls_115kv_lLN_ftlo_LyonCo_Ceda,S3 S3GRANI11_1 1 (LN/WAUE/WAUE),CEDAR MTN-LYON COUNTY 345 1 (0956),06:05,-161.77,
07/15/2024,29015.0,3443.0,Duneare_Michigan_City_13839_138kv_flo_Wilton_Cen,DUNEACRE 13839 A (LN/NIPS/NIPS),WILTON CENTER-DUMONT 765 (11215),06:10,-5.6,
07/15/2024,29652.0,248380.0,TMP151_S3_Granitfalls_115kv_lLN_ftlo_LyonCo_Ceda,S3 S3GRANI11_1 1 (LN/WAUE/WAUE),CEDAR MTN-LYON COUNTY 345 1 (0956),06:10,-160.72,
07/15/2024,29015.0,3443.0,Duneare_Michigan_City_13839_138kv_flo_Wilton_Cen,DUNEACRE 13839 A (LN/NIPS/NIPS),WILTON CENTER-DUMONT 765 (11215),06:15,-58.18,
07/15/2024,29652.0,248380.0,TMP151_S3_Granitfalls_115kv_lLN_ftlo_LyonCo_Ceda,S3 S3GRANI11_1 1 (LN/WAUE/WAUE),CEDAR MTN-LYON COUNTY 345 1 (0956),06:15,-157.47,
07/15/2024,29015.0,3443.0,Duneare_Michigan_City_13839_138kv_flo_Wilton_Cen,DUNEACRE 13839 A (LN/NIPS/NIPS),WILTON CENTER-DUMONT 765 (11215),06:20,-26.71,
07/15/2024,29652.0,248380.0,TMP151_S3_Granitfalls_115kv_lLN_ftlo_LyonCo_Ceda,S3 S3GRANI11_1 1 (LN/WAUE/WAUE),CEDAR MTN-LYON COUNTY 345 1 (0956),06:20,-159.41,
07/15/2024,29015.0,3443.0,Duneare_Michigan_City_13839_138kv_flo_Wilton_Cen,DUNEACRE 13839 A (LN/NIPS/NIPS),WILTON CENTER-DUMONT 765 (11215),06:25,-138.29,
07/15/2024,29652.0,248380.0,TMP151_S3_Granitfalls_115kv_lLN_ftlo_LyonCo_Ceda,S3 S3GRANI11_1 1 (LN/WAUE/WAUE),CEDAR MTN-LYON COUNTY 345 1 (0956),06:25,-150.13,
07/15/2024,29015.0,3443.0,Duneare_Michigan_City_13839_138kv_flo_Wilton_Cen,DUNEACRE 13839 A (LN/NIPS/NIPS),WILTON CENTER-DUMONT 765 (11215),06:30,-10.1,
07/15/2024,29652.0,248380.0,TMP151_S3_Granitfalls_115kv_lLN_ftlo_LyonCo_Ceda,S3 S3GRANI11_1 1 (LN/WAUE/WAUE),CEDAR MTN-LYON COUNTY 345 1 (0956),06:30,-160.43,
07/15/2024,29015.0,3443.0,Duneare_Michigan_City_13839_138kv_flo_Wilton_Cen,DUNEACRE 13839 A (LN/NIPS/NIPS),WILTON CENTER-DUMONT 765 (11215),06:35,-24.6,
07/15/2024,29652.0,248380.0,TMP151_S3_Granitfalls_115kv_lLN_ftlo_LyonCo_Ceda,S3 S3GRANI11_1 1 (LN/WAUE/WAUE),CEDAR MTN-LYON COUNTY 345 1 (0956),06:35,-161.1,
07/15/2024,29015.0,3443.0,Duneare_Michigan_City_13839_138kv_flo_Wilton_Cen,DUNEACRE 13839 A (LN/NIPS/NIPS),WILTON CENTER-DUMONT 765 (11215),06:40,-9.8,
07/15/2024,29652.0,248380.0,TMP151_S3_Granitfalls_115kv_lLN_ftlo_LyonCo_Ceda,S3 S3GRANI11_1 1 (LN/WAUE/WAUE),CEDAR MTN-LYON COUNTY 345 1 (0956),06:40,-145.81,
07/15/2024,29015.0,3443.0,Duneare_Michigan_City_13839_138kv_flo_Wilton_Cen,DUNEACRE 13839 A (LN/NIPS/NIPS),WILTON CENTER-DUMONT 765 (11215),06:45,-15.7,
07/15/2024,29652.0,248380.0,TMP151_S3_Granitfalls_115kv_lLN_ftlo_LyonCo_Ceda,S3 S3GRANI11_1 1 (LN/WAUE/WAUE),CEDAR MTN-LYON COUNTY 345 1 (0956),06:45,-138.20000000000002,
07/15/2024,29015.0,3443.0,Duneare_Michigan_City_13839_138kv_flo_Wilton_Cen,DUNEACRE 13839 A (LN/NIPS/NIPS),WILTON CENTER-DUMONT 765 (11215),06:50,-15.7,
07/15/2024,29652.0,248380.0,TMP151_S3_Granitfalls_115kv_lLN_ftlo_LyonCo_Ceda,S3 S3GRANI11_1 1 (LN/WAUE/WAUE),CEDAR MTN-LYON COUNTY 345 1 (0956),06:50,-117.72,
07/15/2024,29015.0,3443.0,Duneare_Michigan_City_13839_138kv_flo_Wilton_Cen,DUNEACRE 13839 A (LN/NIPS/NIPS),WILTON CENTER-DUMONT 765 (11215),06:55,-10.0,
07/15/2024,29015.0,3443.0,Duneare_Michigan_City_13839_138kv_flo_Wilton_Cen,DUNEACRE 13839 A (LN/NIPS/NIPS),WILTON CENTER-DUMONT 765 (11215),07:00,-10.0,
07/15/2024,29015.0,3443.0,Duneare_Michigan_City_13839_138kv_flo_Wilton_Cen,DUNEACRE 13839 A (LN/NIPS/NIPS),WILTON CENTER-DUMONT 765 (11215),07:05,-10.0,
07/15/2024,29015.0,3443.0,Duneare_Michigan_City_13839_138kv_flo_Wilton_Cen,DUNEACRE 13839 A (LN/NIPS/NIPS),WILTON CENTER-DUMONT 765 (11215),07:10,-10.0,
07/15/2024,29015.0,3443.0,Duneare_Michigan_City_13839_138kv_flo_Wilton_Cen,DUNEACRE 13839 A (LN/NIPS/NIPS),WILTON CENTER-DUMONT 765 (11215),07:15,-53.2,
07/15/2024,29015.0,3443.0,Duneare_Michigan_City_13839_138kv_flo_Wilton_Cen,DUNEACRE 13839 A (LN/NIPS/NIPS),WILTON CENTER-DUMONT 765 (11215),07:20,-45.3,
07/15/2024,29015.0,3443.0,Duneare_Michigan_City_13839_138kv_flo_Wilton_Cen,DUNEACRE 13839 A (LN/NIPS/NIPS),WILTON CENTER-DUMONT 765 (11215),07:25,-45.3,
07/15/2024,29015.0,3443.0,Duneare_Michigan_City_13839_138kv_flo_Wilton_Cen,DUNEACRE 13839 A (LN/NIPS/NIPS),WILTON CENTER-DUMONT 765 (11215),07:30,-80.82000000000001,
07/15/2024,29015.0,3443.0,Duneare_Michigan_City_13839_138kv_flo_Wilton_Cen,DUNEACRE 13839 A (LN/NIPS/NIPS),WILTON CENTER-DUMONT 765 (11215),07:35,-127.2,
07/15/2024,29015.0,3443.0,Duneare_Michigan_City_13839_138kv_flo_Wilton_Cen,DUNEACRE 13839 A (LN/NIPS/NIPS),WILTON CENTER-DUMONT 765 (11215),07:50,-20.0,
07/15/2024,29015.0,3443.0,Duneare_Michigan_City_13839_138kv_flo_Wilton_Cen,DUNEACRE 13839 A (LN/NIPS/NIPS),WILTON CENTER-DUMONT 765 (11215),07:55,-80.3,
07/15/2024,29015.0,3443.0,Duneare_Michigan_City_13839_138kv_flo_Wilton_Cen,DUNEACRE 13839 A (LN/NIPS/NIPS),WILTON CENTER-DUMONT 765 (11215),08:00,-120.8,
07/15/2024,29015.0,3443.0,Duneare_Michigan_City_13839_138kv_flo_Wilton_Cen,DUNEACRE 13839 A (LN/NIPS/NIPS),WILTON CENTER-DUMONT 765 (11215),08:05,-376.39,
07/15/2024,29015.0,3443.0,Duneare_Michigan_City_13839_138kv_flo_Wilton_Cen,DUNEACRE 13839 A (LN/NIPS/NIPS),WILTON CENTER-DUMONT 765 (11215),08:10,-108.99,
07/15/2024,29015.0,3443.0,Duneare_Michigan_City_13839_138kv_flo_Wilton_Cen,DUNEACRE 13839 A (LN/NIPS/NIPS),WILTON CENTER-DUMONT 765 (11215),08:20,-34.1,
07/15/2024,29015.0,3443.0,Duneare_Michigan_City_13839_138kv_flo_Wilton_Cen,DUNEACRE 13839 A (LN/NIPS/NIPS),WILTON CENTER-DUMONT 765 (11215),09:05,-3.9,
07/15/2024,29015.0,3443.0,Duneare_Michigan_City_13839_138kv_flo_Wilton_Cen,DUNEACRE 13839 A (LN/NIPS/NIPS),WILTON CENTER-DUMONT 765 (11215),09:15,-21.6,
07/15/2024,29015.0,3443.0,Duneare_Michigan_City_13839_138kv_flo_Wilton_Cen,DUNEACRE 13839 A (LN/NIPS/NIPS),WILTON CENTER-DUMONT 765 (11215),09:20,-21.6,
07/15/2024,29015.0,3443.0,Duneare_Michigan_City_13839_138kv_flo_Wilton_Cen,DUNEACRE 13839 A (LN/NIPS/NIPS),WILTON CENTER-DUMONT 765 (11215),09:25,-454.1,
07/15/2024,29015.0,3443.0,Duneare_Michigan_City_13839_138kv_flo_Wilton_Cen,DUNEACRE 13839 A (LN/NIPS/NIPS),WILTON CENTER-DUMONT 765 (11215),09:30,-363.0,
07/15/2024,29015.0,3443.0,Duneare_Michigan_City_13839_138kv_flo_Wilton_Cen,DUNEACRE 13839 A (LN/NIPS/NIPS),WILTON CENTER-DUMONT 765 (11215),09:35,-611.3000000000001,
07/15/2024,29015.0,3443.0,Duneare_Michigan_City_13839_138kv_flo_Wilton_Cen,DUNEACRE 13839 A (LN/NIPS/NIPS),WILTON CENTER-DUMONT 765 (11215),09:40,-179.1,
07/15/2024,29015.0,3443.0,Duneare_Michigan_City_13839_138kv_flo_Wilton_Cen,DUNEACRE 13839 A (LN/NIPS/NIPS),WILTON CENTER-DUMONT 765 (11215),09:45,-187.0,
07/15/2024,29015.0,3443.0,Duneare_Michigan_City_13839_138kv_flo_Wilton_Cen,DUNEACRE 13839 A (LN/NIPS/NIPS),WILTON CENTER-DUMONT 765 (11215),09:50,-78.2,
07/15/2024,29015.0,3443.0,Duneare_Michigan_City_13839_138kv_flo_Wilton_Cen,DUNEACRE 13839 A (LN/NIPS/NIPS),WILTON CENTER-DUMONT 765 (11215),09:55,-187.4,
07/15/2024,29015.0,3443.0,Duneare_Michigan_City_13839_138kv_flo_Wilton_Cen,DUNEACRE 13839 A (LN/NIPS/NIPS),WILTON CENTER-DUMONT 765 (11215),10:00,-16.48,
07/15/2024,29015.0,3443.0,Duneare_Michigan_City_13839_138kv_flo_Wilton_Cen,DUNEACRE 13839 A (LN/NIPS/NIPS),WILTON CENTER-DUMONT 765 (11215),10:05,-170.5,
07/15/2024,29015.0,3443.0,Duneare_Michigan_City_13839_138kv_flo_Wilton_Cen,DUNEACRE 13839 A (LN/NIPS/NIPS),WILTON CENTER-DUMONT 765 (11215),10:10,-77.23,
07/15/2024,29015.0,3443.0,Duneare_Michigan_City_13839_138kv_flo_Wilton_Cen,DUNEACRE 13839 A (LN/NIPS/NIPS),WILTON CENTER-DUMONT 765 (11215),10:55,-140.4,
07/15/2024,,413605.0,EA50022_CASH_CASH___JONSB25_A,CASH CASH___JONSB25 A (LN/EAI/EAI),INDEPENDENCE - POWERLINE  500,12:40,-1.4,
07/15/2024,,412120.0,BASE_7MILECRK_X-159_1,7MILECRK X-159 1 (LN/ALTE/ALTE),,12:55,-38.08,
07/15/2024,,413605.0,EA50022_CASH_CASH___JONSB25_A,CASH CASH___JONSB25 A (LN/EAI/EAI),INDEPENDENCE - POWERLINE  500,12:55,-68.33,
07/15/2024,,412120.0,BASE_7MILECRK_X-159_1,7MILECRK X-159 1 (LN/ALTE/ALTE),,13:00,-34.94,
07/15/2024,,413605.0,EA50022_CASH_CASH___JONSB25_A,CASH CASH___JONSB25 A (LN/EAI/EAI),INDEPENDENCE - POWERLINE  500,13:00,-2.81,
07/15/2024,,412120.0,BASE_7MILECRK_X-159_1,7MILECRK X-159 1 (LN/ALTE/ALTE),,13:05,-35.96,
07/15/2024,,412120.0,BASE_7MILECRK_X-159_1,7MILECRK X-159 1 (LN/ALTE/ALTE),,13:10,-35.980000000000004,
07/15/2024,,413605.0,EA50022_CASH_CASH___JONSB25_A,CASH CASH___JONSB25 A (LN/EAI/EAI),INDEPENDENCE - POWERLINE  500,13:10,-25.76,
07/15/2024,,412120.0,BASE_7MILECRK_X-159_1,7MILECRK X-159 1 (LN/ALTE/ALTE),,13:15,-33.52,
07/15/2024,,413605.0,EA50022_CASH_CASH___JONSB25_A,CASH CASH___JONSB25 A (LN/EAI/EAI),INDEPENDENCE - POWERLINE  500,13:20,-34.71,
07/15/2024,,412120.0,BASE_7MILECRK_X-159_1,7MILECRK X-159 1 (LN/ALTE/ALTE),,13:25,-35.03,
07/15/2024,,412120.0,BASE_7MILECRK_X-159_1,7MILECRK X-159 1 (LN/ALTE/ALTE),,13:30,-35.5,
07/15/2024,,413605.0,EA50022_CASH_CASH___JONSB25_A,CASH CASH___JONSB25 A (LN/EAI/EAI),INDEPENDENCE - POWERLINE  500,13:30,-6.56,
07/15/2024,,412120.0,BASE_7MILECRK_X-159_1,7MILECRK X-159 1 (LN/ALTE/ALTE),,13:35,-36.86,
07/15/2024,,413605.0,EA50022_CASH_CASH___JONSB25_A,CASH CASH___JONSB25 A (LN/EAI/EAI),INDEPENDENCE - POWERLINE  500,13:35,-13.3,
07/15/2024,,412120.0,BASE_7MILECRK_X-159_1,7MILECRK X-159 1 (LN/ALTE/ALTE),,13:40,-41.4,
07/15/2024,,413605.0,EA50022_CASH_CASH___JONSB25_A,CASH CASH___JONSB25 A (LN/EAI/EAI),INDEPENDENCE - POWERLINE  500,13:40,-21.18,
07/15/2024,,412120.0,BASE_7MILECRK_X-159_1,7MILECRK X-159 1 (LN/ALTE/ALTE),,13:45,-39.62,
07/15/2024,,413605.0,EA50022_CASH_CASH___JONSB25_A,CASH CASH___JONSB25 A (LN/EAI/EAI),INDEPENDENCE - POWERLINE  500,13:45,-7.9300000000000015,
07/15/2024,,412120.0,BASE_7MILECRK_X-159_1,7MILECRK X-159 1 (LN/ALTE/ALTE),,13:50,-41.8,
07/15/2024,,413605.0,EA50022_CASH_CASH___JONSB25_A,CASH CASH___JONSB25 A (LN/EAI/EAI),INDEPENDENCE - POWERLINE  500,13:50,-51.44,
07/15/2024,,412120.0,BASE_7MILECRK_X-159_1,7MILECRK X-159 1 (LN/ALTE/ALTE),,13:55,-40.050000000000004,
07/15/2024,,413605.0,EA50022_CASH_CASH___JONSB25_A,CASH CASH___JONSB25 A (LN/EAI/EAI),INDEPENDENCE - POWERLINE  500,13:55,-97.17,
07/15/2024,,412120.0,BASE_7MILECRK_X-159_1,7MILECRK X-159 1 (LN/ALTE/ALTE),,14:00,-70.88,
07/15/2024,,413605.0,EA50022_CASH_CASH___JONSB25_A,CASH CASH___JONSB25 A (LN/EAI/EAI),INDEPENDENCE - POWERLINE  500,14:00,-185.79,
07/15/2024,,317844.0,EE13109_TAR_TAR_LUCEBAYOU4_A,TAR TAR_LUCEBAYOU4 A (LN/EES/EES),PORTER-NEW CANEY 138,14:00,-167.5,
07/15/2024,,412120.0,BASE_7MILECRK_X-159_1,7MILECRK X-159 1 (LN/ALTE/ALTE),,14:05,-31.54,
07/15/2024,,413605.0,EA50022_CASH_CASH___JONSB25_A,CASH CASH___JONSB25 A (LN/EAI/EAI),INDEPENDENCE - POWERLINE  500,14:05,-8.19,
07/15/2024,,412120.0,BASE_7MILECRK_X-159_1,7MILECRK X-159 1 (LN/ALTE/ALTE),,14:10,-34.49,
07/15/2024,,413605.0,EA50022_CASH_CASH___JONSB25_A,CASH CASH___JONSB25 A (LN/EAI/EAI),INDEPENDENCE - POWERLINE  500,14:10,-26.4,
07/15/2024,,412120.0,BASE_7MILECRK_X-159_1,7MILECRK X-159 1 (LN/ALTE/ALTE),,14:15,-38.11,
07/15/2024,,413605.0,EA50022_CASH_CASH___JONSB25_A,CASH CASH___JONSB25 A (LN/EAI/EAI),INDEPENDENCE - POWERLINE  500,14:15,-43.88,
07/15/2024,,412120.0,BASE_7MILECRK_X-159_1,7MILECRK X-159 1 (LN/ALTE/ALTE),,14:20,-38.52,
07/15/2024,,413605.0,EA50022_CASH_CASH___JONSB25_A,CASH CASH___JONSB25 A (LN/EAI/EAI),INDEPENDENCE - POWERLINE  500,14:20,-46.69,
07/15/2024,,412120.0,BASE_7MILECRK_X-159_1,7MILECRK X-159 1 (LN/ALTE/ALTE),,14:25,-37.84,
07/15/2024,,413605.0,EA50022_CASH_CASH___JONSB25_A,CASH CASH___JONSB25 A (LN/EAI/EAI),INDEPENDENCE - POWERLINE  500,14:25,-45.22,
07/15/2024,,412120.0,BASE_7MILECRK_X-159_1,7MILECRK X-159 1 (LN/ALTE/ALTE),,14:30,-42.93,
07/15/2024,,413605.0,EA50022_CASH_CASH___JONSB25_A,CASH CASH___JONSB25 A (LN/EAI/EAI),INDEPENDENCE - POWERLINE  500,14:30,-74.23,
07/15/2024,,317844.0,EE13109_TAR_TAR_LUCEBAYOU4_A,TAR TAR_LUCEBAYOU4 A (LN/EES/EES),PORTER-NEW CANEY 138,14:30,-11.9,
07/15/2024,,412120.0,BASE_7MILECRK_X-159_1,7MILECRK X-159 1 (LN/ALTE/ALTE),,14:35,-39.03,
07/15/2024,,413605.0,EA50022_CASH_CASH___JONSB25_A,CASH CASH___JONSB25 A (LN/EAI/EAI),INDEPENDENCE - POWERLINE  500,14:35,-51.58,
07/15/2024,,413605.0,EA50022_CASH_CASH___JONSB25_A,CASH CASH___JONSB25 A (LN/EAI/EAI),INDEPENDENCE - POWERLINE  500,14:40,-77.91,
07/15/2024,,413605.0,EA50022_CASH_CASH___JONSB25_A,CASH CASH___JONSB25 A (LN/EAI/EAI),INDEPENDENCE - POWERLINE  500,14:45,-68.26,
07/15/2024,,412120.0,BASE_7MILECRK_X-159_1,7MILECRK X-159 1 (LN/ALTE/ALTE),,14:50,-36.02,
07/15/2024,,413605.0,EA50022_CASH_CASH___JONSB25_A,CASH CASH___JONSB25 A (LN/EAI/EAI),INDEPENDENCE - POWERLINE  500,14:50,-33.46,
07/15/2024,,412120.0,BASE_7MILECRK_X-159_1,7MILECRK X-159 1 (LN/ALTE/ALTE),,14:55,-36.52,
07/15/2024,,413605.0,EA50022_CASH_CASH___JONSB25_A,CASH CASH___JONSB25 A (LN/EAI/EAI),INDEPENDENCE - POWERLINE  500,14:55,-28.7,
07/15/2024,,413605.0,EA50022_CASH_CASH___JONSB25_A,CASH CASH___JONSB25 A (LN/EAI/EAI),INDEPENDENCE - POWERLINE  500,15:00,-13.16,
07/15/2024,,413605.0,EA50022_CASH_CASH___JONSB25_A,CASH CASH___JONSB25 A (LN/EAI/EAI),INDEPENDENCE - POWERLINE  500,15:05,-23.37,
07/15/2024,,413605.0,EA50022_CASH_CASH___JONSB25_A,CASH CASH___JONSB25 A (LN/EAI/EAI),INDEPENDENCE - POWERLINE  500,15:30,-7.69,
07/15/2024,,413605.0,EA50022_CASH_CASH___JONSB25_A,CASH CASH___JONSB25 A (LN/EAI/EAI),INDEPENDENCE - POWERLINE  500,15:35,-47.63,
07/15/2024,,413605.0,EA50022_CASH_CASH___JONSB25_A,CASH CASH___JONSB25 A (LN/EAI/EAI),INDEPENDENCE - POWERLINE  500,15:45,-115.14,
07/15/2024,,413605.0,EA50022_CASH_CASH___JONSB25_A,CASH CASH___JONSB25 A (LN/EAI/EAI),INDEPENDENCE - POWERLINE  500,15:50,-74.55,
07/15/2024,,413605.0,EA50022_CASH_CASH___JONSB25_A,CASH CASH___JONSB25 A (LN/EAI/EAI),INDEPENDENCE - POWERLINE  500,15:55,-60.48,
07/15/2024,,413605.0,EA50022_CASH_CASH___JONSB25_A,CASH CASH___JONSB25 A (LN/EAI/EAI),INDEPENDENCE - POWERLINE  500,16:00,-78.10000000000001,
07/15/2024,,455412.0,EE50X64_COLY_E_AT5_AT5,COLY_E AT5 AT5 (XF/EES/*),COLY 500/230 AT3,16:00,-1000.0,
07/15/2024,,413605.0,EA50022_CASH_CASH___JONSB25_A,CASH CASH___JONSB25 A (LN/EAI/EAI),INDEPENDENCE - POWERLINE  500,16:05,-71.76,
07/15/2024,,455412.0,EE50X64_COLY_E_AT5_AT5,COLY_E AT5 AT5 (XF/EES/*),COLY 500/230 AT3,16:05,-1000.0,
07/15/2024,,413605.0,EA50022_CASH_CASH___JONSB25_A,CASH CASH___JONSB25 A (LN/EAI/EAI),INDEPENDENCE - POWERLINE  500,16:10,-114.56,
07/15/2024,,455412.0,EE50X64_COLY_E_AT5_AT5,COLY_E AT5 AT5 (XF/EES/*),COLY 500/230 AT3,16:10,-1000.0,
07/15/2024,,413605.0,EA50022_CASH_CASH___JONSB25_A,CASH CASH___JONSB25 A (LN/EAI/EAI),INDEPENDENCE - POWERLINE  500,16:15,-73.41,
07/15/2024,,455412.0,EE50X64_COLY_E_AT5_AT5,COLY_E AT5 AT5 (XF/EES/*),COLY 500/230 AT3,16:15,-1000.0,
07/15/2024,,413605.0,EA50022_CASH_CASH___JONSB25_A,CASH CASH___JONSB25 A (LN/EAI/EAI),INDEPENDENCE - POWERLINE  500,16:20,-119.5,
07/15/2024,,455412.0,EE50X64_COLY_E_AT5_AT5,COLY_E AT5 AT5 (XF/EES/*),COLY 500/230 AT3,16:20,-1000.0,
07/15/2024,,413605.0,EA50022_CASH_CASH___JONSB25_A,CASH CASH___JONSB25 A (LN/EAI/EAI),INDEPENDENCE - POWERLINE  500,16:25,-143.18,
07/15/2024,,455412.0,EE50X64_COLY_E_AT5_AT5,COLY_E AT5 AT5 (XF/EES/*),COLY 500/230 AT3,16:25,-2000.0,
07/15/2024,,413605.0,EA50022_CASH_CASH___JONSB25_A,CASH CASH___JONSB25 A (LN/EAI/EAI),INDEPENDENCE - POWERLINE  500,16:30,-173.77,
07/15/2024,,455412.0,EE50X64_COLY_E_AT5_AT5,COLY_E AT5 AT5 (XF/EES/*),COLY 500/230 AT3,16:30,-2000.0,
07/15/2024,,413605.0,EA50022_CASH_CASH___JONSB25_A,CASH CASH___JONSB25 A (LN/EAI/EAI),INDEPENDENCE - POWERLINE  500,16:35,-135.57,
07/15/2024,,455412.0,EE50X64_COLY_E_AT5_AT5,COLY_E AT5 AT5 (XF/EES/*),COLY 500/230 AT3,16:35,-1000.0,
07/15/2024,,413605.0,EA50022_CASH_CASH___JONSB25_A,CASH CASH___JONSB25 A (LN/EAI/EAI),INDEPENDENCE - POWERLINE  500,16:40,-180.36,
07/15/2024,,455412.0,EE50X64_COLY_E_AT5_AT5,COLY_E AT5 AT5 (XF/EES/*),COLY 500/230 AT3,16:40,-2000.0,
07/15/2024,,413605.0,EA50022_CASH_CASH___JONSB25_A,CASH CASH___JONSB25 A (LN/EAI/EAI),INDEPENDENCE - POWERLINE  500,16:45,-199.75,
07/15/2024,,455412.0,EE50X64_COLY_E_AT5_AT5,COLY_E AT5 AT5 (XF/EES/*),COLY 500/230 AT3,16:45,-2000.0,
07/15/2024,,413605.0,EA50022_CASH_CASH___JONSB25_A,CASH CASH___JONSB25 A (LN/EAI/EAI),INDEPENDENCE - POWERLINE  500,16:50,-244.18,
07/15/2024,,455412.0,EE50X64_COLY_E_AT5_AT5,COLY_E AT5 AT5 (XF/EES/*),COLY 500/230 AT3,16:50,-2000.0,
07/15/2024,,413605.0,EA50022_CASH_CASH___JONSB25_A,CASH CASH___JONSB25 A (LN/EAI/EAI),INDEPENDENCE - POWERLINE  500,16:55,-199.69,
07/15/2024,,455412.0,EE50X64_COLY_E_AT5_AT5,COLY_E AT5 AT5 (XF/EES/*),COLY 500/230 AT3,16:55,-2000.0,
07/15/2024,,413605.0,EA50022_CASH_CASH___JONSB25_A,CASH CASH___JONSB25 A (LN/EAI/EAI),INDEPENDENCE - POWERLINE  500,17:00,-20.88,
07/15/2024,,455412.0,EE50X64_COLY_E_AT5_AT5,COLY_E AT5 AT5 (XF/EES/*),COLY 500/230 AT3,17:00,-2000.0,
07/15/2024,,413605.0,EA50022_CASH_CASH___JONSB25_A,CASH CASH___JONSB25 A (LN/EAI/EAI),INDEPENDENCE - POWERLINE  500,17:05,-32.2,
07/15/2024,,455412.0,EE50X64_COLY_E_AT5_AT5,COLY_E AT5 AT5 (XF/EES/*),COLY 500/230 AT3,17:05,-1000.0,
07/15/2024,,413605.0,EA50022_CASH_CASH___JONSB25_A,CASH CASH___JONSB25 A (LN/EAI/EAI),INDEPENDENCE - POWERLINE  500,17:10,-128.62,
07/15/2024,,455412.0,EE50X64_COLY_E_AT5_AT5,COLY_E AT5 AT5 (XF/EES/*),COLY 500/230 AT3,17:10,-1000.0,
07/15/2024,,413605.0,EA50022_CASH_CASH___JONSB25_A,CASH CASH___JONSB25 A (LN/EAI/EAI),INDEPENDENCE - POWERLINE  500,17:15,-107.04,
07/15/2024,,455412.0,EE50X64_COLY_E_AT5_AT5,COLY_E AT5 AT5 (XF/EES/*),COLY 500/230 AT3,17:15,-2000.0,
07/15/2024,,413605.0,EA50022_CASH_CASH___JONSB25_A,CASH CASH___JONSB25 A (LN/EAI/EAI),INDEPENDENCE - POWERLINE  500,17:20,-43.08,
07/15/2024,,455412.0,EE50X64_COLY_E_AT5_AT5,COLY_E AT5 AT5 (XF/EES/*),COLY 500/230 AT3,17:20,-1000.0,
07/15/2024,,413605.0,EA50022_CASH_CASH___JONSB25_A,CASH CASH___JONSB25 A (LN/EAI/EAI),INDEPENDENCE - POWERLINE  500,17:25,-155.74,
07/15/2024,,455412.0,EE50X64_COLY_E_AT5_AT5,COLY_E AT5 AT5 (XF/EES/*),COLY 500/230 AT3,17:25,-1000.0,
07/15/2024,,413605.0,EA50022_CASH_CASH___JONSB25_A,CASH CASH___JONSB25 A (LN/EAI/EAI),INDEPENDENCE - POWERLINE  500,17:30,-92.07,
07/15/2024,,455412.0,EE50X64_COLY_E_AT5_AT5,COLY_E AT5 AT5 (XF/EES/*),COLY 500/230 AT3,17:30,-1000.0,
07/15/2024,,413605.0,EA50022_CASH_CASH___JONSB25_A,CASH CASH___JONSB25 A (LN/EAI/EAI),INDEPENDENCE - POWERLINE  500,17:35,-129.52,
07/15/2024,,307216.0,EA50022_INDEP2_INDEP2_MOREFL5_A,INDEP2 INDEP2_MOREFL5 A (LN/EAI/EAI),INDEPENDENCE - POWERLINE  500,17:40,-178.07,
07/15/2024,,307216.0,EA50022_INDEP2_INDEP2_MOREFL5_A,INDEP2 INDEP2_MOREFL5 A (LN/EAI/EAI),INDEPENDENCE - POWERLINE  500,17:45,-214.27,
07/15/2024,,307216.0,EA50022_INDEP2_INDEP2_MOREFL5_A,INDEP2 INDEP2_MOREFL5 A (LN/EAI/EAI),INDEPENDENCE - POWERLINE  500,17:50,-248.91,
07/15/2024,,307216.0,EA50022_INDEP2_INDEP2_MOREFL5_A,INDEP2 INDEP2_MOREFL5 A (LN/EAI/EAI),INDEPENDENCE - POWERLINE  500,17:55,-214.87,
07/15/2024,,413605.0,EA50022_CASH_CASH___JONSB25_A,CASH CASH___JONSB25 A (LN/EAI/EAI),INDEPENDENCE - POWERLINE  500,18:00,-118.17,
07/15/2024,,307216.0,EA50022_INDEP2_INDEP2_MOREFL5_A,INDEP2 INDEP2_MOREFL5 A (LN/EAI/EAI),INDEPENDENCE - POWERLINE  500,18:05,-180.9,
07/15/2024,,307216.0,EA50022_INDEP2_INDEP2_MOREFL5_A,INDEP2 INDEP2_MOREFL5 A (LN/EAI/EAI),INDEPENDENCE - POWERLINE  500,18:10,-242.24,
07/15/2024,,307216.0,EA50022_INDEP2_INDEP2_MOREFL5_A,INDEP2 INDEP2_MOREFL5 A (LN/EAI/EAI),INDEPENDENCE - POWERLINE  500,18:15,-292.49,
07/15/2024,,307216.0,EA50022_INDEP2_INDEP2_MOREFL5_A,INDEP2 INDEP2_MOREFL5 A (LN/EAI/EAI),INDEPENDENCE - POWERLINE  500,18:20,-267.05,
07/15/2024,,307216.0,EA50022_INDEP2_INDEP2_MOREFL5_A,INDEP2 INDEP2_MOREFL5 A (LN/EAI/EAI),INDEPENDENCE - POWERLINE  500,18:25,-109.65,
07/15/2024,,307216.0,EA50022_INDEP2_INDEP2_MOREFL5_A,INDEP2 INDEP2_MOREFL5 A (LN/EAI/EAI),INDEPENDENCE - POWERLINE  500,18:30,-356.55,
07/15/2024,,307216.0,EA50022_INDEP2_INDEP2_MOREFL5_A,INDEP2 INDEP2_MOREFL5 A (LN/EAI/EAI),INDEPENDENCE - POWERLINE  500,18:35,-277.75,
07/15/2024,,307216.0,EA50022_INDEP2_INDEP2_MOREFL5_A,INDEP2 INDEP2_MOREFL5 A (LN/EAI/EAI),INDEPENDENCE - POWERLINE  500,18:40,-525.37,
07/15/2024,,307216.0,EA50022_INDEP2_INDEP2_MOREFL5_A,INDEP2 INDEP2_MOREFL5 A (LN/EAI/EAI),INDEPENDENCE - POWERLINE  500,18:45,-263.29,
07/15/2024,,307216.0,EA50022_INDEP2_INDEP2_MOREFL5_A,INDEP2 INDEP2_MOREFL5 A (LN/EAI/EAI),INDEPENDENCE - POWERLINE  500,18:50,-274.38,
07/15/2024,,307216.0,EA50022_INDEP2_INDEP2_MOREFL5_A,INDEP2 INDEP2_MOREFL5 A (LN/EAI/EAI),INDEPENDENCE - POWERLINE  500,18:55,-297.1,
07/15/2024,,307216.0,EA50022_INDEP2_INDEP2_MOREFL5_A,INDEP2 INDEP2_MOREFL5 A (LN/EAI/EAI),INDEPENDENCE - POWERLINE  500,19:00,-279.0,
07/15/2024,,307216.0,EA50022_INDEP2_INDEP2_MOREFL5_A,INDEP2 INDEP2_MOREFL5 A (LN/EAI/EAI),INDEPENDENCE - POWERLINE  500,19:05,-245.44,
07/15/2024,,307216.0,EA50022_INDEP2_INDEP2_MOREFL5_A,INDEP2 INDEP2_MOREFL5 A (LN/EAI/EAI),INDEPENDENCE - POWERLINE  500,19:10,-562.89,
07/15/2024,,307216.0,EA50022_INDEP2_INDEP2_MOREFL5_A,INDEP2 INDEP2_MOREFL5 A (LN/EAI/EAI),INDEPENDENCE - POWERLINE  500,19:15,-381.42,
07/15/2024,29690.0,454482.0,New_Carisl_Bosserman_138_2_flo_New_Carisl_Bosser,BSMN_NIP BOS-NEW2_NIP 1 (LN/NIPS/AEP),NEW CARLISLE-BOSSERMAN 138 1,19:15,-1822.6,
07/15/2024,,307216.0,EA50022_INDEP2_INDEP2_MOREFL5_A,INDEP2 INDEP2_MOREFL5 A (LN/EAI/EAI),INDEPENDENCE - POWERLINE  500,19:20,-386.09,
07/15/2024,29690.0,454482.0,New_Carisl_Bosserman_138_2_flo_New_Carisl_Bosser,BSMN_NIP BOS-NEW2_NIP 1 (LN/NIPS/AEP),NEW CARLISLE-BOSSERMAN 138 1,19:20,-1396.4,
07/15/2024,,307216.0,EA50022_INDEP2_INDEP2_MOREFL5_A,INDEP2 INDEP2_MOREFL5 A (LN/EAI/EAI),INDEPENDENCE - POWERLINE  500,19:25,-260.47,
07/15/2024,29690.0,454482.0,New_Carisl_Bosserman_138_2_flo_New_Carisl_Bosser,BSMN_NIP BOS-NEW2_NIP 1 (LN/NIPS/AEP),NEW CARLISLE-BOSSERMAN 138 1,19:25,-1379.56,
07/15/2024,,307216.0,EA50022_INDEP2_INDEP2_MOREFL5_A,INDEP2 INDEP2_MOREFL5 A (LN/EAI/EAI),INDEPENDENCE - POWERLINE  500,19:30,-256.56,
07/15/2024,29690.0,454482.0,New_Carisl_Bosserman_138_2_flo_New_Carisl_Bosser,BSMN_NIP BOS-NEW2_NIP 1 (LN/NIPS/AEP),NEW CARLISLE-BOSSERMAN 138 1,19:30,-784.64,
07/15/2024,,307216.0,EA50022_INDEP2_INDEP2_MOREFL5_A,INDEP2 INDEP2_MOREFL5 A (LN/EAI/EAI),INDEPENDENCE - POWERLINE  500,19:35,-199.24,
07/15/2024,29690.0,454482.0,New_Carisl_Bosserman_138_2_flo_New_Carisl_Bosser,BSMN_NIP BOS-NEW2_NIP 1 (LN/NIPS/AEP),NEW CARLISLE-BOSSERMAN 138 1,19:35,-709.79,
07/15/2024,,307216.0,EA50022_INDEP2_INDEP2_MOREFL5_A,INDEP2 INDEP2_MOREFL5 A (LN/EAI/EAI),INDEPENDENCE - POWERLINE  500,19:40,-82.47,
07/15/2024,29690.0,454482.0,New_Carisl_Bosserman_138_2_flo_New_Carisl_Bosser,BSMN_NIP BOS-NEW2_NIP 1 (LN/NIPS/AEP),NEW CARLISLE-BOSSERMAN 138 1,19:40,-187.13,
07/15/2024,,307216.0,EA50022_INDEP2_INDEP2_MOREFL5_A,INDEP2 INDEP2_MOREFL5 A (LN/EAI/EAI),INDEPENDENCE - POWERLINE  500,19:45,-99.13,
07/15/2024,29690.0,454482.0,New_Carisl_Bosserman_138_2_flo_New_Carisl_Bosser,BSMN_NIP BOS-NEW2_NIP 1 (LN/NIPS/AEP),NEW CARLISLE-BOSSERMAN 138 1,19:45,-445.28,
07/15/2024,,307216.0,EA50022_INDEP2_INDEP2_MOREFL5_A,INDEP2 INDEP2_MOREFL5 A (LN/EAI/EAI),INDEPENDENCE - POWERLINE  500,19:50,-93.84,
07/15/2024,29690.0,454482.0,New_Carisl_Bosserman_138_2_flo_New_Carisl_Bosser,BSMN_NIP BOS-NEW2_NIP 1 (LN/NIPS/AEP),NEW CARLISLE-BOSSERMAN 138 1,19:50,-233.86,
07/15/2024,,307216.0,EA50022_INDEP2_INDEP2_MOREFL5_A,INDEP2 INDEP2_MOREFL5 A (LN/EAI/EAI),INDEPENDENCE - POWERLINE  500,19:55,-36.67,
07/15/2024,29690.0,454482.0,New_Carisl_Bosserman_138_2_flo_New_Carisl_Bosser,BSMN_NIP BOS-NEW2_NIP 1 (LN/NIPS/AEP),NEW CARLISLE-BOSSERMAN 138 1,19:55,-57.15,
07/15/2024,,307216.0,EA50022_INDEP2_INDEP2_MOREFL5_A,INDEP2 INDEP2_MOREFL5 A (LN/EAI/EAI),INDEPENDENCE - POWERLINE  500,20:00,-63.21,
07/15/2024,,307216.0,EA50022_INDEP2_INDEP2_MOREFL5_A,INDEP2 INDEP2_MOREFL5 A (LN/EAI/EAI),INDEPENDENCE - POWERLINE  500,20:05,-77.62,
07/15/2024,29690.0,454482.0,New_Carisl_Bosserman_138_2_flo_New_Carisl_Bosser,BSMN_NIP BOS-NEW2_NIP 1 (LN/NIPS/AEP),NEW CARLISLE-BOSSERMAN 138 1,20:05,-292.14,
07/15/2024,,307216.0,EA50022_INDEP2_INDEP2_MOREFL5_A,INDEP2 INDEP2_MOREFL5 A (LN/EAI/EAI),INDEPENDENCE - POWERLINE  500,20:10,-114.5,
07/15/2024,5725.0,285892.0,Fargo_Sheyenne230_FLO_BUFFALO_JAMESTOWN345,FARGO FARGOSHEYN23_1 1 (LN/WAUE/OTP),BUFFALO - JAMESTOWN 345,20:10,-69.58,
07/15/2024,,307216.0,EA50022_INDEP2_INDEP2_MOREFL5_A,INDEP2 INDEP2_MOREFL5 A (LN/EAI/EAI),INDEPENDENCE - POWERLINE  500,20:15,-141.12,
07/15/2024,5725.0,285892.0,Fargo_Sheyenne230_FLO_BUFFALO_JAMESTOWN345,FARGO FARGOSHEYN23_1 1 (LN/WAUE/OTP),BUFFALO - JAMESTOWN 345,20:15,-64.32000000000001,
07/15/2024,,307216.0,EA50022_INDEP2_INDEP2_MOREFL5_A,INDEP2 INDEP2_MOREFL5 A (LN/EAI/EAI),INDEPENDENCE - POWERLINE  500,20:20,-122.06,
07/15/2024,5725.0,285892.0,Fargo_Sheyenne230_FLO_BUFFALO_JAMESTOWN345,FARGO FARGOSHEYN23_1 1 (LN/WAUE/OTP),BUFFALO - JAMESTOWN 345,20:20,-127.89,
07/15/2024,,307216.0,EA50022_INDEP2_INDEP2_MOREFL5_A,INDEP2 INDEP2_MOREFL5 A (LN/EAI/EAI),INDEPENDENCE - POWERLINE  500,20:25,-177.93,
07/15/2024,5725.0,285892.0,Fargo_Sheyenne230_FLO_BUFFALO_JAMESTOWN345,FARGO FARGOSHEYN23_1 1 (LN/WAUE/OTP),BUFFALO - JAMESTOWN 345,20:25,-118.21,
07/15/2024,,307216.0,EA50022_INDEP2_INDEP2_MOREFL5_A,INDEP2 INDEP2_MOREFL5 A (LN/EAI/EAI),INDEPENDENCE - POWERLINE  500,20:30,-82.26,
07/15/2024,5725.0,285892.0,Fargo_Sheyenne230_FLO_BUFFALO_JAMESTOWN345,FARGO FARGOSHEYN23_1 1 (LN/WAUE/OTP),BUFFALO - JAMESTOWN 345,20:30,-120.25,
07/15/2024,,307216.0,EA50022_INDEP2_INDEP2_MOREFL5_A,INDEP2 INDEP2_MOREFL5 A (LN/EAI/EAI),INDEPENDENCE - POWERLINE  500,20:35,-72.35000000000001,
07/15/2024,5725.0,285892.0,Fargo_Sheyenne230_FLO_BUFFALO_JAMESTOWN345,FARGO FARGOSHEYN23_1 1 (LN/WAUE/OTP),BUFFALO - JAMESTOWN 345,20:35,-99.41,
07/15/2024,,307216.0,EA50022_INDEP2_INDEP2_MOREFL5_A,INDEP2 INDEP2_MOREFL5 A (LN/EAI/EAI),INDEPENDENCE - POWERLINE  500,20:40,-41.13,
07/15/2024,5725.0,285892.0,Fargo_Sheyenne230_FLO_BUFFALO_JAMESTOWN345,FARGO FARGOSHEYN23_1 1 (LN/WAUE/OTP),BUFFALO - JAMESTOWN 345,20:40,-40.9,
07/15/2024,5725.0,285892.0,Fargo_Sheyenne230_FLO_BUFFALO_JAMESTOWN345,FARGO FARGOSHEYN23_1 1 (LN/WAUE/OTP),BUFFALO - JAMESTOWN 345,20:45,-14.78,
07/15/2024,5725.0,285892.0,Fargo_Sheyenne230_FLO_BUFFALO_JAMESTOWN345,FARGO FARGOSHEYN23_1 1 (LN/WAUE/OTP),BUFFALO - JAMESTOWN 345,20:55,-4.37,
07/15/2024,5725.0,285892.0,Fargo_Sheyenne230_FLO_BUFFALO_JAMESTOWN345,FARGO FARGOSHEYN23_1 1 (LN/WAUE/OTP),BUFFALO - JAMESTOWN 345,21:05,-61.73,
07/15/2024,5725.0,285892.0,Fargo_Sheyenne230_FLO_BUFFALO_JAMESTOWN345,FARGO FARGOSHEYN23_1 1 (LN/WAUE/OTP),BUFFALO - JAMESTOWN 345,21:10,-34.51,
07/15/2024,5725.0,285892.0,Fargo_Sheyenne230_FLO_BUFFALO_JAMESTOWN345,FARGO FARGOSHEYN23_1 1 (LN/WAUE/OTP),BUFFALO - JAMESTOWN 345,21:15,-34.94,
07/15/2024,5725.0,285892.0,Fargo_Sheyenne230_FLO_BUFFALO_JAMESTOWN345,FARGO FARGOSHEYN23_1 1 (LN/WAUE/OTP),BUFFALO - JAMESTOWN 345,21:20,-94.41,
07/15/2024,5725.0,285892.0,Fargo_Sheyenne230_FLO_BUFFALO_JAMESTOWN345,FARGO FARGOSHEYN23_1 1 (LN/WAUE/OTP),BUFFALO - JAMESTOWN 345,21:25,-596.0600000000001,
07/15/2024,5725.0,285892.0,Fargo_Sheyenne230_FLO_BUFFALO_JAMESTOWN345,FARGO FARGOSHEYN23_1 1 (LN/WAUE/OTP),BUFFALO - JAMESTOWN 345,21:30,-121.1,
07/15/2024,5725.0,285892.0,Fargo_Sheyenne230_FLO_BUFFALO_JAMESTOWN345,FARGO FARGOSHEYN23_1 1 (LN/WAUE/OTP),BUFFALO - JAMESTOWN 345,21:35,-489.35,
07/15/2024,5725.0,285892.0,Fargo_Sheyenne230_FLO_BUFFALO_JAMESTOWN345,FARGO FARGOSHEYN23_1 1 (LN/WAUE/OTP),BUFFALO - JAMESTOWN 345,21:40,-110.23,
07/15/2024,5725.0,285892.0,Fargo_Sheyenne230_FLO_BUFFALO_JAMESTOWN345,FARGO FARGOSHEYN23_1 1 (LN/WAUE/OTP),BUFFALO - JAMESTOWN 345,21:45,-38.800000000000004,
07/15/2024,5725.0,285892.0,Fargo_Sheyenne230_FLO_BUFFALO_JAMESTOWN345,FARGO FARGOSHEYN23_1 1 (LN/WAUE/OTP),BUFFALO - JAMESTOWN 345,21:50,-97.49,
07/15/2024,5725.0,285892.0,Fargo_Sheyenne230_FLO_BUFFALO_JAMESTOWN345,FARGO FARGOSHEYN23_1 1 (LN/WAUE/OTP),BUFFALO - JAMESTOWN 345,21:55,-57.62,
07/15/2024,5725.0,285892.0,Fargo_Sheyenne230_FLO_BUFFALO_JAMESTOWN345,FARGO FARGOSHEYN23_1 1 (LN/WAUE/OTP),BUFFALO - JAMESTOWN 345,22:00,-53.7,
07/15/2024,,297058.0,NIP69107_REYNOLD4_13857_A,REYNOLD4 13857 A (LN/NIPS/NIPS),SPRAIRIE-HONEYCRK-REMNGTN (69-103),23:55,-29.99,
07/16/2024,,297058.0,NIP69107_REYNOLD4_13857_A,REYNOLD4 13857 A (LN/NIPS/NIPS),SPRAIRIE-HONEYCRK-REMNGTN (69-103),00:05,-30.7,
07/16/2024,,297058.0,NIP69107_REYNOLD4_13857_A,REYNOLD4 13857 A (LN/NIPS/NIPS),SPRAIRIE-HONEYCRK-REMNGTN (69-103),00:10,-42.97,
07/16/2024,,297058.0,NIP69107_REYNOLD4_13857_A,REYNOLD4 13857 A (LN/NIPS/NIPS),SPRAIRIE-HONEYCRK-REMNGTN (69-103),00:15,-32.4,
07/16/2024,,297058.0,NIP69107_REYNOLD4_13857_A,REYNOLD4 13857 A (LN/NIPS/NIPS),SPRAIRIE-HONEYCRK-REMNGTN (69-103),00:20,-30.37,
07/16/2024,,297058.0,NIP69107_REYNOLD4_13857_A,REYNOLD4 13857 A (LN/NIPS/NIPS),SPRAIRIE-HONEYCRK-REMNGTN (69-103),00:25,-28.44,
07/16/2024,,297058.0,NIP69107_REYNOLD4_13857_A,REYNOLD4 13857 A (LN/NIPS/NIPS),SPRAIRIE-HONEYCRK-REMNGTN (69-103),00:30,-28.58,
07/16/2024,,453132.0,NSP34056_MARS_SS_LYON_MARS_11_1_1,MARS_SS LYON_MARS_11_1 1 (LN/NSP/NSP),CEDAR MTN-LYON COUNTY 345 1 (0956),02:15,-113.05,
07/16/2024,,453132.0,NSP34056_MARS_SS_LYON_MARS_11_1_1,MARS_SS LYON_MARS_11_1 1 (LN/NSP/NSP),CEDAR MTN-LYON COUNTY 345 1 (0956),02:20,-111.17,
07/16/2024,,453132.0,NSP34056_MARS_SS_LYON_MARS_11_1_1,MARS_SS LYON_MARS_11_1 1 (LN/NSP/NSP),CEDAR MTN-LYON COUNTY 345 1 (0956),02:25,-38.57,
07/16/2024,,452843.0,NSP34056_WABASSO_WABASS11969_1_1,WABASSO WABASS11969_1 1 (LN/ALTW/NSP),CEDAR MTN-LYON COUNTY 345 1 (0956),02:25,-500.0,
07/16/2024,,453132.0,NSP34056_MARS_SS_LYON_MARS_11_1_1,MARS_SS LYON_MARS_11_1 1 (LN/NSP/NSP),CEDAR MTN-LYON COUNTY 345 1 (0956),02:30,-38.75,
07/16/2024,,452843.0,NSP34056_WABASSO_WABASS11969_1_1,WABASSO WABASS11969_1 1 (LN/ALTW/NSP),CEDAR MTN-LYON COUNTY 345 1 (0956),02:30,-500.0,
07/16/2024,,453132.0,NSP34056_MARS_SS_LYON_MARS_11_1_1,MARS_SS LYON_MARS_11_1 1 (LN/NSP/NSP),CEDAR MTN-LYON COUNTY 345 1 (0956),02:35,-41.3,
07/16/2024,,452843.0,NSP34056_WABASSO_WABASS11969_1_1,WABASSO WABASS11969_1 1 (LN/ALTW/NSP),CEDAR MTN-LYON COUNTY 345 1 (0956),02:35,-500.0,
07/16/2024,,453132.0,NSP34056_MARS_SS_LYON_MARS_11_1_1,MARS_SS LYON_MARS_11_1 1 (LN/NSP/NSP),CEDAR MTN-LYON COUNTY 345 1 (0956),02:40,-39.69,
07/16/2024,,452843.0,NSP34056_WABASSO_WABASS11969_1_1,WABASSO WABASS11969_1 1 (LN/ALTW/NSP),CEDAR MTN-LYON COUNTY 345 1 (0956),02:40,-500.0,
07/16/2024,,453132.0,NSP34056_MARS_SS_LYON_MARS_11_1_1,MARS_SS LYON_MARS_11_1 1 (LN/NSP/NSP),CEDAR MTN-LYON COUNTY 345 1 (0956),02:45,-39.42,
07/16/2024,,452843.0,NSP34056_WABASSO_WABASS11969_1_1,WABASSO WABASS11969_1 1 (LN/ALTW/NSP),CEDAR MTN-LYON COUNTY 345 1 (0956),02:45,-500.0,
07/16/2024,,453132.0,NSP34056_MARS_SS_LYON_MARS_11_1_1,MARS_SS LYON_MARS_11_1 1 (LN/NSP/NSP),CEDAR MTN-LYON COUNTY 345 1 (0956),02:50,-39.63,
07/16/2024,,452843.0,NSP34056_WABASSO_WABASS11969_1_1,WABASSO WABASS11969_1 1 (LN/ALTW/NSP),CEDAR MTN-LYON COUNTY 345 1 (0956),02:50,-500.0,
07/16/2024,,453132.0,NSP34056_MARS_SS_LYON_MARS_11_1_1,MARS_SS LYON_MARS_11_1 1 (LN/NSP/NSP),CEDAR MTN-LYON COUNTY 345 1 (0956),02:55,-38.14,
07/16/2024,,452843.0,NSP34056_WABASSO_WABASS11969_1_1,WABASSO WABASS11969_1 1 (LN/ALTW/NSP),CEDAR MTN-LYON COUNTY 345 1 (0956),02:55,-500.0,
07/16/2024,,453132.0,NSP34056_MARS_SS_LYON_MARS_11_1_1,MARS_SS LYON_MARS_11_1 1 (LN/NSP/NSP),CEDAR MTN-LYON COUNTY 345 1 (0956),03:00,-49.15,
07/16/2024,,452843.0,NSP34056_WABASSO_WABASS11969_1_1,WABASSO WABASS11969_1 1 (LN/ALTW/NSP),CEDAR MTN-LYON COUNTY 345 1 (0956),03:00,-500.0,
07/16/2024,,453132.0,NSP34056_MARS_SS_LYON_MARS_11_1_1,MARS_SS LYON_MARS_11_1 1 (LN/NSP/NSP),CEDAR MTN-LYON COUNTY 345 1 (0956),03:05,-49.24,
07/16/2024,,452843.0,NSP34056_WABASSO_WABASS11969_1_1,WABASSO WABASS11969_1 1 (LN/ALTW/NSP),CEDAR MTN-LYON COUNTY 345 1 (0956),03:05,-500.0,
07/16/2024,,453132.0,NSP34056_MARS_SS_LYON_MARS_11_1_1,MARS_SS LYON_MARS_11_1 1 (LN/NSP/NSP),CEDAR MTN-LYON COUNTY 345 1 (0956),03:10,-42.53,
07/16/2024,,452843.0,NSP34056_WABASSO_WABASS11969_1_1,WABASSO WABASS11969_1 1 (LN/ALTW/NSP),CEDAR MTN-LYON COUNTY 345 1 (0956),03:10,-500.0,
07/16/2024,29652.0,248380.0,TMP151_S3_Granitfalls_115kv_lLN_ftlo_LyonCo_Ceda,S3 S3GRANI11_1 1 (LN/WAUE/WAUE),CEDAR MTN-LYON COUNTY 345 1 (0956),03:10,-6.09,
07/16/2024,,452843.0,NSP34056_WABASSO_WABASS11969_1_1,WABASSO WABASS11969_1 1 (LN/ALTW/NSP),CEDAR MTN-LYON COUNTY 345 1 (0956),03:15,-818.29,
07/16/2024,,452843.0,NSP34056_WABASSO_WABASS11969_1_1,WABASSO WABASS11969_1 1 (LN/ALTW/NSP),CEDAR MTN-LYON COUNTY 345 1 (0956),03:20,-816.53,
07/16/2024,,452843.0,NSP34056_WABASSO_WABASS11969_1_1,WABASSO WABASS11969_1 1 (LN/ALTW/NSP),CEDAR MTN-LYON COUNTY 345 1 (0956),03:25,-814.06,
07/16/2024,,452843.0,NSP34056_WABASSO_WABASS11969_1_1,WABASSO WABASS11969_1 1 (LN/ALTW/NSP),CEDAR MTN-LYON COUNTY 345 1 (0956),03:30,-600.92,
07/16/2024,29652.0,248380.0,TMP151_S3_Granitfalls_115kv_lLN_ftlo_LyonCo_Ceda,S3 S3GRANI11_1 1 (LN/WAUE/WAUE),CEDAR MTN-LYON COUNTY 345 1 (0956),03:30,-45.02,
07/16/2024,,452843.0,NSP34056_WABASSO_WABASS11969_1_1,WABASSO WABASS11969_1 1 (LN/ALTW/NSP),CEDAR MTN-LYON COUNTY 345 1 (0956),03:35,-400.0,
07/16/2024,29652.0,248380.0,TMP151_S3_Granitfalls_115kv_lLN_ftlo_LyonCo_Ceda,S3 S3GRANI11_1 1 (LN/WAUE/WAUE),CEDAR MTN-LYON COUNTY 345 1 (0956),03:35,-88.3,
07/16/2024,29652.0,248380.0,TMP151_S3_Granitfalls_115kv_lLN_ftlo_LyonCo_Ceda,S3 S3GRANI11_1 1 (LN/WAUE/WAUE),CEDAR MTN-LYON COUNTY 345 1 (0956),03:40,-171.36,
07/16/2024,28975.0,1277.0,Duneacre_Michigan_City_13843_138_flo_Wilton_Cent,DUNEACRE 13843 A (LN/NIPS/NIPS),WILTON CENTER-DUMONT 765 (11215),03:45,-224.67,
07/16/2024,29652.0,248380.0,TMP151_S3_Granitfalls_115kv_lLN_ftlo_LyonCo_Ceda,S3 S3GRANI11_1 1 (LN/WAUE/WAUE),CEDAR MTN-LYON COUNTY 345 1 (0956),03:45,-162.23,
07/16/2024,29652.0,248380.0,TMP151_S3_Granitfalls_115kv_lLN_ftlo_LyonCo_Ceda,S3 S3GRANI11_1 1 (LN/WAUE/WAUE),CEDAR MTN-LYON COUNTY 345 1 (0956),03:50,-174.58,
07/16/2024,,363403.0,NIP1301G_GOODLAND_B_NO_1_XFMR,GOODLAND B NO_1_XFMR (XF/NIPS/*),REYNOLDS-GOODLAND & HOOSIER WIND,03:55,-29.6,
07/16/2024,,297058.0,NIP69107_REYNOLD4_13857_A,REYNOLD4 13857 A (LN/NIPS/NIPS),SPRAIRIE-HONEYCRK-REMNGTN (69-103),03:55,-22.38,
07/16/2024,29652.0,248380.0,TMP151_S3_Granitfalls_115kv_lLN_ftlo_LyonCo_Ceda,S3 S3GRANI11_1 1 (LN/WAUE/WAUE),CEDAR MTN-LYON COUNTY 345 1 (0956),03:55,-174.18,
07/16/2024,28975.0,1277.0,Duneacre_Michigan_City_13843_138_flo_Wilton_Cent,DUNEACRE 13843 A (LN/NIPS/NIPS),WILTON CENTER-DUMONT 765 (11215),04:00,-233.76,
07/16/2024,,363403.0,NIP1301G_GOODLAND_B_NO_1_XFMR,GOODLAND B NO_1_XFMR (XF/NIPS/*),REYNOLDS-GOODLAND & HOOSIER WIND,04:00,-30.41,
07/16/2024,,297058.0,NIP69107_REYNOLD4_13857_A,REYNOLD4 13857 A (LN/NIPS/NIPS),SPRAIRIE-HONEYCRK-REMNGTN (69-103),04:00,-29.54,
07/16/2024,29652.0,248380.0,TMP151_S3_Granitfalls_115kv_lLN_ftlo_LyonCo_Ceda,S3 S3GRANI11_1 1 (LN/WAUE/WAUE),CEDAR MTN-LYON COUNTY 345 1 (0956),04:00,-161.92000000000002,
07/16/2024,28975.0,1277.0,Duneacre_Michigan_City_13843_138_flo_Wilton_Cent,DUNEACRE 13843 A (LN/NIPS/NIPS),WILTON CENTER-DUMONT 765 (11215),04:05,-53.98,
07/16/2024,29015.0,3443.0,Duneare_Michigan_City_13839_138kv_flo_Wilton_Cen,DUNEACRE 13839 A (LN/NIPS/NIPS),WILTON CENTER-DUMONT 765 (11215),04:05,-15.7,
07/16/2024,,288996.0,MET34009_ROOSEVLT_ROOSETALLM34_1_1,ROOSEVLT ROOSETALLM34_1 1 (LN/CONS/CONS),CAMPBELL-TALLMADGE 345 (358),04:05,-17.330000000000002,
07/16/2024,29652.0,248380.0,TMP151_S3_Granitfalls_115kv_lLN_ftlo_LyonCo_Ceda,S3 S3GRANI11_1 1 (LN/WAUE/WAUE),CEDAR MTN-LYON COUNTY 345 1 (0956),04:05,-171.72,
07/16/2024,29015.0,3443.0,Duneare_Michigan_City_13839_138kv_flo_Wilton_Cen,DUNEACRE 13839 A (LN/NIPS/NIPS),WILTON CENTER-DUMONT 765 (11215),04:10,-903.6,
07/16/2024,,288996.0,MET34009_ROOSEVLT_ROOSETALLM34_1_1,ROOSEVLT ROOSETALLM34_1 1 (LN/CONS/CONS),CAMPBELL-TALLMADGE 345 (358),04:10,-96.64,
07/16/2024,29652.0,248380.0,TMP151_S3_Granitfalls_115kv_lLN_ftlo_LyonCo_Ceda,S3 S3GRANI11_1 1 (LN/WAUE/WAUE),CEDAR MTN-LYON COUNTY 345 1 (0956),04:10,-156.5,
07/16/2024,29015.0,3443.0,Duneare_Michigan_City_13839_138kv_flo_Wilton_Cen,DUNEACRE 13839 A (LN/NIPS/NIPS),WILTON CENTER-DUMONT 765 (11215),04:15,-88.78,
07/16/2024,,288996.0,MET34009_ROOSEVLT_ROOSETALLM34_1_1,ROOSEVLT ROOSETALLM34_1 1 (LN/CONS/CONS),CAMPBELL-TALLMADGE 345 (358),04:15,-19.150000000000002,
07/16/2024,29652.0,248380.0,TMP151_S3_Granitfalls_115kv_lLN_ftlo_LyonCo_Ceda,S3 S3GRANI11_1 1 (LN/WAUE/WAUE),CEDAR MTN-LYON COUNTY 345 1 (0956),04:15,-171.6,
07/16/2024,29015.0,3443.0,Duneare_Michigan_City_13839_138kv_flo_Wilton_Cen,DUNEACRE 13839 A (LN/NIPS/NIPS),WILTON CENTER-DUMONT 765 (11215),04:20,-138.3,
07/16/2024,29652.0,248380.0,TMP151_S3_Granitfalls_115kv_lLN_ftlo_LyonCo_Ceda,S3 S3GRANI11_1 1 (LN/WAUE/WAUE),CEDAR MTN-LYON COUNTY 345 1 (0956),04:20,-178.35,
07/16/2024,29015.0,3443.0,Duneare_Michigan_City_13839_138kv_flo_Wilton_Cen,DUNEACRE 13839 A (LN/NIPS/NIPS),WILTON CENTER-DUMONT 765 (11215),04:25,-103.6,
07/16/2024,29652.0,248380.0,TMP151_S3_Granitfalls_115kv_lLN_ftlo_LyonCo_Ceda,S3 S3GRANI11_1 1 (LN/WAUE/WAUE),CEDAR MTN-LYON COUNTY 345 1 (0956),04:25,-170.02,
07/16/2024,29015.0,3443.0,Duneare_Michigan_City_13839_138kv_flo_Wilton_Cen,DUNEACRE 13839 A (LN/NIPS/NIPS),WILTON CENTER-DUMONT 765 (11215),04:30,-136.5,
07/16/2024,29652.0,248380.0,TMP151_S3_Granitfalls_115kv_lLN_ftlo_LyonCo_Ceda,S3 S3GRANI11_1 1 (LN/WAUE/WAUE),CEDAR MTN-LYON COUNTY 345 1 (0956),04:30,-203.23,
07/16/2024,29015.0,3443.0,Duneare_Michigan_City_13839_138kv_flo_Wilton_Cen,DUNEACRE 13839 A (LN/NIPS/NIPS),WILTON CENTER-DUMONT 765 (11215),04:35,-130.7,
07/16/2024,29652.0,248380.0,TMP151_S3_Granitfalls_115kv_lLN_ftlo_LyonCo_Ceda,S3 S3GRANI11_1 1 (LN/WAUE/WAUE),CEDAR MTN-LYON COUNTY 345 1 (0956),04:35,-225.04,
07/16/2024,29015.0,3443.0,Duneare_Michigan_City_13839_138kv_flo_Wilton_Cen,DUNEACRE 13839 A (LN/NIPS/NIPS),WILTON CENTER-DUMONT 765 (11215),04:40,-141.8,
07/16/2024,29652.0,248380.0,TMP151_S3_Granitfalls_115kv_lLN_ftlo_LyonCo_Ceda,S3 S3GRANI11_1 1 (LN/WAUE/WAUE),CEDAR MTN-LYON COUNTY 345 1 (0956),04:40,-237.08,
07/16/2024,29015.0,3443.0,Duneare_Michigan_City_13839_138kv_flo_Wilton_Cen,DUNEACRE 13839 A (LN/NIPS/NIPS),WILTON CENTER-DUMONT 765 (11215),04:45,-139.02,
07/16/2024,29652.0,248380.0,TMP151_S3_Granitfalls_115kv_lLN_ftlo_LyonCo_Ceda,S3 S3GRANI11_1 1 (LN/WAUE/WAUE),CEDAR MTN-LYON COUNTY 345 1 (0956),04:45,-238.02,
07/16/2024,29015.0,3443.0,Duneare_Michigan_City_13839_138kv_flo_Wilton_Cen,DUNEACRE 13839 A (LN/NIPS/NIPS),WILTON CENTER-DUMONT 765 (11215),04:50,-182.7,
07/16/2024,29652.0,248380.0,TMP151_S3_Granitfalls_115kv_lLN_ftlo_LyonCo_Ceda,S3 S3GRANI11_1 1 (LN/WAUE/WAUE),CEDAR MTN-LYON COUNTY 345 1 (0956),04:50,-279.31,
07/16/2024,29015.0,3443.0,Duneare_Michigan_City_13839_138kv_flo_Wilton_Cen,DUNEACRE 13839 A (LN/NIPS/NIPS),WILTON CENTER-DUMONT 765 (11215),04:55,-127.1,
07/16/2024,29652.0,248380.0,TMP151_S3_Granitfalls_115kv_lLN_ftlo_LyonCo_Ceda,S3 S3GRANI11_1 1 (LN/WAUE/WAUE),CEDAR MTN-LYON COUNTY 345 1 (0956),04:55,-371.0,
07/16/2024,29015.0,3443.0,Duneare_Michigan_City_13839_138kv_flo_Wilton_Cen,DUNEACRE 13839 A (LN/NIPS/NIPS),WILTON CENTER-DUMONT 765 (11215),05:00,-74.60000000000001,
07/16/2024,29652.0,248380.0,TMP151_S3_Granitfalls_115kv_lLN_ftlo_LyonCo_Ceda,S3 S3GRANI11_1 1 (LN/WAUE/WAUE),CEDAR MTN-LYON COUNTY 345 1 (0956),05:00,-380.77,
07/16/2024,29015.0,3443.0,Duneare_Michigan_City_13839_138kv_flo_Wilton_Cen,DUNEACRE 13839 A (LN/NIPS/NIPS),WILTON CENTER-DUMONT 765 (11215),05:05,-157.5,
07/16/2024,29652.0,248380.0,TMP151_S3_Granitfalls_115kv_lLN_ftlo_LyonCo_Ceda,S3 S3GRANI11_1 1 (LN/WAUE/WAUE),CEDAR MTN-LYON COUNTY 345 1 (0956),05:05,-371.56,
07/16/2024,29652.0,248380.0,TMP151_S3_Granitfalls_115kv_lLN_ftlo_LyonCo_Ceda,S3 S3GRANI11_1 1 (LN/WAUE/WAUE),CEDAR MTN-LYON COUNTY 345 1 (0956),05:10,-396.67,
07/16/2024,29652.0,248380.0,TMP151_S3_Granitfalls_115kv_lLN_ftlo_LyonCo_Ceda,S3 S3GRANI11_1 1 (LN/WAUE/WAUE),CEDAR MTN-LYON COUNTY 345 1 (0956),05:15,-395.11,
07/16/2024,29015.0,3443.0,Duneare_Michigan_City_13839_138kv_flo_Wilton_Cen,DUNEACRE 13839 A (LN/NIPS/NIPS),WILTON CENTER-DUMONT 765 (11215),05:20,-131.01,
07/16/2024,29652.0,248380.0,TMP151_S3_Granitfalls_115kv_lLN_ftlo_LyonCo_Ceda,S3 S3GRANI11_1 1 (LN/WAUE/WAUE),CEDAR MTN-LYON COUNTY 345 1 (0956),05:20,-383.38,
07/16/2024,29015.0,3443.0,Duneare_Michigan_City_13839_138kv_flo_Wilton_Cen,DUNEACRE 13839 A (LN/NIPS/NIPS),WILTON CENTER-DUMONT 765 (11215),05:25,-183.7,
07/16/2024,29652.0,248380.0,TMP151_S3_Granitfalls_115kv_lLN_ftlo_LyonCo_Ceda,S3 S3GRANI11_1 1 (LN/WAUE/WAUE),CEDAR MTN-LYON COUNTY 345 1 (0956),05:25,-362.05,
07/16/2024,29015.0,3443.0,Duneare_Michigan_City_13839_138kv_flo_Wilton_Cen,DUNEACRE 13839 A (LN/NIPS/NIPS),WILTON CENTER-DUMONT 765 (11215),05:30,-263.9,
07/16/2024,29652.0,248380.0,TMP151_S3_Granitfalls_115kv_lLN_ftlo_LyonCo_Ceda,S3 S3GRANI11_1 1 (LN/WAUE/WAUE),CEDAR MTN-LYON COUNTY 345 1 (0956),05:30,-369.55,
07/16/2024,29015.0,3443.0,Duneare_Michigan_City_13839_138kv_flo_Wilton_Cen,DUNEACRE 13839 A (LN/NIPS/NIPS),WILTON CENTER-DUMONT 765 (11215),05:35,-147.72,
07/16/2024,29652.0,248380.0,TMP151_S3_Granitfalls_115kv_lLN_ftlo_LyonCo_Ceda,S3 S3GRANI11_1 1 (LN/WAUE/WAUE),CEDAR MTN-LYON COUNTY 345 1 (0956),05:35,-376.19,
07/16/2024,29015.0,3443.0,Duneare_Michigan_City_13839_138kv_flo_Wilton_Cen,DUNEACRE 13839 A (LN/NIPS/NIPS),WILTON CENTER-DUMONT 765 (11215),05:40,-177.3,
07/16/2024,29652.0,248380.0,TMP151_S3_Granitfalls_115kv_lLN_ftlo_LyonCo_Ceda,S3 S3GRANI11_1 1 (LN/WAUE/WAUE),CEDAR MTN-LYON COUNTY 345 1 (0956),05:40,-372.79,
07/16/2024,29015.0,3443.0,Duneare_Michigan_City_13839_138kv_flo_Wilton_Cen,DUNEACRE 13839 A (LN/NIPS/NIPS),WILTON CENTER-DUMONT 765 (11215),05:45,-186.4,
07/16/2024,29652.0,248380.0,TMP151_S3_Granitfalls_115kv_lLN_ftlo_LyonCo_Ceda,S3 S3GRANI11_1 1 (LN/WAUE/WAUE),CEDAR MTN-LYON COUNTY 345 1 (0956),05:45,-383.57,
07/16/2024,29015.0,3443.0,Duneare_Michigan_City_13839_138kv_flo_Wilton_Cen,DUNEACRE 13839 A (LN/NIPS/NIPS),WILTON CENTER-DUMONT 765 (11215),05:50,-186.4,
07/16/2024,29652.0,248380.0,TMP151_S3_Granitfalls_115kv_lLN_ftlo_LyonCo_Ceda,S3 S3GRANI11_1 1 (LN/WAUE/WAUE),CEDAR MTN-LYON COUNTY 345 1 (0956),05:50,-371.09,
07/16/2024,29015.0,3443.0,Duneare_Michigan_City_13839_138kv_flo_Wilton_Cen,DUNEACRE 13839 A (LN/NIPS/NIPS),WILTON CENTER-DUMONT 765 (11215),05:55,-89.9,
07/16/2024,29652.0,248380.0,TMP151_S3_Granitfalls_115kv_lLN_ftlo_LyonCo_Ceda,S3 S3GRANI11_1 1 (LN/WAUE/WAUE),CEDAR MTN-LYON COUNTY 345 1 (0956),05:55,-378.56,
07/16/2024,29015.0,3443.0,Duneare_Michigan_City_13839_138kv_flo_Wilton_Cen,DUNEACRE 13839 A (LN/NIPS/NIPS),WILTON CENTER-DUMONT 765 (11215),06:00,-79.2,
07/16/2024,29652.0,248380.0,TMP151_S3_Granitfalls_115kv_lLN_ftlo_LyonCo_Ceda,S3 S3GRANI11_1 1 (LN/WAUE/WAUE),CEDAR MTN-LYON COUNTY 345 1 (0956),06:00,-386.53,
07/16/2024,29015.0,3443.0,Duneare_Michigan_City_13839_138kv_flo_Wilton_Cen,DUNEACRE 13839 A (LN/NIPS/NIPS),WILTON CENTER-DUMONT 765 (11215),06:05,-172.58,
07/16/2024,29652.0,248380.0,TMP151_S3_Granitfalls_115kv_lLN_ftlo_LyonCo_Ceda,S3 S3GRANI11_1 1 (LN/WAUE/WAUE),CEDAR MTN-LYON COUNTY 345 1 (0956),06:05,-249.9,
07/16/2024,29015.0,3443.0,Duneare_Michigan_City_13839_138kv_flo_Wilton_Cen,DUNEACRE 13839 A (LN/NIPS/NIPS),WILTON CENTER-DUMONT 765 (11215),06:10,-28.7,
07/16/2024,29652.0,248380.0,TMP151_S3_Granitfalls_115kv_lLN_ftlo_LyonCo_Ceda,S3 S3GRANI11_1 1 (LN/WAUE/WAUE),CEDAR MTN-LYON COUNTY 345 1 (0956),06:10,-202.29,
07/16/2024,29015.0,3443.0,Duneare_Michigan_City_13839_138kv_flo_Wilton_Cen,DUNEACRE 13839 A (LN/NIPS/NIPS),WILTON CENTER-DUMONT 765 (11215),06:15,-31.3,
07/16/2024,29652.0,248380.0,TMP151_S3_Granitfalls_115kv_lLN_ftlo_LyonCo_Ceda,S3 S3GRANI11_1 1 (LN/WAUE/WAUE),CEDAR MTN-LYON COUNTY 345 1 (0956),06:15,-176.74,
07/16/2024,29015.0,3443.0,Duneare_Michigan_City_13839_138kv_flo_Wilton_Cen,DUNEACRE 13839 A (LN/NIPS/NIPS),WILTON CENTER-DUMONT 765 (11215),06:20,-68.8,
07/16/2024,29652.0,248380.0,TMP151_S3_Granitfalls_115kv_lLN_ftlo_LyonCo_Ceda,S3 S3GRANI11_1 1 (LN/WAUE/WAUE),CEDAR MTN-LYON COUNTY 345 1 (0956),06:20,-176.61,
07/16/2024,29015.0,3443.0,Duneare_Michigan_City_13839_138kv_flo_Wilton_Cen,DUNEACRE 13839 A (LN/NIPS/NIPS),WILTON CENTER-DUMONT 765 (11215),06:25,-68.1,
07/16/2024,,308562.0,NSP34102_ALMA2_ALMAWABAC16_1_1,ALMA2 ALMAWABAC16_1 1 (LN/DPC/DPC),BRIGGS ROAD - NORTH ROCHESTER 345,06:25,-4.96,
07/16/2024,29652.0,248380.0,TMP151_S3_Granitfalls_115kv_lLN_ftlo_LyonCo_Ceda,S3 S3GRANI11_1 1 (LN/WAUE/WAUE),CEDAR MTN-LYON COUNTY 345 1 (0956),06:25,-174.22,
07/16/2024,29015.0,3443.0,Duneare_Michigan_City_13839_138kv_flo_Wilton_Cen,DUNEACRE 13839 A (LN/NIPS/NIPS),WILTON CENTER-DUMONT 765 (11215),06:30,-70.5,
07/16/2024,29652.0,248380.0,TMP151_S3_Granitfalls_115kv_lLN_ftlo_LyonCo_Ceda,S3 S3GRANI11_1 1 (LN/WAUE/WAUE),CEDAR MTN-LYON COUNTY 345 1 (0956),06:30,-174.99,
07/16/2024,29015.0,3443.0,Duneare_Michigan_City_13839_138kv_flo_Wilton_Cen,DUNEACRE 13839 A (LN/NIPS/NIPS),WILTON CENTER-DUMONT 765 (11215),06:35,-229.04,
07/16/2024,,308562.0,NSP34102_ALMA2_ALMAWABAC16_1_1,ALMA2 ALMAWABAC16_1 1 (LN/DPC/DPC),BRIGGS ROAD - NORTH ROCHESTER 345,06:35,-57.59,
07/16/2024,29652.0,248380.0,TMP151_S3_Granitfalls_115kv_lLN_ftlo_LyonCo_Ceda,S3 S3GRANI11_1 1 (LN/WAUE/WAUE),CEDAR MTN-LYON COUNTY 345 1 (0956),06:35,-166.39,
07/16/2024,29015.0,3443.0,Duneare_Michigan_City_13839_138kv_flo_Wilton_Cen,DUNEACRE 13839 A (LN/NIPS/NIPS),WILTON CENTER-DUMONT 765 (11215),06:40,-137.1,
07/16/2024,,308562.0,NSP34102_ALMA2_ALMAWABAC16_1_1,ALMA2 ALMAWABAC16_1 1 (LN/DPC/DPC),BRIGGS ROAD - NORTH ROCHESTER 345,06:40,-51.61,
07/16/2024,29652.0,248380.0,TMP151_S3_Granitfalls_115kv_lLN_ftlo_LyonCo_Ceda,S3 S3GRANI11_1 1 (LN/WAUE/WAUE),CEDAR MTN-LYON COUNTY 345 1 (0956),06:40,-169.92,
07/16/2024,29015.0,3443.0,Duneare_Michigan_City_13839_138kv_flo_Wilton_Cen,DUNEACRE 13839 A (LN/NIPS/NIPS),WILTON CENTER-DUMONT 765 (11215),06:45,-162.0,
07/16/2024,5725.0,285892.0,Fargo_Sheyenne230_FLO_BUFFALO_JAMESTOWN345,FARGO FARGOSHEYN23_1 1 (LN/WAUE/OTP),BUFFALO - JAMESTOWN 345,06:45,-3.36,
07/16/2024,,308562.0,NSP34102_ALMA2_ALMAWABAC16_1_1,ALMA2 ALMAWABAC16_1 1 (LN/DPC/DPC),BRIGGS ROAD - NORTH ROCHESTER 345,06:45,-44.83,
07/16/2024,29652.0,248380.0,TMP151_S3_Granitfalls_115kv_lLN_ftlo_LyonCo_Ceda,S3 S3GRANI11_1 1 (LN/WAUE/WAUE),CEDAR MTN-LYON COUNTY 345 1 (0956),06:45,-172.56,
07/16/2024,29015.0,3443.0,Duneare_Michigan_City_13839_138kv_flo_Wilton_Cen,DUNEACRE 13839 A (LN/NIPS/NIPS),WILTON CENTER-DUMONT 765 (11215),06:50,-129.1,
07/16/2024,5725.0,285892.0,Fargo_Sheyenne230_FLO_BUFFALO_JAMESTOWN345,FARGO FARGOSHEYN23_1 1 (LN/WAUE/OTP),BUFFALO - JAMESTOWN 345,06:50,-40.300000000000004,
07/16/2024,29652.0,248380.0,TMP151_S3_Granitfalls_115kv_lLN_ftlo_LyonCo_Ceda,S3 S3GRANI11_1 1 (LN/WAUE/WAUE),CEDAR MTN-LYON COUNTY 345 1 (0956),06:50,-172.53,
07/16/2024,29015.0,3443.0,Duneare_Michigan_City_13839_138kv_flo_Wilton_Cen,DUNEACRE 13839 A (LN/NIPS/NIPS),WILTON CENTER-DUMONT 765 (11215),06:55,-127.3,
07/16/2024,,453132.0,NSP34056_MARS_SS_LYON_MARS_11_1_1,MARS_SS LYON_MARS_11_1 1 (LN/NSP/NSP),CEDAR MTN-LYON COUNTY 345 1 (0956),06:55,-46.79,
07/16/2024,29652.0,248380.0,TMP151_S3_Granitfalls_115kv_lLN_ftlo_LyonCo_Ceda,S3 S3GRANI11_1 1 (LN/WAUE/WAUE),CEDAR MTN-LYON COUNTY 345 1 (0956),06:55,-116.8,
07/16/2024,,453132.0,NSP34056_MARS_SS_LYON_MARS_11_1_1,MARS_SS LYON_MARS_11_1 1 (LN/NSP/NSP),CEDAR MTN-LYON COUNTY 345 1 (0956),07:00,-45.33,
07/16/2024,29652.0,248380.0,TMP151_S3_Granitfalls_115kv_lLN_ftlo_LyonCo_Ceda,S3 S3GRANI11_1 1 (LN/WAUE/WAUE),CEDAR MTN-LYON COUNTY 345 1 (0956),07:00,-119.76,
07/16/2024,29015.0,3443.0,Duneare_Michigan_City_13839_138kv_flo_Wilton_Cen,DUNEACRE 13839 A (LN/NIPS/NIPS),WILTON CENTER-DUMONT 765 (11215),07:05,-91.96,
07/16/2024,5725.0,285892.0,Fargo_Sheyenne230_FLO_BUFFALO_JAMESTOWN345,FARGO FARGOSHEYN23_1 1 (LN/WAUE/OTP),BUFFALO - JAMESTOWN 345,07:05,-41.0,
07/16/2024,,453132.0,NSP34056_MARS_SS_LYON_MARS_11_1_1,MARS_SS LYON_MARS_11_1 1 (LN/NSP/NSP),CEDAR MTN-LYON COUNTY 345 1 (0956),07:05,-110.44,
07/16/2024,,453132.0,NSP34056_MARS_SS_LYON_MARS_11_1_1,MARS_SS LYON_MARS_11_1 1 (LN/NSP/NSP),CEDAR MTN-LYON COUNTY 345 1 (0956),07:10,-118.07,
07/16/2024,,453132.0,NSP34056_MARS_SS_LYON_MARS_11_1_1,MARS_SS LYON_MARS_11_1 1 (LN/NSP/NSP),CEDAR MTN-LYON COUNTY 345 1 (0956),07:20,-134.09,
07/16/2024,,453132.0,NSP34056_MARS_SS_LYON_MARS_11_1_1,MARS_SS LYON_MARS_11_1 1 (LN/NSP/NSP),CEDAR MTN-LYON COUNTY 345 1 (0956),07:25,-137.16,
07/16/2024,,453132.0,NSP34056_MARS_SS_LYON_MARS_11_1_1,MARS_SS LYON_MARS_11_1 1 (LN/NSP/NSP),CEDAR MTN-LYON COUNTY 345 1 (0956),07:30,-137.97,
07/16/2024,,453132.0,NSP34056_MARS_SS_LYON_MARS_11_1_1,MARS_SS LYON_MARS_11_1 1 (LN/NSP/NSP),CEDAR MTN-LYON COUNTY 345 1 (0956),07:35,-123.51,
07/16/2024,,453132.0,NSP34056_MARS_SS_LYON_MARS_11_1_1,MARS_SS LYON_MARS_11_1 1 (LN/NSP/NSP),CEDAR MTN-LYON COUNTY 345 1 (0956),07:40,-130.96,
07/16/2024,,453132.0,NSP34056_MARS_SS_LYON_MARS_11_1_1,MARS_SS LYON_MARS_11_1 1 (LN/NSP/NSP),CEDAR MTN-LYON COUNTY 345 1 (0956),07:45,-122.57,
07/16/2024,,453132.0,NSP34056_MARS_SS_LYON_MARS_11_1_1,MARS_SS LYON_MARS_11_1 1 (LN/NSP/NSP),CEDAR MTN-LYON COUNTY 345 1 (0956),07:50,-122.63,
07/16/2024,,453132.0,NSP34056_MARS_SS_LYON_MARS_11_1_1,MARS_SS LYON_MARS_11_1 1 (LN/NSP/NSP),CEDAR MTN-LYON COUNTY 345 1 (0956),07:55,-121.78,
07/16/2024,,453132.0,NSP34056_MARS_SS_LYON_MARS_11_1_1,MARS_SS LYON_MARS_11_1 1 (LN/NSP/NSP),CEDAR MTN-LYON COUNTY 345 1 (0956),08:00,-120.91,
07/16/2024,,453132.0,NSP34056_MARS_SS_LYON_MARS_11_1_1,MARS_SS LYON_MARS_11_1 1 (LN/NSP/NSP),CEDAR MTN-LYON COUNTY 345 1 (0956),08:05,-126.1,
07/16/2024,,453132.0,NSP34056_MARS_SS_LYON_MARS_11_1_1,MARS_SS LYON_MARS_11_1 1 (LN/NSP/NSP),CEDAR MTN-LYON COUNTY 345 1 (0956),08:10,-121.55,
07/16/2024,,453132.0,NSP34056_MARS_SS_LYON_MARS_11_1_1,MARS_SS LYON_MARS_11_1 1 (LN/NSP/NSP),CEDAR MTN-LYON COUNTY 345 1 (0956),08:15,-129.47,
07/16/2024,,453132.0,NSP34056_MARS_SS_LYON_MARS_11_1_1,MARS_SS LYON_MARS_11_1 1 (LN/NSP/NSP),CEDAR MTN-LYON COUNTY 345 1 (0956),08:20,-132.32,
07/16/2024,,453132.0,NSP34056_MARS_SS_LYON_MARS_11_1_1,MARS_SS LYON_MARS_11_1 1 (LN/NSP/NSP),CEDAR MTN-LYON COUNTY 345 1 (0956),08:25,-132.49,
07/16/2024,,453132.0,NSP34056_MARS_SS_LYON_MARS_11_1_1,MARS_SS LYON_MARS_11_1 1 (LN/NSP/NSP),CEDAR MTN-LYON COUNTY 345 1 (0956),08:30,-72.96000000000001,
07/16/2024,,452843.0,NSP34056_WABASSO_WABASS11969_1_1,WABASSO WABASS11969_1 1 (LN/ALTW/NSP),CEDAR MTN-LYON COUNTY 345 1 (0956),08:30,-400.0,
07/16/2024,,452843.0,NSP34056_WABASSO_WABASS11969_1_1,WABASSO WABASS11969_1 1 (LN/ALTW/NSP),CEDAR MTN-LYON COUNTY 345 1 (0956),08:35,-948.69,
07/16/2024,,452843.0,NSP34056_WABASSO_WABASS11969_1_1,WABASSO WABASS11969_1 1 (LN/ALTW/NSP),CEDAR MTN-LYON COUNTY 345 1 (0956),08:40,-957.09,
07/16/2024,,452843.0,NSP34056_WABASSO_WABASS11969_1_1,WABASSO WABASS11969_1 1 (LN/ALTW/NSP),CEDAR MTN-LYON COUNTY 345 1 (0956),08:45,-947.37,
07/16/2024,,452843.0,NSP34056_WABASSO_WABASS11969_1_1,WABASSO WABASS11969_1 1 (LN/ALTW/NSP),CEDAR MTN-LYON COUNTY 345 1 (0956),08:50,-923.94,
07/16/2024,,452843.0,NSP34056_WABASSO_WABASS11969_1_1,WABASSO WABASS11969_1 1 (LN/ALTW/NSP),CEDAR MTN-LYON COUNTY 345 1 (0956),08:55,-945.31,
07/16/2024,,453132.0,NSP34056_MARS_SS_LYON_MARS_11_1_1,MARS_SS LYON_MARS_11_1 1 (LN/NSP/NSP),CEDAR MTN-LYON COUNTY 345 1 (0956),09:00,-126.49,
07/16/2024,,453132.0,NSP34056_MARS_SS_LYON_MARS_11_1_1,MARS_SS LYON_MARS_11_1 1 (LN/NSP/NSP),CEDAR MTN-LYON COUNTY 345 1 (0956),09:05,-126.97,
07/16/2024,,453132.0,NSP34056_MARS_SS_LYON_MARS_11_1_1,MARS_SS LYON_MARS_11_1 1 (LN/NSP/NSP),CEDAR MTN-LYON COUNTY 345 1 (0956),09:10,-129.81,
07/16/2024,,453132.0,NSP34056_MARS_SS_LYON_MARS_11_1_1,MARS_SS LYON_MARS_11_1 1 (LN/NSP/NSP),CEDAR MTN-LYON COUNTY 345 1 (0956),09:15,-132.28,
07/16/2024,,307216.0,EA50022_INDEP2_INDEP2_MOREFL5_A,INDEP2 INDEP2_MOREFL5 A (LN/EAI/EAI),INDEPENDENCE - POWERLINE  500,10:50,-1.1300000000000001,
07/16/2024,,307216.0,EA50022_INDEP2_INDEP2_MOREFL5_A,INDEP2 INDEP2_MOREFL5 A (LN/EAI/EAI),INDEPENDENCE - POWERLINE  500,11:25,-128.13,
07/16/2024,,452843.0,NSP34056_WABASSO_WABASS11969_1_1,WABASSO WABASS11969_1 1 (LN/ALTW/NSP),CEDAR MTN-LYON COUNTY 345 1 (0956),11:25,-1045.6100000000001,
07/16/2024,,307216.0,EA50022_INDEP2_INDEP2_MOREFL5_A,INDEP2 INDEP2_MOREFL5 A (LN/EAI/EAI),INDEPENDENCE - POWERLINE  500,11:30,-76.76,
07/16/2024,,455454.0,FEITC04_LULU_MONROLULU_34_1,LULU MONROLULU_34 1 (LN/DECO/DECO),MONROE - LALLENDORF 345,11:30,-212.08,
07/16/2024,,9768.0,MGE69009_EASTCAMP_6976_1,EASTCAMP 6976 1 (LN/MGE/MGE),EAST CAMPUS-WALNUT 69 (6975),11:30,-28.28,
07/16/2024,,452843.0,NSP34056_WABASSO_WABASS11969_1_1,WABASSO WABASS11969_1 1 (LN/ALTW/NSP),CEDAR MTN-LYON COUNTY 345 1 (0956),11:30,-1005.17,
07/16/2024,27742.0,377193.0,TEMP66_Brookings_Aurora_115_kV_FLO_White_Split_R,AURORAWA AURORA_BROOKNG A (LN/WAUE/WAUE),WHITE-SPLIT ROCK_345,11:30,-1620.37,
07/16/2024,,307216.0,EA50022_INDEP2_INDEP2_MOREFL5_A,INDEP2 INDEP2_MOREFL5 A (LN/EAI/EAI),INDEPENDENCE - POWERLINE  500,11:35,-146.31,
07/16/2024,,455454.0,FEITC04_LULU_MONROLULU_34_1,LULU MONROLULU_34 1 (LN/DECO/DECO),MONROE - LALLENDORF 345,11:35,-114.32,
07/16/2024,,9768.0,MGE69009_EASTCAMP_6976_1,EASTCAMP 6976 1 (LN/MGE/MGE),EAST CAMPUS-WALNUT 69 (6975),11:35,-9.07,
07/16/2024,,452843.0,NSP34056_WABASSO_WABASS11969_1_1,WABASSO WABASS11969_1 1 (LN/ALTW/NSP),CEDAR MTN-LYON COUNTY 345 1 (0956),11:35,-1092.15,
07/16/2024,27742.0,377193.0,TEMP66_Brookings_Aurora_115_kV_FLO_White_Split_R,AURORAWA AURORA_BROOKNG A (LN/WAUE/WAUE),WHITE-SPLIT ROCK_345,11:35,-626.92,
07/16/2024,,307216.0,EA50022_INDEP2_INDEP2_MOREFL5_A,INDEP2 INDEP2_MOREFL5 A (LN/EAI/EAI),INDEPENDENCE - POWERLINE  500,11:40,-35.1,
07/16/2024,,455454.0,FEITC04_LULU_MONROLULU_34_1,LULU MONROLULU_34 1 (LN/DECO/DECO),MONROE - LALLENDORF 345,11:40,-31.09,
07/16/2024,,9768.0,MGE69009_EASTCAMP_6976_1,EASTCAMP 6976 1 (LN/MGE/MGE),EAST CAMPUS-WALNUT 69 (6975),11:40,-5.07,
07/16/2024,,452843.0,NSP34056_WABASSO_WABASS11969_1_1,WABASSO WABASS11969_1 1 (LN/ALTW/NSP),CEDAR MTN-LYON COUNTY 345 1 (0956),11:40,-1112.02,
07/16/2024,27742.0,377193.0,TEMP66_Brookings_Aurora_115_kV_FLO_White_Split_R,AURORAWA AURORA_BROOKNG A (LN/WAUE/WAUE),WHITE-SPLIT ROCK_345,11:40,-213.35,
07/16/2024,,307216.0,EA50022_INDEP2_INDEP2_MOREFL5_A,INDEP2 INDEP2_MOREFL5 A (LN/EAI/EAI),INDEPENDENCE - POWERLINE  500,11:45,-144.62,
07/16/2024,,455454.0,FEITC04_LULU_MONROLULU_34_1,LULU MONROLULU_34 1 (LN/DECO/DECO),MONROE - LALLENDORF 345,11:45,-123.63000000000002,
07/16/2024,,9768.0,MGE69009_EASTCAMP_6976_1,EASTCAMP 6976 1 (LN/MGE/MGE),EAST CAMPUS-WALNUT 69 (6975),11:45,-29.6,
07/16/2024,,452843.0,NSP34056_WABASSO_WABASS11969_1_1,WABASSO WABASS11969_1 1 (LN/ALTW/NSP),CEDAR MTN-LYON COUNTY 345 1 (0956),11:45,-1479.28,
07/16/2024,27742.0,377193.0,TEMP66_Brookings_Aurora_115_kV_FLO_White_Split_R,AURORAWA AURORA_BROOKNG A (LN/WAUE/WAUE),WHITE-SPLIT ROCK_345,11:45,-1472.02,
07/16/2024,,307216.0,EA50022_INDEP2_INDEP2_MOREFL5_A,INDEP2 INDEP2_MOREFL5 A (LN/EAI/EAI),INDEPENDENCE - POWERLINE  500,11:50,-77.89,
07/16/2024,,455454.0,FEITC04_LULU_MONROLULU_34_1,LULU MONROLULU_34 1 (LN/DECO/DECO),MONROE - LALLENDORF 345,11:50,-38.86,
07/16/2024,,452843.0,NSP34056_WABASSO_WABASS11969_1_1,WABASSO WABASS11969_1 1 (LN/ALTW/NSP),CEDAR MTN-LYON COUNTY 345 1 (0956),11:50,-1156.31,
07/16/2024,27742.0,377193.0,TEMP66_Brookings_Aurora_115_kV_FLO_White_Split_R,AURORAWA AURORA_BROOKNG A (LN/WAUE/WAUE),WHITE-SPLIT ROCK_345,11:50,-307.78000000000003,
07/16/2024,,307216.0,EA50022_INDEP2_INDEP2_MOREFL5_A,INDEP2 INDEP2_MOREFL5 A (LN/EAI/EAI),INDEPENDENCE - POWERLINE  500,11:55,-183.34,
07/16/2024,,455454.0,FEITC04_LULU_MONROLULU_34_1,LULU MONROLULU_34 1 (LN/DECO/DECO),MONROE - LALLENDORF 345,11:55,-72.03,
07/16/2024,,452843.0,NSP34056_WABASSO_WABASS11969_1_1,WABASSO WABASS11969_1 1 (LN/ALTW/NSP),CEDAR MTN-LYON COUNTY 345 1 (0956),11:55,-1500.0,
07/16/2024,27742.0,377193.0,TEMP66_Brookings_Aurora_115_kV_FLO_White_Split_R,AURORAWA AURORA_BROOKNG A (LN/WAUE/WAUE),WHITE-SPLIT ROCK_345,11:55,-1966.76,
07/16/2024,,307216.0,EA50022_INDEP2_INDEP2_MOREFL5_A,INDEP2 INDEP2_MOREFL5 A (LN/EAI/EAI),INDEPENDENCE - POWERLINE  500,12:00,-75.92,
07/16/2024,,452843.0,NSP34056_WABASSO_WABASS11969_1_1,WABASSO WABASS11969_1 1 (LN/ALTW/NSP),CEDAR MTN-LYON COUNTY 345 1 (0956),12:00,-964.73,
07/16/2024,27742.0,377193.0,TEMP66_Brookings_Aurora_115_kV_FLO_White_Split_R,AURORAWA AURORA_BROOKNG A (LN/WAUE/WAUE),WHITE-SPLIT ROCK_345,12:00,-1451.04,
07/16/2024,,452843.0,NSP34056_WABASSO_WABASS11969_1_1,WABASSO WABASS11969_1 1 (LN/ALTW/NSP),CEDAR MTN-LYON COUNTY 345 1 (0956),12:05,-849.64,
07/16/2024,27742.0,377193.0,TEMP66_Brookings_Aurora_115_kV_FLO_White_Split_R,AURORAWA AURORA_BROOKNG A (LN/WAUE/WAUE),WHITE-SPLIT ROCK_345,12:05,-1172.59,
07/16/2024,,307378.0,WPS13X21_GRAVESVI_GRAVESVLGLEN1_GR,GRAVESVI GRAVESVLGLEN1 GR (LN/WPS/WPS),TECUMSEH ROAD 138/69 T1,12:05,-500.0,
07/16/2024,,452843.0,NSP34056_WABASSO_WABASS11969_1_1,WABASSO WABASS11969_1 1 (LN/ALTW/NSP),CEDAR MTN-LYON COUNTY 345 1 (0956),12:10,-942.91,
07/16/2024,27742.0,377193.0,TEMP66_Brookings_Aurora_115_kV_FLO_White_Split_R,AURORAWA AURORA_BROOKNG A (LN/WAUE/WAUE),WHITE-SPLIT ROCK_345,12:10,-687.24,
07/16/2024,,307378.0,WPS13X21_GRAVESVI_GRAVESVLGLEN1_GR,GRAVESVI GRAVESVLGLEN1 GR (LN/WPS/WPS),TECUMSEH ROAD 138/69 T1,12:10,-500.0,
07/16/2024,,455454.0,FEITC04_LULU_MONROLULU_34_1,LULU MONROLULU_34 1 (LN/DECO/DECO),MONROE - LALLENDORF 345,12:15,-53.67,
07/16/2024,,452843.0,NSP34056_WABASSO_WABASS11969_1_1,WABASSO WABASS11969_1 1 (LN/ALTW/NSP),CEDAR MTN-LYON COUNTY 345 1 (0956),12:15,-568.5600000000001,
07/16/2024,27742.0,377193.0,TEMP66_Brookings_Aurora_115_kV_FLO_White_Split_R,AURORAWA AURORA_BROOKNG A (LN/WAUE/WAUE),WHITE-SPLIT ROCK_345,12:15,-1306.03,
07/16/2024,,307378.0,WPS13X21_GRAVESVI_GRAVESVLGLEN1_GR,GRAVESVI GRAVESVLGLEN1 GR (LN/WPS/WPS),TECUMSEH ROAD 138/69 T1,12:15,-500.0,
07/16/2024,,455454.0,FEITC04_LULU_MONROLULU_34_1,LULU MONROLULU_34 1 (LN/DECO/DECO),MONROE - LALLENDORF 345,12:20,-53.9,
07/16/2024,,452843.0,NSP34056_WABASSO_WABASS11969_1_1,WABASSO WABASS11969_1 1 (LN/ALTW/NSP),CEDAR MTN-LYON COUNTY 345 1 (0956),12:20,-652.61,
07/16/2024,27742.0,377193.0,TEMP66_Brookings_Aurora_115_kV_FLO_White_Split_R,AURORAWA AURORA_BROOKNG A (LN/WAUE/WAUE),WHITE-SPLIT ROCK_345,12:20,-568.69,
07/16/2024,,307378.0,WPS13X21_GRAVESVI_GRAVESVLGLEN1_GR,GRAVESVI GRAVESVLGLEN1 GR (LN/WPS/WPS),TECUMSEH ROAD 138/69 T1,12:20,-500.0,
07/16/2024,,307216.0,EA50022_INDEP2_INDEP2_MOREFL5_A,INDEP2 INDEP2_MOREFL5 A (LN/EAI/EAI),INDEPENDENCE - POWERLINE  500,12:25,-103.77,
07/16/2024,,455454.0,FEITC04_LULU_MONROLULU_34_1,LULU MONROLULU_34 1 (LN/DECO/DECO),MONROE - LALLENDORF 345,12:25,-74.01,
07/16/2024,,452843.0,NSP34056_WABASSO_WABASS11969_1_1,WABASSO WABASS11969_1 1 (LN/ALTW/NSP),CEDAR MTN-LYON COUNTY 345 1 (0956),12:25,-991.43,
07/16/2024,27742.0,377193.0,TEMP66_Brookings_Aurora_115_kV_FLO_White_Split_R,AURORAWA AURORA_BROOKNG A (LN/WAUE/WAUE),WHITE-SPLIT ROCK_345,12:25,-1978.66,
07/16/2024,,307216.0,EA50022_INDEP2_INDEP2_MOREFL5_A,INDEP2 INDEP2_MOREFL5 A (LN/EAI/EAI),INDEPENDENCE - POWERLINE  500,12:30,-95.6,
07/16/2024,,455454.0,FEITC04_LULU_MONROLULU_34_1,LULU MONROLULU_34 1 (LN/DECO/DECO),MONROE - LALLENDORF 345,12:30,-53.56,
07/16/2024,,452843.0,NSP34056_WABASSO_WABASS11969_1_1,WABASSO WABASS11969_1 1 (LN/ALTW/NSP),CEDAR MTN-LYON COUNTY 345 1 (0956),12:30,-1090.43,
07/16/2024,27742.0,377193.0,TEMP66_Brookings_Aurora_115_kV_FLO_White_Split_R,AURORAWA AURORA_BROOKNG A (LN/WAUE/WAUE),WHITE-SPLIT ROCK_345,12:30,-855.46,
07/16/2024,,307216.0,EA50022_INDEP2_INDEP2_MOREFL5_A,INDEP2 INDEP2_MOREFL5 A (LN/EAI/EAI),INDEPENDENCE - POWERLINE  500,12:35,-118.07,
07/16/2024,,455454.0,FEITC04_LULU_MONROLULU_34_1,LULU MONROLULU_34 1 (LN/DECO/DECO),MONROE - LALLENDORF 345,12:35,-82.01,
07/16/2024,,452843.0,NSP34056_WABASSO_WABASS11969_1_1,WABASSO WABASS11969_1 1 (LN/ALTW/NSP),CEDAR MTN-LYON COUNTY 345 1 (0956),12:35,-1065.57,
07/16/2024,27742.0,377193.0,TEMP66_Brookings_Aurora_115_kV_FLO_White_Split_R,AURORAWA AURORA_BROOKNG A (LN/WAUE/WAUE),WHITE-SPLIT ROCK_345,12:35,-1989.07,
07/16/2024,,307216.0,EA50022_INDEP2_INDEP2_MOREFL5_A,INDEP2 INDEP2_MOREFL5 A (LN/EAI/EAI),INDEPENDENCE - POWERLINE  500,12:40,-59.17,
07/16/2024,,455454.0,FEITC04_LULU_MONROLULU_34_1,LULU MONROLULU_34 1 (LN/DECO/DECO),MONROE - LALLENDORF 345,12:40,-95.34,
07/16/2024,,452843.0,NSP34056_WABASSO_WABASS11969_1_1,WABASSO WABASS11969_1 1 (LN/ALTW/NSP),CEDAR MTN-LYON COUNTY 345 1 (0956),12:40,-1036.5,
07/16/2024,27742.0,377193.0,TEMP66_Brookings_Aurora_115_kV_FLO_White_Split_R,AURORAWA AURORA_BROOKNG A (LN/WAUE/WAUE),WHITE-SPLIT ROCK_345,12:40,-1779.21,
07/16/2024,,307216.0,EA50022_INDEP2_INDEP2_MOREFL5_A,INDEP2 INDEP2_MOREFL5 A (LN/EAI/EAI),INDEPENDENCE - POWERLINE  500,12:45,-57.56,
07/16/2024,,455454.0,FEITC04_LULU_MONROLULU_34_1,LULU MONROLULU_34 1 (LN/DECO/DECO),MONROE - LALLENDORF 345,12:45,-135.49,
07/16/2024,,453132.0,NSP34056_MARS_SS_LYON_MARS_11_1_1,MARS_SS LYON_MARS_11_1 1 (LN/NSP/NSP),CEDAR MTN-LYON COUNTY 345 1 (0956),12:45,-15.47,
07/16/2024,,452843.0,NSP34056_WABASSO_WABASS11969_1_1,WABASSO WABASS11969_1 1 (LN/ALTW/NSP),CEDAR MTN-LYON COUNTY 345 1 (0956),12:45,-1500.0,
07/16/2024,27742.0,377193.0,TEMP66_Brookings_Aurora_115_kV_FLO_White_Split_R,AURORAWA AURORA_BROOKNG A (LN/WAUE/WAUE),WHITE-SPLIT ROCK_345,12:45,-1994.53,
07/16/2024,,307216.0,EA50022_INDEP2_INDEP2_MOREFL5_A,INDEP2 INDEP2_MOREFL5 A (LN/EAI/EAI),INDEPENDENCE - POWERLINE  500,12:50,-56.77,
07/16/2024,,455454.0,FEITC04_LULU_MONROLULU_34_1,LULU MONROLULU_34 1 (LN/DECO/DECO),MONROE - LALLENDORF 345,12:50,-101.93,
07/16/2024,,452843.0,NSP34056_WABASSO_WABASS11969_1_1,WABASSO WABASS11969_1 1 (LN/ALTW/NSP),CEDAR MTN-LYON COUNTY 345 1 (0956),12:50,-1049.8,
07/16/2024,27742.0,377193.0,TEMP66_Brookings_Aurora_115_kV_FLO_White_Split_R,AURORAWA AURORA_BROOKNG A (LN/WAUE/WAUE),WHITE-SPLIT ROCK_345,12:50,-1206.44,
07/16/2024,,307216.0,EA50022_INDEP2_INDEP2_MOREFL5_A,INDEP2 INDEP2_MOREFL5 A (LN/EAI/EAI),INDEPENDENCE - POWERLINE  500,12:55,-155.05,
07/16/2024,,453132.0,NSP34056_MARS_SS_LYON_MARS_11_1_1,MARS_SS LYON_MARS_11_1 1 (LN/NSP/NSP),CEDAR MTN-LYON COUNTY 345 1 (0956),12:55,-2.96,
07/16/2024,,452843.0,NSP34056_WABASSO_WABASS11969_1_1,WABASSO WABASS11969_1 1 (LN/ALTW/NSP),CEDAR MTN-LYON COUNTY 345 1 (0956),12:55,-1500.0,
07/16/2024,27742.0,377193.0,TEMP66_Brookings_Aurora_115_kV_FLO_White_Split_R,AURORAWA AURORA_BROOKNG A (LN/WAUE/WAUE),WHITE-SPLIT ROCK_345,12:55,-1704.92,
07/16/2024,,307216.0,EA50022_INDEP2_INDEP2_MOREFL5_A,INDEP2 INDEP2_MOREFL5 A (LN/EAI/EAI),INDEPENDENCE - POWERLINE  500,13:00,-82.23,
07/16/2024,,452843.0,NSP34056_WABASSO_WABASS11969_1_1,WABASSO WABASS11969_1 1 (LN/ALTW/NSP),CEDAR MTN-LYON COUNTY 345 1 (0956),13:00,-1128.46,
07/16/2024,27742.0,377193.0,TEMP66_Brookings_Aurora_115_kV_FLO_White_Split_R,AURORAWA AURORA_BROOKNG A (LN/WAUE/WAUE),WHITE-SPLIT ROCK_345,13:00,-233.79,
07/16/2024,,307216.0,EA50022_INDEP2_INDEP2_MOREFL5_A,INDEP2 INDEP2_MOREFL5 A (LN/EAI/EAI),INDEPENDENCE - POWERLINE  500,13:05,-127.26,
07/16/2024,,452843.0,NSP34056_WABASSO_WABASS11969_1_1,WABASSO WABASS11969_1 1 (LN/ALTW/NSP),CEDAR MTN-LYON COUNTY 345 1 (0956),13:05,-1064.96,
07/16/2024,27742.0,377193.0,TEMP66_Brookings_Aurora_115_kV_FLO_White_Split_R,AURORAWA AURORA_BROOKNG A (LN/WAUE/WAUE),WHITE-SPLIT ROCK_345,13:05,-505.47,
07/16/2024,,307216.0,EA50022_INDEP2_INDEP2_MOREFL5_A,INDEP2 INDEP2_MOREFL5 A (LN/EAI/EAI),INDEPENDENCE - POWERLINE  500,13:10,-515.1800000000001,
07/16/2024,,452843.0,NSP34056_WABASSO_WABASS11969_1_1,WABASSO WABASS11969_1 1 (LN/ALTW/NSP),CEDAR MTN-LYON COUNTY 345 1 (0956),13:10,-1182.52,
07/16/2024,27742.0,377193.0,TEMP66_Brookings_Aurora_115_kV_FLO_White_Split_R,AURORAWA AURORA_BROOKNG A (LN/WAUE/WAUE),WHITE-SPLIT ROCK_345,13:10,-190.92,
07/16/2024,,307216.0,EA50022_INDEP2_INDEP2_MOREFL5_A,INDEP2 INDEP2_MOREFL5 A (LN/EAI/EAI),INDEPENDENCE - POWERLINE  500,13:15,-236.09,
07/16/2024,,452843.0,NSP34056_WABASSO_WABASS11969_1_1,WABASSO WABASS11969_1 1 (LN/ALTW/NSP),CEDAR MTN-LYON COUNTY 345 1 (0956),13:15,-1047.63,
07/16/2024,27742.0,377193.0,TEMP66_Brookings_Aurora_115_kV_FLO_White_Split_R,AURORAWA AURORA_BROOKNG A (LN/WAUE/WAUE),WHITE-SPLIT ROCK_345,13:15,-651.04,
07/16/2024,,452843.0,NSP34056_WABASSO_WABASS11969_1_1,WABASSO WABASS11969_1 1 (LN/ALTW/NSP),CEDAR MTN-LYON COUNTY 345 1 (0956),13:20,-1102.71,
07/16/2024,29690.0,454482.0,New_Carisl_Bosserman_138_2_flo_New_Carisl_Bosser,BSMN_NIP BOS-NEW2_NIP 1 (LN/NIPS/AEP),NEW CARLISLE-BOSSERMAN 138 1,13:20,-1804.28,
07/16/2024,27742.0,377193.0,TEMP66_Brookings_Aurora_115_kV_FLO_White_Split_R,AURORAWA AURORA_BROOKNG A (LN/WAUE/WAUE),WHITE-SPLIT ROCK_345,13:20,-1601.47,
07/16/2024,,452843.0,NSP34056_WABASSO_WABASS11969_1_1,WABASSO WABASS11969_1 1 (LN/ALTW/NSP),CEDAR MTN-LYON COUNTY 345 1 (0956),13:25,-1195.7,
07/16/2024,29690.0,454482.0,New_Carisl_Bosserman_138_2_flo_New_Carisl_Bosser,BSMN_NIP BOS-NEW2_NIP 1 (LN/NIPS/AEP),NEW CARLISLE-BOSSERMAN 138 1,13:25,-2000.0,
07/16/2024,27742.0,377193.0,TEMP66_Brookings_Aurora_115_kV_FLO_White_Split_R,AURORAWA AURORA_BROOKNG A (LN/WAUE/WAUE),WHITE-SPLIT ROCK_345,13:25,-1725.44,
07/16/2024,,452843.0,NSP34056_WABASSO_WABASS11969_1_1,WABASSO WABASS11969_1 1 (LN/ALTW/NSP),CEDAR MTN-LYON COUNTY 345 1 (0956),13:30,-939.38,
07/16/2024,29690.0,454482.0,New_Carisl_Bosserman_138_2_flo_New_Carisl_Bosser,BSMN_NIP BOS-NEW2_NIP 1 (LN/NIPS/AEP),NEW CARLISLE-BOSSERMAN 138 1,13:30,-1456.13,
07/16/2024,27742.0,377193.0,TEMP66_Brookings_Aurora_115_kV_FLO_White_Split_R,AURORAWA AURORA_BROOKNG A (LN/WAUE/WAUE),WHITE-SPLIT ROCK_345,13:30,-1731.56,
07/16/2024,,307216.0,EA50022_INDEP2_INDEP2_MOREFL5_A,INDEP2 INDEP2_MOREFL5 A (LN/EAI/EAI),INDEPENDENCE - POWERLINE  500,13:35,-174.69,
07/16/2024,,452843.0,NSP34056_WABASSO_WABASS11969_1_1,WABASSO WABASS11969_1 1 (LN/ALTW/NSP),CEDAR MTN-LYON COUNTY 345 1 (0956),13:35,-1154.97,
07/16/2024,29690.0,454482.0,New_Carisl_Bosserman_138_2_flo_New_Carisl_Bosser,BSMN_NIP BOS-NEW2_NIP 1 (LN/NIPS/AEP),NEW CARLISLE-BOSSERMAN 138 1,13:35,-841.37,
07/16/2024,27742.0,377193.0,TEMP66_Brookings_Aurora_115_kV_FLO_White_Split_R,AURORAWA AURORA_BROOKNG A (LN/WAUE/WAUE),WHITE-SPLIT ROCK_345,13:35,-803.11,
07/16/2024,,307216.0,EA50022_INDEP2_INDEP2_MOREFL5_A,INDEP2 INDEP2_MOREFL5 A (LN/EAI/EAI),INDEPENDENCE - POWERLINE  500,13:40,-196.39,
07/16/2024,,452843.0,NSP34056_WABASSO_WABASS11969_1_1,WABASSO WABASS11969_1 1 (LN/ALTW/NSP),CEDAR MTN-LYON COUNTY 345 1 (0956),13:40,-1094.1200000000001,
07/16/2024,29690.0,454482.0,New_Carisl_Bosserman_138_2_flo_New_Carisl_Bosser,BSMN_NIP BOS-NEW2_NIP 1 (LN/NIPS/AEP),NEW CARLISLE-BOSSERMAN 138 1,13:40,-1169.98,
07/16/2024,27742.0,377193.0,TEMP66_Brookings_Aurora_115_kV_FLO_White_Split_R,AURORAWA AURORA_BROOKNG A (LN/WAUE/WAUE),WHITE-SPLIT ROCK_345,13:40,-991.18,
07/16/2024,,452843.0,NSP34056_WABASSO_WABASS11969_1_1,WABASSO WABASS11969_1 1 (LN/ALTW/NSP),CEDAR MTN-LYON COUNTY 345 1 (0956),13:45,-1367.21,
07/16/2024,29690.0,454482.0,New_Carisl_Bosserman_138_2_flo_New_Carisl_Bosser,BSMN_NIP BOS-NEW2_NIP 1 (LN/NIPS/AEP),NEW CARLISLE-BOSSERMAN 138 1,13:45,-1789.76,
07/16/2024,27742.0,377193.0,TEMP66_Brookings_Aurora_115_kV_FLO_White_Split_R,AURORAWA AURORA_BROOKNG A (LN/WAUE/WAUE),WHITE-SPLIT ROCK_345,13:45,-668.98,
07/16/2024,,307216.0,EA50022_INDEP2_INDEP2_MOREFL5_A,INDEP2 INDEP2_MOREFL5 A (LN/EAI/EAI),INDEPENDENCE - POWERLINE  500,13:50,-256.18,
07/16/2024,,452843.0,NSP34056_WABASSO_WABASS11969_1_1,WABASSO WABASS11969_1 1 (LN/ALTW/NSP),CEDAR MTN-LYON COUNTY 345 1 (0956),13:50,-1401.79,
07/16/2024,29690.0,454482.0,New_Carisl_Bosserman_138_2_flo_New_Carisl_Bosser,BSMN_NIP BOS-NEW2_NIP 1 (LN/NIPS/AEP),NEW CARLISLE-BOSSERMAN 138 1,13:50,-2000.0,
07/16/2024,27742.0,377193.0,TEMP66_Brookings_Aurora_115_kV_FLO_White_Split_R,AURORAWA AURORA_BROOKNG A (LN/WAUE/WAUE),WHITE-SPLIT ROCK_345,13:50,-1871.32,
07/16/2024,,307216.0,EA50022_INDEP2_INDEP2_MOREFL5_A,INDEP2 INDEP2_MOREFL5 A (LN/EAI/EAI),INDEPENDENCE - POWERLINE  500,13:55,-226.3,
07/16/2024,,452843.0,NSP34056_WABASSO_WABASS11969_1_1,WABASSO WABASS11969_1 1 (LN/ALTW/NSP),CEDAR MTN-LYON COUNTY 345 1 (0956),13:55,-1429.29,
07/16/2024,29690.0,454482.0,New_Carisl_Bosserman_138_2_flo_New_Carisl_Bosser,BSMN_NIP BOS-NEW2_NIP 1 (LN/NIPS/AEP),NEW CARLISLE-BOSSERMAN 138 1,13:55,-2000.0,
07/16/2024,27742.0,377193.0,TEMP66_Brookings_Aurora_115_kV_FLO_White_Split_R,AURORAWA AURORA_BROOKNG A (LN/WAUE/WAUE),WHITE-SPLIT ROCK_345,13:55,-1329.98,
07/16/2024,,452843.0,NSP34056_WABASSO_WABASS11969_1_1,WABASSO WABASS11969_1 1 (LN/ALTW/NSP),CEDAR MTN-LYON COUNTY 345 1 (0956),14:00,-1241.0,
07/16/2024,29690.0,454482.0,New_Carisl_Bosserman_138_2_flo_New_Carisl_Bosser,BSMN_NIP BOS-NEW2_NIP 1 (LN/NIPS/AEP),NEW CARLISLE-BOSSERMAN 138 1,14:00,-1116.66,
07/16/2024,27742.0,377193.0,TEMP66_Brookings_Aurora_115_kV_FLO_White_Split_R,AURORAWA AURORA_BROOKNG A (LN/WAUE/WAUE),WHITE-SPLIT ROCK_345,14:00,-1059.71,
07/16/2024,,307216.0,EA50022_INDEP2_INDEP2_MOREFL5_A,INDEP2 INDEP2_MOREFL5 A (LN/EAI/EAI),INDEPENDENCE - POWERLINE  500,14:05,-276.08,
07/16/2024,,452843.0,NSP34056_WABASSO_WABASS11969_1_1,WABASSO WABASS11969_1 1 (LN/ALTW/NSP),CEDAR MTN-LYON COUNTY 345 1 (0956),14:05,-1417.09,
07/16/2024,29690.0,454482.0,New_Carisl_Bosserman_138_2_flo_New_Carisl_Bosser,BSMN_NIP BOS-NEW2_NIP 1 (LN/NIPS/AEP),NEW CARLISLE-BOSSERMAN 138 1,14:05,-1602.95,
07/16/2024,27742.0,377193.0,TEMP66_Brookings_Aurora_115_kV_FLO_White_Split_R,AURORAWA AURORA_BROOKNG A (LN/WAUE/WAUE),WHITE-SPLIT ROCK_345,14:05,-1325.16,
07/16/2024,,452843.0,NSP34056_WABASSO_WABASS11969_1_1,WABASSO WABASS11969_1 1 (LN/ALTW/NSP),CEDAR MTN-LYON COUNTY 345 1 (0956),14:10,-400.0,
07/16/2024,29690.0,454482.0,New_Carisl_Bosserman_138_2_flo_New_Carisl_Bosser,BSMN_NIP BOS-NEW2_NIP 1 (LN/NIPS/AEP),NEW CARLISLE-BOSSERMAN 138 1,14:10,-916.58,
07/16/2024,27742.0,377193.0,TEMP66_Brookings_Aurora_115_kV_FLO_White_Split_R,AURORAWA AURORA_BROOKNG A (LN/WAUE/WAUE),WHITE-SPLIT ROCK_345,14:10,-1023.32,
07/16/2024,29690.0,454482.0,New_Carisl_Bosserman_138_2_flo_New_Carisl_Bosser,BSMN_NIP BOS-NEW2_NIP 1 (LN/NIPS/AEP),NEW CARLISLE-BOSSERMAN 138 1,14:15,-1429.08,
07/16/2024,27742.0,377193.0,TEMP66_Brookings_Aurora_115_kV_FLO_White_Split_R,AURORAWA AURORA_BROOKNG A (LN/WAUE/WAUE),WHITE-SPLIT ROCK_345,14:15,-1445.41,
07/16/2024,,307216.0,EA50022_INDEP2_INDEP2_MOREFL5_A,INDEP2 INDEP2_MOREFL5 A (LN/EAI/EAI),INDEPENDENCE - POWERLINE  500,14:20,-240.47,
07/16/2024,,455454.0,FEITC04_LULU_MONROLULU_34_1,LULU MONROLULU_34 1 (LN/DECO/DECO),MONROE - LALLENDORF 345,14:20,-2.39,
07/16/2024,29690.0,454482.0,New_Carisl_Bosserman_138_2_flo_New_Carisl_Bosser,BSMN_NIP BOS-NEW2_NIP 1 (LN/NIPS/AEP),NEW CARLISLE-BOSSERMAN 138 1,14:20,-1739.54,
07/16/2024,27742.0,377193.0,TEMP66_Brookings_Aurora_115_kV_FLO_White_Split_R,AURORAWA AURORA_BROOKNG A (LN/WAUE/WAUE),WHITE-SPLIT ROCK_345,14:20,-1953.71,
07/16/2024,,348158.0,EA50006_BUTERF_HS_EHV_BUTERF3_A,BUTERF HS_EHV_BUTERF3 A (LN/EAI/EAI),SHERIDAN - MAGNET COVE 500,14:25,-213.91,
07/16/2024,,307216.0,EA50022_INDEP2_INDEP2_MOREFL5_A,INDEP2 INDEP2_MOREFL5 A (LN/EAI/EAI),INDEPENDENCE - POWERLINE  500,14:25,-292.16,
07/16/2024,29690.0,454482.0,New_Carisl_Bosserman_138_2_flo_New_Carisl_Bosser,BSMN_NIP BOS-NEW2_NIP 1 (LN/NIPS/AEP),NEW CARLISLE-BOSSERMAN 138 1,14:25,-1482.22,
07/16/2024,27742.0,377193.0,TEMP66_Brookings_Aurora_115_kV_FLO_White_Split_R,AURORAWA AURORA_BROOKNG A (LN/WAUE/WAUE),WHITE-SPLIT ROCK_345,14:25,-1999.42,
07/16/2024,,348158.0,EA50006_BUTERF_HS_EHV_BUTERF3_A,BUTERF HS_EHV_BUTERF3 A (LN/EAI/EAI),SHERIDAN - MAGNET COVE 500,14:30,-630.15,
07/16/2024,,307216.0,EA50022_INDEP2_INDEP2_MOREFL5_A,INDEP2 INDEP2_MOREFL5 A (LN/EAI/EAI),INDEPENDENCE - POWERLINE  500,14:30,-500.63,
07/16/2024,,455454.0,FEITC04_LULU_MONROLULU_34_1,LULU MONROLULU_34 1 (LN/DECO/DECO),MONROE - LALLENDORF 345,14:30,-166.03,
07/16/2024,27742.0,377193.0,TEMP66_Brookings_Aurora_115_kV_FLO_White_Split_R,AURORAWA AURORA_BROOKNG A (LN/WAUE/WAUE),WHITE-SPLIT ROCK_345,14:30,-1948.28,
07/16/2024,,348158.0,EA50006_BUTERF_HS_EHV_BUTERF3_A,BUTERF HS_EHV_BUTERF3 A (LN/EAI/EAI),SHERIDAN - MAGNET COVE 500,14:35,-309.53000000000003,
07/16/2024,,307216.0,EA50022_INDEP2_INDEP2_MOREFL5_A,INDEP2 INDEP2_MOREFL5 A (LN/EAI/EAI),INDEPENDENCE - POWERLINE  500,14:35,-375.56,
07/16/2024,,455454.0,FEITC04_LULU_MONROLULU_34_1,LULU MONROLULU_34 1 (LN/DECO/DECO),MONROE - LALLENDORF 345,14:35,-23.95,
07/16/2024,29690.0,454482.0,New_Carisl_Bosserman_138_2_flo_New_Carisl_Bosser,BSMN_NIP BOS-NEW2_NIP 1 (LN/NIPS/AEP),NEW CARLISLE-BOSSERMAN 138 1,14:35,-1346.64,
07/16/2024,27742.0,377193.0,TEMP66_Brookings_Aurora_115_kV_FLO_White_Split_R,AURORAWA AURORA_BROOKNG A (LN/WAUE/WAUE),WHITE-SPLIT ROCK_345,14:35,-1999.42,
07/16/2024,,348158.0,EA50006_BUTERF_HS_EHV_BUTERF3_A,BUTERF HS_EHV_BUTERF3 A (LN/EAI/EAI),SHERIDAN - MAGNET COVE 500,14:40,-215.33,
07/16/2024,,307216.0,EA50022_INDEP2_INDEP2_MOREFL5_A,INDEP2 INDEP2_MOREFL5 A (LN/EAI/EAI),INDEPENDENCE - POWERLINE  500,14:40,-352.77,
07/16/2024,,455454.0,FEITC04_LULU_MONROLULU_34_1,LULU MONROLULU_34 1 (LN/DECO/DECO),MONROE - LALLENDORF 345,14:40,-36.82,
07/16/2024,29690.0,454482.0,New_Carisl_Bosserman_138_2_flo_New_Carisl_Bosser,BSMN_NIP BOS-NEW2_NIP 1 (LN/NIPS/AEP),NEW CARLISLE-BOSSERMAN 138 1,14:40,-1076.39,
07/16/2024,27742.0,377193.0,TEMP66_Brookings_Aurora_115_kV_FLO_White_Split_R,AURORAWA AURORA_BROOKNG A (LN/WAUE/WAUE),WHITE-SPLIT ROCK_345,14:40,-1938.78,
07/16/2024,,455509.0,TVA50043_5FIVEPNT_5FIVEP_HOMEW_1,5FIVEPNT 5FIVEP_HOMEW 1 (LN/TVA/SME),CHOCTAW-CLAY 500,14:40,-34.95,
07/16/2024,,348158.0,EA50006_BUTERF_HS_EHV_BUTERF3_A,BUTERF HS_EHV_BUTERF3 A (LN/EAI/EAI),SHERIDAN - MAGNET COVE 500,14:45,-238.93,
07/16/2024,,307216.0,EA50022_INDEP2_INDEP2_MOREFL5_A,INDEP2 INDEP2_MOREFL5 A (LN/EAI/EAI),INDEPENDENCE - POWERLINE  500,14:45,-360.2,
07/16/2024,,452843.0,NSP34056_WABASSO_WABASS11969_1_1,WABASSO WABASS11969_1 1 (LN/ALTW/NSP),CEDAR MTN-LYON COUNTY 345 1 (0956),14:45,-1332.88,
07/16/2024,29690.0,454482.0,New_Carisl_Bosserman_138_2_flo_New_Carisl_Bosser,BSMN_NIP BOS-NEW2_NIP 1 (LN/NIPS/AEP),NEW CARLISLE-BOSSERMAN 138 1,14:45,-1374.21,
07/16/2024,27742.0,377193.0,TEMP66_Brookings_Aurora_115_kV_FLO_White_Split_R,AURORAWA AURORA_BROOKNG A (LN/WAUE/WAUE),WHITE-SPLIT ROCK_345,14:45,-1999.42,
07/16/2024,,455509.0,TVA50043_5FIVEPNT_5FIVEP_HOMEW_1,5FIVEPNT 5FIVEP_HOMEW 1 (LN/TVA/SME),CHOCTAW-CLAY 500,14:45,-100.48,
07/16/2024,,348158.0,EA50006_BUTERF_HS_EHV_BUTERF3_A,BUTERF HS_EHV_BUTERF3 A (LN/EAI/EAI),SHERIDAN - MAGNET COVE 500,14:50,-88.89,
07/16/2024,,307216.0,EA50022_INDEP2_INDEP2_MOREFL5_A,INDEP2 INDEP2_MOREFL5 A (LN/EAI/EAI),INDEPENDENCE - POWERLINE  500,14:50,-136.84,
07/16/2024,,452843.0,NSP34056_WABASSO_WABASS11969_1_1,WABASSO WABASS11969_1 1 (LN/ALTW/NSP),CEDAR MTN-LYON COUNTY 345 1 (0956),14:50,-1099.03,
07/16/2024,27742.0,377193.0,TEMP66_Brookings_Aurora_115_kV_FLO_White_Split_R,AURORAWA AURORA_BROOKNG A (LN/WAUE/WAUE),WHITE-SPLIT ROCK_345,14:50,-1991.8300000000004,
07/16/2024,26013.0,337116.0,TMP557_MRYVL_SJ_BRADDCTR_161_KV_FTLO_MARYVIL_CRE,MRYVL_SJ MRYVLBRADD16_1 1 (LN/MPS/MEC),CRESTON-MARYVILLE_161,14:50,-1481.41,
07/16/2024,,348158.0,EA50006_BUTERF_HS_EHV_BUTERF3_A,BUTERF HS_EHV_BUTERF3 A (LN/EAI/EAI),SHERIDAN - MAGNET COVE 500,14:55,-129.73,
07/16/2024,,307216.0,EA50022_INDEP2_INDEP2_MOREFL5_A,INDEP2 INDEP2_MOREFL5 A (LN/EAI/EAI),INDEPENDENCE - POWERLINE  500,14:55,-206.35,
07/16/2024,,452843.0,NSP34056_WABASSO_WABASS11969_1_1,WABASSO WABASS11969_1 1 (LN/ALTW/NSP),CEDAR MTN-LYON COUNTY 345 1 (0956),14:55,-1500.0,
07/16/2024,27742.0,377193.0,TEMP66_Brookings_Aurora_115_kV_FLO_White_Split_R,AURORAWA AURORA_BROOKNG A (LN/WAUE/WAUE),WHITE-SPLIT ROCK_345,14:55,-1999.42,
07/16/2024,26013.0,337116.0,TMP557_MRYVL_SJ_BRADDCTR_161_KV_FTLO_MARYVIL_CRE,MRYVL_SJ MRYVLBRADD16_1 1 (LN/MPS/MEC),CRESTON-MARYVILLE_161,14:55,-1482.14,
07/16/2024,,348158.0,EA50006_BUTERF_HS_EHV_BUTERF3_A,BUTERF HS_EHV_BUTERF3 A (LN/EAI/EAI),SHERIDAN - MAGNET COVE 500,15:00,-48.44,
07/16/2024,,307216.0,EA50022_INDEP2_INDEP2_MOREFL5_A,INDEP2 INDEP2_MOREFL5 A (LN/EAI/EAI),INDEPENDENCE - POWERLINE  500,15:00,-81.28,
07/16/2024,,452843.0,NSP34056_WABASSO_WABASS11969_1_1,WABASSO WABASS11969_1 1 (LN/ALTW/NSP),CEDAR MTN-LYON COUNTY 345 1 (0956),15:00,-1399.8,
07/16/2024,29690.0,454482.0,New_Carisl_Bosserman_138_2_flo_New_Carisl_Bosser,BSMN_NIP BOS-NEW2_NIP 1 (LN/NIPS/AEP),NEW CARLISLE-BOSSERMAN 138 1,15:00,-148.11,
07/16/2024,27742.0,377193.0,TEMP66_Brookings_Aurora_115_kV_FLO_White_Split_R,AURORAWA AURORA_BROOKNG A (LN/WAUE/WAUE),WHITE-SPLIT ROCK_345,15:00,-1356.44,
07/16/2024,26013.0,337116.0,TMP557_MRYVL_SJ_BRADDCTR_161_KV_FTLO_MARYVIL_CRE,MRYVL_SJ MRYVLBRADD16_1 1 (LN/MPS/MEC),CRESTON-MARYVILLE_161,15:00,-1471.65,
07/16/2024,,348158.0,EA50006_BUTERF_HS_EHV_BUTERF3_A,BUTERF HS_EHV_BUTERF3 A (LN/EAI/EAI),SHERIDAN - MAGNET COVE 500,15:05,-138.22,
07/16/2024,,307216.0,EA50022_INDEP2_INDEP2_MOREFL5_A,INDEP2 INDEP2_MOREFL5 A (LN/EAI/EAI),INDEPENDENCE - POWERLINE  500,15:05,-214.14,
07/16/2024,,452843.0,NSP34056_WABASSO_WABASS11969_1_1,WABASSO WABASS11969_1 1 (LN/ALTW/NSP),CEDAR MTN-LYON COUNTY 345 1 (0956),15:05,-1500.0,
07/16/2024,29690.0,454482.0,New_Carisl_Bosserman_138_2_flo_New_Carisl_Bosser,BSMN_NIP BOS-NEW2_NIP 1 (LN/NIPS/AEP),NEW CARLISLE-BOSSERMAN 138 1,15:05,-1759.6,
07/16/2024,27742.0,377193.0,TEMP66_Brookings_Aurora_115_kV_FLO_White_Split_R,AURORAWA AURORA_BROOKNG A (LN/WAUE/WAUE),WHITE-SPLIT ROCK_345,15:05,-1087.99,
07/16/2024,26013.0,337116.0,TMP557_MRYVL_SJ_BRADDCTR_161_KV_FTLO_MARYVIL_CRE,MRYVL_SJ MRYVLBRADD16_1 1 (LN/MPS/MEC),CRESTON-MARYVILLE_161,15:05,-1466.58,
07/16/2024,,348158.0,EA50006_BUTERF_HS_EHV_BUTERF3_A,BUTERF HS_EHV_BUTERF3 A (LN/EAI/EAI),SHERIDAN - MAGNET COVE 500,15:10,-70.26,
07/16/2024,,307216.0,EA50022_INDEP2_INDEP2_MOREFL5_A,INDEP2 INDEP2_MOREFL5 A (LN/EAI/EAI),INDEPENDENCE - POWERLINE  500,15:10,-119.62,
07/16/2024,,453132.0,NSP34056_MARS_SS_LYON_MARS_11_1_1,MARS_SS LYON_MARS_11_1 1 (LN/NSP/NSP),CEDAR MTN-LYON COUNTY 345 1 (0956),15:10,-47.31,
07/16/2024,,452843.0,NSP34056_WABASSO_WABASS11969_1_1,WABASSO WABASS11969_1 1 (LN/ALTW/NSP),CEDAR MTN-LYON COUNTY 345 1 (0956),15:10,-1500.0,
07/16/2024,29690.0,454482.0,New_Carisl_Bosserman_138_2_flo_New_Carisl_Bosser,BSMN_NIP BOS-NEW2_NIP 1 (LN/NIPS/AEP),NEW CARLISLE-BOSSERMAN 138 1,15:10,-2000.0,
07/16/2024,27742.0,377193.0,TEMP66_Brookings_Aurora_115_kV_FLO_White_Split_R,AURORAWA AURORA_BROOKNG A (LN/WAUE/WAUE),WHITE-SPLIT ROCK_345,15:10,-1803.67,
07/16/2024,26013.0,337116.0,TMP557_MRYVL_SJ_BRADDCTR_161_KV_FTLO_MARYVIL_CRE,MRYVL_SJ MRYVLBRADD16_1 1 (LN/MPS/MEC),CRESTON-MARYVILLE_161,15:10,-1493.89,
07/16/2024,,348158.0,EA50006_BUTERF_HS_EHV_BUTERF3_A,BUTERF HS_EHV_BUTERF3 A (LN/EAI/EAI),SHERIDAN - MAGNET COVE 500,15:15,-700.0,
07/16/2024,,453132.0,NSP34056_MARS_SS_LYON_MARS_11_1_1,MARS_SS LYON_MARS_11_1 1 (LN/NSP/NSP),CEDAR MTN-LYON COUNTY 345 1 (0956),15:15,-108.09,
07/16/2024,,452843.0,NSP34056_WABASSO_WABASS11969_1_1,WABASSO WABASS11969_1 1 (LN/ALTW/NSP),CEDAR MTN-LYON COUNTY 345 1 (0956),15:15,-1500.0,
07/16/2024,29690.0,454482.0,New_Carisl_Bosserman_138_2_flo_New_Carisl_Bosser,BSMN_NIP BOS-NEW2_NIP 1 (LN/NIPS/AEP),NEW CARLISLE-BOSSERMAN 138 1,15:15,-2000.0,
07/16/2024,27742.0,377193.0,TEMP66_Brookings_Aurora_115_kV_FLO_White_Split_R,AURORAWA AURORA_BROOKNG A (LN/WAUE/WAUE),WHITE-SPLIT ROCK_345,15:15,-1999.42,
07/16/2024,26013.0,337116.0,TMP557_MRYVL_SJ_BRADDCTR_161_KV_FTLO_MARYVIL_CRE,MRYVL_SJ MRYVLBRADD16_1 1 (LN/MPS/MEC),CRESTON-MARYVILLE_161,15:15,-1475.85,
07/16/2024,,348158.0,EA50006_BUTERF_HS_EHV_BUTERF3_A,BUTERF HS_EHV_BUTERF3 A (LN/EAI/EAI),SHERIDAN - MAGNET COVE 500,15:20,-85.14,
07/16/2024,,307216.0,EA50022_INDEP2_INDEP2_MOREFL5_A,INDEP2 INDEP2_MOREFL5 A (LN/EAI/EAI),INDEPENDENCE - POWERLINE  500,15:20,-104.66,
07/16/2024,,455452.0,FEITC04_LULU_MONROLULU_34_1,LULU MONROLULU_34 1 (LN/DECO/DECO),MONROE - LALLENDORF 345,15:20,-110.0,
07/16/2024,,452843.0,NSP34056_WABASSO_WABASS11969_1_1,WABASSO WABASS11969_1 1 (LN/ALTW/NSP),CEDAR MTN-LYON COUNTY 345 1 (0956),15:20,-1446.64,
07/16/2024,29690.0,454482.0,New_Carisl_Bosserman_138_2_flo_New_Carisl_Bosser,BSMN_NIP BOS-NEW2_NIP 1 (LN/NIPS/AEP),NEW CARLISLE-BOSSERMAN 138 1,15:20,-193.32,
07/16/2024,27742.0,377193.0,TEMP66_Brookings_Aurora_115_kV_FLO_White_Split_R,AURORAWA AURORA_BROOKNG A (LN/WAUE/WAUE),WHITE-SPLIT ROCK_345,15:20,-681.94,
07/16/2024,26013.0,337116.0,TMP557_MRYVL_SJ_BRADDCTR_161_KV_FTLO_MARYVIL_CRE,MRYVL_SJ MRYVLBRADD16_1 1 (LN/MPS/MEC),CRESTON-MARYVILLE_161,15:20,-1493.89,
07/16/2024,,348158.0,EA50006_BUTERF_HS_EHV_BUTERF3_A,BUTERF HS_EHV_BUTERF3 A (LN/EAI/EAI),SHERIDAN - MAGNET COVE 500,15:25,-61.61,
07/16/2024,,452843.0,NSP34056_WABASSO_WABASS11969_1_1,WABASSO WABASS11969_1 1 (LN/ALTW/NSP),CEDAR MTN-LYON COUNTY 345 1 (0956),15:25,-1447.11,
07/16/2024,29690.0,454482.0,New_Carisl_Bosserman_138_2_flo_New_Carisl_Bosser,BSMN_NIP BOS-NEW2_NIP 1 (LN/NIPS/AEP),NEW CARLISLE-BOSSERMAN 138 1,15:25,-664.98,
07/16/2024,27742.0,377193.0,TEMP66_Brookings_Aurora_115_kV_FLO_White_Split_R,AURORAWA AURORA_BROOKNG A (LN/WAUE/WAUE),WHITE-SPLIT ROCK_345,15:25,-643.51,
07/16/2024,26013.0,337116.0,TMP557_MRYVL_SJ_BRADDCTR_161_KV_FTLO_MARYVIL_CRE,MRYVL_SJ MRYVLBRADD16_1 1 (LN/MPS/MEC),CRESTON-MARYVILLE_161,15:25,-1491.73,
07/16/2024,,348158.0,EA50006_BUTERF_HS_EHV_BUTERF3_A,BUTERF HS_EHV_BUTERF3 A (LN/EAI/EAI),SHERIDAN - MAGNET COVE 500,15:30,-76.22,
07/16/2024,,307216.0,EA50022_INDEP2_INDEP2_MOREFL5_A,INDEP2 INDEP2_MOREFL5 A (LN/EAI/EAI),INDEPENDENCE - POWERLINE  500,15:30,-92.49,
07/16/2024,,455452.0,FEITC04_LULU_MONROLULU_34_1,LULU MONROLULU_34 1 (LN/DECO/DECO),MONROE - LALLENDORF 345,15:30,-22.85,
07/16/2024,,452843.0,NSP34056_WABASSO_WABASS11969_1_1,WABASSO WABASS11969_1 1 (LN/ALTW/NSP),CEDAR MTN-LYON COUNTY 345 1 (0956),15:30,-1500.0,
07/16/2024,29690.0,454482.0,New_Carisl_Bosserman_138_2_flo_New_Carisl_Bosser,BSMN_NIP BOS-NEW2_NIP 1 (LN/NIPS/AEP),NEW CARLISLE-BOSSERMAN 138 1,15:30,-629.53,
07/16/2024,27742.0,377193.0,TEMP66_Brookings_Aurora_115_kV_FLO_White_Split_R,AURORAWA AURORA_BROOKNG A (LN/WAUE/WAUE),WHITE-SPLIT ROCK_345,15:30,-737.9,
07/16/2024,26013.0,337116.0,TMP557_MRYVL_SJ_BRADDCTR_161_KV_FTLO_MARYVIL_CRE,MRYVL_SJ MRYVLBRADD16_1 1 (LN/MPS/MEC),CRESTON-MARYVILLE_161,15:30,-1497.77,
07/16/2024,,455529.0,ALENSP1_BRIGGSRD_TR9_TR9_2,BRIGGSRD TR9 TR9_2 (XF/NSP/*),KING - EAU CLAIRE 345,15:35,-20.82,
07/16/2024,,348158.0,EA50006_BUTERF_HS_EHV_BUTERF3_A,BUTERF HS_EHV_BUTERF3 A (LN/EAI/EAI),SHERIDAN - MAGNET COVE 500,15:35,-79.29,
07/16/2024,,307216.0,EA50022_INDEP2_INDEP2_MOREFL5_A,INDEP2 INDEP2_MOREFL5 A (LN/EAI/EAI),INDEPENDENCE - POWERLINE  500,15:35,-98.59,
07/16/2024,,452843.0,NSP34056_WABASSO_WABASS11969_1_1,WABASSO WABASS11969_1 1 (LN/ALTW/NSP),CEDAR MTN-LYON COUNTY 345 1 (0956),15:35,-1461.29,
07/16/2024,29690.0,454482.0,New_Carisl_Bosserman_138_2_flo_New_Carisl_Bosser,BSMN_NIP BOS-NEW2_NIP 1 (LN/NIPS/AEP),NEW CARLISLE-BOSSERMAN 138 1,15:35,-961.48,
07/16/2024,27742.0,377193.0,TEMP66_Brookings_Aurora_115_kV_FLO_White_Split_R,AURORAWA AURORA_BROOKNG A (LN/WAUE/WAUE),WHITE-SPLIT ROCK_345,15:35,-801.13,
07/16/2024,26013.0,337116.0,TMP557_MRYVL_SJ_BRADDCTR_161_KV_FTLO_MARYVIL_CRE,MRYVL_SJ MRYVLBRADD16_1 1 (LN/MPS/MEC),CRESTON-MARYVILLE_161,15:35,-1497.57,
07/16/2024,,455529.0,ALENSP1_BRIGGSRD_TR9_TR9_2,BRIGGSRD TR9 TR9_2 (XF/NSP/*),KING - EAU CLAIRE 345,15:40,-4.7,
07/16/2024,,348158.0,EA50006_BUTERF_HS_EHV_BUTERF3_A,BUTERF HS_EHV_BUTERF3 A (LN/EAI/EAI),SHERIDAN - MAGNET COVE 500,15:40,-60.1,
07/16/2024,,307216.0,EA50022_INDEP2_INDEP2_MOREFL5_A,INDEP2 INDEP2_MOREFL5 A (LN/EAI/EAI),INDEPENDENCE - POWERLINE  500,15:40,-66.1,
07/16/2024,,455452.0,FEITC04_LULU_MONROLULU_34_1,LULU MONROLULU_34 1 (LN/DECO/DECO),MONROE - LALLENDORF 345,15:40,-73.51,
07/16/2024,,452843.0,NSP34056_WABASSO_WABASS11969_1_1,WABASSO WABASS11969_1 1 (LN/ALTW/NSP),CEDAR MTN-LYON COUNTY 345 1 (0956),15:40,-1407.07,
07/16/2024,29690.0,454482.0,New_Carisl_Bosserman_138_2_flo_New_Carisl_Bosser,BSMN_NIP BOS-NEW2_NIP 1 (LN/NIPS/AEP),NEW CARLISLE-BOSSERMAN 138 1,15:40,-61.88,
07/16/2024,27742.0,377193.0,TEMP66_Brookings_Aurora_115_kV_FLO_White_Split_R,AURORAWA AURORA_BROOKNG A (LN/WAUE/WAUE),WHITE-SPLIT ROCK_345,15:40,-615.27,
07/16/2024,26013.0,337116.0,TMP557_MRYVL_SJ_BRADDCTR_161_KV_FTLO_MARYVIL_CRE,MRYVL_SJ MRYVLBRADD16_1 1 (LN/MPS/MEC),CRESTON-MARYVILLE_161,15:40,-1498.45,
07/16/2024,,348158.0,EA50006_BUTERF_HS_EHV_BUTERF3_A,BUTERF HS_EHV_BUTERF3 A (LN/EAI/EAI),SHERIDAN - MAGNET COVE 500,15:45,-67.27,
07/16/2024,,307216.0,EA50022_INDEP2_INDEP2_MOREFL5_A,INDEP2 INDEP2_MOREFL5 A (LN/EAI/EAI),INDEPENDENCE - POWERLINE  500,15:45,-75.25,
07/16/2024,29718.0,455452.0,FEITC04_LULU_MONROLULU_34_1,LULU MONROLULU_34 1 (LN/DECO/DECO),MONROE - LALLENDORF 345,15:45,-21.18,
07/16/2024,,452843.0,NSP34056_WABASSO_WABASS11969_1_1,WABASSO WABASS11969_1 1 (LN/ALTW/NSP),CEDAR MTN-LYON COUNTY 345 1 (0956),15:45,-1313.11,
07/16/2024,29690.0,454482.0,New_Carisl_Bosserman_138_2_flo_New_Carisl_Bosser,BSMN_NIP BOS-NEW2_NIP 1 (LN/NIPS/AEP),NEW CARLISLE-BOSSERMAN 138 1,15:45,-519.15,
07/16/2024,27742.0,377193.0,TEMP66_Brookings_Aurora_115_kV_FLO_White_Split_R,AURORAWA AURORA_BROOKNG A (LN/WAUE/WAUE),WHITE-SPLIT ROCK_345,15:45,-1014.64,
07/16/2024,26013.0,337116.0,TMP557_MRYVL_SJ_BRADDCTR_161_KV_FTLO_MARYVIL_CRE,MRYVL_SJ MRYVLBRADD16_1 1 (LN/MPS/MEC),CRESTON-MARYVILLE_161,15:45,-1370.97,
07/16/2024,,348158.0,EA50006_BUTERF_HS_EHV_BUTERF3_A,BUTERF HS_EHV_BUTERF3 A (LN/EAI/EAI),SHERIDAN - MAGNET COVE 500,15:50,-189.79,
07/16/2024,,307216.0,EA50022_INDEP2_INDEP2_MOREFL5_A,INDEP2 INDEP2_MOREFL5 A (LN/EAI/EAI),INDEPENDENCE - POWERLINE  500,15:50,-796.97,
07/16/2024,,453132.0,NSP34056_MARS_SS_LYON_MARS_11_1_1,MARS_SS LYON_MARS_11_1 1 (LN/NSP/NSP),CEDAR MTN-LYON COUNTY 345 1 (0956),15:50,-42.51,
07/16/2024,,452843.0,NSP34056_WABASSO_WABASS11969_1_1,WABASSO WABASS11969_1 1 (LN/ALTW/NSP),CEDAR MTN-LYON COUNTY 345 1 (0956),15:50,-1500.0,
07/16/2024,29690.0,454482.0,New_Carisl_Bosserman_138_2_flo_New_Carisl_Bosser,BSMN_NIP BOS-NEW2_NIP 1 (LN/NIPS/AEP),NEW CARLISLE-BOSSERMAN 138 1,15:50,-1687.4,
07/16/2024,27742.0,377193.0,TEMP66_Brookings_Aurora_115_kV_FLO_White_Split_R,AURORAWA AURORA_BROOKNG A (LN/WAUE/WAUE),WHITE-SPLIT ROCK_345,15:50,-1956.17,
07/16/2024,,455529.0,ALENSP1_BRIGGSRD_TR9_TR9_2,BRIGGSRD TR9 TR9_2 (XF/NSP/*),KING - EAU CLAIRE 345,15:55,-104.31,
07/16/2024,,348158.0,EA50006_BUTERF_HS_EHV_BUTERF3_A,BUTERF HS_EHV_BUTERF3 A (LN/EAI/EAI),SHERIDAN - MAGNET COVE 500,15:55,-228.1,
07/16/2024,,307216.0,EA50022_INDEP2_INDEP2_MOREFL5_A,INDEP2 INDEP2_MOREFL5 A (LN/EAI/EAI),INDEPENDENCE - POWERLINE  500,15:55,-354.42,
07/16/2024,,452843.0,NSP34056_WABASSO_WABASS11969_1_1,WABASSO WABASS11969_1 1 (LN/ALTW/NSP),CEDAR MTN-LYON COUNTY 345 1 (0956),15:55,-1383.16,
07/16/2024,29690.0,454482.0,New_Carisl_Bosserman_138_2_flo_New_Carisl_Bosser,BSMN_NIP BOS-NEW2_NIP 1 (LN/NIPS/AEP),NEW CARLISLE-BOSSERMAN 138 1,15:55,-1066.39,
07/16/2024,27742.0,377193.0,TEMP66_Brookings_Aurora_115_kV_FLO_White_Split_R,AURORAWA AURORA_BROOKNG A (LN/WAUE/WAUE),WHITE-SPLIT ROCK_345,15:55,-556.98,
07/16/2024,,348158.0,EA50006_BUTERF_HS_EHV_BUTERF3_A,BUTERF HS_EHV_BUTERF3 A (LN/EAI/EAI),SHERIDAN - MAGNET COVE 500,16:00,-193.81,
07/16/2024,,307216.0,EA50022_INDEP2_INDEP2_MOREFL5_A,INDEP2 INDEP2_MOREFL5 A (LN/EAI/EAI),INDEPENDENCE - POWERLINE  500,16:00,-212.01,
07/16/2024,,452843.0,NSP34056_WABASSO_WABASS11969_1_1,WABASSO WABASS11969_1 1 (LN/ALTW/NSP),CEDAR MTN-LYON COUNTY 345 1 (0956),16:00,-1357.21,
07/16/2024,29690.0,454482.0,New_Carisl_Bosserman_138_2_flo_New_Carisl_Bosser,BSMN_NIP BOS-NEW2_NIP 1 (LN/NIPS/AEP),NEW CARLISLE-BOSSERMAN 138 1,16:00,-185.22,
07/16/2024,27742.0,377193.0,TEMP66_Brookings_Aurora_115_kV_FLO_White_Split_R,AURORAWA AURORA_BROOKNG A (LN/WAUE/WAUE),WHITE-SPLIT ROCK_345,16:00,-728.22,
07/16/2024,,348158.0,EA50006_BUTERF_HS_EHV_BUTERF3_A,BUTERF HS_EHV_BUTERF3 A (LN/EAI/EAI),SHERIDAN - MAGNET COVE 500,16:05,-190.74,
07/16/2024,,307216.0,EA50022_INDEP2_INDEP2_MOREFL5_A,INDEP2 INDEP2_MOREFL5 A (LN/EAI/EAI),INDEPENDENCE - POWERLINE  500,16:05,-206.98,
07/16/2024,,452843.0,NSP34056_WABASSO_WABASS11969_1_1,WABASSO WABASS11969_1 1 (LN/ALTW/NSP),CEDAR MTN-LYON COUNTY 345 1 (0956),16:05,-1287.28,
07/16/2024,27742.0,377193.0,TEMP66_Brookings_Aurora_115_kV_FLO_White_Split_R,AURORAWA AURORA_BROOKNG A (LN/WAUE/WAUE),WHITE-SPLIT ROCK_345,16:05,-602.33,
07/16/2024,,348158.0,EA50006_BUTERF_HS_EHV_BUTERF3_A,BUTERF HS_EHV_BUTERF3 A (LN/EAI/EAI),SHERIDAN - MAGNET COVE 500,16:10,-155.62,
07/16/2024,,307216.0,EA50022_INDEP2_INDEP2_MOREFL5_A,INDEP2 INDEP2_MOREFL5 A (LN/EAI/EAI),INDEPENDENCE - POWERLINE  500,16:10,-478.73,
07/16/2024,,452843.0,NSP34056_WABASSO_WABASS11969_1_1,WABASSO WABASS11969_1 1 (LN/ALTW/NSP),CEDAR MTN-LYON COUNTY 345 1 (0956),16:10,-1201.16,
07/16/2024,27742.0,377193.0,TEMP66_Brookings_Aurora_115_kV_FLO_White_Split_R,AURORAWA AURORA_BROOKNG A (LN/WAUE/WAUE),WHITE-SPLIT ROCK_345,16:10,-839.12,
07/16/2024,,348158.0,EA50006_BUTERF_HS_EHV_BUTERF3_A,BUTERF HS_EHV_BUTERF3 A (LN/EAI/EAI),SHERIDAN - MAGNET COVE 500,16:15,-196.83,
07/16/2024,,307216.0,EA50022_INDEP2_INDEP2_MOREFL5_A,INDEP2 INDEP2_MOREFL5 A (LN/EAI/EAI),INDEPENDENCE - POWERLINE  500,16:15,-326.48,
07/16/2024,,452843.0,NSP34056_WABASSO_WABASS11969_1_1,WABASSO WABASS11969_1 1 (LN/ALTW/NSP),CEDAR MTN-LYON COUNTY 345 1 (0956),16:15,-1184.8,
07/16/2024,27742.0,377193.0,TEMP66_Brookings_Aurora_115_kV_FLO_White_Split_R,AURORAWA AURORA_BROOKNG A (LN/WAUE/WAUE),WHITE-SPLIT ROCK_345,16:15,-754.3,
07/16/2024,,348158.0,EA50006_BUTERF_HS_EHV_BUTERF3_A,BUTERF HS_EHV_BUTERF3 A (LN/EAI/EAI),SHERIDAN - MAGNET COVE 500,16:20,-218.23,
07/16/2024,,307216.0,EA50022_INDEP2_INDEP2_MOREFL5_A,INDEP2 INDEP2_MOREFL5 A (LN/EAI/EAI),INDEPENDENCE - POWERLINE  500,16:20,-258.27,
07/16/2024,,452843.0,NSP34056_WABASSO_WABASS11969_1_1,WABASSO WABASS11969_1 1 (LN/ALTW/NSP),CEDAR MTN-LYON COUNTY 345 1 (0956),16:20,-1153.07,
07/16/2024,27742.0,377193.0,TEMP66_Brookings_Aurora_115_kV_FLO_White_Split_R,AURORAWA AURORA_BROOKNG A (LN/WAUE/WAUE),WHITE-SPLIT ROCK_345,16:20,-696.77,
07/16/2024,,348158.0,EA50006_BUTERF_HS_EHV_BUTERF3_A,BUTERF HS_EHV_BUTERF3 A (LN/EAI/EAI),SHERIDAN - MAGNET COVE 500,16:25,-177.62,
07/16/2024,,307216.0,EA50022_INDEP2_INDEP2_MOREFL5_A,INDEP2 INDEP2_MOREFL5 A (LN/EAI/EAI),INDEPENDENCE - POWERLINE  500,16:25,-275.47,
07/16/2024,,452843.0,NSP34056_WABASSO_WABASS11969_1_1,WABASSO WABASS11969_1 1 (LN/ALTW/NSP),CEDAR MTN-LYON COUNTY 345 1 (0956),16:25,-1178.06,
07/16/2024,27742.0,377193.0,TEMP66_Brookings_Aurora_115_kV_FLO_White_Split_R,AURORAWA AURORA_BROOKNG A (LN/WAUE/WAUE),WHITE-SPLIT ROCK_345,16:25,-714.09,
07/16/2024,,348158.0,EA50006_BUTERF_HS_EHV_BUTERF3_A,BUTERF HS_EHV_BUTERF3 A (LN/EAI/EAI),SHERIDAN - MAGNET COVE 500,16:30,-135.64000000000001,
07/16/2024,,307216.0,EA50022_INDEP2_INDEP2_MOREFL5_A,INDEP2 INDEP2_MOREFL5 A (LN/EAI/EAI),INDEPENDENCE - POWERLINE  500,16:30,-162.5,
07/16/2024,,452843.0,NSP34056_WABASSO_WABASS11969_1_1,WABASSO WABASS11969_1 1 (LN/ALTW/NSP),CEDAR MTN-LYON COUNTY 345 1 (0956),16:30,-1215.05,
07/16/2024,29690.0,454482.0,New_Carisl_Bosserman_138_2_flo_New_Carisl_Bosser,BSMN_NIP BOS-NEW2_NIP 1 (LN/NIPS/AEP),NEW CARLISLE-BOSSERMAN 138 1,16:30,-280.35,
07/16/2024,27742.0,377193.0,TEMP66_Brookings_Aurora_115_kV_FLO_White_Split_R,AURORAWA AURORA_BROOKNG A (LN/WAUE/WAUE),WHITE-SPLIT ROCK_345,16:30,-248.75,
07/16/2024,,348158.0,EA50006_BUTERF_HS_EHV_BUTERF3_A,BUTERF HS_EHV_BUTERF3 A (LN/EAI/EAI),SHERIDAN - MAGNET COVE 500,16:35,-160.01,
07/16/2024,,307216.0,EA50022_INDEP2_INDEP2_MOREFL5_A,INDEP2 INDEP2_MOREFL5 A (LN/EAI/EAI),INDEPENDENCE - POWERLINE  500,16:35,-203.37,
07/16/2024,,452843.0,NSP34056_WABASSO_WABASS11969_1_1,WABASSO WABASS11969_1 1 (LN/ALTW/NSP),CEDAR MTN-LYON COUNTY 345 1 (0956),16:35,-1119.65,
07/16/2024,27742.0,377193.0,TEMP66_Brookings_Aurora_115_kV_FLO_White_Split_R,AURORAWA AURORA_BROOKNG A (LN/WAUE/WAUE),WHITE-SPLIT ROCK_345,16:35,-630.1800000000001,
07/16/2024,,348158.0,EA50006_BUTERF_HS_EHV_BUTERF3_A,BUTERF HS_EHV_BUTERF3 A (LN/EAI/EAI),SHERIDAN - MAGNET COVE 500,16:40,-225.69,
07/16/2024,,307216.0,EA50022_INDEP2_INDEP2_MOREFL5_A,INDEP2 INDEP2_MOREFL5 A (LN/EAI/EAI),INDEPENDENCE - POWERLINE  500,16:40,-45.97,
07/16/2024,,452843.0,NSP34056_WABASSO_WABASS11969_1_1,WABASSO WABASS11969_1 1 (LN/ALTW/NSP),CEDAR MTN-LYON COUNTY 345 1 (0956),16:40,-1151.1100000000001,
07/16/2024,27742.0,377193.0,TEMP66_Brookings_Aurora_115_kV_FLO_White_Split_R,AURORAWA AURORA_BROOKNG A (LN/WAUE/WAUE),WHITE-SPLIT ROCK_345,16:40,-136.51,
07/16/2024,,268338.0,ALE13133_NLAKEGE0_NLG_WAL_NL,NLAKEGE0 NLG_WAL NL (LN/ALTE/ALTE),ELKHORN-NORTH LAKE GENEVA 138 X-55,16:45,-55.16,
07/16/2024,,348158.0,EA50006_BUTERF_HS_EHV_BUTERF3_A,BUTERF HS_EHV_BUTERF3 A (LN/EAI/EAI),SHERIDAN - MAGNET COVE 500,16:45,-133.76,
07/16/2024,,307216.0,EA50022_INDEP2_INDEP2_MOREFL5_A,INDEP2 INDEP2_MOREFL5 A (LN/EAI/EAI),INDEPENDENCE - POWERLINE  500,16:45,-77.37,
07/16/2024,,453132.0,NSP34056_MARS_SS_LYON_MARS_11_1_1,MARS_SS LYON_MARS_11_1 1 (LN/NSP/NSP),CEDAR MTN-LYON COUNTY 345 1 (0956),16:45,-36.32,
07/16/2024,,452843.0,NSP34056_WABASSO_WABASS11969_1_1,WABASSO WABASS11969_1 1 (LN/ALTW/NSP),CEDAR MTN-LYON COUNTY 345 1 (0956),16:45,-892.95,
07/16/2024,27742.0,377193.0,TEMP66_Brookings_Aurora_115_kV_FLO_White_Split_R,AURORAWA AURORA_BROOKNG A (LN/WAUE/WAUE),WHITE-SPLIT ROCK_345,16:45,-161.31,
07/16/2024,,348158.0,EA50006_BUTERF_HS_EHV_BUTERF3_A,BUTERF HS_EHV_BUTERF3 A (LN/EAI/EAI),SHERIDAN - MAGNET COVE 500,16:50,-125.44,
07/16/2024,,307216.0,EA50022_INDEP2_INDEP2_MOREFL5_A,INDEP2 INDEP2_MOREFL5 A (LN/EAI/EAI),INDEPENDENCE - POWERLINE  500,16:50,-148.41,
07/16/2024,,452843.0,NSP34056_WABASSO_WABASS11969_1_1,WABASSO WABASS11969_1 1 (LN/ALTW/NSP),CEDAR MTN-LYON COUNTY 345 1 (0956),16:50,-1073.24,
07/16/2024,27742.0,377193.0,TEMP66_Brookings_Aurora_115_kV_FLO_White_Split_R,AURORAWA AURORA_BROOKNG A (LN/WAUE/WAUE),WHITE-SPLIT ROCK_345,16:50,-16.27,
07/16/2024,,348158.0,EA50006_BUTERF_HS_EHV_BUTERF3_A,BUTERF HS_EHV_BUTERF3 A (LN/EAI/EAI),SHERIDAN - MAGNET COVE 500,16:55,-126.25,
07/16/2024,,307216.0,EA50022_INDEP2_INDEP2_MOREFL5_A,INDEP2 INDEP2_MOREFL5 A (LN/EAI/EAI),INDEPENDENCE - POWERLINE  500,16:55,-155.86,
07/16/2024,,453132.0,NSP34056_MARS_SS_LYON_MARS_11_1_1,MARS_SS LYON_MARS_11_1 1 (LN/NSP/NSP),CEDAR MTN-LYON COUNTY 345 1 (0956),16:55,-37.42,
07/16/2024,,452843.0,NSP34056_WABASSO_WABASS11969_1_1,WABASSO WABASS11969_1 1 (LN/ALTW/NSP),CEDAR MTN-LYON COUNTY 345 1 (0956),16:55,-827.17,
07/16/2024,27742.0,377193.0,TEMP66_Brookings_Aurora_115_kV_FLO_White_Split_R,AURORAWA AURORA_BROOKNG A (LN/WAUE/WAUE),WHITE-SPLIT ROCK_345,16:55,-73.22,
07/16/2024,,348158.0,EA50006_BUTERF_HS_EHV_BUTERF3_A,BUTERF HS_EHV_BUTERF3 A (LN/EAI/EAI),SHERIDAN - MAGNET COVE 500,17:00,-23.66,
07/16/2024,,307216.0,EA50022_INDEP2_INDEP2_MOREFL5_A,INDEP2 INDEP2_MOREFL5 A (LN/EAI/EAI),INDEPENDENCE - POWERLINE  500,17:00,-157.27,
07/16/2024,29697.0,454917.0,Freeport_Mendenhal_161kV_FLO_Freeport_Cordova_50,5MENDH89 MENDHL_FREEP 1 (LN/TVA/TVA),FREEPORT - CORDOVA 500,17:00,-671.16,
07/16/2024,,9768.0,MGE69009_EASTCAMP_6976_1,EASTCAMP 6976 1 (LN/MGE/MGE),EAST CAMPUS-WALNUT 69 (6975),17:00,-0.27,
07/16/2024,,453132.0,NSP34056_MARS_SS_LYON_MARS_11_1_1,MARS_SS LYON_MARS_11_1 1 (LN/NSP/NSP),CEDAR MTN-LYON COUNTY 345 1 (0956),17:00,-37.0,
07/16/2024,,452843.0,NSP34056_WABASSO_WABASS11969_1_1,WABASSO WABASS11969_1 1 (LN/ALTW/NSP),CEDAR MTN-LYON COUNTY 345 1 (0956),17:00,-839.88,
07/16/2024,27742.0,377193.0,TEMP66_Brookings_Aurora_115_kV_FLO_White_Split_R,AURORAWA AURORA_BROOKNG A (LN/WAUE/WAUE),WHITE-SPLIT ROCK_345,17:00,-69.66,
07/16/2024,,348158.0,EA50006_BUTERF_HS_EHV_BUTERF3_A,BUTERF HS_EHV_BUTERF3 A (LN/EAI/EAI),SHERIDAN - MAGNET COVE 500,17:05,-74.33,
07/16/2024,,307216.0,EA50022_INDEP2_INDEP2_MOREFL5_A,INDEP2 INDEP2_MOREFL5 A (LN/EAI/EAI),INDEPENDENCE - POWERLINE  500,17:05,-74.37,
07/16/2024,,9768.0,MGE69009_EASTCAMP_6976_1,EASTCAMP 6976 1 (LN/MGE/MGE),EAST CAMPUS-WALNUT 69 (6975),17:05,-1.25,
07/16/2024,,453132.0,NSP34056_MARS_SS_LYON_MARS_11_1_1,MARS_SS LYON_MARS_11_1 1 (LN/NSP/NSP),CEDAR MTN-LYON COUNTY 345 1 (0956),17:05,-97.41,
07/16/2024,,452843.0,NSP34056_WABASSO_WABASS11969_1_1,WABASSO WABASS11969_1 1 (LN/ALTW/NSP),CEDAR MTN-LYON COUNTY 345 1 (0956),17:05,-400.0,
07/16/2024,27742.0,377193.0,TEMP66_Brookings_Aurora_115_kV_FLO_White_Split_R,AURORAWA AURORA_BROOKNG A (LN/WAUE/WAUE),WHITE-SPLIT ROCK_345,17:05,-108.65,
07/16/2024,,348158.0,EA50006_BUTERF_HS_EHV_BUTERF3_A,BUTERF HS_EHV_BUTERF3 A (LN/EAI/EAI),SHERIDAN - MAGNET COVE 500,17:10,-5.54,
07/16/2024,,307216.0,EA50022_INDEP2_INDEP2_MOREFL5_A,INDEP2 INDEP2_MOREFL5 A (LN/EAI/EAI),INDEPENDENCE - POWERLINE  500,17:10,-53.57,
07/16/2024,29697.0,454917.0,Freeport_Mendenhal_161kV_FLO_Freeport_Cordova_50,5MENDH89 MENDHL_FREEP 1 (LN/TVA/TVA),FREEPORT - CORDOVA 500,17:10,-334.53,
07/16/2024,,453132.0,NSP34056_MARS_SS_LYON_MARS_11_1_1,MARS_SS LYON_MARS_11_1 1 (LN/NSP/NSP),CEDAR MTN-LYON COUNTY 345 1 (0956),17:10,-106.27,
07/16/2024,,452843.0,NSP34056_WABASSO_WABASS11969_1_1,WABASSO WABASS11969_1 1 (LN/ALTW/NSP),CEDAR MTN-LYON COUNTY 345 1 (0956),17:10,-400.0,
07/16/2024,27742.0,377193.0,TEMP66_Brookings_Aurora_115_kV_FLO_White_Split_R,AURORAWA AURORA_BROOKNG A (LN/WAUE/WAUE),WHITE-SPLIT ROCK_345,17:10,-197.42,
07/16/2024,,348158.0,EA50006_BUTERF_HS_EHV_BUTERF3_A,BUTERF HS_EHV_BUTERF3 A (LN/EAI/EAI),SHERIDAN - MAGNET COVE 500,17:15,-75.67,
07/16/2024,,307216.0,EA50022_INDEP2_INDEP2_MOREFL5_A,INDEP2 INDEP2_MOREFL5 A (LN/EAI/EAI),INDEPENDENCE - POWERLINE  500,17:15,-40.75,
07/16/2024,,9768.0,MGE69009_EASTCAMP_6976_1,EASTCAMP 6976 1 (LN/MGE/MGE),EAST CAMPUS-WALNUT 69 (6975),17:15,-2.82,
07/16/2024,,453132.0,NSP34056_MARS_SS_LYON_MARS_11_1_1,MARS_SS LYON_MARS_11_1 1 (LN/NSP/NSP),CEDAR MTN-LYON COUNTY 345 1 (0956),17:15,-157.64000000000001,
07/16/2024,27742.0,377193.0,TEMP66_Brookings_Aurora_115_kV_FLO_White_Split_R,AURORAWA AURORA_BROOKNG A (LN/WAUE/WAUE),WHITE-SPLIT ROCK_345,17:15,-83.94,
07/16/2024,,348158.0,EA50006_BUTERF_HS_EHV_BUTERF3_A,BUTERF HS_EHV_BUTERF3 A (LN/EAI/EAI),SHERIDAN - MAGNET COVE 500,17:20,-75.25,
07/16/2024,,307216.0,EA50022_INDEP2_INDEP2_MOREFL5_A,INDEP2 INDEP2_MOREFL5 A (LN/EAI/EAI),INDEPENDENCE - POWERLINE  500,17:20,-64.86,
07/16/2024,,9768.0,MGE69009_EASTCAMP_6976_1,EASTCAMP 6976 1 (LN/MGE/MGE),EAST CAMPUS-WALNUT 69 (6975),17:20,-4.14,
07/16/2024,,453132.0,NSP34056_MARS_SS_LYON_MARS_11_1_1,MARS_SS LYON_MARS_11_1 1 (LN/NSP/NSP),CEDAR MTN-LYON COUNTY 345 1 (0956),17:20,-157.68,
07/16/2024,27742.0,377193.0,TEMP66_Brookings_Aurora_115_kV_FLO_White_Split_R,AURORAWA AURORA_BROOKNG A (LN/WAUE/WAUE),WHITE-SPLIT ROCK_345,17:20,-147.46,
07/16/2024,,348158.0,EA50006_BUTERF_HS_EHV_BUTERF3_A,BUTERF HS_EHV_BUTERF3 A (LN/EAI/EAI),SHERIDAN - MAGNET COVE 500,17:25,-75.17,
07/16/2024,,307216.0,EA50022_INDEP2_INDEP2_MOREFL5_A,INDEP2 INDEP2_MOREFL5 A (LN/EAI/EAI),INDEPENDENCE - POWERLINE  500,17:25,-77.38,
07/16/2024,29697.0,454917.0,Freeport_Mendenhal_161kV_FLO_Freeport_Cordova_50,5MENDH89 MENDHL_FREEP 1 (LN/TVA/TVA),FREEPORT - CORDOVA 500,17:25,-89.03,
07/16/2024,,9768.0,MGE69009_EASTCAMP_6976_1,EASTCAMP 6976 1 (LN/MGE/MGE),EAST CAMPUS-WALNUT 69 (6975),17:25,-7.35,
07/16/2024,,453132.0,NSP34056_MARS_SS_LYON_MARS_11_1_1,MARS_SS LYON_MARS_11_1 1 (LN/NSP/NSP),CEDAR MTN-LYON COUNTY 345 1 (0956),17:25,-164.37,
07/16/2024,27742.0,377193.0,TEMP66_Brookings_Aurora_115_kV_FLO_White_Split_R,AURORAWA AURORA_BROOKNG A (LN/WAUE/WAUE),WHITE-SPLIT ROCK_345,17:25,-227.66,
07/16/2024,,348158.0,EA50006_BUTERF_HS_EHV_BUTERF3_A,BUTERF HS_EHV_BUTERF3 A (LN/EAI/EAI),SHERIDAN - MAGNET COVE 500,17:30,-24.67,
07/16/2024,,307216.0,EA50022_INDEP2_INDEP2_MOREFL5_A,INDEP2 INDEP2_MOREFL5 A (LN/EAI/EAI),INDEPENDENCE - POWERLINE  500,17:30,-132.88,
07/16/2024,29697.0,454917.0,Freeport_Mendenhal_161kV_FLO_Freeport_Cordova_50,5MENDH89 MENDHL_FREEP 1 (LN/TVA/TVA),FREEPORT - CORDOVA 500,17:30,-658.43,
07/16/2024,,9768.0,MGE69009_EASTCAMP_6976_1,EASTCAMP 6976 1 (LN/MGE/MGE),EAST CAMPUS-WALNUT 69 (6975),17:30,-6.43,
07/16/2024,,453132.0,NSP34056_MARS_SS_LYON_MARS_11_1_1,MARS_SS LYON_MARS_11_1 1 (LN/NSP/NSP),CEDAR MTN-LYON COUNTY 345 1 (0956),17:30,-168.43,
07/16/2024,27742.0,377193.0,TEMP66_Brookings_Aurora_115_kV_FLO_White_Split_R,AURORAWA AURORA_BROOKNG A (LN/WAUE/WAUE),WHITE-SPLIT ROCK_345,17:30,-311.41,
07/16/2024,,348158.0,EA50006_BUTERF_HS_EHV_BUTERF3_A,BUTERF HS_EHV_BUTERF3 A (LN/EAI/EAI),SHERIDAN - MAGNET COVE 500,17:35,-91.35,
07/16/2024,,307216.0,EA50022_INDEP2_INDEP2_MOREFL5_A,INDEP2 INDEP2_MOREFL5 A (LN/EAI/EAI),INDEPENDENCE - POWERLINE  500,17:35,-181.22,
07/16/2024,29697.0,454917.0,Freeport_Mendenhal_161kV_FLO_Freeport_Cordova_50,5MENDH89 MENDHL_FREEP 1 (LN/TVA/TVA),FREEPORT - CORDOVA 500,17:35,-450.17,
07/16/2024,,9768.0,MGE69009_EASTCAMP_6976_1,EASTCAMP 6976 1 (LN/MGE/MGE),EAST CAMPUS-WALNUT 69 (6975),17:35,-20.61,
07/16/2024,,453132.0,NSP34056_MARS_SS_LYON_MARS_11_1_1,MARS_SS LYON_MARS_11_1 1 (LN/NSP/NSP),CEDAR MTN-LYON COUNTY 345 1 (0956),17:35,-188.28,
07/16/2024,27742.0,377193.0,TEMP66_Brookings_Aurora_115_kV_FLO_White_Split_R,AURORAWA AURORA_BROOKNG A (LN/WAUE/WAUE),WHITE-SPLIT ROCK_345,17:35,-584.87,
07/16/2024,,348158.0,EA50006_BUTERF_HS_EHV_BUTERF3_A,BUTERF HS_EHV_BUTERF3 A (LN/EAI/EAI),SHERIDAN - MAGNET COVE 500,17:40,-66.14,
07/16/2024,,307216.0,EA50022_INDEP2_INDEP2_MOREFL5_A,INDEP2 INDEP2_MOREFL5 A (LN/EAI/EAI),INDEPENDENCE - POWERLINE  500,17:40,-57.92,
07/16/2024,29697.0,454917.0,Freeport_Mendenhal_161kV_FLO_Freeport_Cordova_50,5MENDH89 MENDHL_FREEP 1 (LN/TVA/TVA),FREEPORT - CORDOVA 500,17:40,-67.75,
07/16/2024,,453132.0,NSP34056_MARS_SS_LYON_MARS_11_1_1,MARS_SS LYON_MARS_11_1 1 (LN/NSP/NSP),CEDAR MTN-LYON COUNTY 345 1 (0956),17:40,-170.29,
07/16/2024,27742.0,377193.0,TEMP66_Brookings_Aurora_115_kV_FLO_White_Split_R,AURORAWA AURORA_BROOKNG A (LN/WAUE/WAUE),WHITE-SPLIT ROCK_345,17:40,-333.74,
07/16/2024,,348158.0,EA50006_BUTERF_HS_EHV_BUTERF3_A,BUTERF HS_EHV_BUTERF3 A (LN/EAI/EAI),SHERIDAN - MAGNET COVE 500,17:45,-66.16,
07/16/2024,,307216.0,EA50022_INDEP2_INDEP2_MOREFL5_A,INDEP2 INDEP2_MOREFL5 A (LN/EAI/EAI),INDEPENDENCE - POWERLINE  500,17:45,-62.01,
07/16/2024,29697.0,454917.0,Freeport_Mendenhal_161kV_FLO_Freeport_Cordova_50,5MENDH89 MENDHL_FREEP 1 (LN/TVA/TVA),FREEPORT - CORDOVA 500,17:45,-55.77,
07/16/2024,,453132.0,NSP34056_MARS_SS_LYON_MARS_11_1_1,MARS_SS LYON_MARS_11_1 1 (LN/NSP/NSP),CEDAR MTN-LYON COUNTY 345 1 (0956),17:45,-187.74,
07/16/2024,27742.0,377193.0,TEMP66_Brookings_Aurora_115_kV_FLO_White_Split_R,AURORAWA AURORA_BROOKNG A (LN/WAUE/WAUE),WHITE-SPLIT ROCK_345,17:45,-547.69,
07/16/2024,,348158.0,EA50006_BUTERF_HS_EHV_BUTERF3_A,BUTERF HS_EHV_BUTERF3 A (LN/EAI/EAI),SHERIDAN - MAGNET COVE 500,17:50,-79.91,
07/16/2024,,307216.0,EA50022_INDEP2_INDEP2_MOREFL5_A,INDEP2 INDEP2_MOREFL5 A (LN/EAI/EAI),INDEPENDENCE - POWERLINE  500,17:50,-113.39,
07/16/2024,29697.0,454917.0,Freeport_Mendenhal_161kV_FLO_Freeport_Cordova_50,5MENDH89 MENDHL_FREEP 1 (LN/TVA/TVA),FREEPORT - CORDOVA 500,17:50,-226.53,
07/16/2024,,453132.0,NSP34056_MARS_SS_LYON_MARS_11_1_1,MARS_SS LYON_MARS_11_1 1 (LN/NSP/NSP),CEDAR MTN-LYON COUNTY 345 1 (0956),17:50,-171.69,
07/16/2024,27742.0,377193.0,TEMP66_Brookings_Aurora_115_kV_FLO_White_Split_R,AURORAWA AURORA_BROOKNG A (LN/WAUE/WAUE),WHITE-SPLIT ROCK_345,17:50,-272.51,
07/16/2024,27825.0,165228.0,TMP432_Split_Rock_NSP_Sioux_Falls_230kV_ftlo_Spl,SIOUXFL SIOUXSPLIT23_1 1 (LN/WAUE/NSP),SPLIT ROCK - SIOUX CITY 345,17:50,-51.44,
07/16/2024,29697.0,454917.0,Freeport_Mendenhal_161kV_FLO_Freeport_Cordova_50,5MENDH89 MENDHL_FREEP 1 (LN/TVA/TVA),FREEPORT - CORDOVA 500,17:55,-429.02,
07/16/2024,,453132.0,NSP34056_MARS_SS_LYON_MARS_11_1_1,MARS_SS LYON_MARS_11_1 1 (LN/NSP/NSP),CEDAR MTN-LYON COUNTY 345 1 (0956),17:55,-165.79,
07/16/2024,27742.0,377193.0,TEMP66_Brookings_Aurora_115_kV_FLO_White_Split_R,AURORAWA AURORA_BROOKNG A (LN/WAUE/WAUE),WHITE-SPLIT ROCK_345,17:55,-151.06,
07/16/2024,27825.0,165228.0,TMP432_Split_Rock_NSP_Sioux_Falls_230kV_ftlo_Spl,SIOUXFL SIOUXSPLIT23_1 1 (LN/WAUE/NSP),SPLIT ROCK - SIOUX CITY 345,17:55,-84.87,
07/16/2024,,348158.0,EA50006_BUTERF_HS_EHV_BUTERF3_A,BUTERF HS_EHV_BUTERF3 A (LN/EAI/EAI),SHERIDAN - MAGNET COVE 500,18:00,-63.06,
07/16/2024,,307216.0,EA50022_INDEP2_INDEP2_MOREFL5_A,INDEP2 INDEP2_MOREFL5 A (LN/EAI/EAI),INDEPENDENCE - POWERLINE  500,18:00,-43.68,
07/16/2024,,453132.0,NSP34056_MARS_SS_LYON_MARS_11_1_1,MARS_SS LYON_MARS_11_1 1 (LN/NSP/NSP),CEDAR MTN-LYON COUNTY 345 1 (0956),18:00,-169.13,
07/16/2024,27742.0,377193.0,TEMP66_Brookings_Aurora_115_kV_FLO_White_Split_R,AURORAWA AURORA_BROOKNG A (LN/WAUE/WAUE),WHITE-SPLIT ROCK_345,18:00,-188.26,
07/16/2024,27825.0,165228.0,TMP432_Split_Rock_NSP_Sioux_Falls_230kV_ftlo_Spl,SIOUXFL SIOUXSPLIT23_1 1 (LN/WAUE/NSP),SPLIT ROCK - SIOUX CITY 345,18:00,-88.3,
07/16/2024,,348158.0,EA50006_BUTERF_HS_EHV_BUTERF3_A,BUTERF HS_EHV_BUTERF3 A (LN/EAI/EAI),SHERIDAN - MAGNET COVE 500,18:05,-32.53,
07/16/2024,,335856.0,MEC34041_DICY_DICYTRIBO16_1_1,DICY DICYTRIBO16_1 1 (LN/ALTW/ALTW),IRVINGTON - WEBSTER 345,18:05,-57.49,
07/16/2024,,82833.0,MECALW08_WPT2_WPT2TRIBO69_1_1,WPT2 WPT2TRIBO69_1 1 (LN/ALTW/ALTW),CAYLER-WISDOM_161,18:05,-500.0,
07/16/2024,,453132.0,NSP34056_MARS_SS_LYON_MARS_11_1_1,MARS_SS LYON_MARS_11_1 1 (LN/NSP/NSP),CEDAR MTN-LYON COUNTY 345 1 (0956),18:05,-160.68,
07/16/2024,27742.0,377193.0,TEMP66_Brookings_Aurora_115_kV_FLO_White_Split_R,AURORAWA AURORA_BROOKNG A (LN/WAUE/WAUE),WHITE-SPLIT ROCK_345,18:05,-12.02,
07/16/2024,27825.0,165228.0,TMP432_Split_Rock_NSP_Sioux_Falls_230kV_ftlo_Spl,SIOUXFL SIOUXSPLIT23_1 1 (LN/WAUE/NSP),SPLIT ROCK - SIOUX CITY 345,18:05,-128.78,
07/16/2024,,307216.0,EA50022_INDEP2_INDEP2_MOREFL5_A,INDEP2 INDEP2_MOREFL5 A (LN/EAI/EAI),INDEPENDENCE - POWERLINE  500,18:10,-23.94,
07/16/2024,,335856.0,MEC34041_DICY_DICYTRIBO16_1_1,DICY DICYTRIBO16_1 1 (LN/ALTW/ALTW),IRVINGTON - WEBSTER 345,18:10,-96.79,
07/16/2024,,82833.0,MECALW08_WPT2_WPT2TRIBO69_1_1,WPT2 WPT2TRIBO69_1 1 (LN/ALTW/ALTW),CAYLER-WISDOM_161,18:10,-400.0,
07/16/2024,,453132.0,NSP34056_MARS_SS_LYON_MARS_11_1_1,MARS_SS LYON_MARS_11_1 1 (LN/NSP/NSP),CEDAR MTN-LYON COUNTY 345 1 (0956),18:10,-168.57,
07/16/2024,27742.0,377193.0,TEMP66_Brookings_Aurora_115_kV_FLO_White_Split_R,AURORAWA AURORA_BROOKNG A (LN/WAUE/WAUE),WHITE-SPLIT ROCK_345,18:10,-56.55,
07/16/2024,27825.0,165228.0,TMP432_Split_Rock_NSP_Sioux_Falls_230kV_ftlo_Spl,SIOUXFL SIOUXSPLIT23_1 1 (LN/WAUE/NSP),SPLIT ROCK - SIOUX CITY 345,18:10,-150.78,
07/16/2024,,307216.0,EA50022_INDEP2_INDEP2_MOREFL5_A,INDEP2 INDEP2_MOREFL5 A (LN/EAI/EAI),INDEPENDENCE - POWERLINE  500,18:15,-9.6,
07/16/2024,,335856.0,MEC34041_DICY_DICYTRIBO16_1_1,DICY DICYTRIBO16_1 1 (LN/ALTW/ALTW),IRVINGTON - WEBSTER 345,18:15,-207.91,
07/16/2024,,453132.0,NSP34056_MARS_SS_LYON_MARS_11_1_1,MARS_SS LYON_MARS_11_1 1 (LN/NSP/NSP),CEDAR MTN-LYON COUNTY 345 1 (0956),18:15,-168.54,
07/16/2024,27742.0,377193.0,TEMP66_Brookings_Aurora_115_kV_FLO_White_Split_R,AURORAWA AURORA_BROOKNG A (LN/WAUE/WAUE),WHITE-SPLIT ROCK_345,18:15,-105.82,
07/16/2024,27825.0,165228.0,TMP432_Split_Rock_NSP_Sioux_Falls_230kV_ftlo_Spl,SIOUXFL SIOUXSPLIT23_1 1 (LN/WAUE/NSP),SPLIT ROCK - SIOUX CITY 345,18:15,-164.2,
07/16/2024,,335856.0,MEC34041_DICY_DICYTRIBO16_1_1,DICY DICYTRIBO16_1 1 (LN/ALTW/ALTW),IRVINGTON - WEBSTER 345,18:20,-218.99,
07/16/2024,,453132.0,NSP34056_MARS_SS_LYON_MARS_11_1_1,MARS_SS LYON_MARS_11_1 1 (LN/NSP/NSP),CEDAR MTN-LYON COUNTY 345 1 (0956),18:20,-181.35,
07/16/2024,27825.0,165228.0,TMP432_Split_Rock_NSP_Sioux_Falls_230kV_ftlo_Spl,SIOUXFL SIOUXSPLIT23_1 1 (LN/WAUE/NSP),SPLIT ROCK - SIOUX CITY 345,18:20,-170.57,
07/16/2024,,335856.0,MEC34041_DICY_DICYTRIBO16_1_1,DICY DICYTRIBO16_1 1 (LN/ALTW/ALTW),IRVINGTON - WEBSTER 345,18:25,-218.39,
07/16/2024,,453132.0,NSP34056_MARS_SS_LYON_MARS_11_1_1,MARS_SS LYON_MARS_11_1 1 (LN/NSP/NSP),CEDAR MTN-LYON COUNTY 345 1 (0956),18:25,-184.25,
07/16/2024,27825.0,165228.0,TMP432_Split_Rock_NSP_Sioux_Falls_230kV_ftlo_Spl,SIOUXFL SIOUXSPLIT23_1 1 (LN/WAUE/NSP),SPLIT ROCK - SIOUX CITY 345,18:25,-131.97,
07/16/2024,,335856.0,MEC34041_DICY_DICYTRIBO16_1_1,DICY DICYTRIBO16_1 1 (LN/ALTW/ALTW),IRVINGTON - WEBSTER 345,18:30,-180.06,
07/16/2024,,453132.0,NSP34056_MARS_SS_LYON_MARS_11_1_1,MARS_SS LYON_MARS_11_1 1 (LN/NSP/NSP),CEDAR MTN-LYON COUNTY 345 1 (0956),18:30,-155.22,
07/16/2024,27825.0,165228.0,TMP432_Split_Rock_NSP_Sioux_Falls_230kV_ftlo_Spl,SIOUXFL SIOUXSPLIT23_1 1 (LN/WAUE/NSP),SPLIT ROCK - SIOUX CITY 345,18:30,-79.07000000000001,
07/16/2024,,335856.0,MEC34041_DICY_DICYTRIBO16_1_1,DICY DICYTRIBO16_1 1 (LN/ALTW/ALTW),IRVINGTON - WEBSTER 345,18:35,-177.18,
07/16/2024,,453132.0,NSP34056_MARS_SS_LYON_MARS_11_1_1,MARS_SS LYON_MARS_11_1 1 (LN/NSP/NSP),CEDAR MTN-LYON COUNTY 345 1 (0956),18:35,-150.88,
07/16/2024,27825.0,165228.0,TMP432_Split_Rock_NSP_Sioux_Falls_230kV_ftlo_Spl,SIOUXFL SIOUXSPLIT23_1 1 (LN/WAUE/NSP),SPLIT ROCK - SIOUX CITY 345,18:35,-99.29,
07/16/2024,,219560.0,EE23173_ANDRUS_AT1_AT1,ANDRUS AT1 AT1 (XF/EMBA/*),GERALD ANDRUS-INDIANOLA 230,18:40,-4.2,
07/16/2024,,335856.0,MEC34041_DICY_DICYTRIBO16_1_1,DICY DICYTRIBO16_1 1 (LN/ALTW/ALTW),IRVINGTON - WEBSTER 345,18:40,-80.04,
07/16/2024,,82833.0,MECALW08_WPT2_WPT2TRIBO69_1_1,WPT2 WPT2TRIBO69_1 1 (LN/ALTW/ALTW),CAYLER-WISDOM_161,18:40,-400.0,
07/16/2024,,453132.0,NSP34056_MARS_SS_LYON_MARS_11_1_1,MARS_SS LYON_MARS_11_1 1 (LN/NSP/NSP),CEDAR MTN-LYON COUNTY 345 1 (0956),18:40,-157.79,
07/16/2024,27825.0,165228.0,TMP432_Split_Rock_NSP_Sioux_Falls_230kV_ftlo_Spl,SIOUXFL SIOUXSPLIT23_1 1 (LN/WAUE/NSP),SPLIT ROCK - SIOUX CITY 345,18:40,-123.05,
07/16/2024,,219560.0,EE23173_ANDRUS_AT1_AT1,ANDRUS AT1 AT1 (XF/EMBA/*),GERALD ANDRUS-INDIANOLA 230,18:45,-4.29,
07/16/2024,,335856.0,MEC34041_DICY_DICYTRIBO16_1_1,DICY DICYTRIBO16_1 1 (LN/ALTW/ALTW),IRVINGTON - WEBSTER 345,18:45,-78.99,
07/16/2024,,82833.0,MECALW08_WPT2_WPT2TRIBO69_1_1,WPT2 WPT2TRIBO69_1 1 (LN/ALTW/ALTW),CAYLER-WISDOM_161,18:45,-400.0,
07/16/2024,,453132.0,NSP34056_MARS_SS_LYON_MARS_11_1_1,MARS_SS LYON_MARS_11_1 1 (LN/NSP/NSP),CEDAR MTN-LYON COUNTY 345 1 (0956),18:45,-157.09,
07/16/2024,27825.0,165228.0,TMP432_Split_Rock_NSP_Sioux_Falls_230kV_ftlo_Spl,SIOUXFL SIOUXSPLIT23_1 1 (LN/WAUE/NSP),SPLIT ROCK - SIOUX CITY 345,18:45,-122.17,
07/16/2024,,219560.0,EE23173_ANDRUS_AT1_AT1,ANDRUS AT1 AT1 (XF/EMBA/*),GERALD ANDRUS-INDIANOLA 230,18:50,-4.64,
07/16/2024,,335856.0,MEC34041_DICY_DICYTRIBO16_1_1,DICY DICYTRIBO16_1 1 (LN/ALTW/ALTW),IRVINGTON - WEBSTER 345,18:50,-76.41,
07/16/2024,,82833.0,MECALW08_WPT2_WPT2TRIBO69_1_1,WPT2 WPT2TRIBO69_1 1 (LN/ALTW/ALTW),CAYLER-WISDOM_161,18:50,-400.0,
07/16/2024,,453132.0,NSP34056_MARS_SS_LYON_MARS_11_1_1,MARS_SS LYON_MARS_11_1 1 (LN/NSP/NSP),CEDAR MTN-LYON COUNTY 345 1 (0956),18:50,-154.89000000000001,
07/16/2024,27825.0,165228.0,TMP432_Split_Rock_NSP_Sioux_Falls_230kV_ftlo_Spl,SIOUXFL SIOUXSPLIT23_1 1 (LN/WAUE/NSP),SPLIT ROCK - SIOUX CITY 345,18:50,-118.42,
07/16/2024,,219560.0,EE23173_ANDRUS_AT1_AT1,ANDRUS AT1 AT1 (XF/EMBA/*),GERALD ANDRUS-INDIANOLA 230,18:55,-3.3,
07/16/2024,,335856.0,MEC34041_DICY_DICYTRIBO16_1_1,DICY DICYTRIBO16_1 1 (LN/ALTW/ALTW),IRVINGTON - WEBSTER 345,18:55,-74.91,
07/16/2024,,82833.0,MECALW08_WPT2_WPT2TRIBO69_1_1,WPT2 WPT2TRIBO69_1 1 (LN/ALTW/ALTW),CAYLER-WISDOM_161,18:55,-400.0,
07/16/2024,,453132.0,NSP34056_MARS_SS_LYON_MARS_11_1_1,MARS_SS LYON_MARS_11_1 1 (LN/NSP/NSP),CEDAR MTN-LYON COUNTY 345 1 (0956),18:55,-154.21,
07/16/2024,27825.0,165228.0,TMP432_Split_Rock_NSP_Sioux_Falls_230kV_ftlo_Spl,SIOUXFL SIOUXSPLIT23_1 1 (LN/WAUE/NSP),SPLIT ROCK - SIOUX CITY 345,18:55,-108.67,
07/16/2024,,219560.0,EE23173_ANDRUS_AT1_AT1,ANDRUS AT1 AT1 (XF/EMBA/*),GERALD ANDRUS-INDIANOLA 230,19:00,-4.73,
07/16/2024,,335856.0,MEC34041_DICY_DICYTRIBO16_1_1,DICY DICYTRIBO16_1 1 (LN/ALTW/ALTW),IRVINGTON - WEBSTER 345,19:00,-77.33,
07/16/2024,,82833.0,MECALW08_WPT2_WPT2TRIBO69_1_1,WPT2 WPT2TRIBO69_1 1 (LN/ALTW/ALTW),CAYLER-WISDOM_161,19:00,-400.0,
07/16/2024,,9768.0,MGE69009_EASTCAMP_6976_1,EASTCAMP 6976 1 (LN/MGE/MGE),EAST CAMPUS-WALNUT 69 (6975),19:00,-5.62,
07/16/2024,,453132.0,NSP34056_MARS_SS_LYON_MARS_11_1_1,MARS_SS LYON_MARS_11_1 1 (LN/NSP/NSP),CEDAR MTN-LYON COUNTY 345 1 (0956),19:00,-155.71,
07/16/2024,27825.0,165228.0,TMP432_Split_Rock_NSP_Sioux_Falls_230kV_ftlo_Spl,SIOUXFL SIOUXSPLIT23_1 1 (LN/WAUE/NSP),SPLIT ROCK - SIOUX CITY 345,19:00,-119.57,
07/16/2024,,219560.0,EE23173_ANDRUS_AT1_AT1,ANDRUS AT1 AT1 (XF/EMBA/*),GERALD ANDRUS-INDIANOLA 230,19:05,-3.76,
07/16/2024,29697.0,454917.0,Freeport_Mendenhal_161kV_FLO_Freeport_Cordova_50,5MENDH89 MENDHL_FREEP 1 (LN/TVA/TVA),FREEPORT - CORDOVA 500,19:05,-713.36,
07/16/2024,,335856.0,MEC34041_DICY_DICYTRIBO16_1_1,DICY DICYTRIBO16_1 1 (LN/ALTW/ALTW),IRVINGTON - WEBSTER 345,19:05,-217.57,
07/16/2024,,9768.0,MGE69009_EASTCAMP_6976_1,EASTCAMP 6976 1 (LN/MGE/MGE),EAST CAMPUS-WALNUT 69 (6975),19:05,-25.96,
07/16/2024,,453132.0,NSP34056_MARS_SS_LYON_MARS_11_1_1,MARS_SS LYON_MARS_11_1 1 (LN/NSP/NSP),CEDAR MTN-LYON COUNTY 345 1 (0956),19:05,-180.72,
07/16/2024,27825.0,165228.0,TMP432_Split_Rock_NSP_Sioux_Falls_230kV_ftlo_Spl,SIOUXFL SIOUXSPLIT23_1 1 (LN/WAUE/NSP),SPLIT ROCK - SIOUX CITY 345,19:05,-169.5,
07/16/2024,,348158.0,EA50006_BUTERF_HS_EHV_BUTERF3_A,BUTERF HS_EHV_BUTERF3 A (LN/EAI/EAI),SHERIDAN - MAGNET COVE 500,19:10,-61.31,
07/16/2024,29697.0,454917.0,Freeport_Mendenhal_161kV_FLO_Freeport_Cordova_50,5MENDH89 MENDHL_FREEP 1 (LN/TVA/TVA),FREEPORT - CORDOVA 500,19:10,-756.63,
07/16/2024,,335856.0,MEC34041_DICY_DICYTRIBO16_1_1,DICY DICYTRIBO16_1 1 (LN/ALTW/ALTW),IRVINGTON - WEBSTER 345,19:10,-221.52,
07/16/2024,,9768.0,MGE69009_EASTCAMP_6976_1,EASTCAMP 6976 1 (LN/MGE/MGE),EAST CAMPUS-WALNUT 69 (6975),19:10,-21.06,
07/16/2024,,453132.0,NSP34056_MARS_SS_LYON_MARS_11_1_1,MARS_SS LYON_MARS_11_1 1 (LN/NSP/NSP),CEDAR MTN-LYON COUNTY 345 1 (0956),19:10,-183.89,
07/16/2024,27825.0,165228.0,TMP432_Split_Rock_NSP_Sioux_Falls_230kV_ftlo_Spl,SIOUXFL SIOUXSPLIT23_1 1 (LN/WAUE/NSP),SPLIT ROCK - SIOUX CITY 345,19:10,-175.14,
07/16/2024,,307216.0,EA50022_INDEP2_INDEP2_MOREFL5_A,INDEP2 INDEP2_MOREFL5 A (LN/EAI/EAI),INDEPENDENCE - POWERLINE  500,19:15,-138.62,
07/16/2024,29697.0,454917.0,Freeport_Mendenhal_161kV_FLO_Freeport_Cordova_50,5MENDH89 MENDHL_FREEP 1 (LN/TVA/TVA),FREEPORT - CORDOVA 500,19:15,-457.98,
07/16/2024,,335856.0,MEC34041_DICY_DICYTRIBO16_1_1,DICY DICYTRIBO16_1 1 (LN/ALTW/ALTW),IRVINGTON - WEBSTER 345,19:15,-96.58,
07/16/2024,,82833.0,MECALW08_WPT2_WPT2TRIBO69_1_1,WPT2 WPT2TRIBO69_1 1 (LN/ALTW/ALTW),CAYLER-WISDOM_161,19:15,-400.0,
07/16/2024,,453132.0,NSP34056_MARS_SS_LYON_MARS_11_1_1,MARS_SS LYON_MARS_11_1 1 (LN/NSP/NSP),CEDAR MTN-LYON COUNTY 345 1 (0956),19:15,-171.93,
07/16/2024,27825.0,165228.0,TMP432_Split_Rock_NSP_Sioux_Falls_230kV_ftlo_Spl,SIOUXFL SIOUXSPLIT23_1 1 (LN/WAUE/NSP),SPLIT ROCK - SIOUX CITY 345,19:15,-127.13000000000002,
07/16/2024,,307216.0,EA50022_INDEP2_INDEP2_MOREFL5_A,INDEP2 INDEP2_MOREFL5 A (LN/EAI/EAI),INDEPENDENCE - POWERLINE  500,19:20,-61.15,
07/16/2024,29697.0,454917.0,Freeport_Mendenhal_161kV_FLO_Freeport_Cordova_50,5MENDH89 MENDHL_FREEP 1 (LN/TVA/TVA),FREEPORT - CORDOVA 500,19:20,-92.87,
07/16/2024,,335856.0,MEC34041_DICY_DICYTRIBO16_1_1,DICY DICYTRIBO16_1 1 (LN/ALTW/ALTW),IRVINGTON - WEBSTER 345,19:20,-61.45,
07/16/2024,,82833.0,MECALW08_WPT2_WPT2TRIBO69_1_1,WPT2 WPT2TRIBO69_1 1 (LN/ALTW/ALTW),CAYLER-WISDOM_161,19:20,-500.0,
07/16/2024,,453132.0,NSP34056_MARS_SS_LYON_MARS_11_1_1,MARS_SS LYON_MARS_11_1 1 (LN/NSP/NSP),CEDAR MTN-LYON COUNTY 345 1 (0956),19:20,-164.46,
07/16/2024,27825.0,165228.0,TMP432_Split_Rock_NSP_Sioux_Falls_230kV_ftlo_Spl,SIOUXFL SIOUXSPLIT23_1 1 (LN/WAUE/NSP),SPLIT ROCK - SIOUX CITY 345,19:20,-133.59,
07/16/2024,,307216.0,EA50022_INDEP2_INDEP2_MOREFL5_A,INDEP2 INDEP2_MOREFL5 A (LN/EAI/EAI),INDEPENDENCE - POWERLINE  500,19:25,-46.45,
07/16/2024,29697.0,454917.0,Freeport_Mendenhal_161kV_FLO_Freeport_Cordova_50,5MENDH89 MENDHL_FREEP 1 (LN/TVA/TVA),FREEPORT - CORDOVA 500,19:25,-171.13,
07/16/2024,,82833.0,MECALW08_WPT2_WPT2TRIBO69_1_1,WPT2 WPT2TRIBO69_1 1 (LN/ALTW/ALTW),CAYLER-WISDOM_161,19:25,-500.0,
07/16/2024,,453132.0,NSP34056_MARS_SS_LYON_MARS_11_1_1,MARS_SS LYON_MARS_11_1 1 (LN/NSP/NSP),CEDAR MTN-LYON COUNTY 345 1 (0956),19:25,-162.41,
07/16/2024,27825.0,165228.0,TMP432_Split_Rock_NSP_Sioux_Falls_230kV_ftlo_Spl,SIOUXFL SIOUXSPLIT23_1 1 (LN/WAUE/NSP),SPLIT ROCK - SIOUX CITY 345,19:25,-126.25,
07/16/2024,,307216.0,EA50022_INDEP2_INDEP2_MOREFL5_A,INDEP2 INDEP2_MOREFL5 A (LN/EAI/EAI),INDEPENDENCE - POWERLINE  500,19:30,-28.04,
07/16/2024,29697.0,454917.0,Freeport_Mendenhal_161kV_FLO_Freeport_Cordova_50,5MENDH89 MENDHL_FREEP 1 (LN/TVA/TVA),FREEPORT - CORDOVA 500,19:30,-118.2,
07/16/2024,,82833.0,MECALW08_WPT2_WPT2TRIBO69_1_1,WPT2 WPT2TRIBO69_1 1 (LN/ALTW/ALTW),CAYLER-WISDOM_161,19:30,-500.0,
07/16/2024,,453132.0,NSP34056_MARS_SS_LYON_MARS_11_1_1,MARS_SS LYON_MARS_11_1 1 (LN/NSP/NSP),CEDAR MTN-LYON COUNTY 345 1 (0956),19:30,-158.08,
07/16/2024,27825.0,165228.0,TMP432_Split_Rock_NSP_Sioux_Falls_230kV_ftlo_Spl,SIOUXFL SIOUXSPLIT23_1 1 (LN/WAUE/NSP),SPLIT ROCK - SIOUX CITY 345,19:30,-119.04,
07/16/2024,29697.0,454917.0,Freeport_Mendenhal_161kV_FLO_Freeport_Cordova_50,5MENDH89 MENDHL_FREEP 1 (LN/TVA/TVA),FREEPORT - CORDOVA 500,19:35,-69.81,
07/16/2024,,82833.0,MECALW08_WPT2_WPT2TRIBO69_1_1,WPT2 WPT2TRIBO69_1 1 (LN/ALTW/ALTW),CAYLER-WISDOM_161,19:35,-500.0,
07/16/2024,,9768.0,MGE69009_EASTCAMP_6976_1,EASTCAMP 6976 1 (LN/MGE/MGE),EAST CAMPUS-WALNUT 69 (6975),19:35,-0.08,
07/16/2024,,453132.0,NSP34056_MARS_SS_LYON_MARS_11_1_1,MARS_SS LYON_MARS_11_1 1 (LN/NSP/NSP),CEDAR MTN-LYON COUNTY 345 1 (0956),19:35,-159.23,
07/16/2024,27825.0,165228.0,TMP432_Split_Rock_NSP_Sioux_Falls_230kV_ftlo_Spl,SIOUXFL SIOUXSPLIT23_1 1 (LN/WAUE/NSP),SPLIT ROCK - SIOUX CITY 345,19:35,-120.56,
07/16/2024,29697.0,454917.0,Freeport_Mendenhal_161kV_FLO_Freeport_Cordova_50,5MENDH89 MENDHL_FREEP 1 (LN/TVA/TVA),FREEPORT - CORDOVA 500,19:40,-254.16,
07/16/2024,,82833.0,MECALW08_WPT2_WPT2TRIBO69_1_1,WPT2 WPT2TRIBO69_1 1 (LN/ALTW/ALTW),CAYLER-WISDOM_161,19:40,-500.0,
07/16/2024,,453132.0,NSP34056_MARS_SS_LYON_MARS_11_1_1,MARS_SS LYON_MARS_11_1 1 (LN/NSP/NSP),CEDAR MTN-LYON COUNTY 345 1 (0956),19:40,-153.01,
07/16/2024,27825.0,165228.0,TMP432_Split_Rock_NSP_Sioux_Falls_230kV_ftlo_Spl,SIOUXFL SIOUXSPLIT23_1 1 (LN/WAUE/NSP),SPLIT ROCK - SIOUX CITY 345,19:40,-88.72,
07/16/2024,29697.0,454917.0,Freeport_Mendenhal_161kV_FLO_Freeport_Cordova_50,5MENDH89 MENDHL_FREEP 1 (LN/TVA/TVA),FREEPORT - CORDOVA 500,19:45,-334.8,
07/16/2024,,335856.0,MEC34041_DICY_DICYTRIBO16_1_1,DICY DICYTRIBO16_1 1 (LN/ALTW/ALTW),IRVINGTON - WEBSTER 345,19:45,-1.88,
07/16/2024,,82833.0,MECALW08_WPT2_WPT2TRIBO69_1_1,WPT2 WPT2TRIBO69_1 1 (LN/ALTW/ALTW),CAYLER-WISDOM_161,19:45,-500.0,
07/16/2024,,453132.0,NSP34056_MARS_SS_LYON_MARS_11_1_1,MARS_SS LYON_MARS_11_1 1 (LN/NSP/NSP),CEDAR MTN-LYON COUNTY 345 1 (0956),19:45,-152.71,
07/16/2024,27825.0,165228.0,TMP432_Split_Rock_NSP_Sioux_Falls_230kV_ftlo_Spl,SIOUXFL SIOUXSPLIT23_1 1 (LN/WAUE/NSP),SPLIT ROCK - SIOUX CITY 345,19:45,-73.35000000000001,
07/16/2024,,335856.0,MEC34041_DICY_DICYTRIBO16_1_1,DICY DICYTRIBO16_1 1 (LN/ALTW/ALTW),IRVINGTON - WEBSTER 345,19:50,-14.37,
07/16/2024,,82833.0,MECALW08_WPT2_WPT2TRIBO69_1_1,WPT2 WPT2TRIBO69_1 1 (LN/ALTW/ALTW),CAYLER-WISDOM_161,19:50,-500.0,
07/16/2024,,453132.0,NSP34056_MARS_SS_LYON_MARS_11_1_1,MARS_SS LYON_MARS_11_1 1 (LN/NSP/NSP),CEDAR MTN-LYON COUNTY 345 1 (0956),19:50,-143.16,
07/16/2024,27825.0,165228.0,TMP432_Split_Rock_NSP_Sioux_Falls_230kV_ftlo_Spl,SIOUXFL SIOUXSPLIT23_1 1 (LN/WAUE/NSP),SPLIT ROCK - SIOUX CITY 345,19:50,-38.230000000000004,
07/16/2024,,280856.0,ITCMET15_MONROE4_MONRONSTAR12_1_1,MONROE4 MONRONSTAR12_1 1 (LN/DECO/DECO),MOROCCO-MONROE-MILAN 345,19:55,-700.0,
07/16/2024,,335856.0,MEC34041_DICY_DICYTRIBO16_1_1,DICY DICYTRIBO16_1 1 (LN/ALTW/ALTW),IRVINGTON - WEBSTER 345,19:55,-29.57,
07/16/2024,,82833.0,MECALW08_WPT2_WPT2TRIBO69_1_1,WPT2 WPT2TRIBO69_1 1 (LN/ALTW/ALTW),CAYLER-WISDOM_161,19:55,-500.0,
07/16/2024,,453132.0,NSP34056_MARS_SS_LYON_MARS_11_1_1,MARS_SS LYON_MARS_11_1 1 (LN/NSP/NSP),CEDAR MTN-LYON COUNTY 345 1 (0956),19:55,-145.62,
07/16/2024,27825.0,165228.0,TMP432_Split_Rock_NSP_Sioux_Falls_230kV_ftlo_Spl,SIOUXFL SIOUXSPLIT23_1 1 (LN/WAUE/NSP),SPLIT ROCK - SIOUX CITY 345,19:55,-38.35,
07/16/2024,29697.0,454917.0,Freeport_Mendenhal_161kV_FLO_Freeport_Cordova_50,5MENDH89 MENDHL_FREEP 1 (LN/TVA/TVA),FREEPORT - CORDOVA 500,20:00,-30.51,
07/16/2024,,280856.0,ITCMET15_MONROE4_MONRONSTAR12_1_1,MONROE4 MONRONSTAR12_1 1 (LN/DECO/DECO),MOROCCO-MONROE-MILAN 345,20:00,-1000.0,
07/16/2024,,335856.0,MEC34041_DICY_DICYTRIBO16_1_1,DICY DICYTRIBO16_1 1 (LN/ALTW/ALTW),IRVINGTON - WEBSTER 345,20:00,-164.34,
07/16/2024,,453132.0,NSP34056_MARS_SS_LYON_MARS_11_1_1,MARS_SS LYON_MARS_11_1 1 (LN/NSP/NSP),CEDAR MTN-LYON COUNTY 345 1 (0956),20:00,-146.78,
07/16/2024,27825.0,165228.0,TMP432_Split_Rock_NSP_Sioux_Falls_230kV_ftlo_Spl,SIOUXFL SIOUXSPLIT23_1 1 (LN/WAUE/NSP),SPLIT ROCK - SIOUX CITY 345,20:00,-34.68,
07/16/2024,,280856.0,ITCMET15_MONROE4_MONRONSTAR12_1_1,MONROE4 MONRONSTAR12_1 1 (LN/DECO/DECO),MOROCCO-MONROE-MILAN 345,20:05,-700.0,
07/16/2024,,335856.0,MEC34041_DICY_DICYTRIBO16_1_1,DICY DICYTRIBO16_1 1 (LN/ALTW/ALTW),IRVINGTON - WEBSTER 345,20:05,-180.65,
07/16/2024,,453132.0,NSP34056_MARS_SS_LYON_MARS_11_1_1,MARS_SS LYON_MARS_11_1 1 (LN/NSP/NSP),CEDAR MTN-LYON COUNTY 345 1 (0956),20:05,-160.53,
07/16/2024,27825.0,165228.0,TMP432_Split_Rock_NSP_Sioux_Falls_230kV_ftlo_Spl,SIOUXFL SIOUXSPLIT23_1 1 (LN/WAUE/NSP),SPLIT ROCK - SIOUX CITY 345,20:05,-48.81,
07/16/2024,,280856.0,ITCMET15_MONROE4_MONRONSTAR12_1_1,MONROE4 MONRONSTAR12_1 1 (LN/DECO/DECO),MOROCCO-MONROE-MILAN 345,20:10,-700.0,
07/16/2024,,335856.0,MEC34041_DICY_DICYTRIBO16_1_1,DICY DICYTRIBO16_1 1 (LN/ALTW/ALTW),IRVINGTON - WEBSTER 345,20:10,-186.44,
07/16/2024,,453132.0,NSP34056_MARS_SS_LYON_MARS_11_1_1,MARS_SS LYON_MARS_11_1 1 (LN/NSP/NSP),CEDAR MTN-LYON COUNTY 345 1 (0956),20:10,-153.75,
07/16/2024,27825.0,165228.0,TMP432_Split_Rock_NSP_Sioux_Falls_230kV_ftlo_Spl,SIOUXFL SIOUXSPLIT23_1 1 (LN/WAUE/NSP),SPLIT ROCK - SIOUX CITY 345,20:10,-56.18,
07/16/2024,,335856.0,MEC34041_DICY_DICYTRIBO16_1_1,DICY DICYTRIBO16_1 1 (LN/ALTW/ALTW),IRVINGTON - WEBSTER 345,20:15,-186.19,
07/16/2024,,9768.0,MGE69009_EASTCAMP_6976_1,EASTCAMP 6976 1 (LN/MGE/MGE),EAST CAMPUS-WALNUT 69 (6975),20:15,-11.74,
07/16/2024,,453132.0,NSP34056_MARS_SS_LYON_MARS_11_1_1,MARS_SS LYON_MARS_11_1 1 (LN/NSP/NSP),CEDAR MTN-LYON COUNTY 345 1 (0956),20:15,-166.22,
07/16/2024,27825.0,165228.0,TMP432_Split_Rock_NSP_Sioux_Falls_230kV_ftlo_Spl,SIOUXFL SIOUXSPLIT23_1 1 (LN/WAUE/NSP),SPLIT ROCK - SIOUX CITY 345,20:15,-22.62,
07/16/2024,,335856.0,MEC34041_DICY_DICYTRIBO16_1_1,DICY DICYTRIBO16_1 1 (LN/ALTW/ALTW),IRVINGTON - WEBSTER 345,20:20,-185.08,
07/16/2024,,9768.0,MGE69009_EASTCAMP_6976_1,EASTCAMP 6976 1 (LN/MGE/MGE),EAST CAMPUS-WALNUT 69 (6975),20:20,-8.96,
07/16/2024,,286638.0,NIP13103_GOODLAND_B_NO_1_XFMR,GOODLAND B NO_1_XFMR (XF/NIPS/*),REYNOLDS - GOODLAND 138 (13857),20:20,-170.54,
07/16/2024,,453132.0,NSP34056_MARS_SS_LYON_MARS_11_1_1,MARS_SS LYON_MARS_11_1 1 (LN/NSP/NSP),CEDAR MTN-LYON COUNTY 345 1 (0956),20:20,-166.47,
07/16/2024,27825.0,165228.0,TMP432_Split_Rock_NSP_Sioux_Falls_230kV_ftlo_Spl,SIOUXFL SIOUXSPLIT23_1 1 (LN/WAUE/NSP),SPLIT ROCK - SIOUX CITY 345,20:20,-15.97,
07/16/2024,,335856.0,MEC34041_DICY_DICYTRIBO16_1_1,DICY DICYTRIBO16_1 1 (LN/ALTW/ALTW),IRVINGTON - WEBSTER 345,20:25,-182.7,
07/16/2024,,9768.0,MGE69009_EASTCAMP_6976_1,EASTCAMP 6976 1 (LN/MGE/MGE),EAST CAMPUS-WALNUT 69 (6975),20:25,-6.2,
07/16/2024,,286638.0,NIP13103_GOODLAND_B_NO_1_XFMR,GOODLAND B NO_1_XFMR (XF/NIPS/*),REYNOLDS - GOODLAND 138 (13857),20:25,-164.79,
07/16/2024,,453132.0,NSP34056_MARS_SS_LYON_MARS_11_1_1,MARS_SS LYON_MARS_11_1 1 (LN/NSP/NSP),CEDAR MTN-LYON COUNTY 345 1 (0956),20:25,-164.77,
07/16/2024,27825.0,165228.0,TMP432_Split_Rock_NSP_Sioux_Falls_230kV_ftlo_Spl,SIOUXFL SIOUXSPLIT23_1 1 (LN/WAUE/NSP),SPLIT ROCK - SIOUX CITY 345,20:25,-10.14,
07/16/2024,,335856.0,MEC34041_DICY_DICYTRIBO16_1_1,DICY DICYTRIBO16_1 1 (LN/ALTW/ALTW),IRVINGTON - WEBSTER 345,20:30,-15.39,
07/16/2024,,9768.0,MGE69009_EASTCAMP_6976_1,EASTCAMP 6976 1 (LN/MGE/MGE),EAST CAMPUS-WALNUT 69 (6975),20:30,-7.4,
07/16/2024,,286638.0,NIP13103_GOODLAND_B_NO_1_XFMR,GOODLAND B NO_1_XFMR (XF/NIPS/*),REYNOLDS - GOODLAND 138 (13857),20:30,-169.93,
07/16/2024,,453132.0,NSP34056_MARS_SS_LYON_MARS_11_1_1,MARS_SS LYON_MARS_11_1 1 (LN/NSP/NSP),CEDAR MTN-LYON COUNTY 345 1 (0956),20:30,-178.93,
07/16/2024,,9768.0,MGE69009_EASTCAMP_6976_1,EASTCAMP 6976 1 (LN/MGE/MGE),EAST CAMPUS-WALNUT 69 (6975),20:35,-8.08,
07/16/2024,,363403.0,NIP1301G_GOODLAND_B_NO_1_XFMR,GOODLAND B NO_1_XFMR (XF/NIPS/*),REYNOLDS-GOODLAND & HOOSIER WIND,20:35,-169.39,
07/16/2024,,453132.0,NSP34056_MARS_SS_LYON_MARS_11_1_1,MARS_SS LYON_MARS_11_1 1 (LN/NSP/NSP),CEDAR MTN-LYON COUNTY 345 1 (0956),20:35,-169.93,
07/16/2024,,9768.0,MGE69009_EASTCAMP_6976_1,EASTCAMP 6976 1 (LN/MGE/MGE),EAST CAMPUS-WALNUT 69 (6975),20:40,-4.23,
07/16/2024,,363403.0,NIP1301G_GOODLAND_B_NO_1_XFMR,GOODLAND B NO_1_XFMR (XF/NIPS/*),REYNOLDS-GOODLAND & HOOSIER WIND,20:40,-156.64000000000001,
07/16/2024,,453132.0,NSP34056_MARS_SS_LYON_MARS_11_1_1,MARS_SS LYON_MARS_11_1 1 (LN/NSP/NSP),CEDAR MTN-LYON COUNTY 345 1 (0956),20:40,-162.74,
07/16/2024,5540.0,413169.0,EROAVOWASNEO,EROGERS EROG_BEAVER_1A A (LN/CSWS/CSWS),WASHBURN - NOESHA 161,20:45,-1496.1,
07/16/2024,,363403.0,NIP1301G_GOODLAND_B_NO_1_XFMR,GOODLAND B NO_1_XFMR (XF/NIPS/*),REYNOLDS-GOODLAND & HOOSIER WIND,20:45,-151.03,
07/16/2024,,453132.0,NSP34056_MARS_SS_LYON_MARS_11_1_1,MARS_SS LYON_MARS_11_1 1 (LN/NSP/NSP),CEDAR MTN-LYON COUNTY 345 1 (0956),20:45,-159.61,
07/16/2024,,363403.0,NIP1301G_GOODLAND_B_NO_1_XFMR,GOODLAND B NO_1_XFMR (XF/NIPS/*),REYNOLDS-GOODLAND & HOOSIER WIND,20:50,-140.55,
07/16/2024,,453132.0,NSP34056_MARS_SS_LYON_MARS_11_1_1,MARS_SS LYON_MARS_11_1 1 (LN/NSP/NSP),CEDAR MTN-LYON COUNTY 345 1 (0956),20:50,-153.02,
07/16/2024,5540.0,413169.0,EROAVOWASNEO,EROGERS EROG_BEAVER_1A A (LN/CSWS/CSWS),WASHBURN - NOESHA 161,20:55,-631.0,
07/16/2024,,363403.0,NIP1301G_GOODLAND_B_NO_1_XFMR,GOODLAND B NO_1_XFMR (XF/NIPS/*),REYNOLDS-GOODLAND & HOOSIER WIND,20:55,-135.69,
07/16/2024,,453132.0,NSP34056_MARS_SS_LYON_MARS_11_1_1,MARS_SS LYON_MARS_11_1 1 (LN/NSP/NSP),CEDAR MTN-LYON COUNTY 345 1 (0956),20:55,-149.55,
07/16/2024,5540.0,413169.0,EROAVOWASNEO,EROGERS EROG_BEAVER_1A A (LN/CSWS/CSWS),WASHBURN - NOESHA 161,21:00,-180.7,
07/16/2024,,363403.0,NIP1301G_GOODLAND_B_NO_1_XFMR,GOODLAND B NO_1_XFMR (XF/NIPS/*),REYNOLDS-GOODLAND & HOOSIER WIND,21:00,-112.27,
07/16/2024,,453132.0,NSP34056_MARS_SS_LYON_MARS_11_1_1,MARS_SS LYON_MARS_11_1 1 (LN/NSP/NSP),CEDAR MTN-LYON COUNTY 345 1 (0956),21:00,-135.09,
07/16/2024,5540.0,413169.0,EROAVOWASNEO,EROGERS EROG_BEAVER_1A A (LN/CSWS/CSWS),WASHBURN - NOESHA 161,21:05,-289.86,
07/16/2024,,363403.0,NIP1301G_GOODLAND_B_NO_1_XFMR,GOODLAND B NO_1_XFMR (XF/NIPS/*),REYNOLDS-GOODLAND & HOOSIER WIND,21:05,-133.03,
07/16/2024,,453132.0,NSP34056_MARS_SS_LYON_MARS_11_1_1,MARS_SS LYON_MARS_11_1 1 (LN/NSP/NSP),CEDAR MTN-LYON COUNTY 345 1 (0956),21:05,-148.13,
07/16/2024,,363403.0,NIP1301G_GOODLAND_B_NO_1_XFMR,GOODLAND B NO_1_XFMR (XF/NIPS/*),REYNOLDS-GOODLAND & HOOSIER WIND,21:10,-168.6,
07/16/2024,,453132.0,NSP34056_MARS_SS_LYON_MARS_11_1_1,MARS_SS LYON_MARS_11_1 1 (LN/NSP/NSP),CEDAR MTN-LYON COUNTY 345 1 (0956),21:10,-170.75,
07/16/2024,5540.0,413169.0,EROAVOWASNEO,EROGERS EROG_BEAVER_1A A (LN/CSWS/CSWS),WASHBURN - NOESHA 161,21:15,-944.99,
07/16/2024,,363403.0,NIP1301G_GOODLAND_B_NO_1_XFMR,GOODLAND B NO_1_XFMR (XF/NIPS/*),REYNOLDS-GOODLAND & HOOSIER WIND,21:15,-137.87,
07/16/2024,,453132.0,NSP34056_MARS_SS_LYON_MARS_11_1_1,MARS_SS LYON_MARS_11_1 1 (LN/NSP/NSP),CEDAR MTN-LYON COUNTY 345 1 (0956),21:15,-151.47,
07/16/2024,5540.0,413169.0,EROAVOWASNEO,EROGERS EROG_BEAVER_1A A (LN/CSWS/CSWS),WASHBURN - NOESHA 161,21:20,-1497.73,
07/16/2024,,363403.0,NIP1301G_GOODLAND_B_NO_1_XFMR,GOODLAND B NO_1_XFMR (XF/NIPS/*),REYNOLDS-GOODLAND & HOOSIER WIND,21:20,-118.78,
07/16/2024,,453132.0,NSP34056_MARS_SS_LYON_MARS_11_1_1,MARS_SS LYON_MARS_11_1 1 (LN/NSP/NSP),CEDAR MTN-LYON COUNTY 345 1 (0956),21:20,-139.56,
07/16/2024,,363403.0,NIP1301G_GOODLAND_B_NO_1_XFMR,GOODLAND B NO_1_XFMR (XF/NIPS/*),REYNOLDS-GOODLAND & HOOSIER WIND,21:25,-108.18,
07/16/2024,,453132.0,NSP34056_MARS_SS_LYON_MARS_11_1_1,MARS_SS LYON_MARS_11_1 1 (LN/NSP/NSP),CEDAR MTN-LYON COUNTY 345 1 (0956),21:25,-134.11,
07/16/2024,5540.0,413169.0,EROAVOWASNEO,EROGERS EROG_BEAVER_1A A (LN/CSWS/CSWS),WASHBURN - NOESHA 161,21:30,-710.6,
07/16/2024,,363403.0,NIP1301G_GOODLAND_B_NO_1_XFMR,GOODLAND B NO_1_XFMR (XF/NIPS/*),REYNOLDS-GOODLAND & HOOSIER WIND,21:30,-106.87,
07/16/2024,,453132.0,NSP34056_MARS_SS_LYON_MARS_11_1_1,MARS_SS LYON_MARS_11_1 1 (LN/NSP/NSP),CEDAR MTN-LYON COUNTY 345 1 (0956),21:30,-133.5,
07/16/2024,,363403.0,NIP1301G_GOODLAND_B_NO_1_XFMR,GOODLAND B NO_1_XFMR (XF/NIPS/*),REYNOLDS-GOODLAND & HOOSIER WIND,21:35,-102.04,
07/16/2024,,363403.0,NIP1301G_GOODLAND_B_NO_1_XFMR,GOODLAND B NO_1_XFMR (XF/NIPS/*),REYNOLDS-GOODLAND & HOOSIER WIND,21:40,-102.92,
07/16/2024,,363403.0,NIP1301G_GOODLAND_B_NO_1_XFMR,GOODLAND B NO_1_XFMR (XF/NIPS/*),REYNOLDS-GOODLAND & HOOSIER WIND,21:45,-100.46,
07/16/2024,,363403.0,NIP1301G_GOODLAND_B_NO_1_XFMR,GOODLAND B NO_1_XFMR (XF/NIPS/*),REYNOLDS-GOODLAND & HOOSIER WIND,21:50,-98.19,
07/16/2024,,363403.0,NIP1301G_GOODLAND_B_NO_1_XFMR,GOODLAND B NO_1_XFMR (XF/NIPS/*),REYNOLDS-GOODLAND & HOOSIER WIND,21:55,-97.55,
07/16/2024,,363403.0,NIP1301G_GOODLAND_B_NO_1_XFMR,GOODLAND B NO_1_XFMR (XF/NIPS/*),REYNOLDS-GOODLAND & HOOSIER WIND,22:00,-98.98,
07/16/2024,,363403.0,NIP1301G_GOODLAND_B_NO_1_XFMR,GOODLAND B NO_1_XFMR (XF/NIPS/*),REYNOLDS-GOODLAND & HOOSIER WIND,22:05,-104.33,
07/16/2024,,363403.0,NIP1301G_GOODLAND_B_NO_1_XFMR,GOODLAND B NO_1_XFMR (XF/NIPS/*),REYNOLDS-GOODLAND & HOOSIER WIND,22:10,-104.62,
07/16/2024,,363403.0,NIP1301G_GOODLAND_B_NO_1_XFMR,GOODLAND B NO_1_XFMR (XF/NIPS/*),REYNOLDS-GOODLAND & HOOSIER WIND,22:15,-102.0,
07/16/2024,,363403.0,NIP1301G_GOODLAND_B_NO_1_XFMR,GOODLAND B NO_1_XFMR (XF/NIPS/*),REYNOLDS-GOODLAND & HOOSIER WIND,22:20,-100.56,
07/16/2024,,363403.0,NIP1301G_GOODLAND_B_NO_1_XFMR,GOODLAND B NO_1_XFMR (XF/NIPS/*),REYNOLDS-GOODLAND & HOOSIER WIND,22:25,-102.7,
07/16/2024,,219560.0,EE23173_ANDRUS_AT1_AT1,ANDRUS AT1 AT1 (XF/EMBA/*),GERALD ANDRUS-INDIANOLA 230,23:00,-1.41,
07/16/2024,,219560.0,EE23173_ANDRUS_AT1_AT1,ANDRUS AT1 AT1 (XF/EMBA/*),GERALD ANDRUS-INDIANOLA 230,23:10,-0.81,
07/16/2024,,219560.0,EE23173_ANDRUS_AT1_AT1,ANDRUS AT1 AT1 (XF/EMBA/*),GERALD ANDRUS-INDIANOLA 230,23:20,-0.72,
07/16/2024,,219560.0,EE23173_ANDRUS_AT1_AT1,ANDRUS AT1 AT1 (XF/EMBA/*),GERALD ANDRUS-INDIANOLA 230,23:25,-0.84,
07/16/2024,,219560.0,EE23173_ANDRUS_AT1_AT1,ANDRUS AT1 AT1 (XF/EMBA/*),GERALD ANDRUS-INDIANOLA 230,23:30,-0.15,
07/16/2024,,219560.0,EE23173_ANDRUS_AT1_AT1,ANDRUS AT1 AT1 (XF/EMBA/*),GERALD ANDRUS-INDIANOLA 230,23:35,-0.18,
07/16/2024,,363403.0,NIP1301G_GOODLAND_B_NO_1_XFMR,GOODLAND B NO_1_XFMR (XF/NIPS/*),REYNOLDS-GOODLAND & HOOSIER WIND,23:35,-91.96,
07/16/2024,,448126.0,AMI13272_HAVANA_HAV_PURO_1422_A,HAVANA HAV_PURO_1422 A (LN/AMIL/AMIL),PURO - SHOCKEY 138 (1355),23:40,-60.71,
07/16/2024,,219560.0,EE23173_ANDRUS_AT1_AT1,ANDRUS AT1 AT1 (XF/EMBA/*),GERALD ANDRUS-INDIANOLA 230,23:40,-0.33,
07/16/2024,,363403.0,NIP1301G_GOODLAND_B_NO_1_XFMR,GOODLAND B NO_1_XFMR (XF/NIPS/*),REYNOLDS-GOODLAND & HOOSIER WIND,23:40,-91.41,
07/16/2024,,219560.0,EE23173_ANDRUS_AT1_AT1,ANDRUS AT1 AT1 (XF/EMBA/*),GERALD ANDRUS-INDIANOLA 230,23:50,-0.08,
